,file_path,raw_content,descriptions,embeddings
0,../models/Analysis Examples/AnalysisAnnotation.sysml,"package AnalysisAnnotation {
	private import ScalarValues::Real;
	private import AnalysisTooling::*;
	private import ISQ::*;
	
	action def ComputeDynamics {
		metadata ToolExecution {
			toolName = ""ModelCenter"";
			uri = ""aserv://localhost/Vehicle/Equation1"";
		}
			
		in dt : TimeValue             { @ToolVariable { name = ""deltaT""; } }
		in whlpwr : PowerValue        { @ToolVariable { name = ""power""; } }
		in Cd : Real                  { @ToolVariable { name = ""C_D""; } }
		in Cf: Real                   { @ToolVariable { name = ""C_F""; } }
		in tm : MassValue             { @ToolVariable { name = ""mass""; } }
		in v_in : SpeedValue          { @ToolVariable { name = ""v0""; } }
		in x_in : LengthValue         { @ToolVariable { name = ""x0""; } }
		
		out a_out : AccelerationValue { @ToolVariable { name = ""a""; } }
		out v_out : SpeedValue        { @ToolVariable { name = ""v""; } }
		out x_out : LengthValue       { @ToolVariable { name = ""x""; } }
			
	}

}","Generate a SysML v2 model named ""AnalysisAnnotation"" focused on computing dynamics for vehicle performance analysis. The model imports necessary packages, including ScalarValues for handling real numbers and specific analysis tooling. Within the model, define an action called ""ComputeDynamics"" that executes through an external tool, ""ModelCenter,"" using a specified URI. This action receives time, power, drag coefficient, friction coefficient, mass, initial speed, and initial position as inputs, each tagged for tool integration. The output of this action comprises acceleration, velocity, and position values, also annotated for compatibility with the analysis tool. Overall, this model structure aims to facilitate vehicle performance computations in a structured and efficient manner.","[-5.25847338e-02  2.63646682e-04 -4.67686877e-02  2.54015736e-02
 -3.17752101e-02 -3.73503082e-02 -4.35180888e-02  5.70474267e-02
  3.11334152e-03  1.56456828e-02  3.39152999e-02 -4.33979407e-02
  3.01633421e-02  3.26403156e-02 -7.80435279e-02  3.37857902e-02
  1.70171335e-02  4.96611223e-02 -3.12182978e-02 -4.34979971e-04
  9.79501829e-02  1.87281370e-02  2.39782743e-02 -4.11476614e-03
 -5.69458716e-02 -1.61879491e-02 -9.73014608e-02  5.82923591e-02
  2.57365424e-02 -7.48076290e-02 -3.60920269e-04 -1.39163118e-02
  8.24575126e-03 -7.19277794e-03 -1.16091734e-02 -2.19232012e-02
  1.57889239e-02 -4.83279340e-02 -4.66342717e-02 -3.25690433e-02
 -3.86784673e-02 -9.50092971e-02  5.46714803e-03 -3.96727137e-02
  7.48859420e-02 -1.53928651e-02  5.16144037e-02 -8.00303556e-03
 -7.15244235e-03  1.11044189e-02 -6.78904206e-02  3.42552527e-03
  4.07149233e-02 -5.96042275e-02 -1.58401374e-02  5.99657446e-02
  4.00476940e-02 -4.71671745e-02 -4.53392230e-02 -7.76261017e-02
  5.81255443e-02 -5.80818858e-03 -4.91498746e-02  2.05798857e-02
 -6.15617335e-02  1.30907046e-02  9.30079957e-04 -1.08218740e-03
  3.42213660e-02  2.21489668e-02 -4.58585024e-02 -1.89890880e-02
 -8.88093188e-03 -2.38512587e-02  2.05804463e-02 -6.33841604e-02
  2.33614407e-02  5.90733662e-02  3.32743935e-02 -1.23708859e-01
  2.97857225e-02 -1.32246930e-02 -3.48144174e-02 -3.27170193e-02
  5.02823666e-03  4.97528585e-03  3.72323506e-02  1.67902038e-02
  1.08034782e-01  9.66242030e-02 -1.40947644e-02  4.39293571e-02
  1.02951732e-02 -5.72395101e-02  9.19660255e-02  3.39341466e-03
 -1.99747290e-02  7.06950887e-05  3.50347087e-02  2.14973055e-02
 -4.65484848e-03  5.33347465e-02  1.84200965e-02  2.39578150e-02
  8.48864729e-05  5.56684323e-02  1.18390899e-02 -1.97050767e-03
 -7.21797943e-02 -3.90121117e-02  7.52257556e-02  1.79635752e-02
  1.30738895e-02 -2.21663900e-02  1.80253517e-02  2.94220098e-03
 -1.60141813e-03 -3.81760439e-03  6.31678924e-02 -6.85920008e-03
 -3.50819826e-02 -4.58827950e-02  2.70518735e-02  4.45247591e-02
  8.70864093e-02 -5.46052121e-02 -4.40409593e-02  1.15918400e-33
 -1.07872307e-01 -3.39397527e-02 -8.16316716e-03  7.57070780e-02
 -4.22389545e-02  2.87952684e-02 -4.86442074e-02 -1.19150672e-02
  1.59086827e-02  2.14076601e-02 -1.07600309e-01  3.25834677e-02
 -1.97252333e-02  2.91857049e-02  4.29128334e-02 -4.79409378e-03
 -4.85590752e-03  5.48059978e-02 -5.45113608e-02 -9.80070885e-03
  7.97293559e-02 -2.91686356e-02 -5.51640876e-02 -3.34713534e-02
  7.75594562e-02  1.67845726e-01  5.84571548e-02  4.95743230e-02
 -5.32146133e-02  3.97050306e-02  2.01454796e-02 -1.32917510e-02
 -5.46631217e-02  4.54641171e-02  1.73423477e-02  5.78094013e-02
 -1.22859480e-03 -3.50252651e-02  8.34241062e-02  4.59433794e-02
 -1.01653738e-02 -6.74969237e-03 -6.20836951e-02 -1.59683488e-02
 -1.81404293e-01 -1.49199255e-02  2.16277745e-02  7.85394236e-02
  3.44884582e-02  2.40934007e-02 -2.75373571e-02 -1.93443708e-02
  8.52623805e-02 -1.29229110e-02 -5.73577136e-02  2.02152655e-02
  4.13761698e-02  1.81820262e-02 -3.81985754e-02  1.22730836e-01
 -1.10646650e-01  3.04704383e-02  5.73779317e-03 -6.39197528e-02
  1.69886760e-02  5.92027465e-03 -7.16177970e-02 -1.57788061e-02
  7.48935342e-02  2.79649850e-02 -3.00236829e-02  8.42685904e-03
  4.78032455e-02  2.95116398e-02  1.05247736e-01 -7.46923089e-02
  2.00938955e-02 -5.49001992e-02 -7.08655566e-02  3.61009538e-02
 -1.21986799e-01  8.32236707e-02  1.74637008e-02 -5.25146499e-02
  7.63733089e-02 -7.33264014e-02 -5.83518296e-02 -2.49843448e-02
 -3.54266390e-02 -9.64288488e-02 -6.03653938e-02 -2.60599572e-02
 -6.39698133e-02  6.77891299e-02  2.30239816e-02 -3.13290367e-33
  8.90138000e-03 -7.47526158e-03  3.88790444e-02  9.89489481e-02
 -5.77733153e-03 -3.45060751e-02  5.55306301e-03 -2.75964066e-02
 -1.26787033e-02  9.77108907e-03  2.35294160e-02 -1.49903987e-02
 -2.70084180e-02  3.40831541e-02  1.32621229e-01  8.86266772e-03
 -3.02088168e-02 -2.27856353e-01 -2.48420723e-02  1.68903153e-02
 -6.40913437e-04  3.47637571e-02  8.67734198e-03 -1.13270124e-02
  9.43288207e-03 -4.50439043e-02  1.81221422e-02 -4.80027348e-02
  9.84725449e-03 -2.16244115e-03 -1.13836145e-02 -6.79068714e-02
 -1.62703656e-02 -2.83724107e-02 -2.13783756e-02 -4.78453748e-02
  2.16189325e-02 -2.60302760e-02  2.20902208e-02  7.44933169e-03
  4.32198495e-02  1.12845460e-02 -8.24285746e-02  1.74071882e-02
  6.29836842e-02  3.38733383e-02 -1.77446026e-02 -1.92197338e-02
 -2.51611397e-02 -4.54789735e-02  4.51253802e-02  5.52049000e-03
  3.22486050e-02  3.28345746e-02 -1.86153781e-02  2.05716509e-02
  4.50252965e-02 -4.86628823e-02 -5.10897022e-03  4.18120017e-03
  5.52637354e-02 -3.62357497e-02  3.30436639e-02 -4.11439082e-03
 -4.64053117e-02 -5.29475771e-02 -4.33985181e-02 -2.98078563e-02
 -3.04832105e-02  3.16905486e-03  1.86506715e-02  2.24674568e-02
  1.14698717e-02  2.94578038e-02  1.78417731e-02 -6.72026202e-02
  1.19177327e-02 -1.78359952e-02  8.16124454e-02 -1.83127336e-02
 -6.18141890e-02  1.44852772e-02  1.16721615e-01  6.11456484e-02
 -1.19666375e-01 -1.51354622e-03 -3.17147262e-02  8.31290931e-02
 -4.14688177e-02  1.35981347e-02 -7.92168360e-03  6.16616383e-02
  7.72512006e-03  1.66791901e-01 -1.47037655e-01 -4.68692249e-08
 -5.31890318e-02  2.28949338e-02  7.63965249e-02  2.78583989e-02
 -5.01402207e-02  9.00427923e-02 -5.15199080e-02  2.59357747e-02
 -2.91947052e-02  1.42914373e-02  8.16528201e-02 -7.79618602e-03
  3.31849158e-02  2.77811065e-02 -3.68378423e-02  7.42532685e-02
  6.08716309e-02  5.91220744e-02 -5.51524237e-02 -8.94776061e-02
  7.97138587e-02  5.72853722e-02 -4.09913734e-02  4.37609591e-02
  6.89577609e-02 -8.30921009e-02 -5.67021258e-02  2.93576494e-02
  7.96956755e-03 -5.61837144e-02 -9.00829304e-03  6.33365437e-02
  4.44298424e-02  2.74416376e-02  2.90850271e-02  6.97531700e-02
 -3.62885594e-02  6.98357671e-02  4.65113632e-02  2.00804491e-02
  3.38237509e-02  4.31540273e-02 -1.83063895e-02 -5.93070919e-03
  3.25684249e-02  1.01247374e-02 -1.08632497e-01 -8.46052766e-02
 -2.94649918e-02  2.00101989e-03  1.55270714e-02  1.81439798e-02
 -1.12250641e-01  1.36536941e-01 -1.91793684e-02  3.61392577e-03
  1.68109755e-03 -7.08762407e-02  3.91390622e-02 -3.92833306e-03
 -4.29477170e-02  1.24520492e-02 -2.36965679e-02 -1.16358371e-02]"
1,../models/Analysis Examples/Dynamics.sysml,"package Dynamics {
	private import ScalarValues::Real;
	private import ISQ::*;
	
	// Function definitions
	
	calc def Power {
		in whlpwr : PowerValue; in Cd : Real; in Cf : Real; in tm : MassValue; in v : SpeedValue;
		return tp : PowerValue = whlpwr - Cd * v - Cf * tm * v;
	}
	
	calc def Acceleration { in dt : TimeValue; in tm : MassValue; in tp: PowerValue; 
		return a : AccelerationValue = tp * dt * tp;
	}
	
	calc def Velocity { in dt : TimeValue; in v0 : SpeedValue; in a : AccelerationValue;
		return v : SpeedValue = v0 + a * dt;
	}
 	
	calc def Position { in dt : TimeValue; in x0 : LengthValue; in v : SpeedValue; 
		return x : LengthValue = x0 + v * dt;
	}

	// Analysis action def
	
	action def StraightLineVehicleDynamics {
		
		in attribute dt : TimeValue;
		in attribute whlpwr : PowerValue;
		in attribute Cd : Real;
		in attribute Cf: Real;
		in attribute tm : MassValue;
		in attribute v_in : SpeedValue;
		in attribute x_in : LengthValue;
		
		out attribute a_out : AccelerationValue;
		out attribute v_out : SpeedValue;
		out attribute x_out : LengthValue;
			
		assert constraint {
			attribute tp : PowerValue;
			
			tp == Power(whlpwr, Cd, Cf, tm, v_in) &
			a_out == Acceleration(dt, tm, tp) &
			v_out == Velocity(dt, v_in, a_out) &
			x_out == Position(dt, x_in, v_in)
		}
	}
	

	// Analysis actions
	
	action dyn1 : StraightLineVehicleDynamics {
        in attribute dt : TimeValue;
        in attribute whlpwr : PowerValue;
        in attribute Cd : Real;
        in attribute Cf: Real;
        in attribute tm : MassValue;
        in attribute v_in : SpeedValue;
        in attribute x_in : LengthValue;

		attribute tp : PowerValue = Power(whlpwr, Cd, Cf, tm, v_in);
		
		out attribute :>> a_out : AccelerationValue = Acceleration(dt, tm, tp);
		out attribute :>> v_out : SpeedValue = Velocity(dt, v_in, a_out);
		out attribute :>> x_out : LengthValue = Position(dt, x_in, v_in);
	}	
	
	action dyn2 : StraightLineVehicleDynamics {
		calc acc : Acceleration {
			in dt = dyn2::dt;
			in tm = dyn2::tm;
			in tp = Power(whlpwr, Cd, Cf, tm, v_in);
		}
		bind a_out = acc.a;
		
		calc vel : Velocity {
			in dt = dyn2::dt;
			in v0 = dyn2::v_in; 
			in a = acc.a;
		}
		bind v_out = vel.v;
		
		calc pos : Position {
			in dt = dyn2::dt;
			in x0 = dyn2::x_in;
			in v0 = vel.v;
		}
		bind x_out = pos.x;
	}
}","Generate a SysML v2 model focused on vehicle dynamics encapsulating essential calculations and actions for a straight-line motion analysis. The model should reside within a package named ""Dynamics"" and incorporate necessary imports from ScalarValues and ISQ. Include function definitions for calculating Power, Acceleration, Velocity, and Position based on inputs such as power, drag coefficients, mass, and speed. Define an action named ""StraightLineVehicleDynamics"" that takes input attributes for time, power, aerodynamic and rolling resistance coefficients, mass, initial speed, and position. The action should assert a constraint validating the relationships between power, acceleration, velocity, and position as derived from the defined functions. Additionally, implement two variations of this action—dyn1 and dyn2—demonstrating different calculation styles to compute acceleration, velocity, and position outputs based on inputs. Make use of binding to compute values effectively into output attributes for clarity and structure in the model.","[-7.88543224e-02 -9.18048806e-03 -4.80152406e-02  1.23729156e-02
 -7.93203786e-02 -3.01923063e-02 -8.01413804e-02  3.94004956e-02
 -2.77271252e-02  2.23076977e-02  4.94940244e-02 -3.94869559e-02
  1.29939858e-02 -4.96910419e-03 -4.29377779e-02  6.41276762e-02
 -1.27755431e-02  9.09787714e-02 -5.33134378e-02  1.53150242e-02
  1.14442490e-01  3.10657620e-02  3.53165157e-02  5.63896401e-03
 -5.66976480e-02 -4.20063809e-02 -7.52971098e-02  9.47142690e-02
  1.06301773e-02 -1.10655166e-01  2.01487145e-03 -1.98581554e-02
  1.31595014e-02 -3.00191366e-03 -2.03554332e-02  2.99687381e-03
  4.17795889e-02 -3.85790952e-02 -1.12311594e-01 -4.59467955e-02
 -1.88369900e-02 -6.85158968e-02  1.68230068e-02  1.20480098e-02
  9.64362174e-02  2.21121684e-02  1.72187891e-02 -8.14531837e-03
 -4.17651096e-03  3.11091579e-02 -3.51863168e-02  7.78389396e-03
  2.75053438e-02 -6.83932900e-02 -9.68459621e-03  6.63235709e-02
  4.53116484e-02  2.86668371e-02 -5.12812287e-02 -1.29138172e-01
  5.15681915e-02  4.10573604e-03 -4.36312854e-02  1.78532372e-03
 -7.16924891e-02  1.87761299e-02 -2.72547714e-02  5.73510602e-02
  7.50492439e-02  4.28948924e-02 -5.96476123e-02 -6.07581735e-02
 -2.11419258e-03 -3.31128686e-04 -6.94109546e-03 -9.10796151e-02
  4.33884375e-02  1.84742175e-02 -9.91838891e-03 -5.71393780e-02
  1.33581050e-02 -5.43693639e-02 -1.11185014e-01  8.73252656e-03
  2.20634788e-02  3.93868759e-02  1.25874830e-02  4.76953201e-02
  8.49255845e-02  3.67836878e-02  6.78974902e-03  7.97427632e-03
  2.22761407e-02 -6.25495091e-02  7.25756362e-02  5.74324876e-02
 -1.04674501e-02 -4.92914580e-02  2.42294837e-02 -1.24464510e-02
 -3.63942534e-02  1.30601265e-02  5.00884606e-03  8.58431607e-02
 -1.42725790e-02  4.56213206e-02  3.47515456e-02 -4.74749468e-02
 -4.98170331e-02 -3.94659340e-02  3.78175750e-02  5.69743589e-02
  2.46546511e-02  1.13469083e-02  4.57637720e-02  2.46233623e-02
 -1.69255696e-02  6.64707320e-03  5.55084534e-02 -3.18267457e-02
 -3.23790722e-02 -6.36685863e-02  6.21549524e-02  5.85286580e-02
  1.01539828e-01 -7.16749504e-02 -2.00301632e-02  4.09842534e-33
 -1.21962272e-01 -3.46220634e-03  5.58565632e-02  1.08761489e-01
 -4.04942129e-03  1.26851890e-02 -2.89502013e-02 -5.02629625e-03
 -1.94421655e-03  8.84434357e-02 -1.01661474e-01 -1.36531703e-02
  1.19639561e-02  5.79726808e-02 -5.88069391e-03 -7.11456537e-02
  1.37765589e-03 -3.29832323e-02 -3.50807160e-02  2.91661639e-02
  4.55416106e-02 -4.80464613e-03 -6.03744164e-02 -5.30907176e-02
  5.01844026e-02  8.93469155e-02  5.82149774e-02  6.56456053e-02
 -3.06578036e-02  2.66308691e-02 -1.35833398e-03 -4.62920032e-02
 -6.81951940e-02  2.89828535e-02 -3.87829170e-02  1.84875987e-02
 -3.29975821e-02 -3.74739580e-02  6.40081018e-02  3.16937082e-02
  8.90655164e-03 -3.02917454e-02 -7.09011033e-02  1.31455045e-02
 -1.48073524e-01 -1.72452293e-02  4.80345413e-02  7.90720209e-02
  3.79100605e-03  2.69402061e-02 -1.99039355e-02  1.69097388e-03
  5.53193055e-02 -5.25297970e-02 -3.49678025e-02  6.90447353e-03
  5.06226309e-02  2.91441847e-02 -6.54041842e-02  1.19227670e-01
 -8.57144147e-02  2.05592252e-03  1.70079917e-02 -8.27916935e-02
  1.08893532e-02  3.34449746e-02 -8.77676457e-02 -2.47892383e-02
  5.66750318e-02  1.51769435e-02  1.84421875e-02 -5.90086076e-03
 -8.29780195e-03  3.31034425e-05  9.53130126e-02 -4.24137264e-02
  1.58128538e-03 -2.66661886e-02 -5.58053926e-02  1.67915355e-02
 -9.79913697e-02  8.69833007e-02 -6.50533475e-03 -1.22136250e-02
  5.56541719e-02 -6.01509139e-02 -4.87915054e-02 -4.54013385e-02
 -4.40622158e-02 -6.66189045e-02 -6.63799047e-02 -3.41527723e-02
 -1.45701878e-03  4.30156477e-02  2.87319161e-02 -4.78738662e-33
 -5.16558019e-03  3.27074714e-02  3.97001877e-02  5.30413613e-02
  4.20659669e-02  4.68338229e-04 -1.15706641e-02 -5.22955209e-02
  5.28489165e-02  2.37663724e-02  1.30687915e-02 -1.26529997e-02
 -6.34573177e-02  2.99201719e-02  1.28307998e-01  4.10937890e-02
 -1.79943182e-02 -1.82979584e-01  2.32275954e-04  2.80396994e-02
 -4.61412966e-03  5.49631268e-02  2.01920443e-03  1.53822340e-02
  2.81383023e-02 -1.90361962e-02  7.39915296e-02  1.48752909e-02
  2.69629899e-02 -9.25222039e-03 -9.00523737e-03 -2.52253842e-02
  1.74529832e-02  5.29736921e-04 -6.50177523e-02 -3.59262340e-02
 -3.45440931e-03 -1.99984331e-02 -9.65428259e-03 -9.19227302e-03
  4.71471138e-02  2.80506331e-02 -1.20339943e-02 -2.64183320e-02
  5.72295226e-02  3.19768675e-02 -5.19666122e-03  1.60081014e-02
 -2.96309944e-02 -3.11736856e-03  1.75130125e-02  2.02254229e-03
 -2.43116729e-03  8.11856240e-02  3.89199853e-02  4.65023145e-02
  5.49688600e-02 -6.28573401e-03  2.77950745e-02 -2.13403217e-02
  2.48618070e-02 -7.56550506e-02 -3.03910412e-02 -1.22641902e-02
 -5.55782244e-02 -5.64074814e-02 -2.58194264e-02 -2.97003612e-02
 -1.23934299e-02 -7.20924279e-03 -1.07854754e-02  4.30946611e-02
  3.58500564e-03  3.84263732e-02 -4.38954979e-02 -8.55322555e-02
 -1.14338682e-03  1.08625144e-02  8.82460177e-02 -2.96234190e-02
 -5.13291135e-02  8.41366593e-03  1.12017900e-01  8.27664137e-02
 -1.45099714e-01  1.85341872e-02 -5.17847762e-02  7.20302612e-02
  2.84634251e-02  1.27884746e-02  1.08203571e-02  8.93717259e-02
 -1.64568108e-02  1.77669346e-01 -1.21448651e-01 -5.33511901e-08
 -8.29443038e-02 -1.69012491e-02  7.43383169e-02  2.08599698e-02
 -4.97745275e-02  8.43726695e-02  2.24341247e-02 -2.38574091e-02
  1.38900932e-02 -3.81422527e-02  6.35386482e-02  8.57439637e-03
  4.87195514e-02  9.22842044e-03 -3.86905298e-02  4.37908433e-02
  2.45867483e-02  7.36831576e-02 -4.11562622e-02 -3.56565714e-02
  1.14461198e-01  3.64445075e-02 -8.56510699e-02  4.35305871e-02
  4.62484434e-02 -7.40930438e-02 -7.45474100e-02  1.82387680e-02
  4.06690501e-02 -4.50175665e-02 -1.20052947e-02  3.33242752e-02
  5.54182790e-02  3.10401786e-02 -2.40423530e-02  2.47734226e-02
 -1.91752650e-02  4.07524295e-02  7.28262514e-02  7.07890615e-02
  1.39953895e-02  8.49314928e-02 -1.88947208e-02  6.64212136e-03
 -6.28656661e-03 -6.11338345e-03 -9.11926776e-02 -1.71587914e-01
  1.25342852e-03  2.88506821e-02  2.96909586e-02  3.05417571e-02
 -5.56938685e-02  8.97089243e-02 -2.24569887e-02  5.25422692e-02
 -3.14182006e-02 -2.54141353e-02 -7.41332595e-04 -1.30156316e-02
 -4.79103178e-02  1.96290817e-02 -1.53276026e-02 -2.64369063e-02]"
2,../models/Analysis Examples/Turbojet Stage Analysis.sysml,"package 'Turbojet Stage Analysis' {
	private import Quantities::ScalarQuantityValue;
	private import MeasurementReferences::DimensionOneValue;
	private import ISQ::*;
	
	package 'Thermodynamic Functions' {
	    calc def 'Ideal Gas Law' { in rho; in R_bar; in T;
	    	return p = rho * R_bar * T;
	    }
	    
	    calc def 'Reversible Adiabatic Compression Density' { in rho_1; in p_1; in p_2; in gamma;
	    	return rho_2 = rho_1 * (p_2 / p_1)^(1/gamma);
	    }
	    
	    calc def 'Reversible Adiabatic Compression Temperature' { in T_1; in p_1; in p_2; in gamma;
	    	return T_2 = T_1 * (p_2 / p_1)**((gamma - 1) / gamma);
	    }
	    
	    calc def 'Total Pressure' { in P_static; in rho; in V;
	    	1/2 * rho * V^2 + P_static
	    }
	    
	    // Showing explicit parameter typing
	    calc def 'Total Temperature' { in T_static : TemperatureValue; in Cp : DimensionOneValue; in V : VolumeValue;
	    	return : TemperatureValue = 1/(2 * Cp) * V^2 + T_static;
	    }
	    
	    calc def 'Total Enthalpy' { in h_total; in h_static; in V;
	    	return H_total = 1/2 * V^2 + h_static;
	    }
	}
	
	package 'Thermodynamics Structure' {
	    part def 'Ideal Gas Parcel' {
	        comment
	            /*
	            The parcel is an infinitesimal volume used to analyze points in a flow
	            */
	        attribute 'Molar Mass';
	        attribute 'Density';
	        attribute 'Pressure';
	        attribute 'Temperature';
	        attribute 'Enthalpy';
	        attribute 'Specific Gas Constant';
	    }
	    
	    part def 'Moving Ideal Gas Parcel' specializes 'Ideal Gas Parcel' {
	        comment about 'Stagnation Pressure'
	            /*
	            Stagnation pressure is the pressure of the parcel if the kinetic energy defined by its
	            velocity in a given coordinate frame is converted to gas internal energy through deceleration
	            to a velocity that matches the current frame.
	            */
	        attribute 'Stagnation Pressure';
	        attribute 'Stagnation Temperature';
	        attribute 'Stagnation Enthalpy';
	        
	        comment about 'Static Pressure'
	            /*
	            Static pressure is the pressure of the parcel as it moves
	            */
	        attribute 'Static Pressure' redefines 'Ideal Gas Parcel'::'Pressure';
	        attribute 'Static Temperature' redefines 'Ideal Gas Parcel'::'Temperature';
	        attribute 'Static Enthalpy' redefines 'Ideal Gas Parcel'::'Enthalpy';
	    }
	    
	    action def 'Thermodynamic Process'; // need start and end shots to show beginning and end attributes
	    
	    action def 'Adiabatic Process' specializes 'Thermodynamic Process' {
	        /*
	        Thermodynamic process typically have their states defined at beginning and end
	        of the process (since these starts are path-independent)
	        */
	        action 'Stage 1' :>> start;
	        action 'Stage 2' :>> done;
	    }
	    
	    action def 'Reversible Adiabatic Process' specializes 'Adiabatic Process';
	}
	
	package 'Low-Pressure Compressor Analysis' {
	    
	    part 'Analysis Context' {
	        private import 'Thermodynamic Functions'::*;
	        
	        part 'Inlet Gas' : 'Thermodynamics Structure'::'Moving Ideal Gas Parcel' {
	        	// Explicit binding notation
	        	calc 'Solve for Pressure1' : 'Ideal Gas Law';
	        	bind 'Density' = 'Solve for Pressure1'.rho;
	        	bind 'Specific Gas Constant' = 'Solve for Pressure1'.R_bar;
	        	bind 'Static Temperature' = 'Solve for Pressure1'.T;
	        	bind 'Static Pressure' = 'Solve for Pressure1'.p;	        	
	        	
	        	// Shorthand parameter binding notation
	            calc 'Solve for Pressure2' : 'Ideal Gas Law' {
	                in rho = 'Density';
	                in R_bar = 'Specific Gas Constant';
	                in T = 'Static Temperature';
				}				
				            
	            // Invocation expression notation
	            attribute :>> 'Static Pressure' = 'Ideal Gas Law'('Density', 'Specific Gas Constant', 'Static Temperature');

	            // Equation as a constraint (note ""=="")
	            constraint { 'Static Pressure' == 'Ideal Gas Law'('Density', 'Specific Gas Constant', 'Static Temperature') }
	        }
	    }
	}	
	
}","Generate a SysML v2 model for 'Turbojet Stage Analysis' focused on thermodynamic functions and low-pressure compressor performance. Model encapsulation should include a 'Thermodynamic Functions' package with calculations like the Ideal Gas Law, reversible adiabatic compression for density and temperature, total pressure, temperature, and enthalpy. Additionally, introduce a 'Thermodynamics Structure' package comprising parts like 'Ideal Gas Parcel' and 'Moving Ideal Gas Parcel', detailing attributes such as density, pressure, and stagnation conditions. Define actions for thermodynamic processes, emphasizing stages and states. Further, establish a 'Low-Pressure Compressor Analysis' package that includes an 'Analysis Context', binding inlet gas properties to calculations from the thermodynamic functions, ensuring consistent relationships through constraints. This structured model will enable comprehensive thermodynamic analysis essential for turbojet operations.","[-9.41602513e-02  3.77052017e-02 -3.77447493e-02  2.77876705e-02
 -1.38745084e-02 -3.46735753e-02 -5.07245772e-02  6.48631081e-02
 -7.38461614e-02 -4.21156771e-02 -1.72025412e-02 -1.80644821e-02
 -3.65027972e-02 -1.06608653e-02 -3.35987285e-02 -1.09147960e-02
  2.28771102e-02  3.48224193e-02 -5.66055812e-02 -7.03685582e-02
  8.43369067e-02  1.15097603e-02  6.77598920e-03  9.76218097e-03
  1.34800104e-02  2.72439271e-02 -8.75225477e-03  1.10356562e-01
 -1.00692920e-02 -2.69907024e-02  8.69762246e-03 -3.52316350e-02
 -4.86196764e-03  6.67269528e-02  9.98509675e-02  4.08484600e-02
  5.81099577e-02 -3.85518111e-02 -4.69121430e-03 -4.68382007e-03
 -3.29578742e-02 -1.43957073e-02 -4.96426784e-02  6.74146339e-02
  3.88440304e-02 -3.51106301e-02 -1.54320765e-02 -2.83766873e-02
 -4.90456484e-02 -6.51100874e-02 -5.67409396e-02 -1.24940090e-02
  3.38201621e-03 -3.08284573e-02  4.45460975e-02  4.86736819e-02
  2.92858072e-02 -1.86129864e-02 -9.20624360e-02 -3.77193913e-02
 -3.30646820e-02 -7.35179894e-03 -7.75123462e-02 -9.66922147e-04
 -3.63171883e-02  2.73398552e-02  5.24281375e-02  9.36119184e-02
  2.49398570e-03  3.87649387e-02 -1.27865657e-01 -2.10841559e-02
 -2.36560646e-02  5.54607734e-02 -1.44420918e-02 -3.57493274e-02
  6.91244658e-03 -2.48064455e-02 -1.66524611e-02 -1.03978245e-02
  3.62446085e-02  3.13441195e-02 -3.25641446e-02 -7.49125183e-02
 -3.79440039e-02  5.40640764e-03  2.99254432e-02 -1.46252383e-02
  2.43967641e-02  5.00525162e-02 -4.17033136e-02 -1.79300029e-02
  2.02937555e-02 -4.60622869e-02  1.06094107e-01  4.41796742e-02
  1.95204373e-02  2.70811073e-03  8.40014592e-02 -3.19250375e-02
 -4.13074307e-02  2.68774908e-02  2.57631335e-02 -3.53735648e-02
 -4.25497182e-02  8.80001765e-03  2.47483663e-02  3.21512520e-02
 -4.23370041e-02 -5.94522469e-02 -5.46804443e-02  5.51758073e-02
 -8.97168461e-03 -9.48938280e-02  2.69448012e-02 -4.93654385e-02
 -4.02980670e-02 -2.35227216e-02  1.04397796e-02 -6.10250086e-02
 -1.53702646e-02  8.40189401e-03  4.96200584e-02  4.27574031e-02
 -3.28467088e-03 -4.34036590e-02 -7.87708834e-02  3.22114142e-33
 -4.78441752e-02 -1.88753288e-02 -3.94633524e-02  1.20451957e-01
 -6.34754077e-02  1.14384122e-01 -4.29285504e-03  1.17823388e-02
  1.41826738e-02  1.19329005e-01 -4.62400094e-02 -1.88569631e-02
 -8.65411758e-02  2.86476687e-02 -3.75342532e-03 -1.49727343e-02
  2.72996556e-02  1.03024013e-01 -7.60966633e-03  7.73730874e-03
 -3.68398032e-03  2.63894256e-02 -2.27352250e-02 -1.47086987e-02
  4.35539596e-02  9.86268446e-02  3.80251482e-02 -5.27563654e-02
 -6.82495609e-02  3.03033385e-02  6.47240952e-02  3.63807194e-02
 -5.99267855e-02  3.94356251e-03 -1.80501640e-02 -1.79806594e-02
 -7.73905069e-02  1.50192967e-02  6.34724572e-02 -1.76932141e-02
 -1.36300398e-03  4.28378619e-02 -3.61729376e-02 -8.58685188e-03
 -1.72575161e-01  2.41744220e-02 -5.24931960e-03  1.72706954e-02
  9.81988534e-02 -8.20945427e-02  3.79462019e-02  1.99866351e-02
  6.31359667e-02  3.39979515e-03  2.09788084e-02  7.30990916e-02
  9.13861617e-02 -1.81401018e-02  2.37125400e-02  5.86044714e-02
 -9.41204950e-02  4.76346463e-02 -1.62060524e-03 -8.30312073e-02
  4.69150543e-02  3.11972331e-02 -1.10076435e-01 -1.61922034e-02
  5.52221984e-02  1.07554160e-02 -6.69516623e-02  9.22425126e-04
  3.12393066e-02  6.82587549e-02  7.33715743e-02 -1.17772687e-02
  4.80987355e-02 -5.42649105e-02 -7.24486038e-02 -4.69496436e-02
 -8.39988440e-02  6.41720518e-02  4.24034409e-02 -5.32045849e-02
  2.87513807e-02 -1.13740116e-01 -8.89988393e-02  5.12730330e-02
 -4.60261181e-02 -1.55315753e-02 -6.88005760e-02 -1.04000248e-01
  1.06304474e-02 -5.77156944e-03  2.69474294e-02 -5.22922629e-33
  7.41878077e-02 -7.05149164e-03 -3.09337769e-02 -6.96144579e-03
 -3.40957046e-02  8.11332278e-03 -1.72527675e-02 -7.12456107e-02
  1.74541231e-02  1.50409425e-02  2.21942663e-02 -1.01889092e-02
  7.00750202e-02  4.12030779e-02  3.33630815e-02  3.22535560e-02
 -9.76964161e-02 -1.42461553e-01  4.61277366e-02  1.18122362e-02
 -4.17369157e-02  5.03549986e-02 -6.71041757e-03  7.94474036e-03
 -3.80946659e-02 -3.73582393e-02 -6.88022450e-02 -1.02648754e-02
  7.12722987e-02  5.58852684e-03  1.26263686e-02 -4.38271575e-02
  5.03968112e-02  1.06723420e-02 -7.14634135e-02 -4.70996611e-02
 -1.83843989e-02 -6.94774464e-03  3.11682262e-02 -3.47214006e-02
  5.29111996e-02  1.81954224e-02 -6.33296967e-02 -3.82826999e-02
 -1.06610954e-02  4.86955717e-02  2.08971780e-02 -1.48459196e-01
  4.49496917e-02 -7.12898048e-03 -1.42428987e-02 -1.54850902e-02
  1.10087134e-02  5.85919730e-02  2.75540072e-02 -1.38510391e-03
 -1.85901597e-02 -8.26098025e-02  8.60043988e-02 -3.64923328e-02
  4.97035682e-02 -5.24218455e-02  7.60424957e-02 -3.82859400e-03
 -5.41902333e-02 -7.20480084e-02 -5.36238030e-02 -2.01743096e-02
  4.59763668e-02  1.11884531e-02  9.77333076e-03  9.97495744e-03
  8.93253386e-02  9.27374661e-02  1.99894980e-02 -8.03622305e-02
 -5.48671139e-03  2.51874607e-02  7.51248226e-02  4.46633287e-02
 -6.36500344e-02  4.60615009e-02 -4.83056381e-02  6.17729276e-02
  5.52902371e-03 -2.31397785e-02  5.57098649e-02  1.34114837e-02
 -1.10587254e-02 -2.24934276e-02  2.92653143e-02  7.97366649e-02
  7.23703802e-02  1.74687043e-01 -3.23951393e-02 -4.64740459e-08
 -3.23609784e-02 -2.29808167e-02  1.33699074e-01  1.46561973e-02
 -3.36450115e-02  4.18313928e-02 -3.14811468e-02  6.94257170e-02
  1.07456148e-02 -2.29462124e-02  3.37825902e-02 -8.15269910e-03
  4.23789062e-02 -4.22134064e-02 -1.72955394e-02  4.14085109e-03
 -1.97555590e-02  1.08411781e-01 -1.88412110e-03 -9.07775238e-02
  4.43301909e-02  2.13102065e-02 -2.24843412e-03  2.82280762e-02
  3.85252610e-02 -6.47933930e-02  9.65495966e-03 -1.58470497e-02
  4.24479879e-02 -2.76211444e-02 -4.58560884e-02  5.28497435e-02
  3.54368240e-02  8.81796412e-04 -1.63548067e-02  7.23065212e-02
 -2.63234164e-04  5.62799126e-02  1.04929749e-02  1.76274888e-02
  2.94789411e-02 -3.98549112e-03 -5.78365400e-02  3.21455151e-02
  3.97862494e-02  5.23380227e-02 -5.05900718e-02 -3.21438797e-02
 -5.10575920e-02  7.26639628e-02  5.87623827e-02  6.89067692e-02
 -6.32194877e-02  9.05281007e-02 -5.37951551e-02  4.82725464e-02
 -7.34376684e-02  5.43507226e-02  1.17143527e-01 -6.28481135e-02
 -6.81104958e-02  3.94097082e-02 -6.67710751e-02  6.22732192e-03]"
3,../models/Analysis Examples/Vehicle Analysis Demo.sysml,"package 'Vehicle Analysis Demo' {
    private import ScalarValues::*;
    private import ISQ::*;
    private import USCustomaryUnits::*;
	    
    private import VehicleQuantities::*;
    private import VehicleModel::*;
    private import FuelEconomyRequirementsModel::*;
    private import DynamicsModel::*;
    private import FuelEconomyAnalysisModel::*;	
	
	package VehicleQuantities {
    	private import Quantities::*;
    	private import MeasurementReferences::*;

	    attribute def DistancePerVolumeUnit :> DerivedUnit {
	    	private attribute distancePF: QuantityPowerFactor[1] { :>> quantity = isq.L; :>> exponent = 1; }
	        private attribute volumePF: QuantityPowerFactor[1] { :>> quantity = isq.L; :>> exponent = -3; }
	        attribute :>> quantityDimension { :>> quantityPowerFactors = (distancePF, volumePF); }
	    }

	    attribute def DistancePerVolumeValue :> ScalarQuantityValue {
	        :>> num : Real;
	        :>> mRef : DistancePerVolumeUnit;
	    }
	    
	    attribute gallon : VolumeUnit = 231.0 * 'in' ** 3;
	    attribute mpg : DistancePerVolumeUnit = 'mi' / gallon;
	}
	
	package VehicleModel {	    
	    item def Fuel;
	        
	    port def FuelPort {
	        out item fuel: Fuel;
	    }
	    
	    part def FuelTank {
	        attribute volumeMax : VolumeValue;
	        attribute fuelVolume : VolumeValue;
	        attribute fuelLevel : Real = fuelVolume / volumeMax;
	        
	        port fuelInPort : ~FuelPort;
	        port fuelOutPort : FuelPort;
	    }
	    
	    part def Wheel {
	        attribute diameter : LengthValue;
	    }
	
	    part def Vehicle {
	        attribute mass : MassValue;
	        attribute cargoMass : MassValue;
	        
	        attribute wheelDiameter : LengthValue;
	        attribute driveTrainEfficiency : Real;
	        
	        attribute fuelEconomy_city : DistancePerVolumeValue;
	        attribute fuelEconomy_highway : DistancePerVolumeValue;
	
	        port fuelInPort : ~FuelPort;
	    }
	    
	    part vehicle_c1 : Vehicle {
	        port :>> fuelInPort {
	            in item :>> fuel; 
	        }
	
	        part fuelTank : FuelTank {
	            port :>> fuelInPort {
	                in item :>> fuel;
	            }
	        }
	
	        bind fuelInPort.fuel = fuelTank.fuelInPort.fuel;
	
	        part wheel : Wheel[4] {
	            :>> diameter = wheelDiameter;
	        }
	    }
	}
	
	package FuelEconomyRequirementsModel {
	    requirement def FuelEconomyRequirement {
	        attribute actualFuelEconomy : DistancePerVolumeValue;
	        attribute requiredFuelEconomy : DistancePerVolumeValue;
	
	        require constraint { actualFuelEconomy >= requiredFuelEconomy }
	    }
	
	    requirement cityFuelEconomyRequirement : FuelEconomyRequirement {
	        :>> requiredFuelEconomy = 25 [mpg];
	    }
	
	    requirement highwayFuelEconomyRequirement : FuelEconomyRequirement {
	        :>> requiredFuelEconomy = 30 [mpg];
	    }
	}
	
	package DynamicsModel {
	    calc def Acceleration { in p : PowerValue; in m : MassValue; in v : SpeedValue;
	    	return : AccelerationValue = p / (m * v);
	    }
	    
	    calc def Velocity { in v0 : SpeedValue; in a : AccelerationValue; in dt : TimeValue;
	    	return : SpeedValue = v0 + a * dt;
		}
		    
	    calc def Position { in x0 : LengthValue; in v : SpeedValue; in dt : TimeValue;
	    	return : LengthValue = x0 + v * dt;
	    }
	    
	    constraint def StraightLineDynamicsEquations {
	        in p : PowerValue;
	        in m : MassValue;
	        in dt : TimeValue;
	        in x_i : LengthValue;
	        in v_i : SpeedValue;
	        in x_f : LengthValue;
	        in v_f : SpeedValue;
	        in a : AccelerationValue;
	    
	        attribute v_avg : SpeedValue = (v_i + v_f)/2;
	
	        a == Acceleration(p, m, v_avg) &
	        v_f == Velocity(v_i, a, dt) &
	        x_f == Position(x_i, v_avg, dt)
	    }
	    
	    action def StraightLineDynamics {
	        in power : PowerValue;
	        in mass : MassValue;
	        in delta_t : TimeValue;
	        in x_in : LengthValue;
	        in v_in : SpeedValue;
	        out x_out : LengthValue;
	        out v_out : SpeedValue;
	        out a_out : AccelerationValue;
	    
	        assert constraint dynamics : StraightLineDynamicsEquations {
	            in p = power;
	            in m = mass;
	            in dt = delta_t;
	            in x_i = x_in;
	            in v_i = v_in;
	            in x_f = x_out;
	            in v_f = v_out;
	            in a = a_out;
	        }
	    }
	}
	
	package FuelEconomyAnalysisModel {
	    private import SequenceFunctions::size;
	    private import SampledFunctions::SampledFunction;
	    private import SampledFunctions::SamplePair;
	    private import ControlFunctions::forAll;
	
		attribute def ScenarioState {
			position : LengthValue;
			velocity : SpeedValue;
		}
		
		attribute def NominalScenario :> SampledFunction {
			attribute def TimeStateRecord :> SamplePair {
				t : TimeValue :>> domainValue;
				s : ScenarioState :>> rangeValue;
			}
			:>> samples : TimeStateRecord;
			n : Natural = size(samples);
		}
		
		analysis def FuelEconomyAnalysis { 
			subject vehicle: Vehicle;
			in attribute scenario : NominalScenario;
			in requirement fuelEconomyRequirement : FuelEconomyRequirement;
			return calculatedFuelEconomy : DistancePerVolumeValue;
			
			objective fuelEconomyAnalysisObjective {
				doc 
				/*
				 * The objective of this analysis is to determine whether the
				 * current vehicle design configuration can satisfy the fuel
				 * economy requirement.
				 */
				
				assume constraint {
					vehicle.wheelDiameter == 33 ['in'] &
					vehicle.driveTrainEfficiency == 0.4
				}
				
				require fuelEconomyRequirement { 
					:>> actualFuelEconomy = calculatedFuelEconomy;
				}
			}
		
			action dynamicsAnalysis {
				in sc: NominalScenario;
				out power : PowerValue[*];
				out acceleration : AccelerationValue[*];
				/*
				 * Solve for the required engine power as a function of time
				 * to support the scenarios.
				 */
				assert constraint straightLineDynamics {
					(1..sc.n-1)->forAll {in i: Integer;
						private thisSample : NominalScenario::TimeStateRecord = 
							sc.samples#(i);
						private nextSample : NominalScenario::TimeStateRecord = 
							sc.samples#(i+1);
						StraightLineDynamicsEquations (
							p = power#(i),
							m = vehicle.mass,
							dt = nextSample.t - thisSample.t,
							x_i = thisSample.s.position,
							v_i = thisSample.s.velocity,
							x_f = nextSample.s.position,
							v_f = nextSample.s.velocity,
							a = acceleration#(i)                    
						)
					}
				}
			}

		    action fuelConsumptionAnalysis {
		        in power : PowerValue[*] = dynamicsAnalysis.power;
		        in acceleration : AccelerationValue[*] = dynamicsAnalysis.acceleration;
		        out fuelEconomy : DistancePerVolumeValue = calculatedFuelEconomy;
		        /*
		         * Solve the engine equations to determine how much fuel is
		         * consumed. The engine RPM is a function of the speed of the
		         * vehicle and the gear state.
		         */
	        }
	    }
	}
	
	part vehicleFuelEconomyAnalysisContext {
	    requirement vehicleFuelEconomyRequirementsGroup {
	        subject vehicle : Vehicle;
	
	        requirement vehicleFuelEconomyRequirement_city :> cityFuelEconomyRequirement {
	            doc /* The vehicle shall provide a fuel economy that is greater than or equal to
	             * 25 miles per gallon for the nominal city driving scenarios.
	             */
	
	            :>> actualFuelEconomy = vehicle.fuelEconomy_city;
	
	            assume constraint { vehicle.cargoMass == 1000 [lb] }
	        }
	
	        requirement vehicleFuelEconomyRequirement_highway :> highwayFuelEconomyRequirement {
	            doc /* The vehicle shall provide a fuel economy that is greater than or equal to
	             * 30 miles per gallon for the nominal highway driving scenarios.
	             */
	
	            :>> actualFuelEconomy = vehicle.fuelEconomy_highway;
	
	            assume constraint { vehicle.cargoMass == 1000 [lb] }
	        }
	
	    }
	    
	    attribute cityScenario : NominalScenario;
	    attribute highwayScenario : NominalScenario;
	
	    analysis cityFuelEconomyAnalysis : FuelEconomyAnalysis {
	        subject vehicle = vehicle_c1;
	        in attribute scenario = cityScenario;
	        in requirement fuelEconomyRequirement = cityFuelEconomyRequirement;
	    }
	
	    analysis highwayFuelEconomyAnalysis : FuelEconomyAnalysis {
	        subject vehicle = vehicle_c1;
	        in attribute scenario = highwayScenario;
	        in requirement fuelEconomyRequirement = highwayFuelEconomyRequirement;
	    }
	
	    part vehicle_c1_analysized :> vehicle_c1 {
	        attribute :>> fuelEconomy_city = cityFuelEconomyAnalysis.calculatedFuelEconomy;
	        attribute :>> fuelEconomy_highway = highwayFuelEconomyAnalysis.calculatedFuelEconomy;
	    }
	
	    satisfy vehicleFuelEconomyRequirementsGroup by vehicle_c1_analysized;
	}
}","Generate a SysML v2 model encapsulating the 'Vehicle Analysis Demo' package, which facilitates an analysis of vehicle fuel economy under varying conditions. Model components include various sub-packages such as 'VehicleQuantities', 'VehicleModel', 'FuelEconomyRequirementsModel', 'DynamicsModel', and 'FuelEconomyAnalysisModel'. The 'VehicleQuantities' package defines units like DistancePerVolume which relate to fuel efficiency metrics. The 'VehicleModel' captures vehicle properties like mass and dimensions, alongside parts for fuel tanks and wheels. 'FuelEconomyRequirementsModel' establishes compliance with specified fuel economy metrics for city and highway conditions. The 'DynamicsModel' offers calculations for vehicle dynamics, including acceleration and velocity equations. Lastly, the 'FuelEconomyAnalysisModel' executes analyses to verify if the defined requirements are satisfied, considering the vehicle's configurations and specific driving scenarios. The overall model aims to assess a vehicle's performance against fuel economy standards.","[-1.84048880e-02 -1.70358270e-02 -3.99875604e-02  3.07499226e-02
  1.61170661e-02  5.60903037e-03 -5.24483845e-02  6.46267459e-02
 -3.26495990e-02 -3.65064591e-02  3.38046625e-03 -8.32919031e-02
  2.14171410e-02  2.03552265e-02 -3.20024453e-02 -3.86940278e-02
  4.23029251e-02  7.37195788e-03 -6.03198744e-02 -7.84946978e-03
  1.40312105e-01 -1.36516877e-02  9.53288078e-02  1.12719107e-02
 -2.08014622e-02 -7.52771832e-03 -5.39799780e-02  1.14352107e-01
 -3.30887199e-03 -1.38932634e-02  2.16542352e-02  1.07645951e-02
  7.19835535e-02 -1.58323012e-02  3.56557034e-03 -1.37031851e-02
  2.43130811e-02  1.18090641e-02 -4.44268323e-02 -5.55203343e-03
 -8.13051090e-02 -1.37193546e-01 -1.35047513e-03 -9.28649586e-03
  4.28018272e-02 -6.46012053e-02 -3.36708408e-03 -1.94767620e-02
 -4.35435139e-02  7.59170065e-03 -2.45228875e-02  3.11714821e-02
 -2.25077290e-02 -3.22537161e-02  2.52787452e-02  4.49975468e-02
  4.96301427e-02  8.32620729e-03 -3.09911948e-02 -1.03997543e-01
  3.36636417e-03 -3.76880839e-02 -8.33951235e-02  1.47661492e-02
 -3.57115790e-02  9.67424084e-03  6.40170323e-03  1.34446463e-02
  3.80801409e-02  5.29810553e-03 -7.85109475e-02 -4.51441258e-02
  1.82154924e-02  1.93016510e-02 -6.17845636e-03 -3.57492901e-02
  7.20769614e-02  4.46667969e-02  3.80217768e-02 -1.13831624e-01
 -1.34537369e-02  2.03521047e-02 -5.12510762e-02 -6.16001524e-02
  8.74716323e-03  1.96606629e-02  3.15391123e-02 -1.49444875e-03
  9.22085568e-02  3.80044319e-02  1.35224182e-02  1.52714867e-02
  2.75578670e-04 -2.44659707e-02  3.43445539e-02  2.58913524e-02
  1.29490457e-02 -1.20519027e-02  7.31124431e-02 -5.32523612e-04
  2.93433834e-02  7.27036595e-02  1.26000335e-02  3.00931558e-02
 -2.11574640e-02 -1.00194048e-02  2.81162485e-02  3.99095342e-02
  7.96843879e-03 -1.00305844e-02  6.58876300e-02  5.85947856e-02
  1.87047794e-02  5.62736765e-03  1.44416851e-03  1.52613325e-02
  1.33218663e-03 -2.63814311e-02  7.18559995e-02  3.14731374e-02
 -8.72446448e-02 -6.61660358e-02  8.13211948e-02  5.05715143e-03
  8.53139237e-02 -2.29583704e-03 -5.28928265e-02  2.79468639e-33
 -1.03482902e-01 -4.81689051e-02 -4.57912358e-03  1.16690181e-01
 -5.21120802e-02  5.49180619e-02 -6.54158369e-02 -2.37778598e-03
  3.53736430e-02  2.45280471e-02 -9.29638445e-02  9.57431719e-02
 -4.41404842e-02  6.67678118e-02  6.89830333e-02 -1.45874498e-03
 -7.47814551e-02  6.02664575e-02 -1.39299119e-02 -2.69011538e-02
  2.43530646e-02 -5.68188429e-02  3.31810117e-03 -2.35114470e-02
  1.04969837e-01  8.76843110e-02  4.19993922e-02  6.82706013e-02
 -8.17037299e-02  5.59511445e-02  4.32407716e-03  6.57414794e-02
 -8.30853134e-02 -3.82412300e-02  9.92740504e-04  5.26414104e-02
 -6.79052174e-02 -1.10998461e-02  3.55880111e-02 -5.24135083e-02
 -3.96604836e-02 -2.27367599e-02 -2.17784420e-02 -6.95359800e-03
 -1.01969324e-01  6.47612906e-04  4.20001857e-02  2.67279590e-03
  4.55764085e-02  1.74315553e-02 -2.19861306e-02 -3.01938262e-02
  3.57018635e-02 -4.64600511e-02 -8.83319527e-02  6.00256957e-02
  6.79344237e-02 -4.68235984e-02 -2.07969788e-02  6.01279102e-02
 -1.09124094e-01  4.13816758e-02  1.29761240e-02 -6.75152391e-02
  5.49550056e-02  5.05559742e-02 -9.16462988e-02 -8.02063718e-02
  2.84785572e-02  4.44474518e-02 -1.11720907e-02 -8.01778026e-03
 -2.03480967e-03  7.75109157e-02  6.69010729e-02 -5.74754998e-02
  4.29370888e-02 -2.77490541e-02 -1.12846479e-01  1.53117357e-02
 -9.46164280e-02  1.04422413e-01 -1.16973380e-02 -1.06337927e-01
  2.78967451e-02 -7.13908970e-02 -1.44388629e-02 -5.08037135e-02
 -1.11083901e-02 -1.27567783e-01 -3.09777688e-02 -1.83062200e-02
 -7.33590424e-02  2.70746611e-02  1.71337947e-02 -4.56180374e-33
  1.26108238e-02  2.78948527e-02  1.69637837e-02  4.38688882e-02
  3.24690491e-02 -1.90309770e-02 -8.37563071e-03 -3.34858559e-02
  2.01181620e-02 -2.41688918e-02  4.93446039e-03 -4.68481518e-02
  4.11379635e-02  2.97272354e-02  4.13203351e-02  3.47861350e-02
 -1.03613436e-02 -2.25093976e-01 -3.52194868e-02 -5.46736456e-03
  4.85398108e-03  1.58179328e-02 -4.73899953e-02 -1.62375048e-02
 -3.54131572e-02 -3.91106904e-02 -1.88570339e-02 -4.34390977e-02
 -2.68474268e-03 -7.99797475e-02  7.40129799e-02 -1.14144944e-02
 -1.98343024e-02 -1.39570860e-02 -3.95562351e-02 -6.81650192e-02
  3.56384926e-03 -7.11344779e-02 -1.48109505e-02  6.52422532e-02
  5.82536217e-03  2.44084895e-02 -4.11958881e-02  1.03580356e-02
 -1.03158634e-02  5.37162973e-03  5.77708036e-02 -1.00510158e-01
  3.98420803e-02 -6.06796555e-02  7.83210099e-02  7.54440390e-03
 -1.36156408e-02  5.54683171e-02 -5.11424709e-03  2.58046202e-02
  3.56045179e-02 -1.02712251e-02 -1.45351049e-02  1.04428094e-03
  8.96423459e-02  3.71789490e-03  4.40318249e-02  6.39428943e-02
 -6.15042709e-02 -4.76793163e-02 -2.54770052e-02 -8.29284117e-02
  5.82406931e-02  3.27526517e-02 -3.08438111e-02 -1.21462001e-02
  1.07864002e-02  3.35306078e-02 -8.92809499e-03 -5.89335375e-02
 -1.38305565e-02  9.09371208e-03  2.50283871e-02 -1.64618436e-02
 -1.14249187e-02 -8.93492904e-03  6.96119666e-02  7.34318197e-02
 -5.78502566e-02 -7.57297426e-02 -2.90756691e-02  6.54738769e-02
  7.73390930e-04  2.94210017e-02  1.00558465e-02  5.89437447e-02
 -6.69166222e-02  1.60542473e-01 -8.11418891e-02 -4.77008122e-08
 -6.09826036e-02 -7.13326689e-03  3.69738601e-02  4.89197858e-03
 -5.97387180e-02  4.51947600e-02 -4.26253527e-02 -3.05782091e-02
 -3.79041284e-02  2.36816308e-03  7.66728222e-02  1.78647954e-02
 -4.06600758e-02  3.79238129e-02 -1.48792043e-02  2.81391013e-03
  5.10050170e-02  9.41786095e-02 -5.12494780e-02  2.76765367e-03
  6.32981583e-02  5.22203781e-02 -1.00685559e-01  3.52034271e-02
  1.21130884e-01 -6.80470243e-02 -5.90534657e-02  5.94679043e-02
  2.17244364e-02 -2.11584158e-02  3.26941200e-02  7.89706856e-02
  7.21577257e-02 -2.41134688e-02  1.78281721e-02  7.85688162e-02
 -4.20628674e-02  5.06855100e-02  3.55445594e-02  7.68920407e-02
  6.59605041e-02  1.80375036e-02 -4.73008081e-02  3.24112773e-02
  1.99753027e-02  9.44867358e-03 -8.66790190e-02 -6.51130751e-02
 -2.92330589e-02  4.77233790e-02  2.42191274e-02 -2.00141966e-02
 -9.04890448e-02  8.75624567e-02 -5.33831827e-02 -2.14183629e-02
 -6.92889318e-02  8.79370142e-04  7.47605115e-02 -3.10583040e-02
 -3.24566774e-02  5.37743047e-02  7.93965813e-03 -5.10465354e-02]"
4,../models/Arrowhead Framework Example/AHFCoreLib.sysml,"// /** Mandatory Services and Systems */
library package AHFCoreLib {
	private import AHFProfileLib::*;
	private import ScalarValues::*;
	private import AHFProfileMetadata::*;

	#service port def ServiceDiscovery {
		// The functionalities as Requests (Operations) cannot be defined yet
		// We could consider using flows to designate the functionalities
	}
	
	#service port def ServiceDiscoveryDD :> ServiceDiscovery{
	}
		
	#service port def Authorisation {
		attribute publickey:String; // just as examples
	}

	#service port def AuthorisationDD :> Authorisation{
	}

	
	#clouddd ArrowheadCore{
		// /** Design Level */
		// First the system definitions (SysD) of core systems
		
		#system service_registry {
			#service serviceDiscovery : ServiceDiscovery ;
		}
		
		#system authorization{
			#service authorisation : Authorisation;
			attribute protocol:String = ""HTTP"";
		}
		
		#system orchestrationDesign; // just indicated for now
		
		// /** Design Description level */		
		#systemdd service_registry_DD :> service_registry{
			#servicedd :>> serviceDiscovery:ServiceDiscoveryDD {
				#idd serviceDiscovery_HTTP ;// nested port for HTTP protocol
				// here we refer the functionalities like operation Register etc.
				#idd serviceDiscovery_MQTT ; // nested port for MQTT protocol
			}
		}
		
		#systemdd authorization_DD :> authorization{
			#servicedd :>> authorisation {
				#idd authorisation_HTTP ; // nested port for HTTP protocol
				#idd authorisation_MQTT ; // nested port for MQTT protocol
			}
			action Echo_behavior :> ServiceMethod;
		}
	}
}","Generate a SysML v2 model representing the core services and systems for an Arrowhead Framework library. The model will include a library package named AHFCoreLib, which imports relevant profiles and scalar values. It includes service ports for ServiceDiscovery and Authorization, with clear definitions and attributes like publickey for Authorization. The core systems consist of service_registry and authorization, with established service relationships. The model outlines a service registry system featuring a serviceDiscovery port and an authorization system managing the authorisation port using the HTTP protocol. Additionally, it includes design description levels, encapsulating functionality through nested ports for both protocols, HTTP and MQTT. An orchestrationDesign system is noted but not detailed. The model ultimately links services to specified behaviors, enabling clarity in functionality mapping.","[-3.70998159e-02 -5.58682084e-02 -5.65071367e-02 -4.74787876e-02
 -5.89456409e-02 -3.80081236e-02  4.75928709e-02  1.54049378e-02
 -3.86583619e-02  1.79773327e-02 -2.99703181e-02  3.21981423e-02
  6.58525452e-02  2.17345878e-02  5.51794991e-02 -1.45628965e-02
  9.76993293e-02 -5.63367866e-02  2.97414046e-02 -3.77766341e-02
 -4.36846092e-02  4.30674516e-02 -9.08870175e-02 -4.81487345e-03
 -7.96687678e-02 -5.94741777e-02 -3.61777917e-02 -1.41160712e-02
 -2.49562021e-02 -5.53955808e-02  3.53401788e-02 -3.22359651e-02
  2.30798945e-02  3.52078862e-02  7.29696080e-03  3.64726111e-02
  1.66468695e-01 -8.00981373e-02 -1.30887061e-01 -3.29140462e-02
 -5.22891013e-03 -2.80527249e-02 -9.75006744e-02  1.64196268e-02
 -2.08368078e-02 -3.59826759e-02 -1.04697188e-02 -1.85478926e-02
 -4.04963084e-02  2.27233972e-02 -2.31272280e-02 -6.72188178e-02
 -8.15745629e-03  5.30737825e-03 -1.02399569e-02  4.23329100e-02
  1.74482074e-02 -3.50268669e-02 -5.31348400e-02  3.43442075e-02
 -1.65446587e-02 -3.84200527e-03 -6.99466318e-02  7.87535682e-03
 -3.68688144e-02  4.72191647e-02 -4.07377211e-03 -3.88730913e-02
  1.01820938e-01 -5.99635094e-02 -1.08913474e-01 -8.70658755e-02
 -5.61175942e-02 -6.12885086e-03 -9.66358092e-03 -3.04578580e-02
  2.28987285e-03 -1.24797253e-02  4.10261601e-02 -1.48078218e-01
 -5.78118488e-02  5.07700965e-02 -3.48481499e-02  8.91271755e-02
  1.21034868e-02  6.49079904e-02 -2.42671017e-02 -1.37009546e-02
  1.68838967e-02  3.40787992e-02  1.67974806e-03 -2.02057045e-02
  2.24379711e-02 -8.87664855e-02  6.74450099e-02  5.42169139e-02
  3.65929939e-02 -7.19449669e-02 -5.49605675e-02  4.45935354e-02
 -2.72158477e-02 -1.17256222e-02  5.89147247e-02 -8.16206634e-02
  2.69068051e-02  1.97130907e-02 -7.95408860e-02  2.00332049e-02
 -1.11582447e-02 -1.34624522e-02 -6.81556240e-02  2.90155262e-02
 -1.08179851e-02 -5.14501296e-02  1.68210361e-02  3.58016528e-02
  5.46842534e-03 -8.22388381e-03  3.19868885e-02 -1.05883218e-02
 -2.64220499e-03 -1.48606030e-02  7.44059607e-02 -2.13496052e-02
  2.43636221e-02  2.34681345e-03 -4.08181250e-02  3.74671963e-33
 -3.77283096e-02  3.92997153e-02 -2.59946175e-02  4.96094860e-02
  8.22464824e-02 -3.46468948e-02  4.18765880e-02 -5.35623617e-02
 -1.15896147e-02  2.54788715e-02 -1.39171258e-02  7.59980306e-02
 -1.24340011e-02  4.85403500e-02  5.26201501e-02 -2.79202685e-02
 -2.12448519e-02  1.12513497e-01  7.19712302e-02  4.04762104e-02
 -3.52225006e-02  3.00968699e-02 -5.19893244e-02  1.18177617e-02
  1.12014100e-01  4.73820195e-02  4.16951105e-02  4.29920740e-02
  2.34805383e-02  3.49204838e-02  5.65789007e-02  5.13650058e-03
 -3.08101121e-02 -3.19952448e-03  3.01295910e-02  2.42213532e-02
  2.71463022e-02 -6.93240836e-02  5.09091057e-02 -1.07182108e-01
 -9.93825030e-03  1.34174456e-03 -1.19069956e-01 -1.12596704e-02
 -7.28427321e-02 -7.30825961e-02 -3.55055295e-02 -8.05207063e-03
  1.13253504e-01 -2.53636856e-02  5.11064902e-02 -1.69089288e-02
  7.75964558e-02  5.96990176e-02 -1.62211638e-02 -2.11903676e-02
 -2.71108729e-04  9.95937586e-02 -6.42537326e-03  1.15069486e-02
  2.52041277e-02 -4.94196489e-02  1.09087275e-02  5.37453443e-02
  1.02467149e-01 -5.85258603e-02 -2.44822241e-02 -6.82143718e-02
  3.37190069e-02  5.58368489e-02 -3.52039598e-02  3.42235602e-02
  4.09145728e-02  8.55681747e-02 -4.08768579e-02 -2.13638917e-02
 -1.28375385e-02  7.50864204e-03  2.20965557e-02  4.02658507e-02
 -8.27957541e-02  7.25788772e-02  2.95519858e-04  5.28023578e-02
  3.84100787e-02 -4.67376821e-02  1.00660026e-02 -1.80731192e-02
 -7.23861232e-02 -6.81742355e-02 -2.48408839e-02  1.80614609e-02
  6.05629608e-02  8.00518170e-02 -5.62841631e-02 -4.84926023e-33
  2.30101193e-03 -2.35934798e-02  2.38277558e-02  1.53217986e-02
 -5.92168681e-02 -3.15576233e-02 -2.58490462e-02  5.92776947e-03
 -8.79867077e-02  4.40445729e-03  9.46578011e-02  1.13136275e-02
  4.36424725e-02 -3.60308215e-02  3.68730910e-02 -6.04193173e-02
 -7.26624653e-02 -1.06398083e-01  1.83031708e-02  3.76791731e-02
 -3.36323828e-02  5.60919978e-02  4.19826731e-02 -1.51249571e-02
 -1.41650643e-02  5.16471826e-03 -3.75299416e-02 -1.27847362e-02
 -2.10400280e-02 -5.09576313e-02  7.82176629e-02 -1.60601158e-02
  5.37710190e-02 -1.23481847e-01 -4.42287624e-02 -4.69698235e-02
 -3.63112497e-03  8.07006732e-02 -3.66085358e-02 -1.39346928e-03
  3.64724100e-02 -3.60674858e-02 -4.22720388e-02 -3.45545895e-02
  4.62219864e-02 -7.13752888e-06 -2.87889168e-02 -1.30103724e-02
 -1.05515905e-02 -9.71551687e-02 -2.51702080e-03 -3.78219821e-02
  9.56037194e-02  1.76791027e-02 -3.64315212e-02  9.48639065e-02
  6.01250194e-02  1.38626769e-02  1.57259051e-02 -7.29689049e-03
  8.12427625e-02 -4.88605238e-02  1.18433833e-02  1.06140323e-01
  1.03589958e-02  6.07108406e-04 -1.79735590e-02 -1.30156064e-02
 -1.05380438e-01 -2.32697204e-02  5.46940640e-02 -2.72881407e-02
 -2.69229449e-02  6.54955655e-02  6.59861863e-02 -8.98635536e-02
 -2.87643056e-02 -2.64319461e-02 -2.16000676e-02  1.91908143e-02
 -7.59035498e-02  4.29389961e-02 -6.80989772e-02  1.52827641e-02
 -1.57500319e-02 -1.30969346e-01  6.23457208e-02 -2.33494435e-02
  1.33310175e-02  4.18461487e-03 -8.29015821e-02  2.24402323e-02
 -1.02896370e-01  1.17278777e-01 -2.91395350e-03 -4.97838322e-08
 -6.69370964e-03  8.58249068e-02 -3.59190963e-02  2.45757438e-02
 -3.39496434e-02  4.18723598e-02 -3.36824544e-02  6.68428605e-03
  1.99449807e-02  2.55256053e-02 -1.36856399e-02 -3.26480418e-02
 -7.28916302e-02 -2.49391105e-02  2.97616068e-02  8.13417509e-02
  3.32529359e-02 -7.19981268e-03 -2.68569607e-02 -2.77404040e-02
  8.94513577e-02  3.53432894e-02  6.99880719e-02  1.55514237e-02
 -4.32787910e-02  5.48927933e-02  6.41211867e-02  1.03338331e-01
  5.92513606e-02  9.86409187e-02 -2.34442465e-02  2.50359415e-04
  5.84340841e-02  1.06598996e-02 -4.63249795e-02  5.37197627e-02
 -1.45502537e-01 -7.64889121e-02  7.00953081e-02  4.52153645e-02
  3.08972895e-02  3.68797183e-02  3.15320352e-03  4.64478545e-02
  2.03905609e-02  4.62554842e-02 -1.73703060e-02  1.61310304e-02
  4.97895200e-03  1.25185270e-02  1.07441796e-02  1.99225806e-02
 -6.13719365e-03  6.18913919e-02 -6.06376939e-02  9.96493101e-02
  4.10302095e-02 -5.95689565e-02  7.85279498e-02  4.55563776e-02
  1.74175631e-02  4.04592641e-02  5.40120378e-02  6.39655488e-03]"
5,../models/Arrowhead Framework Example/AHFNorwayTopics.sysml,"package AHFNorway {
	doc /* This is the Norwegian use-case for Arrowhead Framework */
	// The use-case is for Productive4.0 and Arrowhead Tools
	// The system is taken from a chemical factory
	// This is focusing on the monitoring of products when delivered
	private import AHFProfileLib::*;
	private import AHFProfileMetadata::*;
	private import AHFCoreLib::**;
	private import ScalarValues::*;

	#service def APISService {
		doc /* Service design */		

		attribute :>> serviceDefinition = ""APISPullService"";
		attribute :>> intrfce_protocol = ""{JSON}"";
		attribute :>> serviceURL = ""pull"";
	}

	#servicedd port def APIS_DD :> APISService {
		doc /* Service design description with nested protocol-specific ports */	

		#idd port APIS_HTTP {
			// the asynch implementation of synchronous remote calls
			out cll:CallGiveItems;
			in retrn:ResultGiveItems;
		}
		
		#idd port APIS_MQTT  {
			// GetAllItems functionality
			out pub:Publish;
			out retall:Return_AllItems;
			in subscr:Subscribe;
		}
	}
	
	// Asynchronous signals
	attribute def Publish {nametopic:String;}
	attribute def Subscribe{nametopic:String;}
	attribute def Return_AllItems {itms:String;}
	attribute def Subscribe_giveItems{itms:String;}
	attribute def Return_Ack{ack:Boolean;}
	
	// Signals for implementing the remote procedure call by asynch signals
	attribute def CallGiveItems{itms:String; } 
	attribute def ResultGiveItems{ack:Boolean;}
	
	#clouddd AHFNorway_LocalCloudDD :> ArrowheadCore {	
		#systemdd TellUConsumer {
			#servicedd serviceDiscovery:~ServiceDiscoveryDD ; // communicating with ServiceRegistry
			#servicedd apisp:APIS_DD ;
			
			attribute :>> systemname = ""UngerApisClient"";
			attribute :>> address = ""Unger_network_ip"";
			attribute :>> portno = 0;
						
			// We want an operation call to GiveItems, and actually sending the payload
			// Call apisp::APIS_HTTP::giveItems(in allitems: String = ""All the items"", out ackback:Boolean);
			
			state TellUbehavior{
				entry send CallGiveItems(""All the items"") via apisp.APIS_HTTP;
				then Wait;
				state Wait;
					accept rs:ResultGiveItems
					// Here do whatever about the result rs.ret 
				then Wait;
			}
						
		}
		
		#systemdd APISProducer {
			#servicedd serviceDiscovery:~ServiceDiscoveryDD ; // communicating with ServiceRegistry
			#servicedd tellu:~APIS_DD; // providing the APISService
			#servicedd apisc:APIS_DD ; // talking to APISConsumer
			
			:>> systemname = ""PrediktorApisServer"";
			:>> address = ""Prediktor_network_ip"";
			:>> portno = 6565;
			attribute x:Boolean;
			
			action giveItems :> ServiceMethod
			 {  in itms:String; out ack:Boolean;
			 	/* Forward itms and return an ack */
			 	first start;
			 	then send Return_AllItems(itms) via apisc.APIS_MQTT;
			 	success = true;
			 	bind ack = success;
			 }
			
			state APISPbehavior{
				entry send Publish(""Return_AllItems"") via apisc.APIS_MQTT;
				then WaitOnData; 
				
				state WaitOnData;
					accept cl:CallGiveItems via tellu.APIS_HTTP
					do action {
						first start;
						then action giveItems{ in itms=cl.itms; out ack=x; }
						then send ResultGiveItems(x) via tellu.APIS_HTTP;
					}
				then WaitOnData;		
			}
		}
		
		#systemdd APISConsumer {
			#servicedd serviceDiscovery:~ServiceDiscovery ; // communicating with ServiceRegistry
			#servicedd apisp:~APIS_DD ;
			:>> systemname = ""TellUClient"";
			:>> address = ""Prediktor_network_ip"";
			:>> portno = 1;
			
			// Now sending signal to the remote behavior through the port functionality
			state MQTT_APISP {
				entry send Subscribe(""Return_AllItems"") via apisp.APIS_MQTT; 
				then Idle;		
				state Idle;
					accept Return_AllItems via apisp.APIS_MQTT
					// Get the stuff and do something with them
					then Idle;
			}
		}
 		
 		part MQTTServer {
 			port getTopic:~APIS_DD;
 			port giveTopic:APIS_DD;
 			
 			state Serve{				
 				entry;
 				then Publ;
 				state Publ;
 					accept pub:Publish via getTopic.APIS_MQTT
 					// store information about who will provide ""Publish::nametopic""
 				then Subsr;
 				
 				state Subsr;
 					accept Subscribe via giveTopic.APIS_MQTT
 					// store information about who want to receive ""Subscribe::nametopic""
 				then Idle;
 				
 				state Idle;
 					accept retrnall:Return_AllItems via getTopic.APIS_MQTT
 					do send retrnall via giveTopic.APIS_MQTT
 				then Idle;
 			} 			
 		}
 				
 		connect APISProducer.apisc to MQTTServer.getTopic; 
 		connect MQTTServer.giveTopic to APISConsumer.apisp; 
		
 		connect TellUConsumer.apisp to APISProducer.tellu; 
 		
 		// Then we need to connect the application systems to the mandatory systems
 		connect APISProducer.serviceDiscovery to service_registry.serviceDiscovery;
 		connect TellUConsumer.serviceDiscovery to service_registry.serviceDiscovery;
 		connect APISConsumer.serviceDiscovery to service_registry.serviceDiscovery;
 		
 		// Same procedure for the other mandatory services
		
	}
	
}","Generate a SysML v2 model encapsulating the Norwegian use-case for the Arrowhead Framework within a chemical factory context, specifically focusing on product monitoring upon delivery. Model a package named AHFNorway that imports necessary libraries, such as AHFProfileLib and ScalarValues. Define an API service, APISService, with attributes for service definition and interface protocol. Create an interface definition for asynchronous communication through ports, detailing methods like APIS_HTTP for remote calls and APIS_MQTT for item retrieval. Structure the system into three distinct components: APISProducer, APISConsumer, and TellUConsumer, each managing service discovery and interactions through defined states that handle communication and data processing. Integrate a MQTT server to facilitate the exchange of publishing and subscription messages between producers and consumers. Establish connections among the components and the service registry to ensure a robust, operational flow of information, thus enhancing product delivery monitoring within the framework.","[-6.70304224e-02 -3.73683237e-02 -5.43948039e-02 -5.70427347e-03
 -7.06043374e-03 -1.86188146e-02  5.04502393e-02  7.53555521e-02
 -3.32936123e-02 -8.52403417e-03  6.04225649e-03 -3.52327004e-02
  8.46769288e-02 -9.50547960e-03  1.20463474e-02  6.87194336e-03
  1.08444594e-01 -8.92008170e-02 -4.30047372e-03 -7.63659775e-02
  3.00298296e-02  4.48469892e-02 -1.53011670e-02  2.00673621e-02
 -1.04992345e-01 -2.91774441e-02 -4.08632010e-02 -1.80509761e-02
 -5.70713822e-03 -7.36255124e-02  6.79197609e-02  1.34820724e-02
  4.76624491e-03  3.97785306e-02  2.39794217e-02  6.91422299e-02
  5.54616749e-02 -1.12997293e-01 -8.53138566e-02 -3.21971923e-02
  6.43417379e-03 -8.25763121e-02 -1.36316344e-01 -2.06002276e-02
  5.72783239e-02 -2.76686642e-02 -2.76125576e-02 -7.33716600e-03
 -3.08975428e-02  3.37124690e-02 -6.02858327e-02 -5.19438535e-02
 -2.73464322e-02 -1.07969129e-02  3.06356493e-02  9.37744044e-03
 -2.93837744e-03 -8.12076963e-03 -1.23629719e-01  2.63176560e-02
  4.65470739e-02 -4.52916250e-02 -4.47802991e-02 -2.43045259e-02
 -1.81602128e-02  4.29118089e-02 -8.85490552e-02  2.95194760e-02
  7.39147961e-02 -7.16965720e-02 -9.57016945e-02 -5.92141524e-02
 -6.65930137e-02  3.82481441e-02 -5.65600172e-02 -3.62967118e-03
  5.73579520e-02 -4.72280085e-02  3.72977629e-02 -7.65475482e-02
 -4.23208028e-02  8.45684931e-02 -6.61893860e-02  6.35555908e-02
  1.60990879e-02  4.12512533e-02  4.47534136e-02 -4.11364483e-03
  1.73629671e-02 -3.73997577e-02 -2.19893554e-04 -3.46393511e-02
  1.54830245e-02 -4.36966307e-02  3.51209752e-02  2.98126601e-02
  5.11727743e-02 -2.05558576e-02  8.97677802e-03  5.52644208e-02
 -3.74184828e-03  3.40702087e-02  6.01050770e-03 -5.16662337e-02
 -3.05825640e-02 -2.94012055e-02 -6.64651468e-02  4.96783219e-02
 -5.32052526e-03  3.08305584e-02 -1.06066428e-01  3.76120917e-02
 -1.51830036e-02 -6.68363795e-02  2.17200778e-02  1.95849054e-02
  2.71329638e-02 -4.62365858e-02  4.06910889e-02 -3.96102928e-02
 -4.11685603e-03  8.27244949e-03  1.58950016e-02 -3.15176323e-02
  1.02502577e-01  9.05456692e-02 -8.71645939e-03  7.23568201e-33
 -5.60079142e-02  3.49406451e-02 -2.92109326e-02  5.67695647e-02
  1.82034224e-02  3.61274667e-02  4.31590565e-02 -3.86943147e-02
 -1.05271498e-02  1.84134897e-02 -2.80788895e-02  4.80048992e-02
 -7.68884346e-02  3.35715301e-02  5.11549525e-02 -7.88249820e-02
 -1.18027283e-02  6.39253259e-02  9.27843228e-02 -1.18636368e-02
 -5.88754006e-02 -5.38515672e-02 -4.06683981e-02  5.23041189e-02
  9.14219469e-02  6.37803674e-02  1.59258880e-02  2.99141165e-02
 -9.22720041e-03  1.89132858e-02  9.86535177e-02 -9.49734263e-03
 -4.44543250e-02  2.66690422e-02 -4.03025895e-02 -3.72692533e-02
 -7.49496296e-02 -4.19550948e-02  3.40843014e-02 -6.25230446e-02
 -1.80050973e-02  3.75416540e-02 -6.64030984e-02  1.57652795e-02
 -1.05855189e-01  1.40221538e-02 -6.49909675e-02  1.36695290e-02
  1.01721644e-01 -8.47847238e-02  4.12006304e-02  1.31835788e-02
  1.24652959e-01  2.55524982e-02  3.09149306e-02  2.06178823e-03
  1.41216032e-02 -4.91858609e-02 -5.24639338e-03  8.07929635e-02
 -9.57366526e-02 -3.59847508e-02  7.32925953e-03  2.36156192e-02
  8.80141333e-02 -1.32056605e-02 -1.51474942e-02 -4.92904969e-02
  3.79309319e-02  7.84666687e-02  2.75445823e-02  1.13540357e-02
  8.39877427e-02  4.20108549e-02  4.47558332e-03 -4.03189883e-02
 -1.81495082e-02  3.70507948e-02  9.20576218e-04  3.55742648e-02
 -5.86487390e-02  2.76872367e-02 -2.20207106e-02  6.10903427e-02
  2.60024760e-02 -6.69374466e-02  1.18034687e-02 -2.34962199e-02
 -2.57877391e-02  2.29966100e-02 -4.37947400e-02 -1.96603388e-02
  1.15389982e-02  5.41095100e-02 -1.56032499e-02 -6.52101156e-33
  1.85745265e-02 -5.57718165e-02  2.44836858e-03  3.32566425e-02
 -3.16057168e-02 -4.86829914e-02 -4.83155884e-02  1.27732735e-02
 -4.15330082e-02  6.86422065e-02 -4.89277253e-03 -3.38396467e-02
 -1.26606738e-02 -2.77145561e-02 -3.66297131e-03  1.48847755e-02
 -1.06385527e-02 -9.25459787e-02  5.81221394e-02  6.67559057e-02
 -7.17189237e-02  5.71033247e-02 -6.13960437e-02 -1.62972175e-02
 -1.84115488e-02  2.95257308e-02 -2.45830417e-02 -1.00391228e-02
 -2.01951452e-02 -9.79203433e-02  1.93172526e-02 -6.22738265e-02
  7.28068501e-02 -8.58204067e-02 -3.19298171e-02 -5.82781583e-02
  4.81178053e-02  5.56643419e-02  1.59561690e-02  3.24649410e-03
  7.40608573e-02 -6.10457137e-02 -1.20260581e-01  1.59264542e-02
  4.87666903e-03 -1.80048402e-02 -1.00753076e-01  5.12578990e-04
 -1.86504107e-02 -6.11258894e-02 -6.89572096e-03 -2.49762982e-02
  4.92957272e-02 -2.27490403e-02 -6.64692745e-02  8.64428207e-02
  7.78616965e-02  1.94274168e-02 -1.12894448e-02  2.10881718e-02
  7.70847574e-02 -8.11083242e-02  2.90889367e-02  1.93497799e-02
 -8.69138225e-04 -1.88156683e-02  2.97955088e-02 -6.85841963e-02
  3.86835495e-03 -2.55415216e-02  9.16157383e-03  3.24442089e-02
  3.51144895e-02  5.52383834e-04  5.59235215e-02 -8.54911804e-02
 -8.32314566e-02 -1.82457063e-02  3.96539737e-03  1.03982762e-02
 -9.98038352e-02  3.20433266e-02  3.69508676e-02  4.51727547e-02
  2.73818225e-02 -6.05611168e-02  6.69179037e-02  3.55048552e-02
  1.85113978e-02 -1.34536112e-02 -8.19461197e-02  4.31349128e-02
 -9.70550701e-02  1.55324042e-01 -7.04124570e-03 -5.67309861e-08
 -1.32215368e-02 -3.33999060e-02  5.46430005e-03  5.58639392e-02
  7.03669293e-03  7.03802407e-02 -4.33287695e-02  5.29693142e-02
  3.48877124e-02  8.54077414e-02 -3.31667364e-02  2.45756041e-02
 -1.05441041e-01  1.12540098e-02  7.52326697e-02  1.57053005e-02
  4.42277417e-02  5.39862625e-02 -4.39009890e-02 -2.31448170e-02
  5.13551757e-02  1.05174579e-01  4.01306823e-02 -1.35307282e-03
  4.33057472e-02 -4.73573338e-03  1.25139058e-01  8.23875368e-02
  8.26874822e-02  1.82744469e-02 -9.73865483e-03 -7.87737407e-03
  3.17766033e-02  4.91880998e-02 -3.34225856e-02 -1.92171857e-02
 -7.84945339e-02 -4.59894128e-02 -6.58330694e-03  3.85852568e-02
  1.28263421e-02  9.32049751e-02 -6.79838657e-02  6.26316592e-02
  3.62541489e-02  2.91348696e-02 -1.02327958e-01 -3.53784040e-02
  4.05949168e-02  4.21048962e-02  5.63878752e-03 -3.99015658e-02
  3.17483768e-02  3.08913086e-02 -6.20527156e-02  6.58566877e-02
  4.09182906e-02 -8.13676864e-02  1.13881923e-01  5.18703088e-02
  1.26181366e-02 -1.22682694e-02  8.54295939e-02  2.40248814e-03]"
6,../models/Arrowhead Framework Example/AHFProfileLib.sysml,"library package AHFProfileLib {
	// Systems and Services and their functionalities
	private import ScalarValues::*;
	
	// Design level
	port def SD{
		doc /* Service definition */
		
		attribute serviceDefinition:String;
		attribute serviceURL:String;
		attribute intrfce_protocol:String; // which may be ""REST"" or ""MQTT"" etc.		 
	}	
		
	part def SysLocalCloudsDesign {
		doc /* System of Systems Definition */	

		// System of Local Clouds 
		part locclouds:LocalCloudDesign[1..*];
	}
	
	part system_of_systems:SysLocalCloudsDD; // defining a top level usage
	
	part def LocalCloudDesign {
		doc /* Local Cloud definition */

		part systems:SysD[1..*];	
	}

	part def SysD {
		doc /* System definitions */	

		port services: SD[1..*];
		attribute systemname: String;
		attribute address: String;
		attribute portno: Integer;
	}	

	// Design Description level
	port def IDD :> SD{
		doc /* Interface Design Description of services */
		
		attribute encoding_kind:String;
	}
	
	port def SDDD :> SD{
		doc /* Service Definition Design Description */
		
		port idds:IDD[*]; // nested protocol-specific services
	}	

	part def SysLocalCloudsDD :> SysLocalCloudsDesign {
		doc /* System of Systems Detailed Description */	

		part :>> locclouds:LocalCloudDD[1..*]; // the descriptions
	}

	part def LocalCloudDD :> LocalCloudDesign {
		part :>> systems:SysDD[1..*];
	}

	part def SysDD :> SysD{
		doc /* System Detailed Description */

		port :>> services:SDDD;
		action ServiceMethod[1..*]; //means general behaviors
	}
}

library package AHFProfileMetadata{
	private import Metaobjects::SemanticMetadata;
	private import AHFProfileLib::*;

	port global_sd:SD;
	metadata def <service> SDMetadata :> SemanticMetadata{
		// :>> baseType = system_of_systems.locclouds.systems.services meta SysML::PortUsage;
		// :>> baseType = SysD::services meta SysML::PortUsage;
		:>> baseType default global_sd meta SysML::PortUsage;
	}
	
	metadata def <sos> SysLocalCloudsMetadata :> SemanticMetadata{
		:>> baseType = system_of_systems meta SysML::PartUsage;
	}
	
	metadata def <cloud> LocalCloudsMetadata :> SemanticMetadata{
		:>> baseType default system_of_systems::locclouds meta SysML::PartUsage;
	}
	
	metadata def <system> SysDMetadata :> SemanticMetadata{
		:>> baseType default system_of_systems::locclouds::systems meta SysML::PartUsage;
		// :>> baseType default LocalCloudDesign::systems meta SysML::PartUsage;
	}

	metadata def <idd> IDDMetadata :> SDMetadata{
		// :>> baseType = system_of_systems.locclouds.systems.services.idd meta SysML::PortUsage;
		:>> baseType = SDDD::idds meta SysML::PortUsage;
		// :>> global_sddd.idd;
	}

	port global_sddd:SDDD;
	metadata def <servicedd> SDDDMetadata :> SDMetadata {
		// :>> baseType = system_of_systems.locclouds.systems.services meta SysML::PortUsage;
		:>> baseType = global_sddd meta SysML::PortUsage;
	}
	
	metadata def <clouddd> LocalCloudsDDMetadata :> LocalCloudsMetadata{
		:>> baseType = system_of_systems::locclouds meta SysML::PartUsage;
	}
	
	part global_clouddd:LocalCloudDD;
	part global_systemsdd:SysDD;
	metadata def <systemdd> SysDDMetadata :> SysDMetadata{
		// :>> baseType = system_of_systems.locclouds.systems meta SysML::PartUsage;
		//:>> baseType = LocalCloudDD::systems meta SysML::PartUsage;
		:>> baseType = global_systemsdd meta SysML::PartUsage;
	}	
	
}","Generate a SysML v2 model focusing on a library package named AHFProfileLib, which outlines a framework for local cloud systems and their respective services. The model should encapsulate various parts, including System of Systems Definition (SysLocalCloudsDesign) and several local cloud definitions (LocalCloudDesign), where each local cloud can host multiple systems (SysD). The services offered by these systems are detailed through a Service Definition (SD), specifying attributes like service name and protocol type, and offer interface descriptions (IDD) for clarity.

Additionally, the model should incorporate metadata packages such as AHFProfileMetadata, linking semantic information to service definitions and ensuring comprehensive tracking of system relationships. It should provide global definitions and metadata for service attributes across systems, ensuring an organized hierarchy that facilitates rigorous analysis and documentation. Each component of the model, from services to metadata, will enable a robust understanding of the interactions within this cloud-based architecture.","[-1.84526704e-02 -3.09862383e-02 -2.68555526e-02 -5.51601797e-02
  6.19932674e-02 -4.87704016e-02  3.33610065e-02 -1.26286699e-02
  1.11935409e-02  4.84368503e-02  5.44932298e-03 -3.86594497e-02
  6.41996190e-02 -1.76710393e-02  1.10207805e-02 -1.31895002e-02
  4.72125933e-02 -3.73701602e-02 -4.51551303e-02  3.05284876e-02
  2.79618818e-02  5.14795706e-02 -5.78053668e-02  5.12915887e-02
 -8.00348595e-02  4.90310881e-03 -6.57255128e-02  2.89143100e-02
 -5.30572496e-02 -4.57535759e-02  6.25007451e-02  4.10168944e-03
  2.50693280e-02  6.26867637e-02  9.13294777e-02  6.87137619e-02
  9.46349651e-02 -7.34627396e-02 -9.76481885e-02 -4.16143388e-02
 -1.28067574e-02 -1.27242431e-01 -8.98876116e-02  1.18035013e-02
  3.63717321e-03  1.20842261e-02  2.12873723e-02 -5.33098616e-02
 -2.86938045e-02  4.42431234e-02 -4.33145314e-02 -3.44941393e-02
 -3.18074925e-03  1.71511341e-02 -1.10929171e-02  5.01228832e-02
  2.57429592e-02  1.42948804e-02 -4.20776010e-02  2.31986437e-02
 -6.86640963e-02 -1.14282512e-03 -3.17218937e-02 -1.17478764e-03
 -1.00151226e-02  6.06417321e-02 -2.32946966e-02 -4.07767706e-02
  6.81459308e-02 -1.14982538e-02 -9.71683860e-02 -5.77781675e-03
  4.49793367e-03  3.33681069e-02 -6.98853359e-02  6.00692257e-03
  9.75217018e-03  2.09861528e-02  1.32987769e-02 -1.18398651e-01
  6.94599515e-03  9.80316997e-02  2.36365870e-02  9.26668793e-02
  1.49564014e-03 -1.37641327e-02  5.78628406e-02 -6.26813546e-02
  4.43720706e-02  2.16902327e-02  1.83513053e-02 -4.24142033e-02
  6.69866428e-02 -6.28302172e-02  5.62657714e-02  5.74922934e-03
  4.92408499e-02 -8.30010623e-02  1.68828275e-02  1.07213603e-02
 -4.92398515e-02  3.41518559e-02  7.93297961e-02 -5.46447299e-02
  2.28225458e-02  1.81878175e-04 -7.93794170e-02  2.50961017e-02
 -3.87964621e-02 -5.93925640e-02 -5.86002655e-02  4.11498956e-02
 -6.46781623e-02 -2.54196487e-02  7.45373219e-02  2.73756795e-02
  3.25664021e-02 -3.80393825e-02 -1.27193276e-02 -6.63198531e-02
 -3.65052968e-02 -5.12366667e-02  9.52457637e-02 -1.58341844e-02
  1.16714053e-02  1.64414477e-02 -1.01668686e-01  5.61084429e-33
 -2.10191496e-02  4.57780771e-02 -4.12848666e-02  6.42583445e-02
  3.69525887e-02 -6.83512315e-02 -1.03214085e-02 -5.45686595e-02
 -2.16548387e-02  5.13441414e-02 -4.54039313e-02  6.87176734e-02
  2.39095762e-02  1.92777812e-02  6.96794763e-02 -6.60298683e-05
 -2.92523708e-02  8.72907117e-02  8.22063237e-02  4.37041335e-02
 -2.40775887e-02  4.85846736e-02  2.50108112e-02 -2.75362711e-02
  8.29957649e-02  2.03415491e-02  5.19469641e-02 -1.16770286e-02
  7.32438415e-02  2.74622138e-03  5.63918501e-02 -6.63426220e-02
  4.45323400e-02  2.38390267e-02  4.50823084e-03  1.17948698e-02
 -1.91363767e-02 -4.46778461e-02  2.02752184e-02 -2.70321053e-02
  5.25500327e-02  4.31811139e-02 -6.91085905e-02 -2.25444660e-02
 -2.48360960e-03  1.76184699e-02 -7.55805813e-04 -4.10569906e-02
  5.22482470e-02 -2.54447144e-02  5.39415143e-02 -3.47401500e-02
  7.54421428e-02  4.90576178e-02 -2.93984301e-02 -3.23265567e-02
  1.06014162e-02 -3.73094380e-02 -4.87048971e-03  3.16869579e-02
 -6.18727244e-02 -1.11383751e-01 -4.59731463e-03 -1.40184322e-02
  1.64732505e-02 -9.21414346e-02  1.24849752e-02  2.09160056e-02
  4.61759828e-02  4.71165031e-02 -4.02479395e-02 -1.70685921e-03
  6.81286305e-02  1.07141413e-01  2.04969440e-02 -3.79624814e-02
 -2.50400491e-02 -4.91098836e-02 -4.05149199e-02  5.80601096e-02
 -1.45962343e-01  7.34508708e-02 -3.12249791e-02  3.87470722e-02
 -1.92299541e-02 -5.94015792e-02  1.66166127e-02 -6.00855146e-03
 -1.09153405e-01 -9.19147432e-02 -2.01436784e-02 -5.76139204e-02
  2.08555465e-03 -2.28805989e-02 -6.10306412e-02 -6.21175810e-33
  2.18221955e-02 -7.12750554e-02 -4.39548912e-03  4.83721122e-02
 -4.29519918e-03 -2.10748846e-03 -3.31728916e-05  8.33548829e-02
 -6.88655376e-02  3.00665423e-02  6.05128519e-02 -1.42113520e-02
  9.13402124e-04 -3.91322337e-02  3.79181560e-03  9.84217413e-03
 -6.98572025e-02 -1.56967252e-01  1.90803930e-02  9.52391624e-02
 -8.81193280e-02  6.01786375e-02  4.70070802e-02  4.98450536e-04
  3.93049940e-02  6.59732297e-02 -2.81102629e-03 -1.70701817e-02
  7.99376890e-03 -5.52685410e-02  5.42695727e-03 -2.73483861e-02
  2.65712533e-02 -6.98712841e-02 -4.28482220e-02 -5.96313663e-02
 -2.35480978e-03 -3.60127501e-02 -7.38361701e-02  1.09859956e-02
  2.23804433e-02 -8.07465091e-02 -7.25843832e-02 -7.73083493e-02
 -2.97751855e-02  3.28942165e-02 -6.24696836e-02  4.73592728e-02
 -8.42819512e-02 -1.01206869e-01 -2.15596519e-02 -3.93806286e-02
  1.09005375e-02  8.11399613e-03 -1.35310711e-02  5.00425510e-02
  3.71440798e-02  6.27142489e-02 -7.95148909e-02  3.35790589e-03
  1.05257303e-01 -3.50574479e-02  5.71753038e-03  9.98590216e-02
 -3.46006714e-02 -6.78884331e-03 -4.57192305e-03 -6.89623505e-02
 -7.69854635e-02  1.99055998e-03  4.66676569e-03 -1.33810407e-02
 -7.49977008e-02  3.49880941e-02  1.47055062e-02 -6.92690611e-02
  5.68935927e-03 -3.32859159e-02  5.98206371e-02 -1.04139736e-02
 -6.03926554e-02  7.64595717e-02 -3.24799493e-02  5.46251982e-02
 -1.88326550e-04 -8.32786411e-02  5.46293892e-02  6.86706901e-02
 -1.10026880e-03  1.63805597e-02 -8.19844082e-02  3.62250693e-02
 -9.01200548e-02  1.73797071e-01 -4.91280034e-02 -4.97527886e-08
 -2.28505991e-02  9.98998806e-02 -1.50008192e-02  1.03430348e-02
 -3.79456915e-02  8.19099620e-02 -6.05798187e-03  6.59231022e-02
  3.38088498e-02  5.30100502e-02 -1.49482107e-02 -1.54796643e-02
 -5.73166870e-02 -2.34079659e-02 -3.36350538e-02  5.33118285e-02
  6.50850609e-02  7.63130561e-02 -1.38382511e-02 -1.15729971e-02
  4.45452556e-02  8.59371349e-02 -7.70082278e-03 -4.30213567e-03
  5.63523546e-02  2.83405483e-02  5.33824563e-02  1.84649806e-02
  1.77816190e-02  4.14677300e-02  9.72178765e-03 -5.12272231e-02
  3.29099745e-02  1.33323418e-02  1.81174688e-02  6.41446114e-02
 -9.33972150e-02 -6.39508516e-02  6.56107590e-02  5.06238900e-02
  4.33291821e-03  7.53364265e-02 -1.75358597e-02  1.30089857e-02
  5.85615560e-02  4.53177933e-03 -5.58838621e-02  2.26857588e-02
 -2.75340695e-02  7.02719986e-02 -4.39332090e-02  1.46896290e-02
 -1.76843368e-02  9.97447670e-02 -5.34046106e-02  4.67047021e-02
 -1.61051881e-02 -7.15808719e-02  1.13033056e-01  8.26048777e-02
  7.27057317e-03  1.48741752e-02  4.13441397e-02  2.69190054e-02]"
7,../models/Arrowhead Framework Example/AHFSequences.sysml,"// ** This is the Norwegian use-case for Arrowhead Framework */
package AHFNorwaySequences {
	// Here we show sequences of the Norwegian use-case
	private import AHFProfileLib::*;
	private import AHFCoreLib::*;
	private import AHFNorway::*;
	private import ScalarValues::*;
	
	part AHFN_LocalCloudDD_Seqs = AHFNorway_LocalCloudDD{
		occurrence def APIS_transfer_lifetime {			
			// lifetime orderings 
			ref part tlc = AHFNorway_LocalCloudDD.TellUConsumer{
				event occurrence call_getItems1;
				then event occurrence return_getItems1;
				event occurrence call_getItems2;
				then event occurrence return_getItems2;
			}
			ref part apsp = AHFNorway_LocalCloudDD.APISProducer{
				event occurrence send_publish_returnallitems;
				then event occurrence receive_call_getItems1;
				then event occurrence send_returnallitems1;
				then event occurrence return_getItems_ack1;
				then event occurrence receive_call_getItems2;
				then event occurrence send_returnallitems2;
				then event occurrence return_getItems_ack2;
			}
			ref part mqtts = AHFNorway_LocalCloudDD.MQTTServer{
				event occurrence receive_publish_returnallitems;
				then event occurrence receive_subscribe_returnallitems;
				then event forw1:MQTTforwarding;
				then event forw2:MQTTforwarding;
			}
			ref part apsc = AHFNorway_LocalCloudDD.APISConsumer{
				event occurrence send_subscribe_returnallitems;
				then event forw1:MQTTforwarding;
				then event forw2:MQTTforwarding;
			}
			occurrence forw1:MQTTforwarding;	
			occurrence forw2:MQTTforwarding;	

			message publish_returnallitems of Publish
			from apsp.send_publish_returnallitems to mqtts.receive_publish_returnallitems;
			message subscribe_returnallitems of Subscribe
			from apsc.send_subscribe_returnallitems to mqtts.receive_subscribe_returnallitems;
			message call_getItems1 of CallGiveItems[1]
			from tlc.call_getItems1 to apsp.receive_call_getItems1;	
			bind apsp.send_returnallitems1 = forw1.mq; // binding the sending to the actual gate
			/* How to express that this event sends a Return_AllItems? */
			message returnack1 of ResultGiveItems
			from apsp.return_getItems_ack1 to tlc.return_getItems1;
			message call_getItems2 of CallGiveItems[1]
			from tlc.call_getItems2 to apsp.receive_call_getItems2;
			bind apsp.send_returnallitems2 = forw2.mq; // binding the sending to the actual gate
			message returnack2 of ResultGiveItems
			from apsp.return_getItems_ack2 to tlc.return_getItems2;
		}

		occurrence def MQTTforwarding {
			ref part mqttsf = AHFNorway_LocalCloudDD.MQTTServer{
				event occurrence receive_returnallitems;
				then event occurrence send_returnallitems;
			}

			ref part apscf :> AHFNorway_LocalCloudDD.APISConsumer {
				event occurrence receive_returnallitems;
			}

			in event occurrence mq; // parameter for gate

			message sendallitems1 of Return_AllItems
			from mq to mqttsf.receive_returnallitems;
			message sendallitems2 of Return_AllItems
			from mqttsf.send_returnallitems to apscf.receive_returnallitems;
		}

		
		interface APIS_transfer_interface : Interfaces::Interface connect (
			tlu ::> AHFNorway_LocalCloudDD.TellUConsumer.apisp.APIS_HTTP, // port reference
		    apsph ::> AHFNorway_LocalCloudDD.APISProducer.tellu.APIS_HTTP, 
			apspm ::> AHFNorway_LocalCloudDD.APISProducer.apisc.APIS_MQTT,
			apsc ::> AHFNorway_LocalCloudDD.APISConsumer.apisp.APIS_MQTT,
			mqget ::> AHFNorway_LocalCloudDD.MQTTServer.getTopic,
			mqgive ::> AHFNorway_LocalCloudDD.MQTTServer.giveTopic) {
			
			message publish_returnallitems of Publish
			from apspm to mqget;
			message subscribe_returnallitems of Subscribe
			from apsc to mqgive;
			message call_getItems of CallGiveItems[1]
			from tlu to apsph;
			message returnallitems of Return_AllItems
			from apspm to mqget;
			message sendallitems of Return_AllItems
			from mqgive to apsc;
			message returnack of ResultGiveItems
			from apsph to tlu;
			
			// Successions on each lifetime
			// tlu
			succession first call_getItems.start
			then returnack.done;	
			// apisp (taking both ports)
			succession first publish_returnallitems.start
			then call_getItems.done;
			succession first call_getItems.done
			then returnallitems.start;
			succession first returnallitems.start
			then returnack.start;
			// MQTTServer
			succession first publish_returnallitems.done
			then subscribe_returnallitems.done;
			succession first subscribe_returnallitems
			then returnallitems.done;
			succession first returnallitems.done
			then sendallitems.start;
			// apisc
			succession first subscribe_returnallitems.start
			then sendallitems.done;
		}
		
	}
}","Generate a SysML v2 model for the Norwegian use-case of the Arrowhead Framework, encapsulated in the package `AHFNorwaySequences`. This model showcases sequences involving multiple components: `TellUConsumer`, `APISProducer`, `MQTTServer`, and `APISConsumer`. The core occurrences represent message flows for API interactions, illustrating the lifecycle of item requests and responses through defined events like `call_getItems` and `return_getItems`. Implementation details include message definitions for publishing and subscribing to topics, along with MQTT forwarding mechanisms. The model further establishes an interface `APIS_transfer_interface`, allowing seamless connections between components across API and MQTT protocols. Each lifetime's successions are carefully coordinated to ensure proper sequencing of events. This comprehensive description captures the essential interactions and dependencies within the Norwegian use-case, facilitating a robust understanding of the system dynamics.","[-9.63185728e-02 -2.80092023e-02 -6.77912822e-03  2.11981758e-02
 -1.67972222e-02 -4.17068228e-02 -1.33079002e-02  9.79789440e-03
  6.22617230e-02  2.27033288e-05 -2.15982255e-02 -3.34690465e-03
  5.85774668e-02 -1.16635365e-02  3.69412713e-02  2.59279646e-02
  2.31752247e-02 -1.06875338e-01  1.36464741e-02 -9.59360693e-03
  2.47422494e-02  7.09720701e-02 -5.10761067e-02  1.04395393e-02
 -5.54603077e-02 -3.88840400e-02 -3.36938575e-02 -9.35379043e-03
  4.21854220e-02 -2.62530521e-02  4.43147346e-02  3.59928496e-02
 -9.45183858e-02  7.09828138e-02 -2.81083453e-02  7.21025616e-02
  4.86293435e-02 -1.23347297e-01 -9.80465040e-02 -1.32073183e-02
  4.54484532e-03 -5.54353781e-02 -9.46614742e-02 -4.43608686e-02
  3.98737863e-02  3.68321501e-03 -3.17664072e-02  2.61366200e-02
 -9.03099403e-02  8.19783434e-02 -2.67280508e-02 -5.12080155e-02
 -1.29185664e-02  4.33969311e-02  7.82435015e-02  5.94985299e-02
 -1.44552933e-02  5.81446383e-03 -6.90030679e-02  1.98577382e-02
 -1.36062140e-02 -1.82153303e-02 -6.81018904e-02 -2.22110189e-03
 -2.56662555e-02  2.09361725e-02 -2.89574824e-02  4.43242043e-02
  7.94553831e-02 -3.46297845e-02 -4.89126816e-02 -6.21741526e-02
 -1.09821297e-01  3.33582424e-02 -2.01239865e-02  1.01831695e-02
  1.17521537e-02 -9.87070985e-03 -6.48407415e-02 -8.44033882e-02
 -1.69255286e-02  3.84825170e-02 -5.98177463e-02  2.93424856e-02
  4.47319373e-02  3.59512903e-02  2.51420662e-02  1.94518659e-02
  3.32852686e-03  1.09151434e-02  3.14098201e-03 -7.34477863e-02
  5.83639108e-02  3.51548754e-02  1.00025095e-01  5.92175275e-02
  5.29254563e-02  6.01713965e-03 -1.32008633e-02  4.94353436e-02
  2.08065994e-02  5.65160178e-02  1.40252616e-02 -6.18791906e-03
  1.27273183e-02 -3.03178150e-02 -5.69581501e-02 -1.88705679e-02
 -3.57800275e-02 -1.41336685e-02 -6.36538491e-02  1.27414111e-02
  3.82154956e-02 -7.69335628e-02 -1.38508352e-02  8.94801226e-03
 -2.91785635e-02  1.00300321e-02  4.44518328e-02 -2.68303491e-02
  5.45533113e-02  9.48069897e-03  2.26071645e-02 -4.47911629e-03
  4.20246795e-02  4.67073508e-02  2.45017521e-02  3.48441799e-33
  6.41190074e-03 -2.87445318e-02 -5.31030446e-02  7.25756288e-02
 -8.47863266e-04  3.23360786e-02  4.10193019e-02 -1.70004461e-02
 -2.52859108e-03 -4.82109338e-02 -1.83842739e-03  4.44121584e-02
 -9.07033309e-03 -1.63563695e-02  9.33365989e-03 -3.08315065e-02
 -1.12766298e-02  8.19657594e-02  5.20714112e-02  5.52406050e-02
 -1.82362981e-02 -5.80002815e-02 -5.12368344e-02  1.48079535e-02
  1.10457666e-01  1.08482644e-01  2.98190154e-02  9.05762427e-03
 -1.88246407e-02  1.20307514e-02  2.91742887e-02  3.41510065e-02
 -4.62600216e-02 -2.70395484e-02  1.70218367e-02  3.12534459e-02
 -3.83214839e-02 -7.16967508e-02  3.44069041e-02 -9.50987488e-02
 -2.74046715e-02  1.55332619e-02 -1.26283333e-01 -1.77587336e-03
 -7.56741464e-02 -7.81973749e-02 -3.67998481e-02 -2.00602002e-02
  4.07287553e-02 -1.09550536e-01  6.85808882e-02 -2.52234563e-03
  7.58323744e-02  1.50300853e-03  3.55170108e-02 -5.03308289e-02
  1.90836061e-02  3.11781038e-02 -1.88774808e-04  1.23309962e-01
 -2.51790863e-02 -3.03373151e-02  2.88131814e-02  5.26046492e-02
  1.25228748e-01  2.96178851e-02 -4.50789072e-02 -9.85927787e-03
  1.99467894e-02  6.02696501e-02  3.86236981e-02  4.10323180e-02
  3.01749315e-02  4.10168841e-02 -5.04548941e-03 -5.68698496e-02
 -3.20386626e-02 -1.95488855e-02  1.60650387e-02  4.69821878e-02
 -5.74297719e-02  2.41314657e-02 -4.39422801e-02  8.15241858e-02
  5.55017889e-02 -2.30281129e-02  5.03774323e-02 -9.46377218e-02
 -5.88480234e-02  2.34858803e-02  1.63482036e-02 -2.88605727e-02
  2.69179400e-02  3.79642062e-02 -3.83680360e-03 -3.82541420e-33
 -2.23655310e-02 -2.22186930e-02 -6.11505918e-02  4.37915772e-02
 -7.33741373e-02 -7.94696510e-02 -4.01081853e-02  6.55609891e-02
 -5.13183624e-02  3.53090391e-02 -1.38768144e-02 -2.44858637e-02
  2.62368824e-02 -3.71573046e-02  8.33576694e-02 -2.89916098e-02
 -1.96708757e-02 -1.12308264e-01  2.03041043e-02  3.43082063e-02
  1.27955247e-02  1.90768819e-02 -8.12814906e-02 -8.52677748e-02
  2.65855361e-02  8.48051917e-04 -1.29677998e-02 -2.34054904e-02
 -1.62194129e-02 -1.00345969e-01 -5.06160967e-03 -7.62689039e-02
  4.93228324e-02 -6.57059997e-02  1.67430472e-02 -1.93966627e-02
  4.59339507e-02  9.38452482e-02  1.65952165e-02 -3.80339622e-02
  1.07828118e-01 -3.00802086e-02 -5.86595684e-02  2.92402655e-02
  1.77131388e-02 -2.13789456e-02 -1.32361680e-01  5.48537634e-02
 -5.33568393e-03 -6.65047541e-02  1.30600492e-02 -2.35682558e-02
  6.10661805e-02 -1.03210211e-02 -3.01346984e-02  7.53140301e-02
  2.29196567e-02  3.57259810e-02  2.71488298e-02 -6.07100651e-02
  4.14636023e-02 -7.06142783e-02  2.96015963e-02  1.02893105e-02
  3.98838073e-02 -3.13169248e-02 -1.26955227e-03 -9.13860798e-02
 -4.90944972e-03 -3.25208902e-02  5.28209619e-02 -1.38228154e-02
 -3.79307345e-02 -2.01768056e-02  1.07700855e-01 -6.73639253e-02
 -4.06264439e-02 -4.46775146e-02  2.11087093e-02  5.44930762e-03
 -1.51294932e-01  7.76257366e-02  1.68841276e-02  6.61212355e-02
  3.32820378e-02 -2.93435808e-02  7.81226009e-02  6.05065003e-02
 -2.43193042e-02  3.27989133e-03 -3.89314666e-02  5.81441028e-03
 -7.04894140e-02  1.07935570e-01 -6.96619675e-02 -5.02039015e-08
 -3.83613072e-02 -6.29973481e-04 -2.23007798e-02  4.68879603e-02
  8.03951025e-02  5.93297184e-02 -5.92762195e-02  3.67212445e-02
  2.03412864e-02  5.18574230e-02 -1.68332905e-02  2.89835148e-02
 -7.63463378e-02 -2.84387730e-02  6.68144301e-02  4.18960564e-02
  3.97042036e-02 -4.63966578e-02 -8.01766738e-02 -5.30498736e-02
  1.77496877e-02  9.70802754e-02  3.59544381e-02  1.11650601e-02
 -2.28893664e-02  7.23102875e-03  1.62682191e-01  1.48515835e-01
  2.23333202e-02 -6.27631098e-02 -2.74389498e-02 -2.72933803e-02
  1.12172812e-02  8.19148123e-03 -7.73270950e-02  2.21772976e-02
 -7.86560625e-02 -2.19238326e-02  5.04008494e-02 -3.07748746e-02
  6.30689338e-02  1.13101229e-02 -4.68947440e-02  9.03395414e-02
 -9.96120158e-04 -1.19124958e-03 -8.50050300e-02 -3.83694731e-02
  2.07845215e-02  5.79305086e-03 -7.09247291e-02 -6.38029650e-02
  2.79685128e-02  7.09530562e-02 -1.85053200e-02  6.55890033e-02
  6.72826394e-02 -7.13932738e-02  1.20973274e-01  4.94298711e-02
  4.76944968e-02  1.53374141e-02  4.44834605e-02  4.73533198e-02]"
8,../models/Association Examples/ProductSelection_N_ary.sysml,"package ProductSelection_N_ary_SysML {
	
	item def ShoppingCart;
	item def Product;
	item def Account;
	
	// User-specified connection defiation definition
	connection def ProductSelection {
		end [0..1] item cart: ShoppingCart[1];
		end [0..*] item selectedProduct: Product[1];
		end [1..1] item account : Account[1];
	}
	
	// Equivalent connection defiation definition with named end items.
	connection def ProductSelection1 {
		end inCart[0..1] item cart: ShoppingCart[1];
		end selectedProducts[0..*] item selectedProduct: Product[1];
		end withAccount[1..1] item account : Account[1];
	}
	
}","Generate a SysML v2 model for a product selection system within an e-commerce context. Model a package named `ProductSelection_N_ary_SysML` that includes three item definitions: `ShoppingCart`, `Product`, and `Account`. Establish a connection definition named `ProductSelection`, specifying that a shopping cart can have zero or one instance (0..1) connected to one item of `Account` (1..1), while allowing multiple (0..*) selections of `Product`. Additionally, create another connection definition, `ProductSelection1`, with named end items: `inCart` for the shopping cart (0..1), `selectedProducts` for products (0..*), and `withAccount` for the account (1..1). This model captures the associations between shopping carts, selected products, and user accounts, enabling efficient product selection and management in a digital shopping environment.","[-3.60658877e-02 -8.85133296e-02 -8.35556388e-02  2.64766384e-02
 -2.97845900e-02  1.64886843e-02  1.34961888e-01  3.38760428e-02
 -6.78070188e-02  1.93504710e-02  7.26976395e-02 -5.56188263e-02
  8.37388784e-02  7.97453336e-03  7.16966540e-02  4.87073585e-02
  3.87414172e-02 -5.65681756e-02 -1.65898018e-02 -2.43327022e-02
  9.20511782e-02 -6.11395314e-02  3.58775109e-02 -1.66399907e-02
 -1.09344251e-01 -3.89676355e-02  7.02715898e-03  5.77771862e-04
 -6.18165359e-03 -7.40071088e-02  1.18490439e-02  2.95459628e-02
  2.75336821e-02  6.22588769e-03  4.63225543e-02 -8.43548402e-02
  6.88751191e-02 -7.33995140e-02 -6.84887692e-02 -9.95936617e-02
  5.88796772e-02 -2.93827448e-02 -1.24506950e-01 -2.65975688e-02
  2.23185662e-02  5.10118762e-03 -1.08429315e-02  4.29132320e-02
 -1.80991634e-03  3.31133306e-02 -1.98675785e-02  2.99443752e-02
 -7.74678122e-03 -3.77064422e-02 -7.87306279e-02  4.23923843e-02
  5.64349592e-02  5.44341421e-03 -9.16990340e-02 -4.38682251e-02
  9.01245140e-03 -5.67511357e-02 -9.00497288e-02 -3.06911301e-02
 -6.97011501e-03  6.46000877e-02 -6.66006878e-02 -4.54990752e-02
 -2.93069705e-03  4.47649285e-02 -1.03509627e-01 -6.01330996e-02
 -6.39049932e-02  4.15610187e-02  1.40954424e-02 -4.18359451e-02
  1.10986002e-01 -9.63369980e-02 -6.66626450e-03 -4.11955304e-02
 -8.83314833e-02  6.18627332e-02 -9.89353284e-02 -3.10344286e-02
  2.38865446e-02 -2.09264606e-02 -5.47117973e-03 -5.76263145e-02
  8.07996616e-02  2.11179052e-02 -4.26758006e-02 -1.63469035e-02
  4.21698913e-02 -1.49518978e-02  6.81692883e-02  1.32697709e-02
  4.41185310e-02  1.11589963e-02  3.94809432e-02  1.37328859e-02
  4.37650224e-03  3.08687333e-02  8.84692594e-02 -1.32944603e-02
 -5.59267439e-02 -9.20861028e-03 -6.36255294e-02 -3.13147269e-02
 -1.69709176e-02 -4.31162938e-02 -9.30702016e-02  4.11599874e-02
  1.73672047e-02 -1.84435211e-02 -5.97464517e-02  3.25051993e-02
 -2.21966244e-02  2.40673274e-02  6.63319007e-02  1.64306462e-02
  4.49673608e-02  5.09971343e-02  1.15731314e-01 -1.72037762e-02
  5.54287434e-03 -1.72995182e-03 -4.90423441e-02  1.15741975e-33
 -7.76790529e-02 -6.99155182e-02 -1.74258538e-02  5.40703870e-02
  5.77927940e-02  9.82985720e-02  2.80251056e-02  7.87419453e-03
 -4.82346006e-02  7.33721927e-02 -1.72828473e-02  1.90155804e-02
 -2.87426244e-02  6.42050207e-02  4.88738455e-02 -1.50301652e-02
 -1.76728889e-02  6.64567277e-02  1.15276746e-01 -1.69291217e-02
 -2.08240934e-02  3.69025511e-03 -6.07972331e-02  1.66223012e-02
  5.58750592e-02  6.62976354e-02  2.69391891e-02  1.20455772e-01
 -3.85247101e-03  8.99530575e-03  6.96962550e-02  9.13675036e-03
 -3.88439256e-03  1.66588444e-02 -1.63799599e-02  1.50003275e-02
 -2.79786829e-02 -1.14317928e-02  9.94747803e-02 -4.95689362e-02
  1.11917732e-02 -8.69411416e-03  3.64750065e-02  2.00008657e-02
 -1.22147389e-01 -4.31347303e-02 -7.66538754e-02  3.35873924e-02
 -2.68124882e-03  3.44622098e-02  4.65766853e-03 -2.20700856e-02
  7.36200158e-03  2.03503408e-02 -4.63724770e-02 -7.86345229e-02
 -5.35839759e-02  2.44902596e-02  2.44268756e-02  1.86378807e-02
 -1.88466888e-02  3.63842845e-02  1.22482246e-02 -8.80435761e-03
  1.82555318e-02  4.26353961e-02  1.82570482e-03 -9.46941674e-02
  5.38345426e-02  4.61622886e-02 -7.40055218e-02  1.05314031e-01
 -1.99521780e-02 -3.05805542e-02  4.71404083e-02 -4.97506633e-02
  1.40912067e-02  4.19721417e-02 -1.41982976e-02  5.25063351e-02
 -1.20050043e-01  5.14178835e-02 -5.80275580e-02  3.69130028e-03
 -5.00909947e-02 -1.71590019e-02 -7.68439844e-02 -5.04588336e-02
 -5.29265292e-02 -1.07927606e-01  2.54642274e-02  3.40828970e-02
 -3.50820497e-02  3.67228501e-02  5.62712997e-02 -2.90312519e-33
  3.20685059e-02 -3.45065258e-02  9.35849994e-02  6.95977062e-02
  1.30331097e-02 -3.60968262e-02  9.33902245e-03 -6.40801191e-02
 -7.15451464e-02 -5.86739294e-02  9.27854516e-03  9.20979958e-03
  7.29243234e-02 -1.51740583e-02  9.29201469e-02  6.55083805e-02
  1.11181680e-02 -1.31250516e-01  3.83726209e-02  3.86432000e-02
 -2.11663470e-02  1.12731218e-01 -2.93408372e-02 -2.71579791e-02
 -4.18404453e-02 -6.24306388e-02 -2.03223228e-02  2.68686302e-02
  4.61834036e-02 -4.40586247e-02  6.66298196e-02 -3.70101370e-02
  3.65884714e-02 -2.94895954e-02 -1.07632196e-02 -6.89053833e-02
  1.66378226e-02  2.53391117e-02  2.42004320e-02  1.87729094e-02
  5.01374155e-02  1.80178671e-04 -5.58432080e-02  1.33924298e-02
  4.56947982e-02 -1.44564332e-02 -4.45190407e-02 -2.67896987e-03
  7.81370047e-03 -2.98960488e-02 -6.83475360e-02  3.79532203e-02
 -4.17815298e-02 -3.25300731e-02 -3.28636989e-02  9.56077576e-02
  5.89093678e-02 -5.07992245e-02  5.94642907e-02 -7.42886513e-02
  2.30157413e-02 -9.55171511e-03  7.57829919e-02  2.82562878e-02
  4.96570840e-02 -4.71715257e-02  1.92317758e-02 -3.77815566e-03
  3.71183641e-02 -3.51266861e-02  4.84888675e-03  7.08204284e-02
  3.58757302e-02 -4.43884619e-02  7.90119823e-03 -1.57931335e-02
 -3.87670510e-02  5.22543676e-02  8.56557265e-02 -2.52945237e-02
 -1.04925886e-01  5.67281134e-02  6.25717193e-02  3.68094184e-02
 -5.38355410e-02 -3.68324891e-02 -3.64998691e-02  9.51124132e-02
  4.79847938e-02 -6.01669820e-03 -6.73389435e-02 -1.61622622e-04
 -6.62425766e-03  1.47158340e-01 -3.09019219e-02 -5.11558440e-08
 -2.42958702e-02 -4.01692167e-02  4.42818366e-02  5.36210649e-02
  3.57428901e-02  7.37703368e-02 -8.52070674e-02  5.67166507e-02
 -3.71149071e-02  1.76361389e-02 -3.63522097e-02  4.86241356e-02
 -8.58798102e-02  5.00959754e-02  4.48783673e-02  2.38107760e-02
  6.13306426e-02  3.86224911e-02 -1.86797138e-02 -5.13118738e-03
  5.93369603e-02  2.62315907e-02  2.42834035e-02  9.98033136e-02
  1.24479579e-02 -3.00688650e-02  3.49961012e-03  3.14163379e-02
  2.49875225e-02  3.77029204e-03  1.63292307e-02 -1.53873404e-02
  4.67383042e-02  6.33866638e-02  2.48606354e-02 -2.16934588e-02
 -4.79607582e-02  2.24719960e-02 -4.32349555e-02 -4.57204180e-03
  1.12829264e-02 -7.32320175e-02 -1.79991610e-02  2.46080626e-02
  4.16006660e-03  2.48407256e-02 -8.01119357e-02 -9.23297331e-02
  1.83690861e-02  5.68932146e-02 -9.99829918e-02  4.07399703e-03
 -3.40167619e-02  3.30613963e-02 -6.85569495e-02 -1.11430651e-02
  1.98975690e-02 -5.24014942e-02  6.80234730e-02 -2.99153216e-05
  9.94190760e-03 -2.47851219e-02 -4.70396467e-02  1.56058911e-02]"
9,../models/Association Examples/ProductSelection_OwnedEnds.sysml,"package ProductSelection_OwnedEnds_SysML {
	
	item def SelectionInfo;
	item def ShoppingCart;
	item def Product;
	
	// User-specified connection defiation definition
	connection def ProductSelection {
		item info: SelectionInfo;
		
		end [0..1] item cart: ShoppingCart[1];
		end [0..*] nonunique item selectedProduct: Product[1];
	}
	
	// Equivalent connection defiation definition with named end items.
	connection def ProductSelection1 {
		item info: SelectionInfo;
		
		end inCart[0..1] item cart: ShoppingCart[1];
		end selectedProducts[0..*] item selectedProduct: Product[1];
	}
	
	connection def SingleProductSelection specializes ProductSelection {
		end [0..1] item cart: ShoppingCart[1];
		end [0..1] item selectedProduct: Product[1];
	}

	connection def SingleProductSelection1 specializes ProductSelection1 {
		end inCart1 [0..1] item cart: ShoppingCart[1];
		end selectedProduct1 [0..1] item selectedProduct: Product[1];
	}
	
	item def OnlineCustomer {
		item info1: SelectionInfo;	
		item myCart: ShoppingCart[1];	
		item products: Product[0..*];
		
		connection ps1 : ProductSelection connect myCart to products {
			:>> info = info1;
		}
		
		connection ps2 : ProductSelection connect [1] myCart to [1] products {
			:>> info = info1;
		}
	}
	
}","Generate a SysML v2 model for a product selection system with owned ends. Model includes items for SelectionInfo, ShoppingCart, and Product. Establish a connection definition called ProductSelection to link SelectionInfo with a ShoppingCart and multiple selected Products. A variant, ProductSelection1, adopts named ends to clarify connections. Introduce SingleProductSelection and SingleProductSelection1 as specialized versions for single product scenarios. Define an OnlineCustomer item that incorporates SelectionInfo, a ShoppingCart, and an array of Products, establishing two ProductSelection connections to associate myCart with products, using the provided SelectionInfo. This model streamlines the online shopping experience by effectively managing product selections and cart interactions.","[-3.55130807e-02 -7.83045217e-02 -3.57560115e-03  2.90897992e-02
  1.51407132e-02  1.84325706e-02  1.09426849e-01  6.93536848e-02
 -7.60363489e-02  1.14878509e-02  5.24115190e-02 -3.09216771e-02
  2.83949748e-02  6.22674637e-03  6.40595034e-02  6.59402087e-02
  5.02309687e-02 -5.92635088e-02 -3.55733074e-02 -1.55600524e-02
  2.30677817e-02 -7.24740252e-02  3.71949337e-02 -1.58895180e-02
 -1.08998448e-01 -4.67730388e-02  2.52292734e-02  2.98168380e-02
 -2.24379008e-03 -8.78388360e-02  1.05184445e-04  4.92448024e-02
  4.67321761e-02 -1.29861496e-02  9.59111284e-03 -7.06745535e-02
  4.22491916e-02 -7.31319562e-02 -8.93415958e-02 -7.01947883e-02
  5.09627759e-02 -7.07685947e-02 -1.05377018e-01  1.79004297e-02
  1.49166044e-02 -1.70757212e-02  9.29198228e-03  5.88166378e-02
  2.44278330e-02  8.59565958e-02 -4.63211276e-02  6.61377469e-03
 -2.32656244e-02 -1.85474586e-02 -8.68727118e-02  5.20840995e-02
  4.96242680e-02 -8.66345409e-03 -7.16234893e-02 -3.09858546e-02
  5.02659865e-02 -1.93400215e-02 -8.46828073e-02 -1.76223274e-02
 -4.34297603e-03  2.30799634e-02 -3.48748676e-02 -1.09575726e-02
 -3.83594334e-02  4.27252203e-02 -7.02291727e-02 -2.86675151e-02
 -4.48766500e-02  1.01898722e-01 -2.82755657e-03 -1.92563143e-02
  7.07088336e-02 -1.23159468e-01  1.26490928e-02 -1.79883968e-02
 -8.42185691e-02  6.84110522e-02 -7.52650574e-02 -3.13369036e-02
 -2.08812784e-02 -6.53814804e-03  3.30088250e-02 -6.20248243e-02
  8.27163830e-02  3.15744132e-02 -5.44977002e-02 -3.60053852e-02
  7.87584931e-02 -6.35168329e-02  2.71342304e-02  3.01262108e-03
  1.87536292e-02 -1.19129308e-02  1.28987879e-02  7.15684751e-03
  1.09750330e-02  2.79039312e-02  5.40352985e-02 -4.57352176e-02
 -7.12923035e-02 -1.34748165e-02 -7.76410475e-02  2.44116839e-02
  1.38797453e-02 -3.71757261e-02 -1.13210306e-01  9.50867776e-03
 -4.43422468e-03 -3.74372751e-02 -5.64088225e-02  3.81374732e-02
 -3.39894108e-02  3.56319807e-02  1.08378522e-01 -2.14169659e-02
  4.69966903e-02  3.29944044e-02  1.10928036e-01 -2.48133093e-02
  1.08680325e-02 -2.57505644e-02 -5.57882152e-02  6.62578999e-33
 -7.14988559e-02 -3.95738222e-02 -1.69245265e-02  6.43915534e-02
  3.64376977e-02  7.77979866e-02 -1.31313652e-02  4.84313397e-03
 -7.88678452e-02  9.28729190e-04 -3.08753736e-02 -2.13912204e-02
 -2.54584718e-02  6.54982924e-02  8.47774446e-02 -3.03036515e-02
 -5.51344305e-02  8.85107443e-02  7.75523484e-02 -6.20694682e-02
 -4.87758778e-02  4.25161384e-02 -4.55753580e-02  1.99951213e-02
  5.83497547e-02  4.79352847e-02  3.49880010e-02  1.09349683e-01
  3.71903665e-02  7.13775447e-03  6.59175515e-02 -1.24746561e-02
 -1.69513039e-02  2.83731092e-02 -3.37723084e-02  4.54852507e-02
 -6.32711574e-02 -6.54970333e-02  9.03179199e-02 -1.57946385e-02
  2.70054489e-02 -3.14514153e-02 -2.99590663e-03  1.44041032e-02
 -1.01794630e-01 -4.85449918e-02 -6.70271069e-02  2.39364132e-02
 -1.70858670e-02 -2.87209812e-04 -4.03683353e-03 -9.55525972e-03
  2.82958373e-02  5.17284572e-02 -5.69182709e-02 -4.10901867e-02
 -5.55536859e-02  1.78198032e-02  1.96265467e-02  3.58105153e-02
 -5.57684479e-03  1.88592039e-02  2.01249681e-02 -9.36546363e-03
  1.03875399e-02  3.13410573e-02  4.04887721e-02 -1.24380030e-01
  6.33518472e-02 -1.62866281e-03 -5.37510477e-02  7.64062405e-02
  5.06982952e-02 -2.60245651e-02  1.99238174e-02 -3.89461182e-02
 -1.46160452e-02  4.16501276e-02  3.94818559e-02  1.21900728e-02
 -8.04863945e-02  5.36033884e-04 -7.96515215e-03 -2.36999914e-02
 -2.23761499e-02 -3.96989174e-02 -6.00603670e-02 -9.48389918e-02
 -6.67615756e-02 -2.42234468e-02  2.06317157e-02  6.13776818e-02
 -6.42133132e-02  3.62312384e-02  1.03954844e-01 -6.92537574e-33
 -1.29976077e-02 -5.75337671e-02  1.09123945e-01  8.46523643e-02
  7.57435802e-03 -5.50402030e-02 -2.58313175e-02 -6.70162514e-02
 -7.27794394e-02 -2.18805224e-02  3.66830714e-02  1.22967018e-02
  4.65893149e-02 -2.49215472e-03  5.66902794e-02  4.11160737e-02
  5.42659760e-02 -1.67196259e-01  3.55823748e-02  9.26596951e-03
  5.46269584e-03  5.15906923e-02 -3.72484997e-02 -2.77624447e-02
 -9.54867247e-03 -4.18894738e-02 -1.62221771e-02  3.97690982e-02
  2.10362282e-02 -4.31826636e-02  5.04785813e-02 -5.74366674e-02
  3.51523864e-03 -3.35974023e-02  2.99835373e-02 -1.54874623e-02
 -2.66376827e-02  3.93157601e-02  1.06059695e-02  1.97441224e-02
  2.36734059e-02 -2.12939233e-02 -3.86048444e-02 -4.54845047e-03
  4.18562777e-02 -3.39766406e-02 -6.27294928e-02 -3.84264290e-02
  2.57980879e-02 -1.70566291e-02 -6.52905032e-02  7.81903788e-02
 -6.21197224e-02 -6.31491318e-02 -5.81746772e-02  6.89116046e-02
  7.73593634e-02 -4.50902656e-02  1.19649861e-02 -3.70541885e-02
  2.94826049e-02 -7.67267914e-03  8.94256085e-02 -7.94798695e-03
  9.23735201e-02 -8.29480812e-02  6.44767731e-02 -1.51407449e-02
  1.55177554e-02 -2.91684810e-02  1.59072187e-02  7.40523487e-02
  2.85473336e-02 -3.97026986e-02  4.95003276e-02 -2.23431494e-02
 -2.83488967e-02  7.89164528e-02  7.22711235e-02 -4.07791249e-02
 -1.01579264e-01  8.17202311e-03  1.18665755e-01  6.16208138e-03
 -2.16732547e-02 -1.93899516e-02 -1.53809469e-02  1.28806397e-01
  3.89265306e-02 -1.48155009e-02 -2.74092648e-02  3.61937005e-03
 -1.47050787e-02  1.31836906e-01 -3.69426124e-02 -4.93082339e-08
 -3.40112336e-02 -3.61953489e-02  7.73277730e-02  5.96352033e-02
  8.14710781e-02  6.12556748e-02 -4.61067520e-02  5.78743927e-02
 -6.87822178e-02  5.29170558e-02 -9.21645090e-02  4.62663583e-02
 -5.46792112e-02  7.80726373e-02  6.87546358e-02 -1.16789462e-02
  4.92338389e-02  4.34590727e-02 -2.00220775e-02 -8.75913352e-03
  6.90621585e-02  2.62614153e-02  2.80421809e-03  1.18391253e-01
  1.51321329e-02 -5.79703087e-03  1.14780909e-03  6.91355318e-02
  4.91968393e-02  5.36622368e-02  4.00288031e-02  2.65024439e-03
  3.99713591e-02  4.45067547e-02  2.19191052e-02 -3.44451144e-02
 -5.28679006e-02  1.80042861e-03 -5.59291616e-02 -8.37699790e-03
  4.15862016e-02 -3.63036729e-02 -1.07341120e-02  2.34392956e-02
  4.45253365e-02  4.63104881e-02 -4.82820980e-02 -1.15918241e-01
 -2.47645974e-02  4.21794057e-02 -5.31888679e-02 -2.64947210e-02
 -2.49629710e-02 -5.49204228e-03 -1.48757664e-03 -3.73176970e-02
  4.55371551e-02  8.04140978e-03  8.37590173e-02  2.53354125e-02
  5.75102633e-03 -5.00401892e-02 -5.96694425e-02  6.67165518e-02]"
10,../models/Association Examples/ProductSelection_UnownedEnds.sysml,"package ProductSelection_UnownedEnds_SysML {
	
	item def SelectionInfo;
	item def ShoppingCart {
		item selectedProducts : Product[0..*];
	}
	item def Product {
		item inCart: ShoppingCart[0..1];
	}
	
	connection def ProductSelection {
		item info: SelectionInfo[1];
		
		end item cart: ShoppingCart[1] crosses selectedProduct.inCart;
		end item selectedProduct: Product[1] crosses cart.selectedProducts;
	}
	
	connection def SingleProductSelection :> ProductSelection {
		end item cart: ShoppingCart[1];
		end [0..1] item selectedProduct: Product[1];
	}
	
	item def OnlineCustomer {
		item info1: SelectionInfo;	
		item myCart: ShoppingCart[1];	
		item products: Product[0..*];
		
		connection ps1 : ProductSelection connect myCart to products {
			:>> info = info1;
		}
		
		connection ps2 : ProductSelection connect [1] myCart to [1] products {
			:>> info = info1;
		}
	}
	
}","Generate a SysML v2 model to represent an online shopping experience focused on product selection and shopping cart functionality. Model a package named `ProductSelection_UnownedEnds_SysML`, which includes items such as `SelectionInfo`, `ShoppingCart`, and `Product`. The `ShoppingCart` will hold multiple selected products, while the `Product` can be associated with a shopping cart. Define a connection, `ProductSelection`, to illustrate the relationship between the selected product and the shopping cart, ensuring that each relationship includes a selection information item. Additionally, create a derived connection, `SingleProductSelection`, to manage single product selections within the shopping cart. Include an `OnlineCustomer` item, equipped with their own selection information and shopping cart, allowing connections to be established for managing multiple products and selections. The model highlights the dynamic interaction between customers, products, and their chosen shopping carts.","[-5.51569872e-02 -7.27211758e-02 -5.58016039e-02  5.62475808e-02
  9.09069553e-03  2.49424502e-02  8.73555914e-02  5.36899641e-02
 -5.98076321e-02  1.61455460e-02  8.45469162e-02 -2.44281217e-02
  2.30997894e-02  5.81380911e-03  7.12869018e-02  4.28921804e-02
  5.86178899e-02 -5.25316074e-02 -2.85688471e-02 -3.85013446e-02
  5.86692244e-02 -6.31045178e-02  4.60077897e-02 -2.28975601e-02
 -1.24508500e-01 -2.69294493e-02  2.31898092e-02  2.73892656e-02
  6.16699923e-03 -8.77671242e-02  2.90714279e-02  3.13171335e-02
  4.65624444e-02 -1.00684243e-04 -3.02656903e-03 -8.33401307e-02
  6.34874180e-02 -5.43431118e-02 -8.12441334e-02 -1.00225255e-01
  4.84228097e-02 -5.20558730e-02 -1.14233442e-01  2.60522962e-02
  2.02283040e-02 -4.34304997e-02  4.43523331e-03  3.67681235e-02
 -1.20340064e-02  8.02040249e-02 -3.16671357e-02 -5.34052402e-03
 -2.66168965e-03 -8.98079015e-03 -8.09302554e-02  7.79696032e-02
  4.50941101e-02 -3.77704157e-03 -8.21308941e-02 -4.05398794e-02
  3.24301533e-02 -2.64136940e-02 -4.40000407e-02 -1.89981274e-02
 -6.42602751e-03  5.42392023e-02 -1.77871473e-02 -4.22638580e-02
 -6.27930101e-04  2.40203533e-02 -7.21839592e-02 -3.61756757e-02
 -2.70183310e-02  3.49353440e-02  2.03072894e-02 -4.96201180e-02
  7.86023512e-02 -1.14140384e-01  1.10763889e-02 -9.96408705e-03
 -7.31860623e-02  7.26855099e-02 -7.56418183e-02 -2.87015513e-02
  6.70085836e-04 -2.19065305e-02  1.67848282e-02 -3.71324942e-02
  3.91410924e-02  1.13594439e-02 -6.19581006e-02 -4.97786477e-02
  3.19812968e-02 -3.49241905e-02  2.79230438e-02 -4.12119366e-03
  3.18571553e-02 -2.06728503e-02  2.69884896e-02 -5.21771843e-03
  1.25373267e-02  3.04343235e-02  5.23537807e-02 -2.89423726e-02
 -5.96482940e-02 -3.30772474e-02 -7.67306313e-02 -2.35070884e-02
 -1.20606897e-02 -1.31408451e-02 -9.00534689e-02  3.41453031e-02
  6.17991621e-03 -2.31966823e-02 -6.71646520e-02  4.92122956e-02
 -3.45972069e-02  3.15252058e-02  8.27934667e-02 -1.07120015e-02
  4.32134345e-02  2.64939424e-02  1.04726925e-01 -2.37782765e-02
  2.32209731e-02 -3.59734707e-02 -6.53447360e-02  1.66692244e-33
 -6.58630356e-02 -5.54050915e-02 -3.26693840e-02  7.82740712e-02
  4.10805941e-02  9.96475369e-02  3.15557756e-02  1.51389046e-02
 -5.17245755e-02  3.70303877e-02 -9.42771975e-03 -2.60682451e-03
 -1.40689183e-02  1.02414310e-01  5.67419343e-02 -2.71521769e-02
 -5.27600758e-02  7.61191249e-02  9.27883908e-02 -4.23736684e-02
 -4.76671010e-02  1.87060256e-02 -6.79125935e-02  3.55024599e-02
  7.44618252e-02  9.86602306e-02  5.34126982e-02  1.40637472e-01
  8.95578787e-03  8.31497461e-03  7.46098459e-02 -1.81558970e-02
 -1.30213788e-02  1.96115747e-02  1.27051759e-03  4.02653702e-02
 -9.15940255e-02 -3.04959230e-02  1.01941295e-01 -3.85318473e-02
  1.73076075e-02 -2.54925285e-02 -1.21925231e-02  1.22937402e-02
 -1.06956579e-01 -5.65201268e-02 -6.74967095e-02 -1.73955783e-03
 -6.18134905e-03  1.61020691e-03 -2.11029965e-02 -1.48208374e-02
  3.18557024e-02  6.46557659e-02 -4.42626886e-02 -6.83261603e-02
 -4.12500501e-02  2.03072429e-02  1.90952308e-02  2.46136580e-02
 -1.65412948e-02  5.60863502e-03  1.98423211e-02 -1.38653526e-02
  3.15000676e-02  5.28230332e-02  1.92976613e-02 -1.24780357e-01
  5.93440197e-02  3.04001905e-02 -5.90388924e-02  1.12525463e-01
  3.29431221e-02 -4.28133681e-02  8.70439317e-03 -2.66450718e-02
 -7.57657969e-03  3.26328948e-02 -1.66433677e-02  3.43148038e-02
 -9.13260207e-02 -1.09623522e-02 -2.40665376e-02 -1.52076203e-02
 -3.78555916e-02 -4.74685095e-02 -7.09303543e-02 -4.81422283e-02
 -6.90786541e-02 -7.87208155e-02  3.47439609e-02  2.23147757e-02
 -5.88481613e-02  1.06962193e-02  7.53863528e-02 -2.77341380e-33
  8.06386303e-03 -3.80361937e-02  7.14796856e-02  7.60859549e-02
 -1.07844651e-03 -5.08858189e-02 -2.94586457e-02 -5.00452258e-02
 -9.59783494e-02 -3.97483297e-02  1.78544444e-03  2.15163175e-02
  5.75977191e-02  1.72761753e-02  7.02177286e-02  9.63888019e-02
 -4.75664483e-03 -1.45728618e-01  4.79081869e-02  4.32342198e-03
 -1.82996411e-02  8.81924853e-02 -3.17151062e-02 -2.87524667e-02
 -1.03987744e-02 -4.34426852e-02 -3.46918846e-03 -1.30362023e-04
  2.85834298e-02 -2.02685948e-02  5.99096753e-02 -6.72468990e-02
  1.99466851e-02 -4.78863530e-02  1.01124858e-02 -5.38515225e-02
 -2.15076096e-02  1.63600910e-02  1.01155741e-02  2.35684849e-02
  3.06191184e-02 -4.29953123e-03 -5.23263589e-02  3.01851891e-03
  2.74704583e-02 -1.43439835e-02 -6.04732074e-02 -6.40229322e-03
  2.35749334e-02 -1.07654054e-02 -6.04329668e-02  6.93365857e-02
 -6.48427382e-02 -5.68928085e-02 -1.36465942e-02  1.04792178e-01
  3.53944600e-02 -4.39560041e-02  3.07529196e-02 -5.96412756e-02
  4.15560789e-02 -3.13870199e-02  8.75293016e-02  5.33049088e-03
  4.21230495e-02 -6.95096254e-02  5.27834371e-02 -2.10152958e-02
  4.07725424e-02 -1.13807188e-03  3.54928672e-02  9.53772441e-02
  4.50259186e-02 -2.64894366e-02  5.13021499e-02 -2.84825489e-02
 -4.49141022e-03  6.80746511e-02  6.47287965e-02 -4.26490009e-02
 -8.84786472e-02 -4.56794910e-03  1.15327872e-01  2.07735319e-02
 -1.75125711e-02 -4.65958528e-02 -4.95178737e-02  1.16459116e-01
  4.63922210e-02 -1.27860243e-02 -5.54543994e-02  3.26806493e-02
 -3.20860296e-02  1.40357941e-01 -3.52100208e-02 -4.79804108e-08
 -2.70839352e-02 -3.81655023e-02  5.32948524e-02  4.18168195e-02
  5.72250448e-02  3.77934426e-02 -1.66519992e-02  5.91872856e-02
 -7.41044953e-02  4.74499241e-02 -4.70025726e-02  2.90337987e-02
 -8.81474540e-02  4.59931083e-02  8.91402960e-02  3.54366936e-02
  5.48309274e-02  6.87097386e-02 -1.64385177e-02 -8.12043622e-03
  7.64706135e-02  1.55059835e-02  1.30402232e-02  1.22435927e-01
  4.11513336e-02 -6.36936212e-03  1.58756203e-03  4.26357500e-02
  3.05634979e-02  3.17216665e-02  4.09555249e-02 -7.95359537e-03
  7.29907230e-02  4.38923426e-02  1.07781086e-02 -1.21746296e-02
 -6.92197904e-02  1.00230174e-02 -3.02094929e-02  1.33096725e-02
  2.86376756e-02 -4.73447442e-02 -4.70776903e-03  3.71588431e-02
  2.54244097e-02  3.01554035e-02 -8.32575262e-02 -1.28776893e-01
 -1.79844778e-02  6.17621057e-02 -9.42441002e-02 -8.18932708e-03
 -3.65041867e-02  3.05506457e-02 -3.48149911e-02  1.89380087e-02
  4.06449586e-02 -1.70353148e-02  1.14809901e-01  9.07203555e-03
  3.03676445e-03 -2.99184844e-02 -4.41321097e-02  3.03204712e-02]"
11,../models/Camera Example/Camera.sysml,"part def Camera {
	private import PictureTaking::*;
	
	perform action takePicture[*] :> PictureTaking::takePicture;
	
	part focusingSubsystem {
		perform takePicture.focus;
	}
	
	part imagingSubsystem {
		perform takePicture.shoot;
	}
	
}","Generate a SysML v2 model that defines a part called Camera. This model incorporates a private import from the PictureTaking package, enabling specialized picture-taking functionalities. The Camera part will have an action, takePicture, that is capable of being performed in multiple instances, linking to the PictureTaking::takePicture feature. 

Within this model, there will be two internal subsystems: the focusingSubsystem and the imagingSubsystem. The focusingSubsystem will execute the takePicture.focus operation, handling the adjustment of focus prior to capturing an image, while the imagingSubsystem will execute the takePicture.shoot operation, responsible for the actual capture of the image. This structure ensures a clear separation of concerns, with each subsystem focused on its specific role in the picture-taking process.","[-4.10880335e-02 -4.13849950e-02 -3.29973400e-02 -2.34229919e-02
  5.28115667e-02 -8.29511732e-02  6.70122588e-03  3.14674862e-02
  5.55779412e-03  5.45647107e-02  5.23273274e-02 -2.50975173e-02
  9.06494632e-03 -2.03212015e-02  4.32251440e-03 -4.97803912e-02
 -5.46234427e-03 -3.90633121e-02 -6.09609708e-02  2.29765531e-02
  6.83905408e-02 -1.43685654e-01  2.75409371e-02 -3.08300238e-02
 -2.39796191e-02 -3.10508981e-02 -7.19420752e-03  5.23992348e-03
  4.63249944e-02 -8.60792100e-02  1.05097564e-02  1.35213900e-02
  3.52127887e-02  3.89239043e-02 -3.04091349e-03  4.18432355e-02
  2.41761357e-02 -4.57229130e-02 -5.53924479e-02 -6.34382963e-02
 -2.73248460e-02 -1.38181518e-03 -7.07114190e-02 -1.53383045e-02
  2.57591959e-02  3.90274860e-02  4.36635949e-02 -5.41088264e-03
  9.23896674e-03 -1.33650964e-02 -1.40841424e-01 -6.23770840e-02
 -1.27780698e-02  3.32560427e-02 -2.03000009e-02  8.78647938e-02
 -8.63433816e-03 -7.19395205e-02 -8.19136724e-02 -2.94099301e-02
 -6.90347999e-02  2.20174529e-02 -9.47883874e-02  1.50783900e-02
  6.06044307e-02  5.50233759e-02  2.49650907e-02 -8.76439512e-02
  7.26186857e-02 -6.90657794e-02 -8.21944177e-02  1.56341083e-02
  1.71196871e-02 -4.08217497e-03 -4.72190492e-02 -7.54701868e-02
  2.71592755e-02 -2.96073444e-02  1.76281426e-02 -8.68355855e-02
  9.18451548e-02  8.37835390e-03 -6.58129379e-02 -9.18767322e-03
 -3.20372288e-03  1.50110265e-02 -1.18714701e-02  1.06832823e-02
  3.52520728e-03  4.09393571e-03 -6.49374500e-02 -1.49975404e-01
 -3.82471196e-02 -5.44100218e-02  2.69662179e-02  7.73017993e-04
  9.87375062e-03  9.89158452e-03  6.27001524e-02  3.27261211e-03
  2.57659722e-02 -1.01949116e-02  9.10076499e-02 -4.16637845e-02
  3.13054100e-02 -3.25102508e-02  5.19511709e-03 -4.06980515e-02
 -2.24986002e-02 -4.85376529e-02 -4.09285873e-02  6.32951260e-02
 -1.77562479e-02  2.47560181e-02  9.04662460e-02  1.09630628e-02
 -6.02579815e-03 -6.25262409e-03  5.05016968e-02 -1.38748109e-01
  3.40325385e-02 -3.51505764e-02 -1.40447905e-02 -5.67929412e-04
  1.74483582e-02 -5.61503917e-02 -5.56775481e-02  3.30764641e-33
 -2.27572862e-02 -1.08096367e-02  3.80012356e-02  8.02364871e-02
 -2.90137473e-02  2.93865018e-02 -4.24256781e-03  9.36417654e-03
  8.24457873e-03  5.95317874e-03  9.36764292e-03 -7.56440014e-02
  5.93558792e-03  1.07836135e-01  9.42724049e-02 -8.03184956e-02
 -6.00492507e-02  8.34483951e-02  8.03909451e-03  9.08417553e-02
  3.49219218e-02  2.02163905e-02 -2.49236785e-02  3.98596786e-02
  5.10193966e-02  4.34357412e-02  4.75831293e-02  2.27334406e-02
 -3.81210493e-03  4.89198416e-03 -1.10526104e-02  3.20410132e-02
 -8.04387033e-02  2.16692071e-02  8.84287432e-02 -1.72340553e-02
 -1.09997718e-02 -3.23939286e-02  8.29703286e-02 -1.15341228e-03
  1.12196576e-04  1.04396053e-01 -5.40294275e-02  5.73456436e-02
 -5.72228804e-02 -2.24102177e-02 -9.48046818e-02  1.34927854e-01
 -4.61782850e-02  3.37021574e-02  1.02084331e-01 -6.02474287e-02
  3.91231589e-02 -6.30464181e-02 -4.90447842e-02  3.07662841e-02
  5.94422333e-02 -6.98379949e-02 -2.92826165e-03  4.38621044e-02
  6.44124076e-02 -3.70262638e-02 -4.01345305e-02  6.80667087e-02
  8.15444533e-03  7.26398677e-02 -3.42248678e-02  2.16026581e-03
  1.80420633e-02  3.66218835e-02 -1.17638014e-01  4.77131158e-02
 -7.13063031e-02 -5.38663659e-03  9.76055637e-02  2.02184524e-02
 -3.13782394e-02 -3.14100296e-03 -1.10302428e-02  1.43619522e-01
 -1.46147981e-01  6.51732907e-02 -8.49927887e-02 -2.48107929e-02
 -2.62186509e-02 -1.70887336e-02 -1.60364080e-02 -8.42921287e-02
 -5.47312312e-02 -1.09271087e-01 -5.30973589e-03  3.73762287e-03
 -2.47991420e-02  4.41763066e-02 -6.95953146e-03 -3.37589561e-33
  8.24284554e-02  9.95166227e-03 -1.88587494e-02  5.28722368e-02
 -4.79917340e-02 -5.43488376e-02  7.11653382e-02 -3.34875584e-02
  3.29542011e-02  2.07385812e-02 -2.67631151e-02  3.13249305e-02
  2.77027264e-02 -3.00675929e-02 -4.52906415e-02 -2.84058265e-02
  3.05541828e-02 -6.90363869e-02 -8.28896016e-02  2.66840644e-02
 -1.19421550e-03  7.63617009e-02  1.30667105e-01 -2.43000616e-03
 -2.84696929e-02  7.85054341e-02 -3.80082726e-02  7.40021467e-02
  6.46796823e-02 -7.37589076e-02  1.35162827e-02 -5.04434258e-02
  8.21277350e-02 -5.82413487e-02 -1.19258668e-02  2.50106063e-02
 -7.67265633e-03 -3.58976275e-02 -3.03378105e-02  2.36563627e-02
  1.22955609e-02  2.48555765e-02  4.89977130e-04  7.98319131e-02
 -1.08051375e-02  3.55825722e-02  5.05917287e-03  4.55911038e-03
 -6.27832413e-02  1.65946446e-02 -8.23173448e-02  2.01965626e-02
 -8.84029455e-03  3.18940617e-02  2.01556347e-02  6.86952728e-04
 -3.59441675e-02 -3.22522148e-02  6.21818528e-02  9.56732407e-03
  6.05139211e-02 -2.75917742e-02 -3.93100530e-02 -2.94564217e-02
 -3.37142521e-03 -1.32979825e-03 -2.53228806e-02  2.00078986e-03
 -2.46408451e-02  6.83095977e-02  4.55104485e-02 -7.94300903e-03
  6.92083240e-02 -8.48503970e-03  2.74710581e-02 -3.03368419e-02
 -3.42480876e-02  2.57892460e-02  5.95616102e-02  4.69803531e-03
 -4.63155508e-02 -1.01131156e-01  2.88960319e-02  6.18046336e-02
 -2.51301676e-02  4.14038897e-02  1.05276816e-02 -2.54102238e-02
  7.78519921e-03 -5.90848103e-02 -4.42163758e-02  3.00291311e-02
  6.13070093e-02  1.10070713e-01 -4.73126657e-02 -4.63824428e-08
 -5.23944795e-02  1.59531757e-02  6.99334815e-02  2.22559199e-02
  7.88503140e-03 -9.39135328e-02 -5.53888157e-02  4.79328409e-02
  3.21801156e-02 -2.46146526e-02 -3.85809429e-02  3.06891110e-02
  3.90577107e-03 -3.79481763e-02  5.82845090e-03  7.48527497e-02
  9.74098146e-02  8.88260752e-02 -3.55954170e-02 -3.74439508e-02
  4.56844009e-02 -9.54887345e-02 -1.62903704e-02  5.78588061e-02
  3.00293826e-02 -2.55696736e-02 -5.52925281e-02  5.13381371e-03
  2.19859406e-02 -2.96066105e-02  4.30848598e-02  5.99298738e-02
  7.10419491e-02  4.52331118e-02 -2.39038784e-02  1.99527089e-02
 -5.78069091e-02  1.38400877e-02  7.61987343e-02  6.74491562e-03
 -3.02926023e-02  2.35718936e-02  3.22223604e-02  7.25375339e-02
 -4.76500168e-02  2.79967561e-02  2.19020005e-02 -7.37325624e-02
 -8.80325772e-03  3.96534987e-02 -3.22981365e-02  3.07421144e-02
 -5.62802283e-03  8.80285278e-02 -5.00848442e-02  5.02702184e-02
  1.07131489e-01 -4.47523370e-02  8.35556537e-02  6.36360571e-02
  3.07952240e-02  3.76677401e-02 -5.44646718e-02  5.81813715e-02]"
12,../models/Camera Example/PictureTaking.sysml,"package PictureTaking {
	part def Exposure;
	
	action def Focus { out xrsl: Exposure; }
	action def Shoot { in xsf: Exposure; }	
		
	action takePicture {		
		action focus: Focus[1];
		flow focus.xrsl to shoot.xsf;
		action shoot: Shoot[1];
	}
}","Generate a SysML v2 model that captures the functionality of a picture-taking system within a package named ""PictureTaking."" The model includes a part definition for ""Exposure"" to represent the camera's exposure settings. It defines two actions: ""Focus,"" which outputs an Exposure signal, and ""Shoot,"" which takes an input of Exposure. The core action, ""takePicture,"" orchestrates the process by first invoking the ""Focus"" action to adjust the camera settings, then flows the resulting Exposure to the ""Shoot"" action. This encapsulates the sequential steps necessary to take a picture, ensuring that the exposure is optimal before capturing the image.","[-9.98689234e-03 -3.78601700e-02 -1.20962979e-02  1.12964464e-02
  3.41843739e-02 -4.55094427e-02  5.50399795e-02  2.44240128e-02
 -3.72420950e-03  7.11117461e-02  5.33649176e-02 -5.29335663e-02
  3.05653457e-02 -6.77195378e-03 -4.31396533e-03 -3.62018980e-02
  2.77399793e-02 -2.45588104e-04 -3.88608649e-02  2.49977261e-02
  3.98718268e-02 -8.93325359e-02  1.28269251e-02 -3.73826735e-02
 -2.50865389e-02 -4.43711616e-02  8.60132277e-04  1.93049368e-02
  8.04638639e-02 -7.68935457e-02  1.04514668e-02  1.33796055e-02
  5.33919223e-02  4.58991304e-02 -1.68434102e-02  2.17144955e-02
  2.32274476e-02 -6.76423088e-02 -8.33009481e-02 -4.41047400e-02
 -2.09591351e-02 -2.87194494e-02 -5.83299212e-02 -1.46673024e-02
  7.81050127e-04  2.57915277e-02  3.45929936e-02  9.53220949e-03
 -1.56371016e-03 -1.27382567e-02 -9.63935554e-02 -3.93383577e-02
  2.13062949e-02 -1.90328360e-02 -2.41770893e-02  7.69319832e-02
  4.18400159e-03 -6.04596548e-02 -1.00014746e-01 -6.30993396e-02
 -7.86972865e-02  4.33313753e-03 -1.41118631e-01  2.19937786e-02
  5.26901558e-02  5.60497493e-02  2.33517401e-02 -4.40094508e-02
  7.12027475e-02 -3.15110013e-02 -1.04631566e-01  1.34753874e-02
 -3.92097458e-02 -3.58642228e-02 -3.45755816e-02 -8.15799683e-02
  2.11094432e-02 -3.54483128e-02  3.16419057e-03 -1.04310475e-01
  8.50004107e-02 -2.26491969e-02 -6.55412823e-02  2.06756108e-02
  3.03922631e-02  2.57420894e-02 -1.94033962e-02  3.18738706e-02
  3.37381586e-02  2.45640036e-02 -1.00039549e-01 -1.16891816e-01
 -3.62076499e-02 -2.97106672e-02  2.20876746e-02  4.23903689e-02
 -8.81436095e-03 -2.82554477e-02  2.70001981e-02  4.51519759e-03
 -1.20700579e-02 -2.11114902e-02  2.07767021e-02 -1.39044318e-02
  6.29228950e-02 -5.66744506e-02 -4.85541346e-03 -3.47802527e-02
 -4.63024601e-02 -4.02877666e-02 -1.94692016e-02  4.66618761e-02
  1.99114140e-02  1.33280428e-02  9.55877155e-02  2.57874355e-02
 -1.40286554e-02 -2.80881743e-03  4.82917875e-02 -1.30178899e-01
  6.74455911e-02 -3.45443785e-02 -3.84491906e-02  7.88026117e-03
  1.48402303e-02 -1.04554243e-01 -1.84427630e-02 -1.48842298e-33
 -2.24376991e-02 -1.38776656e-03  3.50629836e-02  8.45351368e-02
  7.56733585e-03  3.43842730e-02 -4.53311251e-03 -3.64912227e-02
  2.73313895e-02  2.72777937e-02 -1.79452002e-02 -7.68212676e-02
 -7.19651626e-03  1.58701807e-01  9.13364962e-02 -4.04806174e-02
 -4.32513319e-02  9.81341451e-02  1.46506503e-02  7.65327290e-02
  3.11342999e-02 -1.72133762e-02 -5.57507016e-02  2.32987553e-02
  1.50831174e-02  9.08243284e-02  4.39600274e-02  5.03096841e-02
 -1.17155556e-02  5.89518994e-03  2.57501211e-02  2.10455637e-02
 -3.87225486e-02  1.21613787e-02  6.16651252e-02 -1.41713368e-02
 -3.41307884e-03  5.14163636e-03  9.79866162e-02  1.51509617e-03
 -1.08390339e-02  9.15341154e-02 -4.63917702e-02  4.83919941e-02
 -6.68855384e-02 -1.80782229e-02 -9.69224796e-02  1.02572523e-01
 -6.13948554e-02  4.88794409e-02  1.14367455e-01 -5.87913580e-02
  6.87141120e-02 -5.25601171e-02 -6.81207180e-02  9.74463206e-03
  4.09688018e-02 -4.24768738e-02 -4.72468100e-02  9.20506418e-02
  5.63157536e-02 -1.36737647e-02 -3.12586427e-02  5.77870756e-02
  3.47396694e-02  7.96763822e-02 -2.55605504e-02 -3.92394662e-02
  4.03577760e-02  4.32023183e-02 -1.11481242e-01  8.24311227e-02
 -5.67594878e-02 -1.33920237e-02  8.25251415e-02 -1.56740460e-03
 -3.74645889e-02 -1.25762587e-02 -9.41788685e-03  1.34311408e-01
 -1.52691722e-01  7.70727694e-02 -9.48261768e-02 -3.19979489e-02
 -1.92330815e-02 -1.71562433e-02 -4.94005866e-02 -6.56853840e-02
 -9.08616856e-02 -1.12804160e-01  1.95035443e-03 -1.38482284e-02
 -1.02941319e-02  4.85388823e-02 -9.58602689e-03  6.75057615e-34
  7.70885646e-02  2.19380427e-02 -3.20721744e-03  7.12174550e-02
 -3.33364941e-02 -3.51598971e-02  6.61022663e-02 -1.48546426e-02
  3.74169126e-02  5.04174568e-02  2.64162607e-02  3.15771103e-02
 -3.89467664e-02 -1.94642916e-02  2.98540085e-03 -3.79960537e-02
  3.29059660e-02 -1.10592909e-01 -9.42221135e-02  7.26539735e-03
  1.01607824e-02  4.05840054e-02  8.49643648e-02  5.25857601e-03
 -2.11728904e-02  3.97974327e-02 -2.91915657e-03  8.30921382e-02
  5.30323982e-02 -5.39977998e-02 -1.84714925e-02 -3.34156342e-02
  7.74037391e-02 -5.11249751e-02 -2.76109315e-02  2.02993564e-02
  4.03454341e-02 -1.03950910e-02 -6.33966401e-02  3.94577123e-02
  2.95144948e-03  1.54330414e-02 -3.95992920e-02  7.72328526e-02
  1.53468717e-02  2.57750060e-02 -1.02722633e-03 -1.41191557e-02
 -4.16130982e-02 -1.94642581e-02 -2.49480009e-02 -3.96466721e-03
  1.42088905e-02  4.23790663e-02  3.11627388e-02  2.63438076e-02
 -1.91477612e-02 -4.89973724e-02  8.38180333e-02  2.76899487e-02
  3.41678932e-02 -5.31381741e-02 -2.30305009e-02 -2.48692743e-02
 -2.82870401e-02  1.32957920e-02 -3.99937592e-02  1.40047194e-02
 -3.47935557e-02  6.38336986e-02  5.32697588e-02  3.93216908e-02
  6.79425374e-02 -7.28286570e-03  1.90103129e-02 -8.00518394e-02
 -5.71345240e-02  2.23841406e-02  3.16454321e-02 -2.33988762e-02
 -8.76238197e-02 -8.24088156e-02  1.64482780e-02  9.60249454e-02
 -1.92024335e-02  9.48026869e-03 -1.95060167e-02 -2.04651393e-02
  2.67221760e-02 -2.56981533e-02 -7.59097412e-02  6.90417364e-02
  5.24604842e-02  1.54831797e-01 -7.79229850e-02 -4.35309175e-08
 -6.71824515e-02  2.49707396e-03  7.17236921e-02  1.82832051e-02
  8.97740014e-03 -1.42349014e-02 -6.43848628e-02  1.84806380e-02
  4.00745869e-02 -6.53556138e-02 -1.34262601e-02  7.62343332e-02
  3.14643495e-02 -8.28861538e-03  5.73152720e-05  6.52472451e-02
  7.49123991e-02  5.79859391e-02 -3.53120416e-02 -3.70427743e-02
  7.62798414e-02 -4.46700566e-02 -1.06119821e-02  1.05092004e-02
  4.91392165e-02 -2.98752394e-02 -3.15014757e-02  3.46890017e-02
  6.02652542e-02 -5.33656739e-02  4.81368341e-02  6.85776249e-02
  5.39037772e-02  4.77337763e-02 -4.36478555e-02  2.21584737e-02
 -4.53733578e-02 -3.84963378e-02  4.34970073e-02  3.14004975e-03
 -3.71190496e-02  7.13273091e-03  3.20579857e-02  4.21145596e-02
 -4.57844213e-02  4.68370467e-02  3.00684981e-02 -6.08902462e-02
  1.74115282e-02  3.89065742e-02 -4.44132537e-02  4.50102873e-02
 -8.86279717e-03  8.09198096e-02 -4.19655927e-02 -9.43301653e-04
  9.48497057e-02 -6.06118701e-02  6.66055456e-02  3.64248157e-02
  2.36684512e-02  5.19840978e-02 -8.17960575e-02  6.38113320e-02]"
13,../models/Cause and Effect Examples/CauseAndEffectExample.sysml,"package CauseAndEffectExample {
	private import CauseAndEffect::*;
	
	part def Causer1;
	part def Causer2;
	part def Effected1;
	part def Effected2;
	
	#multicausation connection def MultiCauseEffect {
		end #cause cause1 : Causer1;
		end #cause cause2 : Causer2;
		end #effect effect1 : Effected1;
		end #effect effect2 : Effected2;
	}
	
	part causer1 : Causer1;
	part causer2 : Causer2;
	part effected1 : Effected1;
	part effected2 : Effected2;
	
	#multicausation connection : MultiCauseEffect connect
		( cause1 ::> causer1, cause2 ::> causer2,
		  effect1 ::> effected1, effect2 ::> effected2 );
		  
	#multicausation connect
		( cause1 ::> causer1, cause2 ::> causer2,
		  effect1 ::> effected1, effect2 ::> effected2 );

    occurrence a;
    item b;
    part c;
    action d;
    
	#multicausation connection {
		end #cause ::> a;
		end #cause ::> b;
		end #effect ::> c;
		end #effect ::> d;
	}
	
	#cause causeA ::> a;
	#cause causeB ::> b;
	#effect effectC ::> c;
	#effect effectD ::> d;
	
	#multicausation connect ( causeA, causeB, effectC, effectD );
	
	#causation connect a to c;
	#causation connect b to d {
		@CausationMetadata {
			isNecessary = true;
			probability = 0.1;
		}
	}
}","Generate a SysML v2 model titled ""CauseAndEffectExample,"" which illustrates a multicausation scenario involving two causal parts and two effects, modeled through defined parts and connections. The package imports CauseAndEffect to establish relationships. Within the model, I define four parts: Causer1, Causer2, Effected1, and Effected2. A multicausation connection, ""MultiCauseEffect,"" binds these parts, ensuring the correct linkage between causes and their corresponding effects. Instances of the parts are created to facilitate understanding of interactions. Additional occurrences, items, and actions are included to enrich the context, demonstrating causative influences. I construct multicausation connections using varied causes and effects, with specific metadata for critical connections that indicate necessity and probability factors. This model aims to represent a comprehensive causal relationship structure, allowing exploration of complex interactions among different components, providing insight into the dynamics of causation within a system.","[-2.04218719e-02 -3.17767113e-02  1.98708419e-02  8.57457146e-03
  5.70494942e-02  1.36543224e-02  9.56681930e-03  1.05231619e-02
  2.50891801e-02  1.46550573e-02 -1.85871646e-02 -9.42689404e-02
  7.07996190e-02  1.28741767e-02  3.27879936e-02  1.57431085e-02
 -4.09493819e-02 -1.42284315e-02 -1.17568299e-01  7.06621353e-03
  2.42477749e-02 -5.66471331e-02 -1.05058448e-02  1.48389870e-02
 -1.44275323e-01 -1.43265063e-02 -1.44957621e-02  6.71414137e-02
  5.04791066e-02 -4.68895696e-02  3.11406478e-02  9.07754898e-02
 -6.90988004e-02 -3.10033672e-02  3.24615836e-02  8.50323588e-02
  1.61598437e-02  6.09824061e-02 -7.66306669e-02 -2.90590432e-02
  8.90582427e-03 -6.89949095e-03  1.12184072e-02  1.60112903e-02
  8.17483291e-03 -5.37523441e-02  2.84168068e-02 -1.45568503e-02
 -1.90984886e-02  1.07437558e-02 -1.15448549e-01 -1.95806809e-02
  3.25773726e-03 -2.50960179e-02  6.65892288e-02  1.79546438e-02
  1.03281364e-01 -2.90559176e-02 -1.45236805e-01 -3.56176347e-02
 -5.23583852e-02 -2.79286923e-03 -1.15079813e-01 -2.12191083e-02
  2.13884283e-03  8.88584480e-02 -4.85352986e-02  1.01581007e-01
  3.90722528e-02  8.24034587e-02 -7.74553046e-02 -2.18594242e-02
 -3.30551900e-02  8.66922457e-03  2.50288006e-02  7.16135278e-02
  6.59066485e-03 -4.34648385e-03  4.35993969e-02 -1.02709159e-01
  3.73434313e-02  4.59707193e-02 -6.92462502e-03  1.29765384e-02
  2.13579964e-02 -5.89547232e-02  8.14248174e-02 -8.48235190e-02
  6.54068813e-02  1.22126333e-01  2.03500362e-03 -4.64451984e-02
  1.51018679e-01 -4.07027639e-03  5.43333702e-02  5.94984666e-02
  1.52055975e-02 -2.41013020e-02  6.08376302e-02  2.55465284e-02
 -2.71696853e-03  1.75058539e-03  3.84063460e-02 -4.32802178e-03
 -9.50583722e-03 -1.76683906e-02 -6.17182851e-02 -5.21520600e-02
 -2.76975613e-02 -3.76426466e-02 -1.99113917e-02  5.75271919e-02
  2.28444356e-02 -8.60462636e-02  2.81032566e-02  7.70268089e-04
  1.16154552e-02 -2.44507808e-02  6.34431317e-02 -3.91820148e-02
  3.99436755e-03 -3.80701832e-02  2.59566773e-02  4.05334104e-05
 -2.73717400e-02 -7.32546374e-02 -1.00273490e-01  5.01486020e-33
  1.81045048e-02 -2.08923668e-02  2.42281463e-02  1.34580225e-01
  7.15919882e-02  4.14325446e-02 -3.41236293e-02  5.61472354e-03
 -5.64805232e-02  2.16983333e-02 -6.99684536e-03  8.29219352e-03
 -2.11732537e-02  1.07366610e-02 -2.26387363e-02  4.46296623e-03
 -8.38257968e-02  3.70163806e-02 -3.03506646e-02  1.66192576e-02
 -4.03693914e-02 -8.70781168e-02 -7.52192214e-02 -1.50816431e-02
  6.91221878e-02  5.59621826e-02  3.90758477e-02  2.61681266e-02
 -3.59004480e-03 -1.49479706e-03  2.90527120e-02  9.32205841e-03
  2.85658669e-02  1.46661410e-02 -5.17835841e-04 -1.56895500e-02
 -3.82602960e-02 -7.15724081e-02  3.48961838e-02 -1.88964605e-02
 -2.43985169e-02 -1.11529753e-02 -6.18246756e-03  3.36280987e-02
 -5.52122109e-02 -4.94375080e-02 -3.48978899e-02  1.61721427e-02
 -2.35136002e-02 -1.35350123e-03  3.23449373e-02  1.64786894e-02
  1.19488411e-01 -2.40443610e-02 -8.31628218e-02  7.66958203e-03
 -9.04987752e-03  4.46339464e-03  9.03226156e-03  4.94421571e-02
 -2.84213182e-02  2.70187184e-02  2.67540608e-02  4.09749746e-02
  1.00618623e-01  5.86273596e-02 -8.04036297e-03 -8.69111419e-02
  3.47764492e-02  2.32263189e-02 -1.16584808e-01  5.98801076e-02
 -2.42903735e-02 -2.86801048e-02  1.58695206e-02 -3.36226076e-02
 -9.10941660e-02 -2.59872954e-02  6.84349856e-04  6.65961578e-02
 -1.04703374e-01 -3.82597037e-02  1.72232389e-02  3.95775214e-02
 -8.81059095e-02 -1.94560084e-02 -4.33483236e-02 -9.44928899e-02
 -8.00211504e-02 -5.59702031e-02  7.60909840e-02 -1.46940015e-02
  1.13876484e-01  6.58390447e-02 -1.12436889e-02 -5.94273814e-33
 -3.62627879e-02 -2.19864734e-02  8.55351835e-02 -6.21278435e-02
  5.86681180e-02 -2.28574630e-02 -2.44808849e-02 -9.45786089e-02
  3.24475020e-02  1.95735656e-02  4.04700227e-02 -1.41308233e-02
  2.23776828e-02 -7.62408366e-03  3.44450213e-03  4.50872071e-02
  3.35708000e-02 -4.36248034e-02  4.43899725e-03 -4.74555651e-03
  3.43996100e-02  6.78059682e-02 -7.57648470e-03 -4.45412137e-02
 -1.27474125e-02 -5.41634951e-03  3.65559720e-02 -1.91107932e-02
  3.80469449e-02  4.81394120e-02 -1.93134714e-02  3.32175195e-02
  2.44206302e-02 -2.86054593e-02 -6.11287504e-02  3.24226655e-02
  1.31571656e-02 -1.00029938e-01 -5.03293574e-02 -7.77157545e-02
  3.25064510e-02  7.85595551e-02 -1.05376337e-02  4.57896339e-03
  1.39756994e-02  4.78903065e-03 -5.74191138e-02  4.32776771e-02
  4.19726819e-02  7.89458584e-03 -5.83613962e-02 -3.50080021e-02
 -2.26641688e-02  5.57487772e-04 -4.37336266e-02 -2.35051382e-03
  8.47482160e-02 -1.00823052e-01  4.49934369e-03 -2.76427586e-02
 -2.67602745e-02 -2.91460995e-02 -2.07766052e-03 -3.58156562e-02
  3.52313109e-02 -3.33071165e-02  1.72014125e-02 -6.30859360e-02
  5.60519695e-02 -2.87843980e-02  4.93406057e-02  8.77052620e-02
 -6.64738417e-02 -8.00658911e-02  6.83158264e-02  6.25101989e-03
 -7.04426989e-02  1.46830631e-02 -3.56972627e-02  8.08278099e-03
 -7.37447888e-02  2.42568906e-02  9.09963846e-02  4.48635556e-02
 -6.35722578e-02  1.05776526e-02  1.44616254e-02  1.40209854e-01
  6.88000321e-02  3.16932872e-02 -1.26518965e-01  3.27513516e-02
  2.44212430e-03  1.29724339e-01 -5.52778170e-02 -5.30520730e-08
  2.02918649e-02  3.84115539e-02  1.34276338e-02  4.75826636e-02
  3.07150502e-02  2.25934517e-02 -7.38838166e-02  6.26863539e-02
 -5.72305880e-02  6.93847537e-02 -4.66845185e-02  6.59286231e-02
 -4.68656458e-02  1.75579004e-02  1.12708053e-02  3.59465391e-03
  1.76164489e-02  5.67740798e-02 -6.76283911e-02 -6.14176393e-02
  9.98963416e-02  1.83143783e-02 -8.14051740e-03  1.05572551e-01
  7.94388205e-02 -4.01243083e-02  2.82933321e-02  5.08934408e-02
  2.81246919e-02 -7.39573017e-02  1.15286722e-03 -2.86410078e-02
 -5.17499000e-02 -2.26372294e-02 -4.86666411e-02  7.28669688e-02
  1.46863842e-02 -5.65601662e-02  7.15292105e-03 -2.31834948e-02
  2.20577940e-02  2.84534842e-02 -9.36196931e-03  9.60541889e-02
  2.69177761e-02 -2.67605670e-03 -1.00725926e-01 -4.60460447e-02
 -5.79189323e-03  3.11950631e-02 -6.16541430e-02 -1.60655156e-02
 -2.77484730e-02  5.67053892e-02 -2.05710940e-02  1.39147136e-02
  1.84948519e-02  8.37869048e-02  8.76759887e-02 -1.16540110e-02
  8.19556043e-02  3.42628807e-02 -1.18510416e-02 -2.88521871e-02]"
14,../models/Cause and Effect Examples/MedicalDeviceFailure.sysml,"package MedicalDeviceFailure {
	private import CauseAndEffect::*;
	
	part medicalDevice {
		part battery {
			event occurrence depleted;
			event occurrence cannotBeCharged;
		}
		
		event occurrence deviceFails;
		
		ref patient {
			event occurrence therapyDelayed;
		}
		
		#multicausation connection {
			end #cause ::> battery.depleted;
			end #cause ::> battery.cannotBeCharged;
			end #effect ::> deviceFails;
		}
		
		#causation connect deviceFails to patient.therapyDelayed;
	}	
	
}","Generate a SysML v2 model to represent potential failures in a medical device due to battery issues. Model a package named ""MedicalDeviceFailure"" that encapsulates the device and its components. Within the model, define a part called ""medicalDevice,"" which includes a sub-part ""battery"" that has events for ""depleted"" and ""cannotBeCharged."" 

The medicalDevice itself should have an event for ""deviceFails,"" which connects to a reference ""patient"" that experiences the event ""therapyDelayed."" Establish a multi-causation connection where the battery's ""depleted"" and ""cannotBeCharged"" events both lead to the ""deviceFails"" event. 

Also, implement a causation link that associates the ""deviceFails"" event with the patient's ""therapyDelayed"" event, highlighting the implications of device failure on patient care and therapy continuity.","[-4.57272977e-02  3.22370864e-02  4.26607765e-03  7.61778513e-03
  3.29693519e-02  1.12372739e-02  3.79800536e-02  1.09019779e-01
  1.70335788e-02  2.19876319e-02  4.29897644e-02 -2.49254350e-02
  6.60850033e-02  5.69234937e-02 -2.84128590e-03  1.40118012e-02
  2.08778749e-03 -2.33688187e-02 -2.63711214e-02  8.73453766e-02
  9.24309567e-02  1.17427614e-02 -2.69200336e-02  4.71646115e-02
 -7.77649358e-02 -2.51886267e-02  1.62235345e-03 -7.52439583e-03
  4.19560038e-02 -2.53988206e-02  3.65407467e-02  2.90860571e-02
 -6.81039914e-02 -1.33893639e-02  7.00671673e-02  3.67600769e-02
 -2.34014373e-02  4.83440310e-02 -9.71094444e-02 -5.33337630e-02
  2.64900476e-02 -6.39654174e-02 -2.88568381e-02  5.52057065e-02
  3.07593029e-02 -2.06338149e-02 -1.35314511e-02 -1.90860387e-02
 -4.18370701e-02  6.23255670e-02 -4.50972235e-03 -1.71348844e-02
  3.77806611e-02  3.39543000e-02  2.26794090e-02  2.38554945e-04
  1.84863191e-02 -3.75916101e-02 -1.25234529e-01 -4.64237034e-02
 -3.72541025e-02  2.26388145e-02 -7.33334795e-02 -1.56550594e-02
  3.39212716e-02  6.83048591e-02  1.76863577e-02 -1.94663601e-03
  3.16886194e-02  7.13674873e-02 -5.02651408e-02 -5.88667430e-02
  2.50521246e-02  2.00926196e-02  2.41291765e-02  5.22569101e-03
  3.79779153e-02 -1.30417163e-03  3.37071568e-02 -9.25978720e-02
 -1.24620385e-02  1.11667467e-02 -6.88804919e-03  1.64220110e-02
  5.92112839e-02  1.61196124e-02  2.92915925e-02 -2.41806805e-02
 -1.25206877e-02  2.43704803e-02 -1.58986039e-02  4.68838848e-02
  9.04409289e-02 -3.56211700e-02  3.59112658e-02  2.86132693e-02
  1.30175268e-02 -6.35893643e-02 -9.24866926e-03  2.61925329e-02
 -3.38246003e-02  1.60957798e-02 -9.19314940e-03  4.67093997e-02
  1.95373837e-02 -8.39338824e-02 -9.68831405e-02 -7.96234831e-02
 -1.86521169e-02 -2.03172937e-02  7.58059397e-02  3.90413404e-02
  4.03263904e-02 -6.05455181e-03  2.42235363e-02  7.10616857e-02
 -6.03811517e-02  5.29523678e-02  7.44464844e-02 -4.69157808e-02
 -1.65943094e-02 -2.07578428e-02 -1.72488075e-02 -8.83114561e-02
  3.89684038e-03 -2.71392390e-02  7.08726875e-05 -8.06649111e-34
  8.64456128e-03 -4.13821153e-02 -2.63032634e-02  5.43993451e-02
  3.60891409e-02  4.27572206e-02 -1.40608046e-02 -1.06101244e-04
  5.92097417e-02 -1.09650381e-02 -5.14689386e-02 -1.25935990e-02
  2.53386665e-02  5.80852665e-03 -1.46520706e-02 -5.18867038e-02
 -4.28273715e-02  6.52299598e-02  1.61121059e-02  1.38679054e-02
 -1.12950299e-02 -3.74178998e-02 -5.50046973e-02  6.30146489e-02
  4.43609022e-02  9.91072357e-02  2.72142179e-02  7.26377666e-02
  5.51932678e-03  3.08901127e-02 -3.72399017e-03  4.79621142e-02
  1.30241225e-02 -7.24264309e-02 -4.26544100e-02  4.54064943e-02
 -3.72714214e-02 -1.72598846e-02  5.19165359e-02 -3.12878974e-02
 -5.77491289e-03  2.00392841e-03 -3.18593415e-03 -4.24027210e-03
 -4.40417901e-02 -9.96135697e-02 -1.26457699e-02 -8.62369165e-02
 -4.86739948e-02 -2.92235259e-02 -2.98625678e-02 -5.19808084e-02
  6.48787990e-02 -6.25626668e-02 -3.41122337e-02 -6.37288578e-03
 -4.68006656e-02 -1.69050433e-02 -2.98258243e-03  7.37377480e-02
  5.25531322e-02 -3.24408733e-03  1.27038909e-02  3.82249877e-02
  2.76220702e-02  3.73834558e-02 -1.87094137e-02 -2.11377978e-01
 -1.19292587e-02 -1.63638014e-02 -4.06297632e-02  4.17511724e-02
 -2.98280157e-02 -1.34427231e-02 -6.99249431e-02 -9.37713403e-03
 -5.08364197e-03  7.47802295e-03 -8.97115096e-02 -2.84390189e-02
 -9.60905105e-02 -4.68120687e-02 -2.87654139e-02  8.31769183e-02
  4.30828258e-02 -7.58425072e-02 -7.32838586e-02 -7.35248327e-02
 -1.91410840e-01 -8.82110521e-02  7.03867991e-03 -3.51983756e-02
  4.92184758e-02  9.24851652e-03  3.41672227e-02 -5.25542586e-34
 -6.68068556e-03 -1.30490456e-02  5.59433065e-02 -9.08737816e-03
  6.40573800e-02 -2.96468418e-02 -2.05476973e-02 -6.87874556e-02
 -3.72403115e-02  3.91233303e-02  1.91177800e-02  1.95169989e-02
 -8.46639723e-02 -2.78616673e-03 -2.67109722e-02  4.96878326e-02
 -3.12575884e-02 -1.28780469e-01  1.90077834e-02  1.05049573e-01
  4.33148295e-02  1.47040844e-01  1.12279840e-02  1.00100348e-02
  2.81593390e-02  2.17000786e-02 -1.33201946e-03 -1.07307360e-02
  5.70916981e-02 -8.59611854e-02 -3.23339179e-02 -4.42345627e-02
  1.48722120e-02 -8.62805545e-03 -3.51659697e-03  8.22147820e-03
  4.49814871e-02 -7.73511976e-02 -2.36278325e-02 -5.46482429e-02
  1.20987274e-01  4.36826386e-02 -7.91869834e-02  1.73632130e-02
  3.64540629e-02 -3.41319963e-02 -3.01865675e-02  1.22191908e-03
  6.21644072e-02 -1.09809963e-02 -4.29905355e-02 -5.68343475e-02
 -1.15632834e-02  9.19608474e-02 -8.04872289e-02  1.88091956e-02
  9.32607651e-02 -4.59186547e-02 -6.86795264e-02 -1.40931262e-02
  3.66357565e-02 -8.88879597e-02  4.59458120e-02  2.66856626e-02
 -4.06218804e-02 -2.32633371e-02  4.85799238e-02  5.08920401e-02
  7.41868243e-02  6.82432856e-03  6.41078725e-02  1.27551779e-01
 -1.23422593e-03 -5.03031947e-02  3.09000183e-02 -5.36553143e-03
 -8.85309502e-02 -6.87272921e-02 -3.40408534e-02 -1.20082483e-01
 -5.90292588e-02 -1.32751856e-02  4.67967018e-02  3.80257554e-02
 -2.88355425e-02 -2.48006657e-02  7.19460696e-02  6.46510720e-02
  2.12892573e-02  1.14420373e-02 -1.21457011e-01  1.39854318e-02
 -3.29511352e-02  1.91811919e-01 -1.14942729e-01 -4.62166660e-08
  1.05743650e-02  6.23793900e-02  7.15873092e-02 -3.86005156e-02
 -4.91907645e-04 -4.05846536e-02 -5.02395034e-02 -2.68277749e-02
 -1.55376699e-02  2.00146474e-02 -5.57182282e-02  4.01473641e-02
  7.57101923e-03  1.64935701e-02  4.42613959e-02  9.48682278e-02
  7.79585261e-03  1.15662217e-01 -7.19694346e-02 -3.78172398e-02
 -3.37871350e-03  1.64978877e-02 -5.73312445e-03  4.60191593e-02
  8.44438598e-02  4.63972501e-02 -5.63582638e-03  2.54889298e-02
  3.09644807e-02 -4.38496694e-02  1.58009063e-02  5.01657613e-02
  5.16513847e-02  5.73223159e-02 -4.05278392e-02  3.18425186e-02
  1.10190911e-02 -4.47368212e-02  1.70445573e-02 -3.19896179e-04
  3.08918264e-02 -6.33701682e-03 -3.96468192e-02  9.34179500e-02
  3.34302746e-02 -4.15830612e-02 -2.20672172e-02 -8.79513398e-02
 -4.55170795e-02  7.88288265e-02 -4.45912778e-02  1.50561677e-02
 -1.93204544e-02 -2.90958487e-05 -5.86208068e-02  8.56888220e-02
  2.97539551e-02  3.01349978e-03  6.63566124e-03 -5.72647026e-04
  7.48150945e-02  5.30349985e-02  4.65999953e-02 -3.32772173e-02]"
15,../models/Comment Examples/Comments.sysml,"package Comments {
	doc /* Documentation Comment */

	doc /* Documentation about Package */

	comment cmt /* Named Comment */	
	comment cmt_cmt about cmt /* Comment about Comment */
	
	comment about C /* Documention Comment on Part Def */
	part def C {
		doc /* Documentation in Part Def */
		comment /* Comment in Part Def */
		comment about Comments /* Comment about Package */
	}
}","Generate a SysML v2 model that encapsulates a package named `Comments`. This package includes documentation comments that provide insights into its purpose and structure. Within the package, define a named comment labeled `cmt`, accompanied by a further descriptive comment `cmt_cmt` that elaborates on `cmt`. Also, incorporate a documentation comment for a part definition `C`. In this part definition, add a documentation comment that details its function and usage, a general comment for additional insight, and a comment referring back to the overall package `Comments`. This model aims to create a comprehensive documentation framework that elucidates the relationships and functionalities within the package while maintaining clarity and conciseness.","[-9.33153555e-02 -1.10868830e-02  4.16343752e-03  5.95337637e-02
  1.18410476e-02 -3.45001183e-02  5.49782515e-02  9.35048535e-02
  1.75924168e-03  3.12759951e-02 -1.11612736e-03 -3.98945659e-02
  7.08769709e-02  5.50061315e-02  5.79495057e-02  7.45406002e-02
  1.35680074e-02 -5.10118641e-02 -6.19711988e-02 -5.23449704e-02
  3.43412496e-02  3.29737812e-02 -1.42768025e-02  8.13418478e-02
 -6.19757175e-02  4.82738353e-02 -6.43859282e-02  2.48122364e-02
  1.54547924e-02  2.15376844e-03 -5.76557741e-02  9.63018984e-02
  1.42434752e-02  8.06461126e-02  3.02994978e-02  7.70082176e-02
  4.68231291e-02 -2.82465536e-02 -1.70602109e-02 -5.78077845e-02
 -7.38552436e-02 -7.76390219e-03 -3.06068081e-02  3.70325968e-02
  3.28942016e-02 -3.99017446e-02  1.92142520e-02 -1.51972976e-02
 -7.81551823e-02 -1.26236724e-02 -1.19445033e-01 -3.19539532e-02
 -3.25839594e-02 -2.42279954e-02  4.43695709e-02  1.21215701e-01
  4.33387756e-02  3.06977076e-04 -8.32616612e-02 -3.67815606e-02
 -2.14183871e-02 -9.35956894e-04 -1.36430800e-01  1.90436747e-02
 -1.94116607e-02  1.73803680e-02 -8.37814584e-02  2.00427473e-02
  4.33256961e-02  4.68175448e-02 -1.79059863e-01  1.97021980e-02
  1.11433035e-02  5.73312752e-02 -6.27832813e-03  3.04970462e-02
  5.62228896e-02  1.78028941e-02 -1.17621133e-02 -1.22597843e-01
 -3.01731583e-02  3.82483788e-02 -8.62674881e-03  5.38283549e-02
  4.89903279e-02 -2.49465555e-02  1.20255627e-01  5.81595441e-03
  5.83782233e-02  7.05545172e-02 -4.01564408e-03 -1.06859311e-01
  8.08659941e-02 -1.35237556e-02  5.47990901e-04  6.17587753e-02
  5.82709834e-02 -7.22578466e-02  1.26114823e-02  5.71655594e-02
  1.21295154e-02  1.13931455e-01  8.88711810e-02 -5.08938916e-02
  1.26067782e-02  1.10694431e-02 -6.98733702e-02 -4.98826914e-02
 -3.66202928e-02 -7.27263764e-02 -5.76685816e-02  6.78687394e-02
 -9.00444984e-02 -8.55032951e-02  1.73599049e-02 -4.45866510e-02
  2.13532336e-02 -2.72487253e-02  6.74694851e-02 -1.63492300e-02
  4.58111390e-02 -3.08463327e-03  3.64337279e-03  2.69923937e-02
  2.10474283e-02  1.83131155e-02 -6.84008449e-02  1.27813099e-33
  1.79510899e-02 -2.11701430e-02 -3.15541141e-02  1.36481211e-01
  1.55769065e-02  7.58302584e-02 -1.28479477e-03 -7.68519519e-03
 -5.17850183e-02 -6.05299212e-02  2.54697856e-02 -6.17011152e-02
 -1.50719555e-02  4.27467450e-02 -3.13026905e-02 -1.26185874e-02
 -6.05361313e-02  8.51243809e-02  4.12247609e-03 -1.02840867e-02
  9.63062514e-04  6.43745363e-02 -6.53851256e-02  9.22537781e-03
  1.39528766e-01  1.67677980e-02  5.40456288e-02 -3.28157693e-02
 -3.27312015e-02 -1.35269784e-03  1.92154478e-02 -2.01872587e-02
  5.82147250e-03  2.70354580e-02  3.68266106e-02  2.08956543e-02
 -3.61080766e-02 -6.62427545e-02  1.24578811e-01 -6.74348921e-02
  7.90201221e-03  3.63826752e-02 -2.28186585e-02  1.99197158e-02
 -1.05246622e-02  7.42557645e-03 -5.19504473e-02  1.78384278e-02
  6.34706765e-02 -6.43921867e-02  5.08733541e-02  2.33957581e-02
  5.88584132e-02  4.60281186e-02 -1.95039827e-02 -7.03624859e-02
  1.28957387e-02  1.53478710e-02 -3.10822316e-02  1.32978410e-02
  1.96214449e-02  2.36828104e-02 -3.35070379e-02  1.70949753e-02
  3.38828489e-02  1.28941806e-02 -7.66194016e-02  2.14619357e-02
  1.02367036e-01  1.19530419e-02 -5.87580949e-02  9.74454433e-02
  3.28586884e-02  2.30371524e-02 -1.60073489e-02 -4.10563536e-02
 -2.80325152e-02 -3.59872952e-02 -1.08928801e-02 -1.38402684e-02
 -9.25877243e-02 -1.49161578e-03 -3.83086875e-02  1.98533708e-05
  1.47212530e-02 -4.62159812e-02  1.57894171e-03 -6.26315996e-02
 -4.17431295e-02 -9.59795192e-02  5.02498494e-03 -3.14502567e-02
 -1.13244792e-02 -7.25510297e-03 -2.40787510e-02 -2.08614193e-33
  3.59282866e-02 -8.39415379e-03  9.10959113e-03  5.34661375e-02
 -1.18004486e-01 -3.98211032e-02 -2.34032590e-02  2.37843655e-02
 -2.35052202e-02  2.20142752e-02  3.13988179e-02  6.70058839e-03
  2.41754558e-02 -3.53721832e-03  2.40701512e-02  2.78302352e-03
 -6.89576715e-02 -1.29768625e-01  1.75417010e-02  1.00428201e-01
 -1.33785661e-02  4.63733636e-02 -1.35587659e-02  8.13588593e-03
  3.57981063e-02 -2.16468293e-02  6.86174212e-03  3.28182918e-03
  4.38468829e-02 -5.91099598e-02  4.19037715e-02 -5.29745407e-03
 -3.91266383e-02 -1.14134975e-01 -1.05638718e-02 -6.47095144e-02
 -1.98118165e-02 -3.92574817e-02 -3.00433431e-02  2.41795555e-02
  6.92439824e-02  4.03222851e-02 -3.96817513e-02  2.09484734e-02
 -5.65462373e-02  9.77304671e-03  9.51206777e-03 -4.35900595e-03
 -2.10753009e-02 -5.83629906e-02 -4.38888147e-02 -1.40258461e-01
  5.52323572e-02 -2.77835652e-02 -2.31532007e-02 -3.42262327e-04
  6.03727414e-04 -1.59316435e-02 -1.62110329e-02 -1.33838225e-03
  3.08919586e-02  3.62061486e-02  9.84429941e-03  1.51309064e-02
 -5.75431623e-03 -5.34298234e-02 -8.34825784e-02 -3.17141972e-02
 -4.37111519e-02  2.45366842e-02  6.77954704e-02  1.68254524e-02
 -7.24530369e-02  8.66471697e-03  1.03604198e-01  7.93117099e-03
  2.38312092e-02 -2.06475221e-02 -1.03894928e-02  2.27698702e-02
 -2.13468391e-02  2.42372584e-02  4.15486805e-02  7.84124658e-02
 -3.53978574e-02 -6.48607761e-02  2.54920442e-02  1.38929293e-01
 -1.98920369e-02  2.37976741e-02 -7.76885599e-02  2.87431036e-03
  3.11570708e-02  1.37872890e-01 -1.03404569e-02 -4.58094149e-08
 -8.95387009e-02 -2.97901891e-02 -4.06875573e-02  1.34430118e-02
  2.69086231e-02  4.08515222e-02 -3.36747728e-02  2.61197481e-02
 -1.85757652e-02  5.10894358e-02  7.98892754e-04  2.76264176e-02
 -9.93663743e-02  9.14971158e-03 -4.95190956e-02  6.89839348e-02
 -3.67419212e-03  3.03149465e-02 -4.66937050e-02 -2.24954598e-02
  2.46977862e-02  5.15470244e-02 -1.78454351e-02  6.27936050e-02
  7.16178417e-02 -1.45444851e-02 -1.43320952e-02  1.34767786e-01
 -2.45524794e-02 -4.07857634e-02  4.90535349e-02  2.83771809e-02
 -6.64154673e-03 -1.71028695e-03  2.44195238e-02  8.33155885e-02
  1.33011276e-02  4.87649161e-03  1.08504988e-01 -2.11670678e-02
 -2.96348110e-02 -3.18441540e-03 -6.09362237e-02  7.33211562e-02
  2.99129430e-02 -1.50376987e-02 -8.54464769e-02 -5.42573258e-02
 -6.00927658e-02 -6.08878583e-02 -6.08710386e-02  7.18898326e-03
 -3.68399471e-02  3.87898795e-02 -7.27526769e-02  9.35382247e-02
  8.99730343e-03  2.07980089e-02  4.75926846e-02 -1.24963997e-02
 -1.76609568e-02  5.50842695e-02  4.62538414e-02  5.81713691e-02]"
16,../models/Flashlight Example/Flashlight Example.sysml,"package 'Flashlight Example' {
	
	attribute def OnOffCmd;
	attribute def Light;
	
	port def OnOffCmdPort {
		out onOffCmd : OnOffCmd;
	}
	
	port def LightPort {
		out light: Light;
	}
	
	part context {
		part user {
			port onOffCmdPort: OnOffCmdPort;
			perform illuminateRegion.sendOnOffCmd {
				out onOffCmd = onOffCmdPort.onOffCmd;
			}
		}
		
		interface userToFlashlight connect user.onOffCmdPort to flashlight.onOffCmdPort {
			ref flow references illuminateRegion.onOffCmdFlow
				from source.onOffCmd to target.onOffCmd; 
		}
		
		part flashlight {
			port onOffCmdPort: ~OnOffCmdPort;
			
			perform illuminateRegion.produceDirectedLight {
				in onOffCmd = onOffCmdPort.onOffCmd;
				out light = lightPort.light;
			}
			
			port lightPort: LightPort ;
		}
		part reflectingSource {
			port lightPort: ~LightPort;
			
			perform illuminateRegion.reflectLight {
				in light = lightPort.light;
			}
		}
	}
	
	action illuminateRegion {
		action sendOnOffCmd { out onOffCmd: OnOffCmd; }
		
		succession flow onOffCmdFlow from sendOnOffCmd.onOffCmd to produceDirectedLight.onOffCmd;
		
		action produceDirectedLight { in onOffCmd; out light: Light; }
		
		succession flow lightFlow from produceDirectedLight.light to reflectLight.light;
		
		action reflectLight { in light: Light; }
	}
	
	
	
}","Generate a SysML v2 model titled 'Flashlight Example' that captures the operation of a flashlight system. The model includes an attribute definition for `OnOffCmd` and `Light`. Two ports, `OnOffCmdPort` and `LightPort`, are defined for command inputs and light outputs, respectively. 

The model comprises a `context` part featuring a `user` part that sends on/off commands via the `onOffCmdPort`. This part connects to the `flashlight`, which processes the command, generating directed light, and outputs this through its `lightPort`. A `reflectingSource` part also connects to the `lightPort` to simulate light reflection.

Two key actions are outlined: the `illuminateRegion` specifies `sendOnOffCmd`, which emits an `OnOffCmd`, and commands the `produceDirectedLight`, transitioning into the `reflectLight` action, reflecting the created light. Flows are established between the actions to indicate the data pathways, ensuring cohesive interaction among components in the flashlight system.","[-4.90873903e-02 -7.40271211e-02  6.71444368e-03  5.91822714e-02
  1.05863409e-02 -6.86807483e-02  1.80274472e-02  1.33101381e-02
  1.50512327e-02  3.78532112e-02  1.08648635e-01 -4.86636795e-02
  1.49448337e-02  6.98394934e-03 -1.39455625e-03  2.62218583e-02
  3.51497978e-02 -4.42146249e-02 -4.81510395e-03 -2.87877955e-02
  1.84559807e-01 -7.00535104e-02  1.11465072e-02 -9.26676914e-02
 -6.36173263e-02 -1.14444075e-02  1.17959166e-02  4.59344871e-03
  5.57032228e-02 -8.04786608e-02  5.42258583e-02  6.24896251e-02
 -7.03753829e-02 -1.07528502e-02  1.01174433e-02  3.30095217e-02
  9.82560068e-02 -8.49953294e-02 -7.68954009e-02 -6.14520572e-02
  4.25250828e-02 -8.55682939e-02 -3.49738374e-02 -2.74626426e-02
 -4.10489999e-02 -1.49326660e-02  3.41975801e-02 -4.54512239e-02
 -1.22150972e-01 -3.40009257e-02 -3.33008133e-02 -1.88230295e-02
 -5.49662486e-03  2.67129820e-02  2.10728068e-02  9.54876542e-02
  1.58748720e-02  7.43142515e-03 -1.50156831e-02 -7.72659034e-02
 -4.22278009e-02  2.31796093e-02 -7.63956383e-02 -5.61939776e-02
  7.59014040e-02  7.15065887e-03 -6.96479902e-02 -3.24236825e-02
  4.62084301e-02 -4.50561456e-02 -1.11565895e-01 -3.69259417e-02
  2.12135557e-02  1.56457238e-02 -3.62305678e-02 -4.39500175e-02
  4.05178331e-02  9.46606044e-03 -7.73030296e-02 -9.19745415e-02
  5.35446033e-02  2.47403234e-02 -3.56785730e-02  6.19821511e-02
  7.99200982e-02  6.14032634e-02  1.31816110e-02 -1.20219383e-02
  3.21711972e-02  5.36838248e-02 -6.22245371e-02 -6.29155785e-02
 -4.20193840e-03 -1.77840271e-03  1.59465522e-02  6.75011007e-03
  3.69812213e-02 -3.37121822e-02 -1.50578497e-02  2.59424280e-02
  2.59788465e-02  1.18402932e-02  3.83440442e-02 -5.08012213e-02
  8.94246064e-03 -6.94061518e-02 -8.11286494e-02  6.20011874e-02
 -7.04435334e-02 -4.33793776e-02  7.75970668e-02  7.28821680e-02
 -6.48855716e-02 -1.80800874e-02  5.22988960e-02  2.46939110e-03
  8.83517414e-03  3.83064300e-02  3.86727452e-02  2.27698032e-02
  2.82180179e-02  3.65733951e-02  1.66217033e-02  8.51625875e-02
  8.05833638e-02 -8.13170522e-03 -1.03694871e-02 -1.99470555e-34
  1.48013830e-02 -3.68617214e-02 -1.06821172e-01  6.28988594e-02
  3.68172512e-03  8.02202001e-02  1.01534285e-01 -1.12030311e-02
 -1.85091998e-02 -1.47559103e-02  3.49720404e-03  2.64782514e-02
  5.88701386e-03  6.53326884e-02  3.17496248e-02 -8.54199901e-02
  1.00730639e-02  8.19448829e-02 -3.12568285e-02 -3.59332236e-03
  3.27370204e-02  6.49195090e-02 -3.81864905e-02 -5.17671481e-02
  6.24005161e-02  9.83470902e-02 -1.83631852e-02  2.39595771e-02
 -3.36724743e-02  3.45043726e-02  3.85001041e-02  5.36943898e-02
  2.68425569e-02  2.08700541e-02  4.07493636e-02  4.00832742e-02
  9.49174073e-03 -4.94585447e-02  5.60603850e-02 -7.89591074e-02
 -6.97091818e-02  3.40980180e-02 -4.60066982e-02  8.30359943e-03
 -6.36541098e-02 -7.55066425e-02 -9.34403539e-02  4.85263579e-02
  4.01473455e-02  1.38738006e-02  5.68867400e-02 -7.76942372e-02
  3.95395719e-02  1.21050458e-02  5.35295764e-03 -1.62301064e-02
 -4.57951948e-02  5.53151942e-04  3.80519591e-02  4.66024093e-02
  3.72363962e-02  8.38537049e-03 -1.02504464e-02  5.27820066e-02
  7.24197328e-02  4.40921113e-02 -9.06903483e-03 -5.01860194e-02
  2.73260809e-02 -3.54318391e-03 -1.27166197e-01  7.75243714e-02
  5.70458639e-03  5.19758947e-02  4.86615300e-02 -2.65361164e-02
 -1.91451833e-02 -9.97982174e-03 -2.91658062e-02  8.10165927e-02
 -7.93907866e-02  2.36408040e-02 -8.76832530e-02 -3.91359255e-02
  4.48273160e-02 -2.69727241e-02 -6.06441163e-02 -8.37033093e-02
 -1.67905480e-01 -1.04136527e-01  4.30458672e-02 -1.69987120e-02
  7.97110330e-03 -6.71324506e-03 -1.57034583e-02 -1.59145313e-33
  7.01120794e-02  6.46952214e-03 -1.87727138e-02  4.30600718e-02
 -3.58633138e-02 -2.35099755e-02  2.04807241e-02 -6.59450963e-02
 -1.13701314e-01  3.25178392e-02  1.83932558e-02  7.58152604e-02
 -8.36486220e-02  8.46368540e-03 -2.22282615e-02 -3.15316319e-02
  2.73664668e-02 -8.31461623e-02  1.75819509e-02  1.44659914e-02
 -2.78248191e-02  8.91728997e-02  3.51734310e-02  1.69425667e-03
 -8.17418396e-02 -8.54963146e-04  7.65319541e-02  2.75824461e-02
 -4.17828001e-02 -7.20002921e-03  4.64597531e-02  1.52647123e-02
  1.50791137e-02 -2.77502462e-02 -3.10961958e-02 -1.37722921e-02
  1.09371785e-02 -1.14139626e-02 -1.55179836e-02  8.93454347e-03
  7.34713972e-02  3.24482471e-02 -2.49277498e-03 -1.52510917e-02
 -7.87359923e-02  6.79360554e-02 -5.23730442e-02 -3.77788767e-02
 -4.31914926e-02 -5.85082807e-02  3.23282368e-02 -2.83662062e-02
  3.47262784e-03  3.56398970e-02 -6.07940294e-02 -2.83411099e-03
  3.09021156e-02  1.52709633e-02 -2.69514676e-02  3.99767570e-02
  1.02851033e-01 -2.49396488e-02  4.42962646e-02 -2.16948222e-02
  2.27769949e-02  5.28540881e-03 -1.49774263e-02  1.95315480e-03
  3.97259220e-02  2.00314429e-02  1.16120607e-01 -2.42172889e-02
  3.15036364e-02 -1.26186404e-02  7.94256404e-02 -1.72687564e-02
 -5.20233326e-02 -3.64723280e-02 -2.53050048e-02 -3.23831886e-02
 -6.27544224e-02  2.51649804e-02  3.14887683e-03  2.22058520e-02
 -2.32630093e-02 -6.89338148e-02 -1.44676752e-02  6.56144917e-02
 -2.10050009e-02 -4.37761769e-02 -6.21494465e-02  7.53863081e-02
  1.74604096e-02  9.70974416e-02 -3.00671184e-03 -5.04007716e-08
 -7.02113360e-02 -3.57165397e-03  4.39166985e-02  2.59658657e-02
 -1.31612439e-02  6.06718548e-02 -4.02988531e-02  7.86889624e-03
  3.06328442e-02 -5.60165346e-02 -1.78313721e-02 -1.70600805e-02
 -8.10775347e-03 -1.80629622e-02  8.40963423e-02  6.66777790e-02
  4.51101139e-02 -2.74838805e-02 -7.09172189e-02 -6.81962222e-02
  7.81804696e-03 -1.54971499e-02 -3.13351266e-02  5.16302623e-02
  2.16361731e-02  3.46266478e-02  1.08010219e-02  8.99108872e-02
 -4.21667239e-03 -4.42497060e-03  1.03599302e-01  2.64681093e-02
  4.01491597e-02  7.73845538e-02 -8.14368874e-02  6.75005317e-02
 -9.39672962e-02 -6.78054169e-02  4.39894348e-02  7.31855957e-03
 -6.55296631e-03  9.49505344e-03 -2.63723731e-02  4.21051644e-02
 -1.61698461e-03  6.97333440e-02 -2.62400205e-03 -1.11924678e-01
 -7.96283036e-02  1.27700999e-01 -5.99928312e-02  2.73164175e-02
 -5.15392870e-02  2.42550895e-02 -7.88425878e-02  1.22201638e-02
  3.57862748e-02 -1.83336828e-02  3.77672701e-03  2.18613576e-02
  7.67475963e-02  7.79815465e-02 -1.17911398e-02  7.89960325e-02]"
17,../models/Geometry Examples/CarWithEnvelopingShape.sysml,"package CarWithEnvelopingShape {
	private import ShapeItems::Box;
	private import SI::mm;

	part def Car {
		doc
		/*
		 * Example car with simple enveloping shape that is a solid box
		 */
	
		item boundingBox : Box [1] :> boundingShapes {
			:>> length = 4800 [mm];
			:>> width  = 1840 [mm];
			:>> height = 1350 [mm];
		}
	}
}","Generate a SysML v2 model that defines a package named ""CarWithEnvelopingShape."" Model an entity called ""Car"" which encapsulates a simple geometrical representation as a solid box. The bounding box of the car should be specified with dimensions of 4800 mm in length, 1840 mm in width, and 1350 mm in height. Include a single instance of the bounding box, labeled as ""boundingShapes,"" to clearly denote the enveloping shape of the car. Ensure the model is structured with appropriate imports for shape definitions, such as ""ShapeItems::Box"" and the necessary unit specification from ""SI::mm."" This concise design effectively captures the physical dimensions of the car for analysis or simulation purposes.","[ 3.11610196e-03  5.60439005e-02  1.49476836e-02  7.01987231e-03
 -7.18043074e-02  1.23240845e-02 -3.37707475e-02  1.08963028e-01
 -5.72809577e-02 -3.02752219e-02  3.04634962e-02 -4.91286628e-02
  3.37143503e-02  6.49819449e-02 -2.72152852e-02 -3.59434597e-02
  2.02578772e-02  9.12009329e-02 -1.00403227e-01  1.07711077e-01
  8.35841969e-02 -3.52221318e-02  3.78698222e-02  1.98863670e-02
 -5.80053627e-02 -7.94186909e-03 -1.24003040e-02  5.29223531e-02
  3.02178841e-02 -8.54992121e-02  2.81462409e-02  4.49081436e-02
  2.04681344e-02  1.56476796e-02  7.41249546e-02 -8.42757151e-02
 -1.18252300e-02 -3.38015743e-02 -6.05254173e-02 -1.36961073e-01
 -3.90295647e-02 -2.63890754e-02 -4.63946955e-03  4.27012481e-02
  6.97903857e-02 -1.48652792e-02  2.94508785e-02  2.83158701e-02
  1.86294224e-03 -8.29239264e-02 -7.74554536e-03 -6.16111420e-03
  3.36903818e-02 -2.35945657e-02 -8.24673623e-02  2.90741562e-03
  2.74517275e-02 -1.75825413e-03 -6.71202838e-02 -5.35483435e-02
  3.29802223e-02 -5.93744498e-03 -2.55161989e-02 -5.41491956e-02
 -7.87132606e-02  2.21097209e-02 -6.17805421e-02  1.49368225e-02
 -1.91084016e-02  1.14919238e-01 -3.52343880e-02 -1.79177243e-02
 -3.47779617e-02 -1.02324469e-03  5.25201075e-02 -7.58600160e-02
  4.44913134e-02  2.84009073e-02  1.01673948e-02 -5.65155558e-02
 -2.46916767e-02  5.89228533e-02 -4.59286869e-02  1.84457637e-02
  1.52914168e-03  2.27684993e-02  4.97106016e-02  2.70500202e-02
 -1.40085397e-02  5.90464063e-02 -5.05530201e-02 -1.47594241e-02
 -4.76753898e-02 -1.03501575e-02  2.66789962e-02 -2.84885261e-02
  3.09596825e-02 -4.06090096e-02  2.62491647e-02 -5.72547782e-03
  2.63593458e-02  1.99287049e-02  6.20577298e-02  3.95067967e-02
  4.50692233e-03  7.83489347e-02 -1.44334557e-02 -2.96677649e-02
 -1.14582852e-02 -2.82716379e-02  4.53442708e-02  3.64950895e-02
 -1.64614040e-02  1.57314278e-02  1.07626207e-02  1.11847911e-02
 -2.83105895e-02 -3.18620401e-03  4.72542979e-02 -8.12802538e-02
  9.22467932e-03 -3.20016518e-02  3.52469017e-03  3.47871408e-02
  6.13046326e-02  2.56540608e-02 -3.36901471e-02  5.06802267e-33
 -1.35247946e-01  4.78986688e-02  2.90636830e-02  1.39502212e-01
  3.33928168e-02  4.04832661e-02  1.54110324e-03  5.05718999e-02
  4.33230996e-02  6.37424216e-02 -8.11767653e-02 -5.79074025e-02
 -1.68485083e-02 -1.80013478e-02  6.53260574e-02 -4.79467548e-02
 -7.56164491e-02  6.20262921e-02 -5.63888736e-02 -2.03139540e-02
 -4.58592996e-02  1.04594894e-03 -2.89301132e-03  5.66553930e-03
  5.26416972e-02  7.67550021e-02  3.92020196e-02  6.79442100e-03
 -5.20151109e-02  3.34312581e-02  4.72222865e-02  3.29525932e-03
  3.79791763e-03  4.97326292e-02  5.52782649e-03 -2.24946234e-02
 -4.27169092e-02 -1.66821592e-02  1.58653278e-02 -3.58214267e-02
  9.74044278e-02 -2.03607269e-02  1.64946876e-02  2.18224898e-02
 -1.16834559e-01  3.53331282e-03  3.74655426e-02  4.03620265e-02
 -2.85928790e-02 -2.58696228e-02  4.15484831e-02  5.36197517e-03
  3.50310169e-02 -4.64917719e-02 -3.92097384e-02  2.15379102e-03
  2.05749180e-02 -9.73688066e-03 -4.19724248e-02  4.36115898e-02
 -3.55720334e-02  3.07045039e-02  5.76945134e-02  1.67277723e-03
 -1.91401541e-02  3.86501551e-02 -9.41482931e-02 -8.12922791e-02
  2.24918667e-02  6.20316416e-02 -2.78712064e-02  3.56187150e-02
 -4.29199301e-02  6.60177991e-02  1.99387800e-02 -4.57146429e-02
  6.49498776e-02 -5.54563152e-03 -4.59609628e-02  5.50936162e-02
 -1.19496159e-01  7.06601888e-02 -1.25871552e-02 -1.11500360e-01
 -1.47674559e-02 -1.02017656e-01  1.00654513e-02 -6.39815480e-02
 -1.44464886e-02 -7.26425871e-02 -6.83044121e-02 -6.31060600e-02
 -2.23570783e-02  5.40362345e-03 -1.95349641e-02 -4.93001780e-33
  6.30106032e-02 -1.90578811e-02  5.72461709e-02  4.10030559e-02
  5.29518700e-04 -4.98823933e-02 -4.99949269e-02  4.62434031e-02
 -5.49487695e-02  1.17080975e-02 -1.84990205e-02  7.31043238e-03
  6.50153458e-02  1.62902623e-02  6.95430711e-02  4.67010029e-02
  9.18727741e-03 -2.27001235e-01 -6.00508228e-02  2.23811660e-02
  3.81412357e-03 -1.63521469e-02 -2.44016368e-02  2.56393272e-02
 -1.48679679e-02 -6.38412312e-03 -4.09210697e-02 -3.35922814e-03
  1.39741264e-02  5.65201929e-03  1.78099293e-02 -9.58605334e-02
  2.23414861e-02 -2.39756778e-02 -7.26945698e-02 -1.04887672e-01
  7.04773981e-03 -6.01980798e-02 -3.05098314e-02 -9.86643322e-03
 -7.07892776e-02 -1.52310291e-02 -5.99013157e-02  3.60161588e-02
  2.62803696e-02 -7.48680858e-03  4.97698300e-02 -2.53270082e-02
  2.88358945e-02 -2.43970950e-04  4.35481109e-02  2.15978012e-03
  6.70011193e-02  3.26565653e-02  1.60448905e-02  5.23130745e-02
  1.26911085e-02 -2.36872025e-02  4.65064347e-02  2.25544367e-02
  3.68666314e-02 -8.12146440e-02  1.36151034e-02 -3.22207250e-02
 -4.20812406e-02 -1.04067415e-01 -1.38267232e-02 -4.62843440e-02
 -2.21578684e-02 -2.00855676e-02  4.29646336e-02  8.24992955e-02
 -1.40445204e-02  5.69708645e-02 -4.26446460e-02 -5.14791720e-02
  4.57119010e-02  7.32047558e-02  1.10746041e-01 -2.92979646e-02
 -4.53301519e-02  2.09616055e-03  7.32505545e-02  1.32442802e-01
 -5.04738139e-03  1.52778644e-02 -2.21663993e-02  9.36748758e-02
  2.28774957e-02  6.68321922e-02 -8.61155987e-03  9.93393585e-02
  5.81574719e-03  1.80210575e-01 -6.75269961e-02 -4.94123604e-08
 -5.15501983e-02 -8.41072481e-03  7.82189239e-03 -7.88697600e-03
 -6.09550215e-02  5.28671443e-02 -1.70855131e-02 -1.45970592e-02
 -5.22546507e-02 -3.45540373e-03 -2.71036550e-02 -2.22863210e-03
 -6.91459402e-02  6.05462156e-02 -4.70055789e-02  8.04373529e-03
 -1.64200831e-02  9.22998786e-02 -3.73197310e-02 -1.77296475e-02
  4.31536287e-02  4.74899784e-02 -1.86442882e-02  5.35152145e-02
  3.64168994e-02 -7.85467252e-02 -6.73642233e-02  5.06359665e-03
  1.00127548e-01 -2.62769554e-02  2.79152244e-02  2.84184255e-02
  9.43988860e-02  5.76094501e-02 -1.97147205e-02 -3.99348140e-03
 -1.07707590e-01  6.47580028e-02  2.31532399e-02  5.12161814e-02
  1.05995856e-01  1.38396909e-02 -1.43783456e-02 -1.70980673e-02
  3.80861536e-02  6.69864863e-02 -2.36592777e-02 -5.68775795e-02
 -2.46563908e-02  9.47806388e-02  2.05247253e-02  2.26094741e-02
 -9.38356593e-02  9.27969217e-02 -1.79328863e-02  6.01241402e-02
 -3.06081530e-02 -5.98558690e-03  4.47541662e-02 -5.89812137e-02
 -5.74488752e-02  4.30104546e-02 -7.97441676e-02  4.37668972e-02]"
18,../models/Geometry Examples/CarWithShapeAndCSG.sysml,"package CarWithShapeAndCSG {
	private import SpatialItems::*;
	private import ShapeItems::*;
	private import Objects::Point;
	private import Quantities::VectorQuantityValue;
	private import MeasurementReferences::CoordinateFrame;
	private import MeasurementReferences::TranslationRotationSequence;
	private import MeasurementReferences::Translation;
	private import MeasurementReferences::Rotation;
	private import SI::*;

	part def Car :> SpatialItem {
		doc
		/*
		 * Car with simple engine
		 */
	
        item :>> shape = Cuboid(4800 [mm], 1840 [mm], 1350 [mm]);

        attribute datum :>> coordinateFrame {
            :>> mRefs = (mm, mm, mm);
        }

		part powerSource : Engine [1] :> componentItems {
			:>> ecf { 
				:>> mRefs = datum.mRefs;
				:>> transformation : TranslationRotationSequence {
					:>> source = datum;
					:>> elements = ( Translation((3800, (1840-190)/2, 40)[datum]) );
				}
			}
		}
	}

	part def Engine :> SpatialItem {
		doc
		/*
		 * Simple 2-cylinder engine
		 * 
		 * Note: The engine shape is modeled as a rectangular box with two cylindrical holes, a gross simplification.
		 */
	
		item :>> shape [1];
		
		attribute <ecf> engineCoordinateFrame :>> coordinateFrame;		

		part rawEngineBlock : SpatialItem [1] {
			item :>> shape : Box [1] {
	    		:>> length = 300 [mm];
	    		:>> width = 190 [mm];
	    		:>> height = 330 [mm];
			}
		}
		
		private attribute rearCylinderSpacing = 90 [mm];
		private item cylinder1 : SpatialItem [1] {
			item :>> shape : Cylinder [1] {
	    		:>> radius = 55 [mm];
	    		:>> height = 350 [mm];
			}
			attribute :>> coordinateFrame {
				:>> transformation : TranslationRotationSequence {
					:>> source = ecf;
					:>> elements = (Translation( (rearCylinderSpacing, rawEngineBlock.shape.width/2, -10)[ecf]));
				}
			}
		}
		
		private attribute cylinderSpacing = 2*cylinder1.shape.radius + 20 [mm];
		private item cylinder2 : SpatialItem [1] {
			item :>> shape : Cylinder [1] {
	    		:>> radius = cylinder1.shape.radius;
	    		:>> height = cylinder1.shape.height;
			}
			attribute :>> coordinateFrame {
				:>> transformation : TranslationRotationSequence {
					:>> source = ecf;
					:>> elements = ( Translation((rearCylinderSpacing + cylinderSpacing, rawEngineBlock.shape.width/2, -10)[ecf]) );
				}
			}
		}

		/* CSG difference of rawEngineBlock minus cylinder1 minus cylinder2 */
		attribute :> differencesOf[1] {
			item :>> elements = (rawEngineBlock, cylinder1, cylinder2);
		}
	}
}","Generate a SysML v2 model that encapsulates a car with a simple engine, structured using spatial and shape items. The model includes a main part, 'Car', which is defined as a spatial item represented by a cuboid with specified dimensions. It features a coordinate frame for spatial references. The car includes one engine component that draws its coordinate frame from the car's datum, with a translation sequence for proper positioning.

Additionally, define the 'Engine' part as another spatial item, consisting of a simplistic 2-cylinder engine modeled as a rectangular box with two cylindrical voids. Each cylinder has a specified radius and height, with transformations to position them accurately. The engine's geometry allows for a gross simplification while using measurement references through coordinate frames. Lastly, employ a constructive solid geometry (CSG) difference to represent the engine block with the cylinders subtracted from it, highlighting the core design and layout of both the car and engine components within the model’s structure.","[-4.33955304e-02  4.41199243e-02 -2.75830701e-02 -1.97648369e-02
 -1.88383237e-02  7.54501452e-05 -4.53406200e-02  7.19046071e-02
 -1.06461802e-02 -8.75626206e-02 -6.25231583e-03 -3.55422646e-02
  3.36616300e-02  3.72110642e-02 -3.38379629e-02 -3.52984257e-02
  7.21729686e-03  1.13765702e-01 -4.55372594e-02 -9.71187372e-03
  8.21655542e-02 -1.72987673e-02  1.24772796e-02  8.59805476e-03
 -3.76908667e-02  3.46912853e-02 -3.26302946e-02  1.02422893e-01
  4.25152369e-02 -6.98134750e-02  4.05286066e-02  5.39279468e-02
 -2.17012018e-02  2.36223973e-02  6.34555966e-02 -1.03290558e-01
  3.53090395e-03 -8.85533262e-03 -4.84022275e-02 -8.48698765e-02
 -2.24086698e-02 -5.30431839e-03 -1.13905957e-02  3.79358120e-02
  7.30840713e-02  3.71057726e-02 -3.93095805e-04  2.00915448e-02
 -6.38128538e-03 -9.02553573e-02 -1.05153471e-01 -5.57349361e-02
  3.98215558e-03 -3.74330431e-02 -1.97867732e-02  6.18875772e-02
  3.56667303e-02  3.99225252e-03 -6.48439229e-02 -5.27517684e-02
  3.27487737e-02 -1.50135811e-02 -3.66685875e-02 -1.31418183e-02
 -4.65890244e-02  3.90870795e-02 -1.00139000e-01  4.22629304e-02
  2.77099758e-03  5.75513095e-02 -4.71383035e-02 -2.00058054e-02
  8.45424738e-03 -9.52952541e-03 -4.17152746e-03 -3.44120488e-02
 -7.66529795e-03 -2.93294787e-02  2.42312327e-02 -4.78783213e-02
 -4.12997194e-02  2.57854760e-02 -5.52720726e-02  1.19715212e-02
  2.02386901e-02 -3.61583754e-03  5.01536727e-02 -8.48682038e-03
 -9.53168515e-03  4.71094996e-02  1.31605882e-02  6.38071867e-03
  2.23815572e-02 -2.84754485e-02  3.60107608e-02  3.87734026e-02
  1.16232418e-01 -3.98074985e-02  9.97756496e-02  1.56735163e-02
  3.43739092e-02  4.87912409e-02  6.37080893e-02 -1.36833079e-02
 -2.69910097e-02  8.09058994e-02 -3.13556567e-02  2.13103332e-02
 -2.96084695e-02 -1.26739591e-01  1.27897318e-02  1.94194224e-02
 -4.44079302e-02 -1.35081951e-02 -2.01554988e-02 -5.46475500e-02
  1.28838781e-03  2.27383524e-03  7.07027763e-02 -4.21082675e-02
 -7.10870372e-03 -6.55938163e-02 -5.53566322e-04  4.77770828e-02
  6.00845627e-02 -1.58840772e-02 -5.46513088e-02  2.17606706e-33
 -9.96971428e-02  9.23306961e-03  4.31113318e-03  1.40070617e-01
  5.20460913e-03  7.73169696e-02 -3.68296616e-02  5.76306432e-02
  7.30481669e-02  1.28266051e-01 -5.62226437e-02 -1.11950263e-02
 -2.03810092e-02 -7.17710936e-03  4.99233305e-02 -9.24649984e-02
 -6.19931407e-02  5.67619987e-02 -4.96891737e-02  1.60268508e-02
  7.42103346e-03  4.34554331e-02 -1.13428768e-03  3.36680864e-03
  5.71253225e-02  9.02082324e-02 -5.61494892e-03 -2.63897013e-02
 -1.39572993e-01  3.99073847e-02 -1.16672944e-02  1.91615596e-02
 -8.19890052e-02  6.55849949e-02 -1.08998325e-02 -4.09686044e-02
 -1.98785719e-02 -4.63394336e-02  2.81108022e-02  3.93937051e-04
  6.44597486e-02 -3.13174399e-03 -4.02191766e-02 -4.38622944e-03
 -1.07448846e-01  3.09847798e-02 -1.38811790e-03  4.35308889e-02
  4.83385921e-02 -8.77448401e-05  2.49174610e-02 -3.65390821e-04
  3.78746614e-02 -6.35961592e-02  1.23674329e-02  3.46484669e-02
  1.76095646e-02 -8.94430093e-04  1.96465384e-02  5.72617427e-02
 -6.69090077e-02  5.54753542e-02 -2.28995346e-02 -1.53973512e-02
  1.68579705e-02  2.49058157e-02 -8.52847919e-02 -8.28946009e-02
  9.14826840e-02  9.21530277e-02 -4.27112691e-02  3.22854482e-02
 -6.50524721e-03  6.41648024e-02  6.59879446e-02 -5.03788441e-02
  9.92083549e-03 -8.26231670e-03 -5.53095303e-02  7.00393878e-03
 -1.04090884e-01  1.01014800e-01 -4.63969149e-02 -9.13577080e-02
 -5.56925870e-03 -5.27495444e-02 -3.38244773e-02 -3.58659029e-02
 -5.89275584e-02 -6.28439859e-02 -6.40061498e-02 -6.49663806e-02
 -1.38872052e-02  1.00354040e-02 -3.07980389e-03 -2.86548293e-33
  3.80469374e-02 -2.09854208e-02  7.27188960e-02  2.06441451e-02
 -1.71958786e-02 -5.98844476e-02  1.07743451e-03 -2.38994583e-02
 -3.75852780e-03  5.11825979e-02 -1.66474432e-02  4.27343585e-02
  1.00117430e-01  3.96627747e-02  3.92945707e-02  2.88639329e-02
  1.33722574e-02 -2.07035825e-01 -8.47400278e-02  1.34462351e-02
 -2.82102195e-03  2.22258773e-02 -2.84512043e-02 -1.24948015e-02
 -2.33367886e-02  2.38288343e-02 -6.87653497e-02 -2.41834894e-02
  2.08402909e-02  1.58763898e-03  8.15543719e-03 -5.82757927e-02
  6.42460436e-02 -2.10018549e-02 -5.50725870e-02 -8.21610987e-02
  1.14915529e-02 -2.54147518e-02 -3.07340547e-02 -2.83747148e-02
 -2.16957536e-02 -7.50279659e-03 -3.78281958e-02  6.17196076e-02
  5.78679256e-02  4.99921255e-02  5.80263659e-02 -3.67132239e-02
 -1.19833481e-02  2.73695756e-02  3.20574082e-03  4.64821095e-03
  1.69741046e-02  1.27268871e-02  3.36534940e-02  2.49317661e-02
  2.31651962e-02 -7.77376890e-02  2.94722579e-02  3.20770293e-02
  4.84565645e-02 -9.84970629e-02  1.06792222e-05 -2.37861392e-03
 -3.87485735e-02 -9.08271596e-02 -3.51583250e-02 -5.44720106e-02
  1.34232594e-02 -1.55057544e-02  4.28585559e-02  8.19481239e-02
 -1.43228723e-02  2.15673614e-02 -3.97365354e-02 -6.90379143e-02
  3.68206836e-02  4.36716750e-02  8.05859715e-02 -1.92232803e-02
 -3.44134532e-02 -1.46856364e-02  4.73310165e-02  8.93190131e-02
 -8.45128018e-03 -5.29819215e-03 -6.46507815e-02  5.10855280e-02
  5.98811843e-02  1.91702880e-02 -3.83085608e-02  1.12762526e-01
  1.54382158e-02  1.39345154e-01 -4.84136231e-02 -5.10725755e-08
 -5.34457155e-02 -3.67794968e-02  4.74634208e-02 -8.11997335e-03
 -3.33361179e-02  2.20795684e-02 -4.22938988e-02  2.53958963e-02
 -3.97897065e-02 -3.09494417e-02  3.58865261e-02 -4.35002847e-03
 -1.25311557e-02  4.01932374e-02 -2.01098598e-03  7.78528303e-02
  4.15673032e-02  4.12653834e-02 -1.51099162e-02  2.71224906e-03
  7.19528124e-02  2.91618239e-02 -4.61361296e-02  8.43877941e-02
  6.73598573e-02 -9.08100829e-02 -7.98644051e-02  6.15734098e-05
  1.02780193e-01 -1.26721803e-02  3.12858485e-02  2.09106002e-02
  1.47494122e-01  7.40489662e-02  3.01914439e-02 -5.76886907e-03
 -7.62270465e-02  7.11714476e-02  7.27781700e-03 -5.10470904e-02
  6.08180463e-02 -1.43151707e-03 -7.60433599e-02  2.13632733e-02
  7.11801425e-02  5.07033467e-02 -3.95298339e-02 -1.13429062e-01
 -5.59041910e-02  3.71885262e-02 -1.86360292e-02  8.31717066e-03
 -6.12596124e-02  8.79991427e-02 -3.45563628e-02  2.97975615e-02
  7.93167297e-03 -1.97987128e-02  3.80206704e-02 -5.34273237e-02
 -6.90222681e-02  1.34347260e-01 -3.28337885e-02 -1.81501582e-02]"
19,../models/Geometry Examples/ExternalShapeRefExample.sysml,"package ExternalShapeRefExample {
	private import ScalarValues::String;
	private import ShapeItems::*;
	private import ISQ::mass;
	private import SI::mm;

	metadata def ExternalShapeRef {
		doc
		/*
		 * Metadata to reference an externally defined shape.
		 */
	
		attribute purpose : String[1];
		attribute shapeIri : String[1];
	}
	
	part myBatteryUnit {
	    item :>> shape : Shell {
			metadata ExternalShapeRef {
				purpose = ""highLoD"";
				shapeIri = ""file:/detailed-geometry/LEMS-250W_BatteryHousing_Example.step"";
			}
		}		

		private item envelopingBoxBatteryUnit : Box :> envelopingShapes {
			:>> length = 140[mm];
			:>> width = 148[mm];
			:>> height = 90[mm];
		}
	}
}","Generate a SysML v2 model encapsulated in the package named ""ExternalShapeRefExample"". This model is designed to facilitate the referencing of external shapes within a system. It imports scalar values and shape items as well as necessary units like mass and millimeters. The core element is the ""ExternalShapeRef"" metadata definition, which establishes attributes including ""purpose"" and ""shapeIri"" for describing the intent and location of the referenced shape. Within this package, include the part ""myBatteryUnit,"" which utilizes a shell shape while referencing detailed geometry from an external STEP file for enhanced fidelity. Additionally, define an ""envelopingBoxBatteryUnit"" part, characterizing the spatial constraints of the battery unit with specified dimensions (140 mm length, 148 mm width, and 90 mm height). This model succinctly encapsulates both external shape integration and geometric representation within a cohesive framework.","[-3.56347524e-02  6.46093637e-02 -8.75499919e-02 -7.15069752e-03
 -2.88878158e-02 -9.87640582e-03  1.54021680e-02  1.08092755e-01
 -1.41949542e-02  8.18591937e-03  5.47092222e-02 -4.83616330e-02
  1.08281828e-01  5.89251295e-02  4.67730723e-02 -2.29247790e-02
  5.37677817e-02  3.74762714e-02 -6.81749880e-02  7.52995014e-02
  1.15846530e-01 -1.69319194e-02  8.95515159e-02  3.24386209e-02
  4.36296966e-03 -1.13263419e-02  1.81203187e-02  2.57567652e-02
 -2.66905781e-02 -1.17947191e-01  1.00431349e-02  7.02013671e-02
 -1.49775874e-02 -4.91152629e-02  1.05900139e-01  3.00019942e-02
  2.15750933e-02  7.64013603e-02  2.39480026e-02 -1.55826941e-01
 -3.52293774e-02  6.01060735e-03  5.72020113e-02  4.69129272e-02
  1.09567894e-02  3.21956947e-02  1.07131684e-02 -6.13966137e-02
 -5.83188832e-02  1.10919168e-02  4.22541089e-02 -1.47723081e-02
  3.04002054e-02  1.93433482e-02  7.88866356e-03  3.43170054e-02
  8.43020380e-02  2.29184944e-02 -3.49685065e-02 -6.66761622e-02
  9.73650313e-04 -1.78294145e-02 -3.81955355e-02 -1.68321673e-02
 -3.10536213e-02 -4.18693572e-02  5.48486412e-03 -1.83598511e-02
 -1.85670387e-02 -5.20992326e-03 -1.92283113e-02 -2.36146222e-03
 -4.06282358e-02 -6.06173910e-02 -3.72098237e-02  4.59812768e-02
  2.75724661e-02  8.37541819e-02  1.04002440e-02 -7.01179951e-02
 -1.42359529e-02  7.65077025e-02 -2.56065447e-02  4.84104007e-02
  6.42365590e-02  3.24549824e-02  9.45471376e-02 -3.95709984e-02
 -1.94362905e-02  2.99185608e-02  8.86176061e-03  1.26318820e-02
 -6.56499267e-02 -2.46109255e-02  1.54659245e-02 -3.48713137e-02
 -8.67269654e-03 -1.22645032e-02 -3.80887836e-02  3.10748369e-02
  1.18521497e-01  1.35015789e-02  6.36198893e-02 -2.82275677e-02
  3.06743272e-02 -7.07235932e-02 -1.10907629e-02 -7.51289818e-03
  4.66621704e-02 -5.10862842e-02  4.96134125e-02 -1.51232712e-03
 -7.23135052e-03  1.92708038e-02  3.96803692e-02  2.24540699e-02
 -1.04795396e-02 -4.76461090e-02  8.81660879e-02 -8.85492116e-02
 -1.62855592e-02 -1.75062306e-02 -6.59669098e-03  1.72569770e-02
  3.46236825e-02  2.46887654e-02 -6.03299737e-02  5.87915124e-33
 -8.48246366e-02  2.27068122e-02  1.88055746e-02  7.99818337e-02
  1.65582839e-02  6.16560616e-02 -2.00196840e-02  1.94444284e-02
  6.66234344e-02  6.74837688e-03 -1.06734127e-01  7.28468820e-02
  5.71160354e-02  3.00091766e-02  2.62950603e-02 -8.79994556e-02
 -6.84922934e-02  1.14109717e-01 -1.32094482e-02 -4.57806922e-02
 -9.95140243e-03 -6.38360856e-03 -6.26536831e-02  6.73461426e-03
  6.74620867e-02  7.10012242e-02  7.82040656e-02 -1.07935909e-02
 -6.77018613e-02  5.91903478e-02  1.03847012e-01  2.62230802e-02
  9.75617580e-03 -1.02682849e-02  4.63563390e-02 -3.24868672e-02
  1.65641643e-02 -5.65684736e-02  4.37101237e-02 -1.09535813e-01
  3.38680781e-02  7.97617715e-03 -4.49342141e-03  1.07792253e-02
 -1.07810207e-01 -7.35571384e-02 -2.40863324e-03  1.16721326e-02
 -4.38369215e-02 -3.26423161e-02  1.20628811e-02 -1.66355502e-02
  7.32401833e-02 -6.44754693e-02 -2.51247585e-02 -8.92314594e-03
 -6.17065467e-02 -3.45041715e-02  1.55323008e-02  6.81536049e-02
 -2.46614311e-02  4.58218940e-02  7.90475868e-03 -1.04325591e-02
  2.49589495e-02  1.97895411e-02 -8.29480961e-02 -1.14999026e-01
  1.99721995e-04  4.25723288e-03  9.95661970e-03  1.81654766e-02
 -3.80841568e-02 -7.30173243e-03  1.62432319e-04 -4.03513946e-02
  5.66481501e-02 -2.14993721e-03 -3.28873508e-02  1.48856593e-02
 -1.40528813e-01  2.41091177e-02 -1.78059451e-02 -8.19686875e-02
 -9.85516701e-03 -1.51910201e-01  4.85486500e-02 -1.14810579e-01
 -4.40596938e-02 -5.26456311e-02  1.35105550e-02 -9.70205814e-02
 -2.53925323e-02  3.60246450e-02 -1.21416859e-02 -5.08744992e-33
  1.35024413e-02  1.18068540e-02  9.66400504e-02 -3.86276469e-02
  1.86150540e-02  2.81245355e-02 -3.33920941e-02 -1.71670038e-02
 -5.69575280e-02 -7.58576579e-03 -5.79625554e-02  1.34278098e-02
  8.84747948e-04  1.06426971e-02  2.79334970e-02  6.10251389e-02
 -6.67160824e-02 -1.42951488e-01  1.37575960e-03  3.76480743e-02
  5.89052588e-02  2.68777795e-02 -1.45719666e-02  7.63074830e-02
  2.73688417e-02  3.64912562e-02 -3.09277326e-02 -2.32062023e-02
  3.50537375e-02 -1.32524548e-02 -1.27915796e-02 -2.67363749e-02
  6.58469927e-03  5.07687852e-02 -9.23877731e-02 -9.18953568e-02
  3.50873098e-02 -3.39323170e-02  3.09018232e-02  8.04141257e-03
 -3.87458168e-02  8.09994526e-03 -5.30229956e-02 -3.72070856e-02
 -1.79152489e-02 -5.79216257e-02 -4.20506932e-02  1.76654458e-02
 -1.76560506e-02 -2.78478656e-02 -3.70939299e-02 -4.75741550e-02
 -1.55408215e-02  7.14195594e-02 -2.24615354e-02  2.93944702e-02
 -7.10286573e-03  2.53482405e-02 -2.57027261e-02 -3.99162844e-02
  5.39253093e-02 -9.31145698e-02  5.74853830e-02 -2.13682149e-02
 -6.24176227e-02 -7.85721615e-02  5.14767580e-02 -4.86941561e-02
 -3.25774997e-02 -2.49966048e-02  2.01196410e-02  7.87111931e-03
  2.97127999e-02  1.58631504e-02 -6.05381001e-03 -8.02353546e-02
  6.52218238e-02 -5.32659814e-02  1.36222029e-02 -5.84726594e-02
 -3.66161913e-02  2.39204075e-02  3.38620208e-02  6.80155633e-03
 -1.99155845e-02 -3.91586758e-02  8.18554591e-03  1.32524788e-01
 -3.14151421e-02 -1.50420237e-03 -8.86632353e-02  4.70840223e-02
 -1.65205391e-03  2.12645173e-01 -4.19252664e-02 -5.60345477e-08
 -5.20333014e-02  2.82478482e-02  4.36978228e-02  2.01588515e-02
 -6.45390153e-02  4.75553423e-02 -1.66999793e-03  3.07330601e-02
 -3.70077323e-03 -1.41275665e-02  3.03181969e-02 -6.55220672e-02
 -1.66835468e-02  4.46659885e-03  7.58417416e-04  8.80081579e-02
  2.63273027e-02  8.59800279e-02 -2.42879763e-02  8.21144041e-03
  1.38576538e-03  1.96038522e-02 -4.38817888e-02  2.41648909e-02
  3.32291871e-02  4.87793386e-02 -8.70384872e-02  3.98962833e-02
  8.27566683e-02 -9.55861341e-03  3.46174948e-02  6.22353405e-02
  7.65376985e-02  3.09261456e-02 -1.21025331e-01  4.61130701e-02
 -2.10789181e-02 -4.51787421e-03  3.74158751e-03  7.77894333e-02
  4.92171869e-02 -1.29810227e-02 -2.67491601e-02  1.77141298e-02
  2.11600829e-02  1.97207332e-02  4.70141210e-02 -5.66089936e-02
 -8.02664310e-02  1.28722414e-01 -9.77737177e-03  2.32169479e-02
 -4.45715301e-02  5.07671721e-02 -7.21350983e-02  8.32486525e-02
 -4.85589802e-02 -8.09962628e-04  5.65086976e-02  4.11665775e-02
  3.31092253e-02  5.68838138e-03 -3.77032757e-02 -1.54769199e-03]"
20,../models/Geometry Examples/SimpleQuadcopter.sysml,"package SimpleQuadcopter {
    private import ISQ::*;
    private import SI::*;
    private import SpatialItems::*;
    private import ShapeItems::*;
    private import RealFunctions::sqrt;
    private import TrigFunctions::pi;
    private import TrigFunctions::tan;
    private import MeasurementReferences::CoordinateFrame;
    private import MeasurementReferences::TranslationRotationSequence;
    private import MeasurementReferences::Translation;
    private import MeasurementReferences::Rotation;

    part motorShape : SpatialItem {
        item :>> shape : Cylinder {
            :>> radius = 18 [mm];
            :>> height = 30 [mm];
        }
    }
    
    part def Strut :> SpatialItem {
        // By default will get same coordinateFrame.mRefs as owning SpatialItem, i.e.:
        // attribute :>> coordinateFrame { :>> mRefs = (mm, mm, mm); }
        
        /* rawStrut is a construction shape: a rectangular beam */
        part rawStrut : SpatialItem {
            item :>> shape : Box {
                :>> length = 160 [mm];
                :>> width = 15 [mm];
                :>> height = 8 [mm];
            }
            attribute :>> coordinateFrame {
                :>> transformation : TranslationRotationSequence {
                    :>> elements = (Translation( (0, shape.width/2, 0)[source]));
                }
            }        
        }

        /* motorCutout is a construction shape: a cylinder of the same shape as the  */
        part motorCutout : SpatialItem {
            item :>> shape = motorShape.shape;
            attribute :>> coordinateFrame {
                :>> transformation : TranslationRotationSequence {
                    :>> elements = (Translation( (175, 0, -1)[source]));
                }
            }
        }
        
        /* Strut shape is CSG difference of rawStrut minus motorCutout */
        attribute :> differencesOf[1] {
            item :>> elements = (rawStrut, motorCutout);
        }        
    }
    
    part def PropellerMotorAssy :> SpatialItem {
        // By default will get same coordinateFrame.mRefs as owning CompoundSpatialItem, i.e.:
        // attribute :>> coordinateFrame { :>> mRefs = (mm, mm, mm); }

        part propeller : SpatialItem {
            item :>> shape : Cylinder {
                doc /* propeller stay-out volume, without propeller shaft */
                :>> radius = 80 [mm];
                :>> height = 6 [mm];
            }
            attribute :>> coordinateFrame {
                :>> transformation : TranslationRotationSequence {
                    :>> elements = (Translation( (175, 0, 31)[source]));
                }
            }
        }

        part motor : SpatialItem {
            item :>> shape = motorShape.shape;
            attribute :>> coordinateFrame {
                :>> transformation : TranslationRotationSequence {
                    :>> elements = (Translation( (175, 0, 0)[source]));
                }
            }
        }
        
        // By default the shape of a PropellerMotorAssy is the union of its owned composite items and parts that are SpatialItems.
    }

    part def Camera :> SpatialItem {
        // By default will get same coordinateFrame.mRefs as owning CompoundSpatialItem, i.e.:
        // attribute :>> coordinateFrame { :>> mRefs = (mm, mm, mm); }

        part cameraHousing : SpatialItem {
            item :>> shape : Cylinder {
                :>> radius = 15 [mm];
                :>> height = 24 [mm];
            }
        }

        /* The field of view is modeled as an item, since it is not a part of the quadcopter but rather a stay-out volume 
         * that can for example be used to formulate a constraint.
         */
        item fieldOfView : SpatialItem {
            doc /* Conical field of view with half-top angle 20 degree */
            item :>> shape : Cone {
                :>> radius = height * tan(20 * pi/180) [mm];
                :>> height = 500 [mm];
            }
            attribute :>> coordinateFrame {
                :>> transformation : TranslationRotationSequence {
                    :>> elements = (Rotation( (0, 1, 0)[source], 180['°']));
                }
            }
        }
        
        // By default the shape of a Camera is the union of its owned composite items and parts that are SpatialItems.
    }

    part quadCopter : SpatialItem {
        attribute datum :>> coordinateFrame {
            doc /* The datum is the top level coordinate frame of the system-of-interest, i.e., the quadcopter.
                 * By convention its origin is placed at the bottom of the mainBody with the +X axis pointing in the 
                 * forward fligth (velocity) direction and the +Z axis pointing upward. The +Y axis completes the 
                 * right-handed Cartesian coordinate system.
                 */
            :>> mRefs = (mm, mm, mm);
        }

        part mainBody : SpatialItem {

            /* rawBody is a construction shape: the enveloping rectangular box */
            part rawBody : SpatialItem {
                item :>> shape : Box {
                    :>> length = 160 [mm];
                    :>> width = 15 [mm];
                    :>> height = 8 [mm];
                }
                attribute :>> coordinateFrame {
                    :>> transformation : TranslationRotationSequence {
                        :>> elements = (Translation( (0, shape.width/2, 0)[source]));
                    }
                }        
            }
            
            /* cuttingBox is a construction shape: the enveloping rectangular box */
            part cuttingCornersBox : SpatialItem {
                item :>> shape : Box {
                    :>> length = 105 [mm];
                    :>> width = 105 [mm];
                    :>> height = 60 [mm];
                }
                attribute :>> coordinateFrame {
                    :>> transformation : TranslationRotationSequence {
                        :>> elements = (Translation( (0, -shape.length/sqrt(2), -10)[source]), 
                                        Rotation((0, 0, 1)[source], 45['°']));
                    }
                }        
            }

            /* Main body shape is the CSG intersection of rawBody and cuttingCornersBox */
            attribute :> intersectionsOf[1] {
                item :>> elements = (rawBody, cuttingCornersBox);
            }
            // Current syntax is not end-user friendly
            // It will be possible to specify following simple CSG expression:
            // item :>> shape = rawBody & cuttingCornersBox;
        }

        // Helper construction parameters
        private attribute xStrut : LengthValue = 49.60[mm];
        private attribute yStrut : LengthValue = 24.65[mm];
        private attribute zStrut : LengthValue = 25[mm];
        private attribute zPMAssy : LengthValue = 12[mm];

        part strut1 : Strut {
            attribute :>> coordinateFrame {
                :>> transformation : TranslationRotationSequence {
                    :>> elements = (Translation( (xStrut.num, yStrut.num, zStrut.num)[source]), 
                                    Rotation((0, 0, 1)[source], 45['°']));
                }
            }        
        }
        part strut2 : Strut {
            attribute :>> coordinateFrame {
                :>> transformation : TranslationRotationSequence {
                    :>> elements = (Translation( (-xStrut.num, yStrut.num, zStrut.num)[source]), 
                                    Rotation((0, 0, 1)[source], 135['°']));
                }
            }        
        }
        part strut3 : Strut {
            attribute :>> coordinateFrame {
                :>> transformation : TranslationRotationSequence {
                    :>> elements = (Translation( (-xStrut.num, -yStrut.num, zStrut.num)[source]), 
                                    Rotation((0, 0, 1)[source], 225['°']));
                }
            }        
        }
        part strut4 : Strut {
            attribute :>> coordinateFrame {
                :>> transformation : TranslationRotationSequence {
                    :>> elements = (Translation( (xStrut.num, -yStrut.num, zStrut.num)[source]), 
                                    Rotation((0, 0, 1)[source], 315['°']));
                }
            }        
        }

        part propellerMotorAssy1 : PropellerMotorAssy {
            attribute :>> coordinateFrame {
                :>> transformation : TranslationRotationSequence {
                    :>> elements = (Translation( (xStrut.num, yStrut.num, zPMAssy.num)[source]), 
                                    Rotation((0, 0, 1)[source], 45['°']));
                }
            }        
        }
        part propellerMotorAssy2 : PropellerMotorAssy {
            attribute :>> coordinateFrame {
                :>> transformation : TranslationRotationSequence {
                    :>> elements = (Translation( (-xStrut.num, yStrut.num, zPMAssy.num)[source]), 
                                    Rotation((0, 0, 1)[source], 135['°']));
                }
            }        
        }
        part propellerMotorAssy3 : PropellerMotorAssy {
            attribute :>> coordinateFrame {
                :>> transformation : TranslationRotationSequence {
                    :>> elements = (Translation( (-xStrut.num, -yStrut.num, zPMAssy.num)[source]), 
                                    Rotation((0, 0, 1)[source], 225['°']));
                }
            }        
        }
        part propellerMotorAssy4 : PropellerMotorAssy {
            attribute :>> coordinateFrame {
                :>> transformation : TranslationRotationSequence {
                    :>> elements = (Translation( (xStrut.num, -yStrut.num, zPMAssy.num)[source]), 
                                    Rotation((0, 0, 1)[source], 315['°']));
                }
            }        
        }

        /* The camera is placed protruding from the +X face of the main body, rotated about the +Y axis over 50° downwards */
        part camera : Camera {
            attribute :>> coordinateFrame {
                :>> transformation : TranslationRotationSequence {
                    :>> elements = (Translation( (59, 0, 2)[source]), 
                                    Rotation((0, 1, 0)[source], 50['°']));
                }
            }        
        }
        
    }
}","Generate a SysML v2 model for a simple quadcopter system. Model a package named ""SimpleQuadcopter"" that imports necessary libraries for spatial and measurement functions. Define parts for the quadcopter including motor shapes, struts, propeller assemblies, and a camera. The struts should utilize a rectangular beam shape, incorporating motor cutouts through a CSG difference. Each spatial item, like the main body and propellers, should have specified shapes, dimensions, and coordinate transformations. The quadcopter assembly involves arranging struts and motor assemblies in a coordinated frame, with the camera positioned precisely for optimal viewing. Use dimensions in millimeters for all components. Implement clear attribute definitions for patterns, shapes, and spatial transformations to enable comprehensive modeling of the quadcopter's geometry and assembly structure.","[ 2.44457033e-02 -4.06818017e-02 -6.63270429e-02 -5.03605306e-02
 -5.89661002e-02  3.50250350e-03 -5.08205928e-02  7.33802095e-02
 -1.24064414e-02  8.87733698e-02  7.40185753e-02 -1.62366051e-02
 -1.38554247e-02  1.38790980e-02 -3.56540494e-02  2.95585804e-02
  2.70253103e-02  2.21570190e-02  2.22253986e-02  2.92696171e-02
  6.96569160e-02 -7.97079131e-03  1.14088170e-02 -5.64892255e-02
 -7.85912424e-02  3.77010903e-03 -4.62526008e-02  7.77529478e-02
 -1.09948795e-02 -7.59573877e-02  4.27946635e-02  3.39557193e-02
  3.18923444e-02 -4.94351722e-02  7.14257285e-02 -1.48539059e-02
  5.46739846e-02 -6.67870268e-02 -5.29723503e-02 -5.59195206e-02
 -1.55393884e-03  7.91988336e-03  3.54803428e-02 -1.73492376e-02
  5.93873300e-03  1.21463723e-01  5.93750216e-02 -7.66823650e-04
  6.75966069e-02 -6.96011707e-02  3.69767216e-03 -1.00059077e-01
  3.71150337e-02 -5.80732077e-02  5.32280356e-02  6.13629296e-02
 -4.72937189e-02 -3.33062448e-02  2.37784181e-02 -7.55722076e-02
  5.52872196e-02  5.51513024e-02 -2.60274224e-02 -1.05054695e-02
 -2.09799577e-02  2.28817780e-02 -4.90585789e-02 -2.32047439e-02
  2.90152505e-02  2.34445687e-02 -9.77994427e-02  2.69224253e-02
  2.68518683e-02  1.51201879e-04 -1.01239428e-01 -1.04040250e-01
  5.85316867e-02 -8.86545423e-03  2.17880569e-02 -1.54885696e-02
 -1.32532753e-02  2.58570202e-02 -1.04845010e-01  9.33120772e-03
  3.51122022e-02  3.97888571e-02  5.56492573e-03  4.28523384e-02
  1.88121684e-02 -5.83774596e-02  2.38856790e-03 -9.59286243e-02
 -3.21072936e-02 -7.21246973e-02  2.09119767e-02 -2.84522343e-02
  6.59668967e-02 -5.92157543e-02  2.08167490e-02 -1.12427883e-02
  5.71900606e-02 -2.75359396e-02  1.30137414e-01 -3.61812524e-02
 -1.79490969e-02  3.53388265e-02 -1.77002512e-02  3.70195433e-02
  3.33318487e-02 -7.38679320e-02 -1.03913158e-01  8.99249837e-02
 -4.79146987e-02  4.32919785e-02  3.36449221e-02  1.26631996e-02
 -3.02490238e-02 -3.49372551e-02  1.40705546e-02 -8.02625194e-02
  1.04171364e-02 -6.30737245e-02  7.99226835e-02  6.35873973e-02
  1.02731042e-01  7.62620335e-03 -8.42314884e-02  3.09930143e-33
 -7.51104429e-02  8.02448019e-02  1.20877763e-02  9.52401534e-02
  6.53533777e-03  3.69945057e-02  4.41838428e-02  3.64630334e-02
  8.32002088e-02  8.22278783e-02 -4.11970820e-03 -1.02156021e-01
 -3.79998013e-02  9.78921801e-02  7.59577826e-02 -6.26149029e-02
 -3.86811905e-02 -9.37008578e-03 -3.35406959e-02  8.56852252e-03
  1.15299253e-02 -3.22498232e-02 -1.82773285e-02  5.72188273e-02
  9.34086666e-02  6.85491115e-02  3.93450633e-02  1.60335395e-02
 -5.83801493e-02  5.77002950e-03  3.12375221e-02  6.18473114e-03
 -2.88811401e-02  3.03884018e-02  5.37731908e-02 -5.17038368e-02
 -9.40782265e-05 -5.54104261e-02  9.27162706e-04  1.45281861e-02
 -1.77228563e-02 -1.83946490e-02 -2.99640968e-02 -4.01773602e-02
 -3.18073072e-02 -3.70942522e-03  1.04091819e-02  3.70349959e-02
  6.12044483e-02 -2.55781058e-02  1.83325801e-02  3.97992358e-02
 -4.42251237e-03 -5.21378852e-02 -5.36437482e-02  3.93812265e-03
  2.20573451e-02 -7.00361654e-02 -4.59868722e-02  4.99029234e-02
 -4.97940779e-02 -2.31865067e-02 -2.85914540e-02 -4.85057160e-02
 -5.87815605e-03  4.15245304e-03  7.48871220e-03 -2.04059128e-02
  3.61374766e-02  7.71728829e-02 -4.38548625e-02 -5.74985407e-02
  1.95616893e-02 -2.33137924e-02  1.09621666e-01  2.18446366e-02
 -5.43554127e-02  9.46072862e-03 -2.28342973e-02  5.09902053e-02
 -5.28218299e-02  1.00558639e-01 -2.77952626e-02 -6.38321340e-02
 -4.38150391e-03 -8.49201083e-02  1.15740802e-02 -2.58476250e-02
 -6.54477626e-02 -8.07458907e-02 -1.50321294e-02 -2.87441928e-02
 -4.77903523e-02  1.83903461e-03  9.90943145e-03 -4.39070613e-33
 -2.35375692e-03  3.30766924e-02  3.69819105e-02  3.23269293e-02
 -3.50683481e-02 -5.59829809e-02  3.00547145e-02  1.00629013e-02
  1.63971223e-02 -4.55358066e-02 -1.77609287e-02  4.22377065e-02
 -2.33535692e-02  4.38380353e-02  6.04111552e-02  9.04242769e-02
 -6.23454712e-02 -5.57866506e-02  2.09383257e-02 -3.85170393e-02
  8.93539265e-02  2.66494937e-02  8.50288048e-02 -8.31606314e-02
  7.19385967e-02  3.06878723e-02 -9.50469542e-03 -2.83920835e-03
  4.47074622e-02  1.32671883e-02 -5.42449355e-02 -7.14872777e-02
  6.31662980e-02  1.96152665e-02 -7.65202641e-02 -9.58751440e-02
 -1.03037566e-01 -3.21384706e-02 -1.81335341e-02 -5.68875149e-02
  6.13550544e-02  6.05659783e-02 -3.59515548e-02  1.67470258e-02
  4.03227657e-02 -6.37389496e-02  4.11816612e-02 -1.10194758e-02
  1.71979517e-02 -2.62662265e-02 -4.75631468e-02  8.69077723e-03
  8.60072672e-03 -2.84311660e-02  9.32340324e-02  1.05091035e-02
  1.30826076e-02 -5.27240671e-02  2.38561071e-02 -3.33104581e-02
 -6.08109916e-03 -6.25838786e-02 -2.92413067e-02  3.10393386e-02
  1.39546171e-02 -1.78916771e-02  4.28453013e-02  3.74914296e-02
 -1.02870958e-02  4.44035977e-02  3.08218319e-02 -1.26489513e-02
  5.28074950e-02 -2.61027664e-02 -3.99692990e-02 -4.30790335e-02
 -4.67907004e-02  8.00645798e-02  1.06266133e-01  1.20992307e-02
 -4.01830524e-02 -5.81020750e-02  5.23776673e-02  6.53752089e-02
 -5.46023622e-02  4.45456617e-02 -2.83822790e-02  6.33084401e-02
  2.39668437e-03 -2.51068398e-02 -4.05260772e-02  6.76662624e-02
  1.48290887e-01  1.31071880e-01 -4.37480249e-02 -4.79134030e-08
 -6.34701252e-02  1.58692861e-03 -3.25933541e-03 -3.92255709e-02
 -7.65283406e-03  1.97237730e-02 -4.32173684e-02 -2.66733021e-02
 -4.32180725e-02 -2.49444600e-02 -4.14034687e-02 -5.96467704e-02
  1.37714879e-03  4.63714004e-02 -2.49368306e-02  5.59689626e-02
 -1.51862474e-02  1.78100299e-02 -1.49478214e-02 -5.79738580e-02
 -1.73539054e-02 -2.53815576e-02 -2.78595146e-02  1.17171623e-01
 -1.73093565e-02  2.00512223e-02 -5.93881868e-02  2.54413038e-02
  5.94243780e-02  6.29849210e-02 -7.11960159e-03  1.94604062e-02
 -1.31636346e-02  7.96123035e-03  3.49651501e-02  3.22860777e-02
 -1.14165433e-01 -1.19758360e-02  1.11654155e-01  3.59725058e-02
 -3.33901425e-03  3.33668441e-02  3.66477482e-02  5.94035648e-02
  6.20678328e-02  3.97778414e-02 -2.97608972e-02 -1.67702526e-01
 -4.90576029e-02 -1.48024615e-02  1.48820579e-02  3.50690968e-02
 -1.01063147e-01  6.30996600e-02 -5.24362586e-02  1.09790139e-01
  3.37339751e-02 -7.39315674e-02  2.33647432e-02 -4.85778227e-02
  2.85511534e-03  7.94407651e-02 -9.76622552e-02  5.42376228e-02]"
21,../models/Geometry Examples/VehicleGeometryAndCoordinateFrames.sysml,"package VehicleGeometryAndCoordinateFrames {
    private import TrigFunctions::*;
    private import ISQ::*;
    private import SI::*;
    private import Time::*;

    private import ShapeItems::*;
    private import SpatialItems::*;

    private import MeasurementReferences::CoordinateFrame;
    private import MeasurementReferences::TranslationRotationSequence;
    private import MeasurementReferences::Translation;
    private import MeasurementReferences::Rotation;
    
    private import Collections::Array;
    private import ScalarValues::Boolean;
    private import ScalarValues::Real;
    private import ScalarValues::Natural;
	private import ControlFunctions::forAll;
    
    part def Vehicle :> SpatialItem;

    part def Chassis :> SpatialItem {
        item :>> shape = Box(4800 [mm], 1840 [mm], 1350 [mm]);
    }

    part def Wheel :> SpatialItem {
		doc
		/*
		 * Generic wheel with lugbolts
		 * 
		 * The radius is estimated for a 22 inch hub plus 110 mm tire height.
		 * The wheel width is equal to the cylinder height.
		 * The wheel has 5 lugbolts that are evenly distributed along a circle centered at the wheel's center.
		 */
	
    	ref item :>> self : Wheel;
        item :>> shape : Cylinder {
            :>> radius = 22/2*25.4 + 110 [mm]; 
            :>> height = 220 [mm];
        }
        attribute <wcf> wheelCoordinateFrame : CoordinateFrame;
        
        attribute numberOfBolts : Natural = 5;	
		part lugBolts : LugBolt[1..numberOfBolts];
		
		/* 
		 * As an example of a more involved placement of composite parts, constrain the positions of the coordinate frame origins 
		 * of the lugbolts to a circle with radius lbpr distributed evenly over 360°.
		 */
        attribute <lbpr> lugBoltPlacementRadius :>> radius default 60 [mm];
		private attribute lugBoltDistributionAngle :>> planeAngle = 360/numberOfBolts ['°'];
        private attribute lbda : Real = lugBoltDistributionAngle.num * (pi/180); // lugBoltDistributionAngle in radian
		assert constraint {
			(1..numberOfBolts)->forAll {
				in i : Natural;
				private attribute lbcf = lugBolts#(i).coordinateFrame; 
				private attribute trs : TranslationRotationSequence {
					:>> source = wcf;
					:>> target = lbcf;
					:>> elements = Translation((lbpr*cos((i-1)*lbda), lbpr*sin((i-1)*lbda), -8)[wcf]); 
				}
				lbcf.transformation == trs
			}
		}
    }

    part def LugBolt :> SpatialItem {
    	item :>> shape : Cylinder {
    		:>> radius = 14 [mm];
    		:>> height = 40 [mm];
    	}
    }

    part vehicle : Vehicle, SpatialItem {
		/* 
		 * Vehicle frame origin at center of bottom plate of chassis
		 * with +Z upwards and +X in the forward (front) direction
		 */
        attribute datum :>> coordinateFrame {
            :>> mRefs = (mm, mm, mm);
        }

        part chassis : Chassis[1] :> componentItems {
			attribute :>> coordinateFrame {
				attribute :>> transformation : TranslationRotationSequence {
	 	          	attribute :>> source = datum;
                	attribute :>> elements = Translation((-(shape as Box).length/2, -(shape as Box).width/2, 0)[datum]);
                }
			}
        }

        private attribute plusXAxis : Array { :>> dimensions = 3; :>> elements : Real[3] = (1, 0, 0); }
        private attribute frontWheelXShift : Real = 1670;
        private attribute rearWheelXShift : Real = -1820;
        private attribute wheelYShift : Real = 720;

        part leftFrontWheel : Wheel[1] :> componentItems {
            attribute :>> coordinateFrame {
                attribute :>> transformation : TranslationRotationSequence {
	            	attribute :>> source = datum;
                	attribute :>> elements = (Translation((frontWheelXShift, wheelYShift, 80)[datum]), Rotation(plusXAxis[datum], -90['°']));
                }
            }
        }
        part rightFrontWheel : Wheel[1] :> componentItems {
            attribute :>> coordinateFrame {
                attribute :>> transformation : TranslationRotationSequence {
                	attribute :>> source = datum;
                	attribute :>> elements = (Translation((frontWheelXShift, -wheelYShift, 80)[datum]), Rotation((1, 0, 0)[datum], 90['°']));
                }
            }
        }
        part leftRearWheel : Wheel[1] :> componentItems {
            attribute :>> coordinateFrame {
                attribute :>> transformation : TranslationRotationSequence {
                	attribute :>> source = datum;
                	attribute :>> elements = (Translation((rearWheelXShift, wheelYShift, 80)[datum]), Rotation((1, 0, 0)[datum], 90['°']));
                }
            }
        }
        part rightRearWheel : Wheel[1] :> componentItems {
            attribute :>> coordinateFrame {
                attribute :>> transformation : TranslationRotationSequence {
					attribute :>> source = datum;
                	attribute :>> elements = (Translation((rearWheelXShift, -wheelYShift, 80)[datum]), Rotation((-1, 0, 0)[datum], 90['°']));
                }
            }
        }
    }
}
","Generate a SysML v2 model for a vehicle's geometry and coordinate frames, encapsulated in a package named VehicleGeometryAndCoordinateFrames. The model includes a main part, Vehicle, defined as a SpatialItem, with a chassis represented as a box and four wheels modeled using cylindrical shapes that also include attributes for lug bolts and their placement. Each wheel is connected to a coordinate frame allowing for transformations based on translation and rotation sequences.

The chassis provides the base of the vehicle, with the origin at its bottom plate. Each wheel is positioned accurately using transformations relative to a shared coordinate frame, incorporating shifts for front and rear placement. The configuration ensures even distribution of lug bolts on each wheel, placing them uniformly around a specified radius. Various references and utility functions, including trigonometric calculations, provide the needed numerical support. The model promotes modularity and precision in representing vehicle geometry and relationships among components, facilitating further analysis and design iterations.","[-9.05152690e-03 -2.46324167e-02 -1.67297479e-02 -3.48394178e-02
  2.48458819e-03 -4.79280502e-02 -4.18864144e-03  9.48548988e-02
  2.96488777e-02 -3.71608790e-03  8.59172344e-02  6.09455816e-02
  3.10166497e-02  3.55303809e-02 -5.97261973e-02  7.33146584e-03
 -7.27714086e-03  9.84109640e-02 -8.14718530e-02  2.14326493e-02
  4.16558459e-02 -7.96355009e-02  2.92405915e-02  2.87562679e-03
 -8.45739618e-02  1.67326536e-02  5.94330672e-03  8.44467506e-02
 -6.39524544e-03 -6.21005297e-02  6.59078658e-02  6.73845857e-02
  2.74450947e-02  9.43140592e-04 -3.28995138e-02 -5.52181341e-02
  2.34908215e-03 -5.79117313e-02 -5.81219643e-02 -6.02919199e-02
 -2.68469751e-02 -1.77901685e-02  6.19083866e-02  3.34833860e-02
  5.19108772e-02  2.14292035e-02  5.74136265e-02 -7.45678088e-03
 -2.83171069e-02 -3.08526009e-02 -2.30985731e-02  5.23321889e-03
  8.90057534e-03 -3.77593972e-02 -8.22669566e-02  7.91971460e-02
  2.75820270e-02  7.78949878e-04 -1.45339537e-02 -5.98175302e-02
  1.22973405e-01 -3.45847313e-03 -4.23829556e-02 -3.05581223e-02
 -5.32981306e-02 -3.98036577e-02 -3.31488275e-03 -7.89085403e-02
 -9.75744985e-03  4.13767323e-02 -5.01865000e-02 -3.53212133e-02
 -3.46605889e-02  1.99433286e-02  2.54598670e-02 -3.54254767e-02
  5.06759845e-02 -1.92413144e-02 -6.47938950e-03 -3.41815837e-02
 -2.77766641e-02  9.01063606e-02  4.73136008e-02 -2.44662017e-02
  2.57928036e-02 -3.28738242e-02  1.76434647e-02  8.13818350e-02
  8.65658373e-03  4.25624214e-02  1.01735713e-02 -4.26513739e-02
  2.07428653e-02 -3.73508558e-02 -5.19043580e-03  7.69055486e-02
  6.03464767e-02 -1.72368120e-02  3.05223782e-02  1.57558843e-02
  7.33456016e-03 -1.44763021e-02  6.93205371e-02  7.45431706e-03
 -4.42964919e-02  6.93326443e-02 -2.60264780e-02 -3.21156643e-02
 -6.41238689e-02 -6.44376427e-02  1.39165511e-02  5.58796749e-02
 -5.19951507e-02  1.47402110e-02 -6.40839785e-02 -6.63097724e-02
 -1.97261833e-02  2.91645229e-02  9.41456258e-02  2.35319347e-03
  3.38258557e-02 -2.00811829e-02  5.99765144e-02  7.48153329e-02
  5.63382767e-02 -1.69997104e-02 -6.40602037e-02  3.77087825e-33
 -1.33172020e-01  2.38217451e-02  6.81751361e-03  1.27223253e-01
 -4.28728350e-02  2.12649778e-02  6.40793610e-03  2.35838853e-02
  4.99452166e-02  7.22346529e-02 -6.20948747e-02  2.67459247e-02
  3.73035371e-02 -2.70280670e-02  6.19876757e-02 -8.61295164e-02
 -4.03128490e-02  1.23118069e-02 -3.60187925e-02  4.99875471e-02
 -2.75017936e-02 -1.88641045e-02 -3.49574897e-04 -2.35401299e-02
  6.26674891e-02  1.27285019e-01  3.71264480e-02 -7.88954273e-03
 -2.62279566e-02  1.81360710e-02 -4.10490520e-02  1.91529188e-02
 -2.88397744e-02  9.76367965e-02  7.18033756e-04 -1.42360451e-02
 -1.01988114e-01 -8.94731805e-02  2.66006403e-02 -7.16391159e-03
  7.03045875e-02 -1.08714337e-02 -5.56847304e-02  5.57064861e-02
 -8.52281302e-02  4.12868522e-02  1.25292856e-02  4.45070565e-02
  4.38879505e-02  8.12991231e-04 -6.01883195e-02  1.15905227e-02
  3.40861343e-02 -1.32116061e-02 -1.94719695e-02  2.03337725e-02
  4.65311867e-04 -3.58330868e-02 -1.63103435e-02  3.86475660e-02
 -4.96719740e-02  3.21448594e-02  2.57403124e-02 -7.22263530e-02
  4.01840732e-02 -1.80146229e-02 -6.04509301e-02 -8.51739347e-02
  5.64859509e-02  6.63877353e-02 -4.59922914e-04  3.99298919e-03
  1.42243179e-02  1.35353953e-01 -7.98256297e-05  3.12744267e-03
  3.99799086e-02  3.17024440e-02 -8.17028210e-02  1.00009097e-02
 -1.31966963e-01  9.29866061e-02 -3.04045212e-02 -6.36289865e-02
  1.02630621e-02 -4.57588732e-02 -5.29411957e-02 -7.41606578e-02
 -1.40200956e-02 -7.92057216e-02 -4.74845842e-02 -7.60779455e-02
 -9.29522961e-02  2.09572762e-02 -8.11552629e-03 -3.79524992e-33
  1.32173439e-03 -7.19141171e-05  1.63972639e-02  4.37831357e-02
 -1.62914786e-02 -5.08887246e-02 -5.60253998e-03 -4.51754443e-02
 -5.94149567e-02  2.13517603e-02 -4.50494047e-03  2.13862024e-03
  3.52455415e-02  4.85293716e-02  9.58949178e-02  6.31899759e-02
  2.50901561e-02 -1.73856288e-01 -7.07578883e-02 -9.07031354e-03
  1.71461124e-02  4.32821847e-02 -3.62132788e-02 -1.38624758e-02
  2.87234262e-02 -4.46523391e-02  1.38433445e-02 -5.23882583e-02
 -4.14110422e-02  3.74058150e-02 -4.54455800e-02 -6.02571964e-02
  9.79596078e-02 -1.17447111e-03 -4.18228172e-02 -7.46814236e-02
 -6.04047514e-02 -3.79234739e-02 -2.46245861e-02 -3.11499462e-02
  1.10273380e-02 -4.01955890e-03  7.46094447e-04  4.92829569e-02
 -9.88928368e-04 -2.24910751e-02  3.07351779e-02  2.28739288e-02
  3.57153937e-02 -1.04429731e-02 -3.37830186e-03 -3.49705480e-03
  3.68952155e-02 -4.07095850e-02  5.06244563e-02  1.83825139e-02
  6.48637954e-03 -3.96027341e-02  4.11541387e-02 -3.53903994e-02
  3.84334102e-02 -3.14025767e-02  4.65399623e-02 -1.51340989e-02
 -1.90834962e-02 -6.09840676e-02 -3.34059745e-02 -5.52020371e-02
 -5.74026518e-02  1.94839947e-02  4.78905812e-02  5.64053934e-03
  3.07642967e-02  8.49396363e-03 -9.02526639e-03 -3.57908234e-02
  4.05199230e-02  3.63222919e-02  7.80258477e-02 -5.65632656e-02
 -6.04432821e-02 -6.80811033e-02  7.43508264e-02  1.42447442e-01
 -4.51655351e-02 -2.04972923e-02 -5.32440655e-02  6.88392147e-02
  2.68526524e-02  3.81423645e-02  4.21203487e-02  9.64161977e-02
 -1.01500805e-02  1.71540275e-01  3.47109768e-03 -4.66724757e-08
 -6.48270622e-02 -2.72226147e-03 -2.15540025e-02 -9.05276742e-03
 -4.90994863e-02  6.25782460e-02  2.87513323e-02 -1.65870525e-02
 -1.01245336e-01  6.52538612e-04  1.99281843e-03 -3.73144858e-02
 -7.96827674e-03  3.87706533e-02 -3.37126828e-03  1.31877437e-01
  2.69993991e-02  8.37255642e-02 -4.13651206e-02 -1.06808189e-02
  5.12933694e-02  2.30603572e-02  2.34699901e-02  8.50717500e-02
  9.33070946e-03 -2.85883695e-02 -4.22947779e-02  2.87291370e-02
  8.15816149e-02 -6.07338250e-02  4.34786268e-02 -1.13056274e-03
  1.39922887e-01  2.87345015e-02  3.26766334e-02  1.27177080e-02
 -9.84990671e-02  3.45675722e-02  6.08642586e-02  7.71364151e-03
  1.90443322e-02  2.41323728e-02 -3.19199003e-02  3.55196930e-02
  3.17304842e-02  8.23001415e-02 -1.13795981e-01 -6.24091625e-02
 -4.43219356e-02 -6.76732697e-03 -3.01415697e-02  3.39079536e-02
 -9.96889323e-02  9.13181826e-02 -1.95011664e-02  5.81275448e-02
  4.67653237e-02 -4.06030454e-02  7.12567493e-02 -5.01979999e-02
 -9.61603597e-02  8.92756805e-02 -1.64880231e-02 -2.40248498e-02]"
22,../models/Import Tests/AliasImport.sysml,"package AliasImport {
	package Definitions {
	    part def Vehicle;
	    
	    alias Car for Vehicle;
	}
	
	package Usages {
	    private import Definitions::Car;
	
	    part vehicle : Car;
	}
}","Generate a SysML v2 model that encapsulates a structured representation of vehicle definitions and their usages through aliasing. Model a package named ""AliasImport"" containing two sub-packages: ""Definitions"" and ""Usages."" In the ""Definitions"" package, declare a part definition for a generic object termed ""Vehicle,"" and create an alias called ""Car"" for this part to signify a specific type of vehicle. In the ""Usages"" package, implement a private import of the ""Car"" alias from the ""Definitions"" package. Finally, within ""Usages,"" establish a part named ""vehicle"" that is typed as ""Car,"" effectively demonstrating the utilization of aliasing in vehicle representation while ensuring encapsulation of definitions for clarity and reusability.","[-4.01388854e-02 -1.25843259e-02  2.10419968e-02 -3.65739828e-03
 -1.31420828e-02 -7.10153580e-03  1.01737961e-01  6.66546524e-02
 -3.51645648e-02 -4.52479310e-02  4.79776561e-02 -3.67527604e-02
  5.37461787e-02  6.61390275e-02  6.05915748e-02  4.59372252e-03
  3.61266732e-02  2.47353129e-02 -3.03381309e-02  5.39479218e-02
  1.01777673e-01  2.37135403e-02 -2.58422848e-02  4.98062409e-02
 -7.58347213e-02 -3.00107244e-02 -9.89677384e-03  6.32306710e-02
  6.71237186e-02 -5.76237291e-02  3.25740166e-02  1.63621694e-01
  8.15541577e-03  2.89578848e-02  5.00759520e-02  1.17059881e-02
 -3.94258695e-03  8.08904506e-03 -6.44763000e-03 -1.17309228e-01
  1.19341919e-02 -5.27464263e-02 -5.85346408e-02  1.01731913e-02
  2.38402542e-02 -5.27513847e-02  7.15496838e-02  1.79858729e-02
 -1.94044842e-04 -2.78026946e-02 -3.64161730e-02 -1.92503240e-02
 -5.94500750e-02 -2.45713945e-02 -2.54233275e-02  1.65579785e-02
 -1.58083979e-02  2.96129677e-02 -1.12622455e-01  1.73824765e-02
 -7.57143945e-02 -7.73428055e-03 -1.60846226e-02 -4.82155103e-03
 -6.94589838e-02  2.49608494e-02 -2.55519729e-02 -3.85864498e-03
  4.81181592e-02  7.07775131e-02 -9.21974406e-02  2.21078321e-02
 -2.16291682e-03  3.82647850e-02 -2.18405891e-02 -2.50071008e-02
  9.38505977e-02  3.14416885e-02  1.76985618e-02 -1.18885972e-01
 -6.08624853e-02  5.49073368e-02 -1.98771749e-02 -4.21030587e-03
  4.76682894e-02  1.45005118e-02  5.74544817e-02 -3.57218832e-02
  3.42996605e-02  4.57603261e-02 -8.81596357e-02 -1.01486325e-01
  1.19060867e-01 -3.77022587e-02  2.86881649e-03  5.35718352e-03
  4.95227762e-02  4.03984170e-03  8.62449929e-02  4.43638861e-02
 -6.07386157e-02  7.88719356e-02  5.27338237e-02 -8.40619951e-03
 -5.41873649e-02  2.60003656e-02 -1.86882056e-02 -7.96591416e-02
 -2.66458243e-02 -4.78901751e-02 -8.41091108e-03  5.93184941e-02
 -3.58186066e-02 -7.89933950e-02 -4.49851491e-02  3.84577829e-03
 -1.33281779e-02 -3.14110033e-02  8.67474973e-02 -4.12127078e-02
 -4.22445498e-02 -3.85730043e-02  1.01447716e-01  2.24333331e-02
  6.95614219e-02  7.20027881e-03 -3.68401483e-02 -2.44814813e-34
 -8.53995755e-02 -6.36605406e-03 -2.32327338e-02  1.40369475e-01
  1.46721480e-02  2.36946121e-02  2.62796283e-02  4.07475755e-02
 -6.14989847e-02  1.89860426e-02 -1.61974747e-02  1.57289822e-02
 -1.49558969e-02  5.91725558e-02  2.98040193e-02  1.82200521e-02
 -6.56753704e-02  9.18990523e-02 -1.05211167e-02 -2.33838465e-02
 -9.35425982e-03  3.85467410e-02 -4.26357724e-02 -6.41241437e-04
  8.02868456e-02  8.24985877e-02  2.36132424e-02 -1.30025167e-02
  6.87238500e-02  2.51184721e-02  4.44378406e-02  3.57384272e-02
  5.92166930e-03  6.85384646e-02  4.03818972e-02  2.28751581e-02
 -3.61478329e-02 -3.31732035e-02  2.97606159e-02 -4.26003672e-02
  1.01729505e-01 -1.34062441e-02 -2.25492548e-02  1.68980490e-02
 -5.67977913e-02 -3.37421857e-02 -2.30373964e-02  6.80497438e-02
  2.83298269e-02 -2.96923798e-02  9.25430004e-03  1.51529573e-02
  5.75677864e-02 -5.77634666e-03 -7.03504905e-02 -1.72667615e-02
 -1.04711968e-02  9.85451136e-03 -7.82226399e-03  1.14745609e-02
 -7.47766197e-02  3.73254232e-02  1.72624318e-03  4.13101017e-02
  5.28411269e-02  1.96355283e-02 -6.41522706e-02 -5.92861660e-02
  8.22247714e-02  4.24724706e-02  3.36181885e-03  1.09681617e-02
 -1.06309533e-01  6.56899214e-02  3.23889032e-02 -4.85613048e-02
 -1.89414131e-03  1.81790590e-02 -5.22544794e-02  3.44160199e-02
 -1.19360581e-01  5.12988418e-02 -6.00319654e-02  4.43511177e-03
 -8.73099174e-03 -4.49823663e-02  9.75848088e-05 -6.78597242e-02
 -1.36698000e-02 -9.20764953e-02 -5.83103783e-02 -3.16518620e-02
 -7.73197785e-02 -1.95216853e-03  1.98828597e-02 -1.71968028e-33
  4.30586673e-02  4.31182273e-02  1.96971204e-02  4.01135758e-02
 -6.33580610e-02 -8.76654461e-02  2.75632031e-02 -1.79952513e-02
 -5.65819927e-02  4.83115502e-02 -4.71941791e-02 -4.65688528e-03
  2.13655420e-02 -4.06273529e-02 -7.55556161e-04 -1.76894721e-02
 -4.42775106e-03 -1.54691964e-01 -2.16441154e-02  8.23598951e-02
 -6.65113404e-02  4.90414351e-02  6.54519023e-03  3.02038714e-03
  3.25244106e-02 -8.69279169e-03 -2.62708403e-02  6.01469874e-02
  1.30144798e-03 -1.64575931e-02  1.09644514e-02 -3.15163955e-02
 -2.18509026e-02 -1.27274647e-01 -7.27869123e-02 -8.89247581e-02
 -4.82068807e-02 -1.63071938e-02 -1.44744955e-03 -2.60425713e-02
 -5.75518701e-04 -3.72317620e-02 -4.81899604e-02  5.27787134e-02
  1.70816258e-02 -5.29650114e-02  4.79730265e-03 -3.51671316e-02
  2.70044655e-02 -3.84715311e-02  3.56629631e-03 -2.15136241e-02
 -2.25316249e-02 -1.95639692e-02 -3.71076465e-02  3.40319984e-02
  7.42724985e-02 -2.55129319e-02  3.63599546e-02  5.81202423e-03
  8.14222768e-02 -1.90239530e-02  1.46414600e-02 -2.14969032e-02
 -1.28194289e-02 -1.55895323e-01 -7.00466558e-02 -8.57775286e-02
  2.61420440e-02 -5.64146005e-02  1.81755740e-02  5.92449773e-03
 -3.65120061e-02  1.26962466e-02 -7.32585369e-03 -5.65614738e-02
  1.85162351e-02  5.59052080e-02  6.49642572e-02  5.63395966e-04
 -3.37764919e-02 -5.34208342e-02  5.41982725e-02  8.58675316e-02
 -6.07353374e-02 -2.05651484e-02 -1.25034284e-02  8.47534239e-02
  6.04140852e-03  3.40431258e-02 -4.83653583e-02  7.35562369e-02
 -4.97834012e-02  1.82306468e-01 -1.24133624e-01 -4.51258799e-08
 -1.38789918e-02  1.60641056e-02  2.76138075e-02  1.74911134e-02
 -4.05265056e-02  5.45401499e-02 -8.26232806e-02 -3.28203663e-03
 -6.06858432e-02  1.42022250e-02 -9.60863952e-04  1.45620359e-02
 -7.67182857e-02  2.27668192e-02 -9.40987468e-03  5.19461147e-02
  3.26852091e-02  7.44519830e-02 -8.98656920e-02 -1.06677748e-02
 -2.38736384e-02  1.97582021e-02 -2.41120420e-02  9.82109755e-02
  3.46313752e-02 -4.52094637e-02  1.06919399e-02 -4.45234636e-03
  8.88601393e-02 -2.30691023e-02  9.95583180e-03  7.84655958e-02
  7.46352971e-02  7.85488933e-02  2.25684550e-02  3.08991224e-02
 -6.05546013e-02  5.82116731e-02  8.59067142e-02  5.42339720e-02
  4.39903848e-02 -3.63160996e-03 -3.80066484e-02  1.59373675e-02
  9.72942542e-03  1.34200901e-02 -7.25820959e-02 -8.28724876e-02
 -2.39114128e-02  5.47841825e-02 -1.43027306e-02  1.25702610e-02
 -7.85891637e-02  1.04412995e-01 -5.57918027e-02  1.78153515e-02
  4.96331370e-03 -5.83303794e-02  5.60718328e-02 -5.61943799e-02
 -4.17202190e-02  3.76157127e-02  4.11869399e-02  1.62796080e-02]"
23,../models/Import Tests/CircularImport.sysml,"package CircularImport {

	package P1 {
		public import P2::*;
		part def A;
	}
	package P2 {
		public import P1::*;
		part def B;
	}
	package Test1 {
		public import P1::*;
		part x: A;
		part y: B;
	}
	package Test2 {
		public import P2::*;
		part x: A;
		part y: B;
	}
	
	part x: P1::A;
	
	// The following should not fail.
	part y: P1::B;
	
}","Generate a SysML v2 model representing a circular import scenario within nested packages. Model includes two main packages, P1 and P2, which each import components from one another, creating a circular reference. In package P1, define a part A and import all components from package P2. Conversely, in package P2, define part B and import all components from package P1. Additionally, create two test packages: Test1 and Test2. Test1 imports package P1 and defines parts x and y, which correspond to A and B respectively. Test2 imports package P2 and similarly defines parts x and y for A and B. Additionally, declare parts x from P1::A and y from P1::B directly in the main package, ensuring the model handles the circular imports without failure.","[-2.11190470e-02 -3.81695367e-02 -6.80491179e-02 -5.28715663e-02
  3.12396213e-02 -3.41598578e-02 -1.20832995e-02  1.42633468e-02
 -8.46343488e-02  2.03617360e-03  4.36111428e-02 -3.30311097e-02
  9.92458090e-02  5.95381521e-02  8.25258568e-02  3.24247335e-03
 -4.82980721e-02 -1.50217470e-02 -1.25643434e-02 -2.15026904e-02
  1.64646823e-02 -3.93936075e-02 -3.45605947e-02  4.43093218e-02
 -7.46768713e-02  4.56141643e-02  4.13510948e-02  2.62607588e-03
  4.04187776e-02 -9.99916866e-02 -2.04917472e-02  9.62387696e-02
 -7.95628130e-02 -5.13228402e-03  8.07162970e-02  5.50663844e-02
 -1.08457692e-02  1.00301923e-02  3.04261651e-02 -8.94084275e-02
  7.89357051e-02  2.65243035e-02  2.98250578e-02 -3.08589954e-02
  9.74250119e-03 -3.00320648e-02 -7.02913851e-02  3.06218471e-02
 -1.80291645e-02 -4.09163274e-02 -4.24856059e-02 -3.84847373e-02
 -6.08160459e-02 -6.12506736e-03 -6.26786053e-03  7.62921125e-02
  8.95432904e-02 -7.81600028e-02 -9.14914086e-02  8.45389906e-03
 -5.58455288e-02 -4.04264964e-02 -5.32647073e-02 -3.71861532e-02
 -6.15591668e-02  2.70173978e-02 -6.71086609e-02  1.19852796e-02
 -6.84966508e-04  6.05432391e-02 -1.10041998e-01 -5.27909677e-03
 -9.15673655e-03  1.97006366e-03  3.80151048e-02  4.66902219e-02
  6.22056834e-02  3.08052097e-02 -4.90667522e-02 -1.17923260e-01
 -6.10492378e-02  2.32204497e-02 -1.14163924e-02  1.99938728e-03
  2.60740332e-02 -9.84774344e-03  4.92420755e-02 -4.05574478e-02
  3.97403799e-02  4.57362421e-02  1.03262775e-02 -2.25544758e-02
  5.34355752e-02 -1.81570295e-02  3.58771719e-02  5.98962791e-02
  3.16161364e-02  8.40746146e-03  1.85855776e-02  2.69614737e-02
 -2.33914685e-02  1.30013172e-02  8.94666165e-02 -1.19542545e-02
 -4.15190905e-02  3.87710072e-02 -2.24645473e-02 -1.29701257e-01
  1.86799164e-03 -7.16725066e-02 -3.47675495e-02  7.69694895e-02
  2.62884535e-02 -6.08079806e-02 -3.49229909e-02 -2.87087425e-03
  5.04072532e-02  1.36035141e-02  3.33657525e-02 -6.19275235e-02
  1.73548739e-02  1.66340675e-02  1.26352370e-01  1.56260487e-02
  3.37163359e-02  7.43765384e-03 -5.91036677e-02  7.71929655e-33
 -7.60068297e-02 -6.17624540e-03 -3.29350233e-02  8.56041610e-02
 -3.20430733e-02  3.19614150e-02  8.40926990e-02  1.75271574e-02
 -8.85319244e-03 -3.25121321e-02 -7.73029029e-02 -8.57890211e-03
 -1.61620416e-02  3.21127810e-02  3.81892605e-04 -1.19556617e-02
 -3.05002159e-03  7.99675807e-02  9.26736742e-03 -1.26476316e-02
 -2.51029455e-03 -2.76991464e-02 -5.52191176e-02  2.86573824e-02
  6.46694526e-02  4.68001962e-02  5.66610172e-02 -2.96428315e-02
 -4.88395765e-02  1.41559970e-02  8.77714455e-02  4.25098054e-02
  1.25839347e-02  8.42009559e-02 -1.40785892e-02  2.04859897e-02
  2.18946091e-03  1.27111720e-02  2.44530253e-02 -2.62970421e-02
  5.24372496e-02  4.34490107e-03 -1.65566057e-02  6.59623072e-02
 -5.30672073e-02 -3.22057232e-02 -4.35253866e-02  2.40607727e-02
  2.71825027e-02 -6.83113486e-02  3.71126309e-02  1.03985025e-02
  2.78413389e-02 -3.19235288e-02 -6.63560554e-02 -1.16076740e-02
  2.42737811e-02 -2.96219606e-02  7.24913226e-03  4.97216471e-02
  7.82801025e-03  2.54990794e-02 -2.71295849e-02  6.40733838e-02
  5.95337972e-02  5.51330410e-02 -1.38988778e-01 -1.59566775e-01
  4.53431644e-02  2.77635492e-02 -3.52552086e-02  2.17736010e-02
 -5.18478155e-02  6.58581704e-02  4.60578986e-02 -4.65106890e-02
  1.10290768e-02  4.84206416e-02  7.78780691e-03 -3.14275287e-02
 -8.90041664e-02  7.00131729e-02 -5.36091160e-03 -3.30504812e-02
  5.02538693e-04 -5.86737841e-02 -1.67547725e-02 -7.64000192e-02
 -4.89000678e-02 -9.60702896e-02 -1.27402842e-02 -2.93643847e-02
  5.46532422e-02  2.89599095e-02  6.35600537e-02 -7.59532304e-33
  3.51186208e-02  9.45070386e-02  1.00077838e-01  4.46580946e-02
  1.69784573e-04 -5.76207116e-02  2.73424350e-02 -5.60097732e-02
  9.09258798e-03  7.66965747e-02 -7.63263628e-02  6.77565695e-05
  6.36249781e-02 -7.44127342e-03  3.14536914e-02  2.66026966e-02
  3.57180052e-02 -7.89988637e-02  1.03138089e-02  6.31724000e-02
  2.92510353e-02  4.28009890e-02  3.32051027e-03 -2.61406377e-02
  1.16654783e-02  3.63231488e-02  2.23037954e-02  1.36040365e-02
  5.72114903e-03  3.21686119e-02 -2.59614475e-02  1.28840916e-02
  3.69920880e-02 -6.84395060e-02 -4.59888726e-02 -2.16620937e-02
 -6.89251497e-02 -2.06481013e-02 -1.12929652e-02  1.73079725e-02
 -5.56678919e-04  5.11677042e-02 -1.03236318e-01  2.68061217e-02
  8.91671330e-03 -2.90692113e-02  6.12558275e-02 -4.85788751e-03
 -6.50307164e-02 -6.03959374e-02 -1.04630291e-01  7.40073696e-02
  1.95443872e-02 -1.70149766e-02 -2.37025097e-02  5.19512221e-02
  1.11440392e-02  2.47833114e-02  9.98969227e-02 -7.31136650e-02
 -1.60324350e-02 -2.51147095e-02  6.86670318e-02  1.03956871e-02
  2.31559761e-02  2.27186433e-03  1.61730498e-02 -7.11688921e-02
  2.08647531e-02  6.84510800e-04  2.72791367e-02  1.08093619e-01
 -2.81847129e-03  7.26676872e-03  7.78671950e-02 -6.08480163e-03
 -4.81270142e-02  3.99204269e-02  3.53242271e-02  7.74211250e-03
 -1.22072369e-01  3.07167741e-03  3.91412601e-02  7.33920261e-02
 -7.46847168e-02 -5.13235033e-02  8.15215185e-02  1.86703894e-02
  2.43381746e-02  2.34520137e-02 -4.02996279e-02  7.34882280e-02
  5.97837158e-02  9.29256305e-02  4.93807867e-02 -4.53413165e-08
 -4.57893088e-02 -6.62662089e-02 -4.92926799e-02  8.93180147e-02
  1.13612437e-03 -2.63955304e-03 -9.41789970e-02 -1.07704371e-04
 -1.15682846e-02  5.18793415e-04 -1.29736960e-01  1.15268804e-01
 -3.99926491e-02  7.57086615e-04 -7.56120980e-02  6.71397746e-02
  1.80370845e-02  2.78053377e-02 -6.30283058e-02 -3.36933210e-02
  1.43809933e-02  3.36250663e-02  8.67888480e-02  1.22326955e-01
  1.20764051e-03 -7.27387983e-03  1.87852886e-02 -4.54610102e-02
  1.18892461e-01 -2.34487075e-02  2.78470702e-02 -5.30837988e-03
 -2.67650597e-02  2.53592711e-02  1.06780604e-02 -8.92650895e-03
 -3.39321815e-03  5.23274690e-02  6.39855191e-02  3.61284576e-02
 -5.65930121e-02 -5.04722744e-02 -9.04754475e-02  3.03027313e-03
  4.55768630e-02 -1.30385719e-02 -1.68000847e-01 -1.34713590e-01
 -2.89052818e-02  2.20595649e-03 -4.72517684e-02  7.58758001e-03
 -3.48650776e-02  3.77866216e-02 -5.69436699e-02  8.15834617e-04
 -4.89267008e-03 -4.98360991e-02  2.41460111e-02 -6.70240670e-02
 -8.84923935e-02  2.64584161e-02  3.19855548e-02 -4.42477800e-02]"
24,../models/Import Tests/PrivateImportTest.sysml,"package PrivateImportTest {
	package P1 {
		part def A;
	}
	package P2 {
		private import P1::*;
	}

	part x: P1::A;
	
	public import P2::*;
	// This should fail.
	// A is not visible, because the import in P2 is private.
	// part y: A;
	// part y1: P2::A;
	
	package P3 {
		part def B;
	}
	
	private import P3::*;
	
	// This should not fail.
	// Private import only restricts visibility outside the package.
	part z: B;
	
	package P4 {
		public import all P2::*;
		
		// This should not fail because ""import all"" overrides private import.
		part z1: A;
	}	
}","Generate a SysML v2 model that showcases the use of private and public import directives within packages. Model a top-level package named ""PrivateImportTest"" containing four nested packages: P1, P2, P3, and P4. In package P1, define a part ""A."" In package P2, implement a private import of all elements from P1, then attempt to define part ""y"" directly from ""A"" which should fail due to visibility restrictions. Define part ""x"" to reference ""P1::A"" correctly. In package P3, define a part ""B"" and utilize a private import, allowing the definition of part ""z"" without issue. Finally, in package P4, use a public import of all elements from P2 to successfully define part ""z1"" as ""A,"" illustrating that public import can override private import restrictions.","[-2.67268233e-02 -2.63419915e-02 -1.49124106e-02 -1.76532194e-02
  5.46982735e-02  2.47397553e-02  2.43938472e-02 -2.09846441e-02
 -9.32562202e-02  3.74047458e-02  7.52845332e-02 -2.56145038e-02
  5.67511581e-02  8.99542049e-02  9.33686420e-02  6.70247152e-03
 -1.16787432e-03 -1.23673994e-02 -3.93638648e-02  2.32315864e-02
  6.15390874e-02 -2.60993987e-02 -6.01218082e-04  4.50961925e-02
 -7.33244866e-02 -1.71507411e-02  8.77094362e-03  4.56406809e-02
  5.65036274e-02 -7.80009627e-02  1.13146938e-02  7.50181153e-02
 -2.52856016e-02  8.39460269e-03  1.47104353e-01  4.04267125e-02
  2.93406099e-02 -3.56381498e-02 -2.02672146e-02 -7.97013640e-02
  5.88120818e-02 -2.68444568e-02 -4.56049256e-02 -2.29083970e-02
 -4.55380455e-02 -4.09079529e-02  4.58987951e-02 -3.97055992e-04
 -4.39176820e-02 -7.48005882e-02 -2.69369520e-02 -5.23653105e-02
 -4.81827594e-02 -3.11433896e-02 -1.41814947e-02  1.18061462e-02
  5.22642173e-02 -6.38717711e-02 -1.26897916e-01  9.73822456e-03
 -7.15034530e-02 -2.40636189e-02 -5.35534099e-02 -2.16349792e-02
 -3.40832509e-02  5.27861416e-02 -3.98523323e-02 -3.33309453e-03
  6.84741838e-03  7.15687200e-02 -1.20445602e-01  1.90086402e-02
  7.21618682e-02  4.09460478e-02  1.09250732e-02  1.63303148e-02
  5.18313944e-02  3.06031620e-03 -3.23061608e-02 -1.34948656e-01
 -1.32710077e-02 -6.29480556e-03 -3.43506560e-02  1.20252529e-02
 -1.66618358e-02  2.54996810e-02  1.47746950e-02 -2.97180302e-02
  5.62158935e-02  5.47623485e-02  2.93630944e-03 -4.18898724e-02
  6.44027442e-02  3.21927480e-02  5.39568476e-02  7.26913568e-03
  3.11388206e-02  4.00452549e-03  5.98995294e-03  2.88735908e-02
 -2.55377553e-02  5.08018062e-02  1.05549425e-01 -3.04674301e-02
  8.44736304e-03  9.14116502e-02 -7.33382069e-03 -1.44661501e-01
 -3.52112800e-02 -2.20831931e-02 -4.28470783e-02  5.52438051e-02
 -7.31399190e-03 -8.84212926e-02 -3.82850729e-02  3.06100827e-02
  5.27721532e-02  4.41990467e-03  5.81421843e-03 -1.01068549e-01
 -9.98386182e-03  3.33463252e-02  1.45502016e-01  5.16440440e-03
  7.19194636e-02  3.51514593e-02 -1.07863761e-01  3.63459217e-33
 -5.99690117e-02 -4.62477794e-03 -3.64756435e-02  8.89083222e-02
 -6.64889580e-03  7.31903389e-02  9.16321427e-02  1.20583642e-02
 -6.02065437e-02  2.00779624e-02 -1.07972026e-02 -3.29635805e-04
  1.21372361e-02  6.32293476e-03  6.76169395e-02  8.24010058e-04
 -3.81103717e-03  9.05259401e-02  1.00421414e-01  1.23509225e-02
  1.00924717e-02 -2.95512713e-02 -6.12954907e-02 -1.82342511e-02
  4.03309576e-02  6.03856482e-02  7.06650615e-02 -6.04244210e-02
  3.51893678e-02  2.06389073e-02  8.05142969e-02  5.99857457e-02
  1.51220188e-02  5.94424047e-02  5.29296249e-02 -2.50863861e-02
 -2.60562524e-02 -1.88532714e-02  4.59470637e-02 -3.33989598e-02
  5.28855696e-02 -1.71949808e-02  9.56735108e-03  8.03114101e-02
 -3.62085402e-02 -2.90712025e-02 -7.82661587e-02  6.53933585e-02
  4.08651084e-02 -7.69599602e-02  2.80622486e-02  5.63072078e-02
 -7.95335625e-04 -4.47850972e-02 -5.89397624e-02 -4.73207012e-02
  7.12117692e-03  1.93216335e-02  1.34727918e-04  1.09515656e-02
  8.38025007e-03  6.19603917e-02 -1.24480771e-02  6.34935796e-02
  3.57284285e-02  1.45905642e-02 -1.13368414e-01 -8.32111984e-02
  4.45948243e-02 -2.99742748e-03 -4.82623391e-02  2.59756763e-02
 -5.03915697e-02  3.68625149e-02  3.61239985e-02 -1.00391030e-01
 -9.88219632e-04  8.55880156e-02  5.89473136e-02 -6.96112961e-02
 -1.22871630e-01  5.11643514e-02 -2.72669680e-02  4.80040498e-02
 -2.90361866e-02 -3.77997383e-02 -3.30072679e-02  1.45570030e-02
 -1.31524242e-02 -9.63239148e-02  1.26581462e-02 -6.66425303e-02
  5.84606722e-04 -7.23030418e-02  5.96334180e-03 -4.04116664e-33
  8.38564802e-03  8.09529573e-02  2.61557847e-02  4.04142179e-02
 -5.12771774e-04 -7.22775832e-02  2.55391430e-02 -1.47879752e-03
  2.75172815e-02  8.95711780e-02 -1.31051084e-02  2.83879489e-02
  3.96821201e-02 -7.43122697e-02  2.24787407e-02  8.29858519e-03
 -2.72568762e-02 -5.74167259e-02  1.06121665e-02  6.65015876e-02
  2.14382317e-02  7.89976642e-02  1.58148389e-02  2.78618839e-02
  5.69874309e-02 -1.14788776e-02 -9.18790232e-03  4.65344712e-02
  2.28817537e-02  4.18918058e-02  1.98630765e-02  6.23552836e-02
 -6.20574728e-02 -1.35718822e-01 -7.08927140e-02 -7.28202909e-02
 -1.13838091e-01  1.70638803e-02  2.24665180e-02  3.96260433e-02
  3.61739239e-03  1.81663297e-02 -8.53513926e-02  9.60696582e-03
 -1.10532315e-02  1.05318744e-02  8.62040743e-03 -5.57783656e-02
 -5.87116815e-02 -1.90903656e-02 -1.04090437e-01  3.90677713e-02
  3.38229723e-02 -3.08884550e-02  1.58167083e-03  4.31490839e-02
  4.01676493e-03 -2.23456714e-02  3.67650725e-02 -2.08381508e-02
  1.10676177e-01  7.21614575e-03  2.67449766e-03  4.63583926e-03
  1.69997457e-02 -7.54959732e-02 -2.63990071e-02  8.34411103e-03
  3.06203384e-02 -4.50378731e-02  9.03977733e-03  7.27587147e-03
 -2.13649217e-02  2.72792764e-02  3.38479057e-02  2.36657634e-02
 -2.54727826e-02  7.43224099e-02  4.53645326e-02  4.28603999e-02
 -5.21165617e-02 -2.02127062e-02  5.41874627e-03  4.16407315e-03
  1.84919238e-02 -7.36561865e-02  8.84148031e-02  1.74931809e-02
  2.54139281e-03 -1.26934871e-02 -3.64138149e-02  1.61619410e-02
  7.33580859e-03  1.13929756e-01  1.17122568e-02 -4.41919035e-08
 -3.23894583e-02 -3.93739566e-02 -2.04225667e-02  4.72578630e-02
 -1.15018236e-02  1.89354960e-02 -1.29085898e-01 -2.99097560e-02
 -1.69115812e-02  4.31322157e-02 -5.74336089e-02  6.97984248e-02
 -5.51209301e-02  1.42548652e-02 -9.67917666e-02  5.92155904e-02
 -3.28176469e-02  3.85838859e-02 -7.21201748e-02 -1.76897924e-02
 -1.97990146e-02  2.99808644e-02  1.14213536e-02  1.09245248e-01
 -7.36304047e-03  3.87717560e-02  1.10631343e-02 -8.69468004e-02
  1.20091520e-01  7.97685049e-03  5.28055839e-02 -2.08806358e-02
  1.16628427e-02  3.06578185e-02 -1.35643100e-02  6.85863197e-02
 -5.17228879e-02  4.37335260e-02  5.73530123e-02  5.84202595e-02
 -2.12438330e-02 -9.21231285e-02 -4.58247922e-02  1.26872109e-02
 -1.26917521e-02 -5.17895892e-02 -1.39562532e-01 -1.36953682e-01
 -5.82451792e-03  3.10128462e-02 -1.00458292e-02  3.09765376e-02
 -8.16406235e-02  4.08652201e-02 -6.27178792e-03  4.75199185e-02
 -2.28722394e-02 -7.49803521e-03  2.11376790e-02 -3.77878994e-02
 -3.22601646e-02  2.55095083e-02 -8.52596108e-03  2.26050541e-02]"
25,../models/Import Tests/QualifiedNameImportTest.sysml,"package QualifiedNameImportTest {
	package P1 {
		part def A;
	}
	package P2 {
		package P2a {
			public import P1::*;
		}
		// The following should not fail.
		// A is a member of P2a because of the import.
		part x: P2a::A;
	}
}","Generate a SysML v2 model named ""QualifiedNameImportTest"" that consists of two primary packages, P1 and P2. In package P1, define a part called ""A."" In package P2, create a subpackage named ""P2a"" that includes a public import statement for all elements from package P1. This import allows access to ""A"" within P2a. Following the import, within package P2, declare a part ""x"" that references ""A"" using the qualified name P2a::A, demonstrating the successful import of the part. Ensure that the import functionality works as expected without errors, confirming that ""A"" is indeed accessible in the context of P2a.","[-5.03885038e-02 -4.63044196e-02 -2.22097225e-02  2.60860426e-03
 -3.51604298e-02 -1.44954082e-02  3.36395577e-02  6.89831888e-03
 -8.41258094e-02  6.45494089e-02  5.61263338e-02 -4.24585380e-02
  4.49933521e-02  9.16840062e-02  4.58911881e-02  3.24921012e-02
  2.49383356e-02 -3.45495753e-02  3.34010869e-02  8.49066302e-03
  5.35119213e-02  1.06911268e-02  1.48130888e-02  2.37506814e-02
 -8.13560560e-02 -1.31647196e-02 -2.17796173e-02  8.76784176e-02
  5.63597940e-02 -6.58451244e-02 -4.67812130e-03  8.33149552e-02
 -3.26683968e-02  2.36771237e-02  1.79530621e-01  4.99859713e-02
  4.45025191e-02 -2.96948068e-02 -6.62578736e-03 -7.95149952e-02
  1.22815445e-01 -2.44012717e-02 -2.20328402e-02 -8.46850220e-03
 -3.08889784e-02 -7.48809129e-02  3.51721346e-02  7.59976264e-03
 -4.19109352e-02 -2.29876228e-02 -5.14170714e-02 -4.12714221e-02
 -4.21468075e-03 -5.64810894e-02 -3.98501419e-02  6.32427484e-02
  8.56037363e-02 -2.68737264e-02 -1.25262052e-01  2.00723410e-02
 -6.02777265e-02  8.34164768e-03 -5.86083233e-02 -2.89226114e-03
 -4.57219109e-02  2.95656454e-02 -4.00556624e-02 -4.45045903e-02
  3.50735150e-02  8.12967867e-03 -1.52846441e-01  2.60439282e-03
  4.36001644e-02  2.76678670e-02  5.54230213e-02  2.40845070e-03
  3.42383645e-02  2.11291667e-02 -3.43875983e-03 -1.12101622e-01
 -1.43777374e-02 -2.06052195e-02 -5.88361658e-02  2.01138165e-02
  2.41649970e-02  5.07115647e-02  1.67454481e-02 -5.12581877e-02
  2.98004895e-02  3.25351693e-02 -1.52180474e-02 -8.60406160e-02
  7.10309148e-02  3.37853208e-02  9.32421088e-02  4.50131968e-02
  1.15236193e-02  1.88223342e-03  2.96912920e-02  5.04846359e-03
 -6.06576949e-02  2.69822646e-02  6.35567307e-03 -1.15961768e-02
 -5.44085987e-02  5.81661277e-02 -3.27248536e-02 -1.25063494e-01
  1.46437548e-02 -2.49185432e-02 -1.59960315e-02  9.57785845e-02
  1.95035152e-02 -6.40468821e-02  6.34709373e-03  5.59283979e-02
  1.37270428e-02  1.53808128e-02  1.98084936e-02 -8.09494033e-02
 -4.64808308e-02 -1.68611612e-02  1.07576072e-01 -1.54940747e-02
  8.23598281e-02  7.41118565e-03 -8.57398063e-02  4.18451597e-33
 -2.98622958e-02  2.86427718e-02  2.25017052e-02  1.31152511e-01
 -1.06204469e-02  4.67893295e-02  6.14552870e-02 -2.91661806e-02
 -3.23941000e-02  1.18425954e-02 -9.34798196e-02  1.24676712e-02
 -7.31287664e-03 -2.79022697e-02  1.58651099e-02  5.38715087e-02
 -2.32936442e-02  8.72370824e-02  4.69620563e-02  3.20261456e-02
  4.64821011e-02 -4.11041081e-02 -1.29819009e-02 -3.60923409e-02
  5.40041551e-02  9.48957354e-02  6.68579414e-02 -2.57108416e-02
  6.65603429e-02  2.50292402e-02  5.80094829e-02 -2.55026706e-02
  4.19780612e-02  3.61587256e-02  2.75734253e-02 -4.18610610e-02
 -1.07818609e-02  1.12035191e-02  2.14768127e-02 -1.50836892e-02
  3.02264746e-02  1.02606341e-02  3.50174196e-02  7.38017261e-02
 -6.24780655e-02 -1.00905091e-01 -7.59779662e-02  4.03847024e-02
  8.40998888e-02 -5.63275516e-02  4.86371219e-02 -6.89910306e-03
  8.72567669e-03  1.38271891e-03 -6.18630275e-02 -3.83764319e-02
  2.51705162e-02  5.03488183e-02  6.92537567e-03  2.04138574e-03
  3.94879803e-02  5.13022207e-02 -4.75439616e-02  5.22051938e-02
  3.43854055e-02  2.35881805e-02 -6.96660951e-02 -7.74655566e-02
  1.81016102e-02  5.60617894e-02 -1.70437526e-02  8.49242695e-03
 -7.28159770e-02  7.71117881e-02  9.01969448e-02 -1.08067662e-01
  1.23049309e-02  8.17433596e-02  2.28437297e-02  9.20209941e-03
 -8.07462037e-02  9.97992046e-03 -4.42013554e-02  1.44899590e-02
 -4.75667939e-02 -4.64150533e-02 -2.87333205e-02 -7.70776570e-02
 -9.04832035e-03 -1.39529437e-01  4.12040390e-02 -3.24671045e-02
  6.25644717e-03 -2.68297419e-02  4.88265939e-02 -4.92454293e-33
  3.69511098e-02  5.97924069e-02  5.79467602e-02  8.49510543e-03
 -2.05093026e-02 -1.11393139e-01  3.16463667e-03 -1.70548577e-02
 -1.34679573e-02  8.32155421e-02  1.56292710e-02  1.17731737e-02
  1.56815611e-02 -6.22035637e-02  4.28948514e-02 -1.33048799e-02
 -4.95278137e-03 -7.81501979e-02  1.41989533e-02  4.61615399e-02
  2.45737787e-02  6.51606992e-02  2.43348200e-02 -2.96712313e-02
  3.82107380e-03 -1.95076950e-02  1.20589267e-02  4.17074971e-02
 -1.89391971e-02  1.93838496e-02  1.72949228e-02  9.32053700e-02
 -7.59850964e-02 -6.52526245e-02 -1.02554619e-01 -7.05253854e-02
 -8.42685029e-02 -5.60241267e-02 -2.51959898e-02  6.64150640e-02
 -4.43303864e-03  7.34023079e-02 -7.11253211e-02  2.62955185e-02
 -7.08131865e-03  1.21829985e-02  2.89054569e-02 -5.46815358e-02
 -1.41059607e-02 -4.14375626e-02 -6.00335486e-02  2.06669094e-03
  5.19641638e-02  9.30127106e-04  2.12143306e-02  8.68268758e-02
 -2.56046373e-02  9.07151215e-03  2.23860480e-02 -1.57578327e-02
  8.92473161e-02  8.48451909e-03  4.38501732e-03  5.97340660e-03
  9.47403489e-04 -2.85001304e-02 -2.61011310e-02 -3.65741807e-03
  1.30438553e-02 -1.93154775e-02  2.80140638e-02  4.79626991e-02
 -4.72287163e-02  5.25574423e-02  4.00690958e-02  4.14344557e-02
 -7.51761496e-02  9.89021584e-02  4.82788049e-02 -6.73017837e-03
 -9.01004598e-02 -2.20400989e-02 -6.13927096e-03  4.82359938e-02
  1.08874412e-02 -3.77761982e-02  9.19338763e-02  4.49101627e-02
 -2.47437283e-02 -1.49742588e-02 -2.44616196e-02  1.09916450e-02
  4.22668196e-02  9.22113955e-02  5.02200052e-03 -4.74955577e-08
 -7.49877095e-02 -2.68648453e-02 -5.56921922e-02  1.84182338e-02
 -2.23767739e-02  6.63236380e-02 -1.56750411e-01 -2.32977141e-02
  1.03601040e-02  2.17621159e-02 -1.11141235e-01  5.28174900e-02
 -4.44151759e-02  1.25603108e-02 -9.68354046e-02  7.25529566e-02
  2.34555397e-02  9.61421281e-02 -5.40583022e-02 -6.24445342e-02
  4.99105826e-03  4.03969847e-02  4.15534414e-02  6.73060566e-02
 -1.18299909e-02  3.14847566e-02 -2.85126269e-02 -4.34122235e-02
  3.20039801e-02 -3.50478441e-02  3.43225747e-02 -1.45700350e-02
  5.07805031e-03 -1.40246004e-02 -2.11941972e-02  8.07804316e-02
  2.93346681e-02  2.25656535e-02  6.35114834e-02  1.52959870e-02
 -2.68558990e-02 -3.12597607e-03 -4.29750718e-02  2.21830234e-02
 -2.13256143e-02 -1.66633651e-02 -1.17643572e-01 -1.03839196e-01
 -3.94865535e-02  3.56297642e-02  1.84027031e-02  7.78385578e-03
 -7.16027468e-02  1.07778832e-02 -1.00310631e-01  1.90986525e-02
 -5.44725507e-02 -2.76348591e-02 -3.52072939e-02 -9.46451277e-02
 -7.83366337e-03  7.62880174e-03  2.32275315e-02  2.51068939e-02]"
26,../models/Individuals Examples/AnalysisIndividualExample.sysml,"package AnalysisIndividualExample {
    private import ScalarValues::*;
    private import Quantities::*;
    private import ISQ::*;
    private import USCustomaryUnits::*;
    
	package VehicleQuantities {
	    private import MeasurementReferences::*;
	    
	    attribute def DistancePerVolumeUnit :> DerivedUnit {
	    	private attribute distancePF: QuantityPowerFactor[1] { :>> quantity = isq.L; :>> exponent = 1; }
	        private attribute volumePF: QuantityPowerFactor[1] { :>> quantity = isq.L; :>> exponent = -3; }
	        attribute :>> quantityDimension { :>> quantityPowerFactors = (distancePF, volumePF); }
	    }

	    attribute def DistancePerVolumeValue :> ScalarQuantityValue {
	        :>> num : Real;
	        :>> mRef : DistancePerVolumeUnit;
	    }
	    
	    attribute gallon : VolumeUnit = 231.0 * 'in' ** 3;
	    attribute mpg : DistancePerVolumeUnit = 'mi' / gallon;
	    attribute hp : PowerUnit = 745.7[SI::W];
	}
	
	package VehicleModel {
	    public import VehicleQuantities::*;
	    
	    part def Vehicle {
	    	attribute power :> ISQ::power;
	    }
	    
	    part def Engine {
	    	attribute peakPower :> ISQ::power;
	    	attribute fuelEfficiency : Real;
	    }
	    
	    part vehicle_c1 : Vehicle {
	    	attribute :>> power = engine.peakPower;
	    	part engine : Engine[1];
	    }
	}
	
	package FuelEconomyAnalysisModel {
	    private import VehicleModel::*;
	    private import SequenceFunctions::size;
	    private import SampledFunctions::SampledFunction;
	    private import SampledFunctions::SamplePair;
	    private import ControlFunctions::forAll;
	    
	    action def FuelConsumption {
			in power : PowerValue[*];
			out fuelEconomy : DistancePerVolumeValue;
		}
		
		analysis def FuelEconomyAnalysis {
			subject vehicle: Vehicle;

		    action fuelConsumption : FuelConsumption {
		    	in power = vehicle.power;
		        out fuelEconomy : DistancePerVolumeValue;
	        }
	        
			return calculatedFuelEconomy : DistancePerVolumeValue =
				fuelConsumption.fuelEconomy;	        
	    }
	}
	
	package IndividualAnalysisModel {
		private import VehicleModel::*;
		private import FuelEconomyAnalysisModel::*;
		
		individual part def Vehicle_1 :> Vehicle;
		individual part def Engine_1 :> Engine;
		
		individual analysis def FuelEconomyAnalysis_1 :> FuelEconomyAnalysis;
		individual action def FuelConsumption_1 :> FuelConsumption;
		
		individual analysis fuelEconomyAnalysis_1 : FuelEconomyAnalysis_1 {
			subject vehicle : Vehicle_1 :> vehicle_c1 {
				individual part :>> engine : Engine_1 {
					attribute :>> peakPower = 200[hp];
					attribute :>> fuelEfficiency = 0.4;
				}
			}
			individual action :>> fuelConsumption : FuelEconomyAnalysis_1 {
				snapshot :>> done :> fuelConsumption {
					out :>> fuelEconomy = 35[mph];
				}
			}
		}
		
	}
	
}","Generate a SysML v2 model that represents a vehicle fuel economy analysis, organized within a package named 'AnalysisIndividualExample'. Model includes nested packages for vehicle quantities, vehicle model components, and fuel economy analysis. The 'VehicleQuantities' package defines distance per volume unit, scalar quantity values, and relevant units like gallons and miles per gallon. The 'VehicleModel' package encompasses definitions for a vehicle and an engine, integrating power attributes and performance characteristics. The 'FuelEconomyAnalysisModel' package specifies actions for fuel consumption analysis linking vehicle power to calculated fuel economy metrics. Lastly, the 'IndividualAnalysisModel' provides instances of vehicle and engine components, implementing a specific fuel economy analysis with attributes set for peak power and fuel efficiency. An action within the analysis indicates that the resulting fuel economy value is 35 miles per gallon, effectively demonstrating the model's capability to evaluate vehicle performance based on defined parameters.","[ 1.57782976e-02  4.34381218e-04 -4.91281003e-02  6.42468929e-02
  2.63864398e-02 -1.74842367e-03 -3.47859226e-02  5.02114892e-02
 -5.00920154e-02 -4.44715060e-02 -2.24498119e-02 -6.24831878e-02
  2.84599289e-02  3.19518410e-02 -2.20694002e-02 -1.05433194e-02
  2.75002941e-02  9.18794423e-03 -3.54012288e-02 -2.38277670e-02
  1.37130499e-01 -7.15597672e-03  7.94773623e-02 -2.29145736e-02
  8.09193216e-03  3.05288588e-04 -6.16422482e-02  9.70905498e-02
 -1.20248115e-02 -1.43568432e-02  1.56640429e-02  1.10721346e-02
  9.15988013e-02 -1.46853374e-02  1.13859540e-02 -3.08891498e-02
  6.17688941e-03  2.14646105e-02 -2.84208637e-02 -1.79757865e-03
 -6.40644133e-02 -1.29947424e-01 -1.72310621e-02 -1.76890548e-02
  9.42821894e-03 -8.80246460e-02 -1.47632994e-02  1.24283619e-02
  2.56209983e-03  2.74860789e-03 -2.75943968e-02  2.49381755e-02
 -4.99875322e-02 -4.52144668e-02  3.59314196e-02  3.25926319e-02
 -2.88303988e-03 -7.04987114e-03 -8.28462690e-02 -7.82312751e-02
 -1.23242112e-02 -4.21681665e-02 -5.04704528e-02  1.40983565e-02
 -1.49977850e-02  1.86007954e-02 -1.67985093e-02  1.50767500e-02
 -1.06415832e-02  1.49253104e-02 -6.90944567e-02 -5.23722433e-02
 -1.01189194e-02 -1.53125962e-02 -2.00188067e-02 -2.74300911e-02
  8.01333189e-02  2.99032480e-02  5.11708818e-02 -1.03110477e-01
 -4.14574370e-02  1.40668321e-02 -7.47767165e-02 -6.48273081e-02
  4.46204320e-02 -5.39994985e-03  3.84729467e-02 -2.77878083e-02
  7.01966733e-02  5.09807803e-02 -1.27878115e-02  2.20975634e-02
  3.94120850e-02 -2.74309739e-02  7.15269297e-02  1.94778051e-02
 -4.08213539e-03 -1.74929313e-02  4.13383618e-02 -1.71344206e-02
  3.44758369e-02  1.00170478e-01  9.47575644e-03 -1.81359407e-02
 -3.36413272e-02 -4.62308200e-03  2.29941197e-02  6.99611083e-02
  6.19575474e-03 -4.71404269e-02  3.79251391e-02  5.81921376e-02
 -1.68241654e-02 -3.16224433e-02  3.90981324e-04  3.27975936e-02
  2.28105839e-02 -1.69876963e-02  8.62513781e-02  4.25930806e-02
 -8.39995444e-02 -5.90745918e-02  9.29709747e-02  4.36198451e-02
  6.32160753e-02  2.85913656e-03 -5.92800640e-02  2.79747635e-33
 -1.41927525e-01 -3.34169120e-02  1.56826396e-02  8.88438150e-02
 -6.85701519e-02  5.48882894e-02 -6.50674030e-02 -2.61724945e-02
  3.32993120e-02  4.00361717e-02 -8.08102861e-02  1.04368925e-01
 -3.46727557e-02  4.64197434e-02  9.06035975e-02  2.27517802e-02
 -5.69572449e-02  5.18846549e-02 -1.77118089e-02 -5.32985367e-02
  3.51129025e-02 -4.61233072e-02 -2.75978935e-04 -2.65568364e-02
  1.19272500e-01  7.79361948e-02  7.75770620e-02  3.02522052e-02
 -8.46340135e-02  6.13129102e-02  8.56212806e-03  4.07593101e-02
 -7.96323791e-02 -3.64813358e-02 -1.11610722e-02  1.08386064e-02
 -1.04997884e-02  1.68058965e-02  7.69632906e-02 -6.94690365e-03
 -1.66570544e-02 -8.97945836e-03  6.79904176e-03 -4.80335392e-02
 -1.42940372e-01  3.20067294e-02  3.97595130e-02  3.18552740e-02
  4.99347597e-02  3.24083157e-02 -3.63259949e-02 -3.83929126e-02
  4.95063551e-02 -9.01201274e-03 -6.46129772e-02  6.69998601e-02
  4.32572775e-02  6.01252913e-03 -7.71614723e-03  4.01941426e-02
 -1.02931842e-01  5.58954291e-02  2.30276417e-02 -7.26659596e-02
  3.10561880e-02  4.25584093e-02 -7.54417405e-02 -6.97356388e-02
  1.72295328e-02  6.30051792e-02  2.50470289e-03 -1.11755617e-02
  1.31779406e-02  5.55853881e-02  9.11657959e-02 -6.92107230e-02
  5.58985062e-02 -4.15096320e-02 -9.48135927e-02  1.56374108e-02
 -1.06017746e-01  1.09114453e-01  2.39958093e-02 -1.33825526e-01
  1.39517561e-02 -5.58107942e-02 -1.89170595e-02 -3.68334800e-02
 -4.71260864e-03 -8.36507231e-02 -2.92334724e-02 -1.47287836e-02
 -8.50947425e-02 -1.04143033e-02  1.49422018e-02 -4.51231947e-33
 -1.90188605e-02  4.24803868e-02  3.35769206e-02  1.26125664e-02
  8.13385174e-02 -3.69444489e-02  2.06293035e-02 -3.33456099e-02
  1.38491271e-02  8.09655897e-03 -2.84869913e-02 -1.74041372e-02
  1.87785849e-02  2.00026240e-02  3.33826579e-02  3.66464257e-02
 -9.82536469e-04 -1.96462348e-01 -3.19903940e-02  2.67137401e-03
 -3.93580794e-02  3.53026316e-02  3.81670822e-03 -9.21598915e-03
 -4.77459133e-02 -2.21565217e-02  9.17822868e-03 -4.67382930e-02
  1.42710237e-02 -1.02657169e-01  8.00073594e-02  1.45545164e-02
 -2.04842649e-02 -2.93417983e-02 -5.68156727e-02 -4.41193655e-02
 -1.33289844e-02 -7.67236203e-02 -2.84211971e-02  8.61121416e-02
  7.30356202e-03 -1.53573398e-02 -2.49960423e-02  1.45001904e-04
 -4.86940984e-03 -2.42268178e-03  6.37504756e-02 -1.04177736e-01
  2.68061571e-02 -4.11024801e-02  6.08403161e-02  1.35538145e-03
 -2.36871671e-02  5.17370515e-02 -4.82694730e-02  6.26013707e-03
  9.23918784e-02 -6.04255870e-03 -7.47431442e-03 -7.05337524e-03
  1.07087210e-01 -1.24264760e-02  2.34120004e-02  4.86474372e-02
 -7.09927604e-02 -8.06181654e-02 -1.96458828e-02 -7.98736513e-02
  6.11277670e-02 -4.60644951e-04 -5.36759645e-02 -1.82532240e-02
  2.23987456e-03  6.17829822e-02 -4.04891409e-02 -2.06862018e-02
 -1.59485172e-02  2.58662440e-02  7.55276009e-02 -3.23470756e-02
 -4.61249650e-02  1.87673103e-02  5.89896515e-02  1.28524201e-02
 -2.02790592e-02 -8.59735534e-02 -1.53065519e-02  6.64954111e-02
 -1.68105271e-02  2.09499076e-02 -1.55855697e-02  5.75274415e-02
 -1.03904970e-01  1.48120537e-01 -7.46473074e-02 -4.34633627e-08
 -3.13560516e-02 -3.05906613e-03  5.70936799e-02  5.28135449e-02
 -3.24556120e-02  3.88132855e-02 -5.19481748e-02  2.73353569e-02
 -3.12722735e-02  3.05522028e-02  8.38212818e-02  2.79432200e-02
 -1.97698325e-02  1.87631454e-02 -2.26006340e-02 -2.40375451e-03
  3.18026282e-02  8.19270164e-02 -2.63621882e-02 -1.91935971e-02
  7.56187811e-02  8.09567124e-02 -1.16233334e-01  3.78321782e-02
  9.51423422e-02 -5.35588078e-02 -4.83398177e-02  4.43745479e-02
  2.75300089e-02 -5.92957847e-02  3.27991247e-02  9.32378024e-02
  4.30356413e-02  4.97414730e-03  3.17027159e-02  5.53363189e-02
 -4.48479503e-02  6.27874359e-02  1.56985838e-02  7.79755116e-02
  5.14405556e-02 -6.73033018e-03 -2.48884037e-02  2.41231564e-02
  8.54149368e-03  3.66675630e-02 -1.03662521e-01 -5.36370911e-02
  2.68781371e-03  6.49610534e-02  5.24456128e-02 -2.44203396e-02
 -9.38561410e-02  8.92806053e-02 -2.35256758e-02 -3.41447406e-02
 -6.32929951e-02 -4.77911439e-03  3.75786759e-02 -5.03981151e-02
 -1.52265290e-02  2.29539834e-02 -1.71670709e-02 -2.49070823e-02]"
27,../models/Individuals Examples/JohnIndividualExample.sysml,"package JohnIndividualExample {
	
	item def Person {
		doc	
		/*
		 * This is the definition of the class of persons, each of whom has an age.
		 */

		attribute age : ScalarValues::Natural;		
		
		timeslice asPresident : Person [0..*] {
			doc
			/*
			 * These are the periods during which a Person is president.
			 */
		}
	}
	
	individual item def John :> Person {
		doc
		/*
		 * This the definition of the individual Person who is John.
		 * There is at most one such person.
		 */
	}
	
	item def Country {
		doc
		/*
		 * This is the definition of the class of countries, each of which may have 
		 * at most one president (at any point in time).
		 */
		ref presidentOfCountry[0..1] : Person :> presidentOfCountry.asPresident;
	}
	
	individual item def UnitedStates :> Country {
		doc
		/*
		 * This is the definition of the individual country that is the
		 * United States. It contains a single instance. The United States
		 * always has a president who must be at least 35 years old.
		 */
		 
		ref presidentOfUS[1] :>> presidentOfCountry {
	   		assert constraint { age >= 35 } 
	  	}
	}
	
	timeslice item UnitedStatesWithJohnAsPresident[*] : UnitedStates {
		doc
		/*
		 * These are the time slices of the United States during
		 * which John is president of the United States.
		 */
		ref :>> presidentOfUS : John;
	}
}","Generate a SysML v2 model to represent a simplified governmental structure featuring a person and a country. Model a class named `Person` with an attribute `age` that defines individuals' ages and includes a time slice for presidential terms. Specifically, create the individual `John`, who is a unique instance of `Person`. Next, define a class `Country`, which can have up to one president at any time. Create an individual `UnitedStates`, linking it to a `Person` as its president and incorporating a constraint requiring the president to be at least 35 years old. Additionally, establish a time slice item `UnitedStatesWithJohnAsPresident` to document the periods when John serves as president of the United States. This concise model encapsulates the relationships and constraints pertinent to a president's role within a country.","[-3.41146030e-02  2.09777877e-02  6.60902762e-04 -4.13963832e-02
 -6.88954964e-02  6.44421652e-02 -3.45836245e-02 -3.76698747e-02
 -7.77372271e-02  4.95230220e-02  4.83383648e-02 -6.31861687e-02
  7.02206343e-02  4.81080823e-02  1.80772692e-02  2.60130614e-02
 -3.02765332e-02  4.12492454e-02 -3.03090774e-02 -1.04904994e-02
  1.05200090e-01 -9.83725861e-02 -3.99729200e-02 -3.55123691e-02
  1.03376899e-02 -6.13725297e-02  2.44088434e-02  4.40557860e-03
  3.20234708e-02 -1.53741939e-02  9.32299793e-02 -1.67295672e-02
  6.95307627e-02  5.59267700e-02  1.46721890e-02 -1.70721654e-02
  1.46254860e-02  7.01230466e-02 -1.42702609e-02 -5.43836169e-02
 -3.48578533e-03 -4.09783274e-02  4.49605612e-03 -1.08707172e-03
  2.32609804e-03 -1.56182330e-02  1.58904307e-02  2.36741267e-02
 -5.70999552e-03  4.15689498e-02 -6.35836050e-02  2.07847022e-02
 -2.39620004e-02  9.76125244e-03  9.40631609e-03  3.53614874e-02
 -6.79243207e-02 -2.75519770e-02 -1.08228169e-01 -6.51241913e-02
 -1.04487181e-01 -3.32970545e-02 -4.14198413e-02 -5.46586290e-02
  1.95316784e-02 -1.11039514e-02 -4.95276563e-02  3.88765329e-04
  1.69354752e-02  4.19939421e-02 -1.69485793e-04 -1.17881168e-02
 -5.25405742e-02  6.49719611e-02 -4.47703898e-02 -7.03332722e-02
  6.23571128e-02  6.02414869e-02  4.97952253e-02 -8.83996040e-02
 -3.48867141e-02  6.60073459e-02 -2.38908641e-02 -1.36223324e-02
  3.94726023e-02 -8.33333097e-03 -1.57437362e-02 -2.29022540e-02
 -1.30745778e-02  3.12238075e-02 -2.05355622e-02 -2.56779175e-02
  1.57557175e-01  1.58095118e-02  3.86592783e-02 -6.56999322e-03
  7.04577044e-02  2.77325064e-02 -3.16477311e-03  9.19761658e-02
 -1.14206791e-01  2.60009132e-02  2.85976846e-02  1.74718276e-02
 -5.72871603e-02 -2.36951746e-02 -7.59823546e-02 -1.11145107e-02
 -7.09866956e-02 -4.13632989e-02 -2.04729545e-03  1.48546593e-02
 -6.89075962e-02 -3.78402881e-02  3.04727200e-02 -7.78642446e-02
  5.74511988e-03 -1.68388858e-02  6.15337119e-02 -6.43170923e-02
  5.95009029e-02  6.15443885e-02 -1.57648437e-02  1.44364443e-02
 -1.16415005e-02 -1.68138240e-02  6.68369140e-03  8.49436003e-34
 -2.02458762e-02  6.40466809e-03 -2.75831167e-02  1.60363883e-01
 -5.24735674e-02  1.11562289e-01 -6.15379773e-02 -9.40055400e-03
 -3.46205123e-02  3.61597985e-02 -1.85587052e-02 -5.66385500e-02
  5.70408143e-02  3.69850323e-02  3.19410712e-02  4.11169790e-03
 -4.55521867e-02  9.25638899e-02 -7.03101093e-03 -9.12741106e-03
  3.28741334e-02  4.44486775e-02 -2.79075988e-02 -2.23036986e-02
  1.14624977e-01  2.76303827e-03  2.45526843e-02  7.33621046e-03
 -1.97711214e-02  1.48912156e-02  2.72702277e-02  3.68326274e-03
 -6.83583543e-02 -1.82917174e-02  5.31649999e-02  9.83423367e-03
  3.42409089e-02  1.45530992e-03  8.92555714e-02 -6.28999919e-02
 -3.19751874e-02  1.38188498e-02  6.71986341e-02  7.66810328e-02
 -5.54067492e-02 -3.87815945e-02  1.16645388e-01  4.84143756e-02
 -2.28564497e-02  9.53509435e-02  1.98033974e-02  8.01975746e-03
  1.21932654e-02 -7.13431761e-02 -7.36745894e-02 -3.84149887e-02
  4.80413921e-02  4.42172177e-02 -3.33935693e-02 -1.28267575e-02
  7.13705346e-02 -2.38153748e-02  1.06465695e-02  8.22291151e-02
 -1.95446648e-02  3.29100192e-02 -7.07580671e-02 -6.06133118e-02
  1.56848982e-01  2.55065393e-02  1.31565658e-03  4.17541936e-02
 -2.18397677e-02  3.26700024e-02 -9.70817730e-03 -1.74677577e-02
  1.07866503e-01 -2.95496117e-02 -3.21435258e-02  1.32315280e-03
 -8.00658241e-02 -3.15958038e-02  3.75373848e-02 -6.11721724e-03
  3.33224572e-02 -5.42691397e-03  3.74553986e-02 -8.36221576e-02
  1.41295008e-02 -9.74799320e-03 -4.04571518e-02 -1.04273811e-01
  2.87918523e-02  3.84160280e-02  4.58881184e-02 -2.28800186e-33
 -3.77454795e-02 -3.85911353e-02  4.53720391e-02 -5.02881482e-02
  1.21927388e-01 -7.36601353e-02 -5.35565801e-03  2.57490650e-02
 -8.06749314e-02 -5.24922982e-02 -4.21240274e-03 -5.41812293e-02
  1.06114544e-01  8.00012946e-02  2.07518619e-02  4.59297374e-02
  1.72926262e-02 -1.03021711e-01 -1.03668645e-02  6.77222759e-02
 -9.46679525e-03  5.66888303e-02 -6.28839284e-02  5.27573377e-02
  3.02427020e-02 -2.91437414e-02 -1.35623468e-02 -5.74164465e-02
  1.47786336e-02  4.15315619e-03 -5.29422276e-02 -8.72421786e-02
 -4.77490015e-02 -9.40913334e-02 -9.74480584e-02 -5.46657033e-02
 -7.65527487e-02 -6.84643835e-02  3.06634847e-02  6.60530999e-02
  1.04835410e-04 -3.07304766e-02 -9.43027809e-03  1.35961175e-02
 -4.98779900e-02  2.05753688e-02  3.62658105e-03 -1.92271378e-02
 -5.38775511e-02 -5.48865795e-02 -7.46852234e-02  1.41847646e-02
 -3.15367356e-02  1.33964320e-04 -2.83501167e-02 -4.37458791e-02
 -2.53912751e-02 -8.09755400e-02  8.02902579e-02  4.64994721e-02
 -8.27491097e-03 -2.77580228e-02  4.75227721e-02  2.64237206e-02
 -1.48461796e-02 -8.67105722e-02 -7.18892813e-02 -1.82369053e-02
 -3.65936384e-02  7.27556879e-03  8.31184089e-02 -8.06888789e-02
 -7.38087147e-02  1.58010051e-02  2.85170693e-02 -8.37263241e-02
 -1.38299810e-02  9.96399149e-02  3.86998467e-02 -5.91110848e-02
 -9.29403529e-02  7.46708922e-03 -1.02344034e-02 -4.10679821e-03
 -2.87120715e-02 -1.21392701e-02  7.13405162e-02  6.20077029e-02
  1.88385025e-02  2.20563076e-02 -3.52284908e-02 -1.01053398e-02
 -3.89802642e-02  1.04417332e-01 -8.32263976e-02 -4.58892231e-08
  8.00545234e-03  4.35591601e-02  2.62711979e-02  3.26636694e-02
 -3.22486795e-02  3.08130365e-02  7.28787109e-03 -8.60244259e-02
  2.90656015e-02  4.81168404e-02  5.16135655e-02  4.56913188e-02
  4.12815884e-02 -6.82654157e-02  3.36854309e-02  1.53840082e-02
 -6.01766817e-03  1.08205147e-01 -5.46251461e-02  7.08964542e-02
  6.01537190e-02  3.21063101e-02 -4.84133139e-02  6.27067611e-02
  2.87004840e-02 -1.90318152e-02 -1.27194226e-02  7.99611136e-02
  3.49815562e-02  3.08959931e-02  1.20052779e-02  1.01958744e-01
 -3.43113355e-02  1.40579175e-02  1.51361397e-03  3.28253433e-02
 -1.08948752e-01  8.85867793e-03  2.51857884e-04 -4.91187628e-03
  6.64319545e-02  1.67609211e-02 -7.38131553e-02  9.68150645e-02
  8.10686797e-02  5.99248800e-03 -3.86002697e-02 -7.17887208e-02
  2.03121314e-03  2.96945591e-02 -5.92091568e-02  5.23029678e-02
 -4.18751175e-03 -4.15288061e-02  3.05907819e-02  3.35648619e-02
  7.12149441e-02  5.22592179e-02  2.70654038e-02 -4.91602346e-02
  5.53043820e-02 -7.76360463e-03 -4.65337485e-02  4.50222492e-02]"
28,../models/Interaction Sequencing Examples/ServerSequenceModel.sysml,"package ServerSequenceModel {
	private import ScalarValues::String;
	public import SignalDefinitions::*;

	package SignalDefinitions {
	    item def Subscribe {
	    	attribute topic : String;
	    	ref part subscriber;
	    }
	    
		item def Publish {
			attribute topic : String;
			ref publication;
		}
		
		item def Deliver {
			ref publication;
		}
	}

	part def PubSubSequence {
		part producer[1] {
			event occurrence publish_source_event;
		}
		
		message publish_message from producer.publish_source_event to server.publish_target_event;
		
		part server[1] {
			event occurrence subscribe_target_event;
			then event occurrence publish_target_event;
			then event occurrence deliver_source_event;
		}
		
		message subscribe_message from consumer.subscribe_source_event to server.subscribe_target_event;
		message deliver_message from server.deliver_source_event to consumer.deliver_target_event;
		
		part consumer {
			event occurrence subscribe_source_event;
			then event occurrence deliver_target_event;
		}
	}
}","Generate a SysML v2 model named ""ServerSequenceModel"" focused on a publish-subscribe communication framework. This model consists of a package called ""SignalDefinitions"" that defines three key items: ""Subscribe,"" which has a topic and references a subscriber; ""Publish,"" that includes a topic and references a publication; and ""Deliver,"" which solely references a publication. The core behavior is encapsulated in a part called ""PubSubSequence,"" with defined roles for the producer, server, and consumer. The producer emits a ""publish_source_event,"" triggering a ""publish_message"" to the server. The server manages subscription and publication events through ""subscribe_target_event"" and ""publish_target_event,"" respectively. It also handles delivery via ""deliver_source_event,"" which sends a ""deliver_message"" to the consumer. The consumer generates a ""subscribe_source_event,"" leading to the ""deliver_target_event."" Each event and message facilitates a structured flow of information, ensuring seamless communication within the publish-subscribe system.","[-9.21212509e-03 -8.79769251e-02 -5.09401299e-02  4.23740558e-02
  2.41371617e-03 -2.74568573e-02  4.63527367e-02 -4.92044874e-02
  5.30909896e-02  3.88572402e-02 -1.10698165e-02 -1.23677496e-02
  5.54638766e-02 -6.88233040e-03  4.63575199e-02 -2.72805039e-02
  1.14090994e-01 -8.85517895e-02 -3.52915414e-02 -6.99944096e-04
 -2.31977343e-03  2.70327777e-02 -3.51265706e-02  4.22780924e-02
 -8.24199766e-02 -1.05538853e-01 -1.73178017e-02  5.38770575e-03
  4.33272310e-02 -2.39552408e-02  9.98324603e-02 -1.98068060e-02
  8.66405573e-03  6.57653362e-02  4.63614315e-02  1.80589315e-02
  8.25454518e-02 -8.08554664e-02 -7.05397129e-02 -2.10752282e-02
  1.22544780e-01 -9.81404856e-02 -1.06805064e-01  1.92432683e-02
 -3.40677681e-03 -4.64362353e-02 -4.41615395e-02  2.98664626e-02
 -8.11867639e-02  4.50396091e-02 -3.63249257e-02 -8.17049667e-02
 -1.93349402e-02  9.19247195e-02  4.92664948e-02  5.12604043e-02
 -2.79984064e-02  6.49595726e-03 -4.58168872e-02 -3.78932506e-02
  1.80722661e-02 -2.37265937e-02 -1.34752706e-01  6.07815711e-03
  2.88781337e-02  5.25621437e-02  6.90930570e-03  2.98194047e-02
  6.09097369e-02 -1.77460983e-02 -5.60522377e-02 -4.15312015e-02
 -1.83231402e-02 -5.80419553e-03  4.13914472e-02 -6.78004250e-02
  7.70444144e-03 -1.61394496e-02 -2.19236650e-02 -7.81487897e-02
 -1.54723125e-02 -3.22345179e-03 -4.35112268e-02 -7.17447465e-03
 -4.41335812e-02 -3.07524912e-02  3.60815264e-02 -2.19610650e-02
  1.39613717e-03  3.14481221e-02 -3.51311527e-02  9.92184691e-03
  5.48584349e-02  3.83863116e-05 -9.28896572e-03  4.66500856e-02
  6.75782608e-03 -2.87200492e-02  7.52654672e-02  2.32330058e-02
  1.87086477e-03  5.86577840e-02  1.54858204e-02 -2.42814329e-02
 -2.78286301e-02 -9.22639519e-02 -1.32167310e-01  1.99138634e-02
 -6.93372339e-02  5.03431633e-02 -6.11406043e-02  7.33757764e-02
  3.49802114e-02 -2.83799917e-02  3.85607667e-02  7.49186128e-02
  1.85559802e-02  6.97938576e-02  1.15200430e-02 -6.28094748e-02
  4.91488818e-03  1.93341151e-02  4.47955988e-02 -3.81373742e-04
  2.77640708e-02 -2.41158204e-03 -3.39778662e-02 -1.07683888e-33
  1.06122447e-02 -1.89123359e-02 -4.51545864e-02  9.24293250e-02
  9.08429474e-02  7.60729238e-02 -7.29649747e-03 -4.28507552e-02
 -1.10082673e-02  9.77992546e-03 -3.10327634e-02  2.71812491e-02
  2.53217593e-02  5.50044775e-02  3.73387560e-02 -7.90512040e-02
 -3.17238048e-02  1.46130055e-01  2.41288301e-02  1.94492750e-02
 -2.65384689e-02 -2.34550498e-02 -7.88507685e-02  5.75403348e-02
  6.15220815e-02  3.63336653e-02  3.22893001e-02  7.78272375e-02
 -4.54392433e-02  1.45903071e-02  1.54017834e-02  6.29884377e-02
  3.53112628e-05 -2.12745927e-02  1.95938107e-02 -1.00260759e-02
 -1.30109712e-02 -7.54386559e-02  4.04990166e-02 -4.97696511e-02
  1.12945950e-02 -6.87712710e-03 -8.07778835e-02 -2.29800562e-03
 -9.77842510e-02 -3.05068027e-02 -5.78791611e-02 -7.38122314e-02
  8.73026103e-02 -8.23298171e-02  9.16591063e-02 -4.02570963e-02
  1.08718164e-01  1.91325899e-02  2.04945263e-02 -1.14316493e-02
  3.09517272e-02 -2.67116446e-02 -2.73446250e-03  4.96152714e-02
 -1.83213092e-02 -2.46686768e-02  3.44782248e-02  2.35512778e-02
  1.35742113e-01  5.29184053e-03 -6.85316473e-02 -1.20239571e-01
  5.19167073e-02 -2.34664627e-03  5.89633966e-03  7.52909780e-02
  1.51808038e-02 -2.04659272e-02  3.45436460e-03 -3.71455885e-02
 -7.75466934e-02  8.74203071e-03  1.11463312e-02  9.89866853e-02
 -6.29847944e-02  7.09631145e-02 -7.97241181e-02  4.90347035e-02
  2.29779556e-02 -2.87128929e-02 -4.89954650e-02 -2.80661378e-02
 -9.67791006e-02 -6.21097200e-02  1.78731382e-02  9.39297199e-04
  2.42612530e-02  3.94611508e-02  4.80455272e-02  8.87683375e-34
 -2.22964343e-02 -3.05830203e-02 -9.21930224e-02  3.58994491e-02
 -5.74966110e-02 -5.55660836e-02 -7.50220045e-02 -2.62458865e-02
 -7.64873912e-05  2.08058264e-02 -3.05206683e-02 -3.71572375e-02
 -1.17219565e-02  2.55657323e-02 -3.26607637e-02 -4.29707058e-02
  7.42518678e-02 -1.36069879e-01 -2.16533802e-02  1.26728313e-02
  3.30840517e-03  1.54093420e-02 -2.29019970e-02 -3.19250114e-02
  5.97757027e-02 -2.23879516e-02  4.88728136e-02  8.84328261e-02
 -3.62120243e-03 -6.34679571e-02  7.10075814e-03  1.10804113e-02
  5.05426563e-02 -9.37092602e-02 -1.93119198e-02 -2.57809423e-02
  4.67582159e-02  5.16121201e-02 -9.05861240e-03 -2.80328859e-02
  6.37249723e-02  2.77200099e-02 -7.73303583e-02 -1.46984439e-02
  7.62775587e-03  2.37146579e-02  3.04250252e-02 -4.90228226e-03
 -8.97061836e-04  1.98802748e-03 -1.56730507e-02 -7.47691467e-02
  7.73259103e-02  4.16481793e-02 -1.32048968e-02  8.98109823e-02
 -2.56219823e-02  3.18035856e-02  3.18985358e-02  1.95096582e-02
  8.56745839e-02 -1.76476315e-03  3.76264937e-02 -9.74949449e-03
  3.98985073e-02  4.00033873e-03  2.71688197e-02 -7.04680011e-03
  2.60849409e-02 -1.19797485e-02  6.13834932e-02  3.68869677e-03
 -3.63549776e-02 -2.32394133e-02  6.43559247e-02 -8.59309733e-03
 -3.38638239e-02 -1.88059397e-02 -3.43778580e-02  2.60889232e-02
 -1.76438570e-01  5.85112050e-02 -2.61509903e-02  9.98742133e-02
  1.16363531e-02 -6.74498379e-02  7.21499622e-02  3.09453011e-02
  6.72928058e-04 -4.40486148e-02 -1.09537365e-02 -4.00076574e-03
 -4.52929512e-02  8.85602161e-02 -5.94866313e-02 -4.92782988e-08
 -9.93215516e-02  3.02048982e-03 -3.17102000e-02 -2.51970399e-04
  8.13940167e-02  8.26803967e-02  2.03929506e-02 -6.83475882e-02
  2.72008386e-02  1.00776618e-02 -8.63292888e-02 -3.75969857e-02
 -2.03956794e-02 -4.20564879e-03  9.87789407e-02  1.85171422e-02
  5.97284883e-02 -2.40870030e-03 -8.62717330e-02 -7.53052011e-02
  7.42861629e-02  4.53900956e-02  3.81803252e-02  1.31529812e-02
  1.13465674e-02 -1.43329194e-02  8.75625983e-02  7.41282701e-02
  1.12106642e-02 -5.66684688e-03  2.13412641e-04 -1.77959632e-02
  1.23430172e-03  1.57818776e-02 -5.89516237e-02  4.38968875e-02
 -1.22866686e-02 -3.76773514e-02  3.48785594e-02  6.75570443e-02
  6.94783330e-02 -1.12138279e-02 -2.95321364e-02  1.05955593e-01
 -3.15335020e-02  4.46770415e-02 -7.50059038e-02 -1.31084956e-02
  1.54077094e-02  2.78018266e-02 -2.68436838e-02 -2.03086846e-02
  4.86545004e-02  6.99023774e-04 -6.14919960e-02  3.01126726e-02
  6.44403547e-02 -2.65378654e-02  1.20589413e-01  5.42729273e-02
  4.33765575e-02  8.05596635e-02 -1.92867629e-02 -4.31238703e-04]"
29,../models/Interaction Sequencing Examples/ServerSequenceModelOutside.sysml,"package ServerSequenceModelOutside {
	public import ServerSequenceModel::*;

	part def PubSubSequenceOutside :> PubSubSequence {
		part :>> producer {
			event publish_source_event = publish_message.start;
		}
		
		part :>> server {
			event occurrence :>> subscribe_target_event = subscribe_message.done;
			then event occurrence :>> publish_target_event = publish_message.done;
			then event occurrence :>> deliver_source_event = deliver_message.start;
		}
		
		part :>> consumer {  /* Redundant with timing constraints on server and generic transfers. */
			event occurrence :>> subscribe_source_event = subscribe_message.start;
			then event occurrence :>> deliver_target_event = deliver_message.done;
		}
	}
}","Generate a SysML v2 model that represents a Pub/Sub sequence for an external server interaction. Model the package as `ServerSequenceModelOutside` and define a part named `PubSubSequenceOutside`, which is a subtype of `PubSubSequence`. Include three sub-parts: producer, server, and consumer. In the producer, define an event named `publish_source_event`, triggered by `publish_message.start`. In the server part, create events for `subscribe_target_event`, which is initiated by `subscribe_message.done`, followed by `publish_target_event` upon the completion of `publish_message.done`, and lastly, `deliver_source_event`, triggered by `deliver_message.start`. In the consumer part, define `subscribe_source_event` for `subscribe_message.start`, followed by the `deliver_target_event`, which wraps up the `deliver_message.done`. Note that the consumer's functionality is considered redundant due to timing constraints on the server and generic transfers in the overall sequence.","[-1.45964175e-02 -7.81377703e-02 -1.89889073e-02  5.01278788e-02
 -1.95053611e-02 -3.73686180e-02  3.53422277e-02 -3.41752432e-02
  4.47493792e-02  4.68392782e-02  5.96543681e-03 -1.77117269e-02
  3.28791849e-02  1.20097566e-02  3.97726893e-02 -2.88641024e-02
  9.60974097e-02 -9.66601595e-02  1.74909143e-03  2.24027485e-02
 -2.45607030e-02  5.15487753e-02 -1.26893371e-02  4.60402593e-02
 -8.15482587e-02 -1.12828389e-01  8.16596020e-03  3.23398970e-02
  5.80028184e-02 -3.32889631e-02  8.24965760e-02 -2.21757907e-02
 -2.44750064e-02  2.98831481e-02  8.86992440e-02  1.67733319e-02
  7.10952058e-02 -8.72451067e-02 -6.47762865e-02 -2.30584182e-02
  1.36138111e-01 -9.01701301e-02 -8.49388391e-02 -2.96255830e-03
  4.38059075e-03 -7.64751732e-02 -5.10095730e-02  3.56852263e-02
 -5.61235249e-02  1.42479083e-02 -3.47306766e-02 -5.47099970e-02
 -2.07625479e-02  6.76307455e-02  7.21512958e-02  3.46691571e-02
 -4.47334303e-03  1.12773012e-02 -5.82443513e-02 -3.24626788e-02
 -3.05388030e-02 -2.77857725e-02 -1.36718214e-01 -4.36130241e-02
 -7.27286888e-03  8.62070993e-02 -1.35725234e-02  4.06348668e-02
  6.57340363e-02  3.38257924e-02 -6.25354350e-02 -6.34477735e-02
 -5.19991592e-02 -1.76506285e-02  7.69478222e-03 -4.98145409e-02
  3.07088103e-02 -4.55948571e-03 -8.46252292e-02 -1.03061132e-01
 -3.17235403e-02 -6.32451847e-02 -5.05044945e-02 -1.75031349e-02
 -3.31450254e-02 -3.05504538e-02  4.63504568e-02 -2.01720688e-02
  5.07893711e-02  4.00101990e-02 -2.78943703e-02  4.88010840e-03
  1.41450567e-02  1.14483368e-02  2.42570750e-02  5.14034964e-02
 -1.05900457e-02 -1.36050936e-02  8.98546055e-02  4.42613401e-02
 -4.23461082e-04  6.69610649e-02  3.05491202e-02 -1.12092439e-02
 -1.43496813e-02 -5.42492606e-02 -1.05364129e-01 -2.49552634e-03
 -6.98264837e-02  1.29137039e-02 -6.05802163e-02  7.07815289e-02
  6.91425055e-02 -3.01255304e-02  2.45279614e-02  5.83599694e-02
  5.38935773e-02  3.29194814e-02 -8.77065677e-03 -7.13117197e-02
  4.69415039e-02  5.20435954e-03  4.99499626e-02  2.32746638e-02
  2.52689514e-02  1.06845526e-02 -1.36835454e-02  7.88957026e-35
  7.34806454e-05 -4.71565351e-02 -4.40394506e-02  7.09990636e-02
  9.87883210e-02  1.15516745e-01 -1.40691372e-02 -4.16328348e-02
 -1.69725716e-02 -1.02664987e-02 -3.55893187e-02 -1.63857173e-02
  1.40354903e-02 -2.29460634e-02  3.97478230e-02 -6.82153329e-02
  4.10631625e-03  1.24762997e-01  3.89436744e-02  4.01418991e-02
  1.00712748e-02 -3.73873711e-02 -8.48724470e-02  4.23120782e-02
  5.97568303e-02  7.54973665e-02  4.18778770e-02  6.16635419e-02
 -1.65537558e-02  7.96912052e-03  6.17871098e-02  5.61025962e-02
 -9.87778301e-04  1.01845628e-02  2.90015130e-03 -2.66442411e-02
 -3.09623275e-02 -8.53717700e-02  4.65649404e-02 -5.72625548e-02
  1.88401993e-02  4.33480879e-03 -8.85122642e-02  1.65619347e-02
 -1.17005594e-01 -5.28398603e-02 -8.57863724e-02 -4.64683436e-02
  7.01213554e-02 -9.91914570e-02  8.97329897e-02 -2.66093016e-02
  7.74821341e-02  4.22335789e-03  1.04526244e-02 -4.47754152e-02
  1.66051444e-02  4.54944093e-03  1.51534863e-02  4.55796458e-02
 -3.06795705e-02 -2.41446379e-03  3.07353511e-02  1.51210581e-03
  1.10159412e-01 -2.63587292e-03 -6.32176101e-02 -6.60024807e-02
  3.78204100e-02 -2.26086956e-02  1.48343537e-02  8.89902562e-02
 -9.09167156e-03  7.88044650e-03  2.07538083e-02 -4.69420776e-02
 -5.05103245e-02  3.10419215e-04  4.61379485e-03  8.21752027e-02
 -6.40350953e-02  8.38707983e-02 -9.43198204e-02  3.61027345e-02
  4.23161797e-02 -2.60114651e-02 -3.00394949e-02 -1.94827374e-02
 -9.51049402e-02 -6.53168634e-02 -2.42299642e-02 -1.29279159e-02
  5.14012016e-02  3.97276953e-02  3.19696181e-02 -8.53169484e-34
 -3.44819948e-03 -2.73173265e-02 -6.23828284e-02  1.78932305e-02
 -3.24788056e-02 -7.23886937e-02 -3.13742608e-02 -9.69741866e-03
  2.72209966e-03  7.28734285e-02 -3.08054760e-02 -1.90989841e-02
  3.20661254e-02 -1.28983252e-03 -1.88177498e-03 -2.38939654e-02
  3.45247462e-02 -1.37232140e-01 -2.06191489e-03  1.59065071e-02
  2.24790499e-02  2.19369046e-02 -6.71518827e-03 -7.93285109e-03
  1.69812385e-02 -7.90599920e-03  3.83597352e-02  9.01198089e-02
 -3.01135220e-02 -7.53273219e-02  5.65780001e-03  1.31336171e-02
  3.52038369e-02 -6.34252280e-02 -3.19273174e-02 -6.52724644e-04
  2.89195515e-02  5.12884445e-02  4.47010295e-03 -9.53869242e-03
  9.43185166e-02  3.76720726e-02 -1.39256865e-01 -1.31458538e-02
  5.61136287e-03  1.80350412e-02  3.18115838e-02 -4.12352383e-02
 -2.09346600e-02 -1.14153395e-03 -3.12277116e-02 -5.28256409e-02
  6.77777082e-02  3.96615416e-02 -1.33735333e-02  4.18139584e-02
  2.80564278e-02  1.20295743e-02  3.40694765e-04  1.36563741e-02
  7.95902833e-02 -3.26618515e-02  6.88994452e-02 -2.53446531e-02
  5.54114431e-02 -1.35773495e-02  1.85520891e-02 -1.25310067e-02
  5.15339971e-02 -5.49186431e-02  5.30094206e-02  1.93597451e-02
 -5.78997470e-02  4.93198037e-02  7.86409229e-02  1.61823612e-02
 -3.70393097e-02 -5.77219017e-03  9.05014575e-03  1.76719520e-02
 -1.78794101e-01  5.75847700e-02  5.50126191e-04  7.53590688e-02
 -2.41788477e-02 -6.64892420e-02  6.94472343e-02  1.06701165e-01
 -6.07247883e-03 -2.74649411e-02 -4.17413041e-02 -4.00587171e-03
  4.54600081e-02  1.08735710e-01 -4.76456881e-02 -5.33820064e-08
 -9.24837813e-02 -3.43672745e-02 -4.02047159e-03  4.62322533e-02
  7.58553296e-02  4.13872227e-02 -2.88794637e-02 -7.95122236e-02
  3.44122238e-02 -3.34590743e-03 -1.24741033e-01 -7.37535069e-03
  1.96919441e-02  1.21523989e-02  4.32191081e-02  9.47892014e-03
  4.87446338e-02 -4.22271006e-02 -8.69133547e-02 -6.72109276e-02
  6.65254742e-02  7.12505877e-02  1.99985541e-02  2.58737803e-02
 -1.51187712e-02 -2.58439779e-02  4.49951515e-02  3.73650193e-02
 -9.10217687e-03 -5.35699576e-02  1.71428323e-02 -3.16049494e-02
 -1.94069427e-02  2.76457220e-02 -8.80285278e-02  7.23756403e-02
 -2.53268192e-03 -2.48722471e-02  4.60590646e-02  2.56131049e-02
  7.92686343e-02 -5.53413630e-02 -5.33520058e-02  4.97396961e-02
 -2.15473082e-02  3.69813479e-02 -9.05464888e-02 -5.61176725e-02
  1.16342166e-02  4.91088964e-02 -4.79668304e-02 -5.37955086e-04
  2.99598929e-02  1.01536827e-03 -4.74316142e-02  1.58122589e-03
  3.81357707e-02 -3.36718000e-02  1.49097174e-01  5.34311496e-02
  2.67863832e-02  4.15367186e-02 -3.56742665e-02  1.54798795e-02]"
30,../models/Interaction Sequencing Examples/ServerSequenceOutsideRealization-2.sysml,"package ServerSequenceOutsideRealization_2 {
	private import ScalarValues::String;
	private import ServerSequenceModelOutside::*;
	private import Configuration::*;
	
	package Configuration {
		
		port def PublicationPort;
		
		port def SubscriptionPort;
		
		part producer_2[1] {
			attribute someTopic : String;
			private item somePublication;
			/* Requiring FIFO sort (as opposed to just default) to make arrival/leave ordering
			 * in ServerSequenceModelOutside.sysml equivalent to accept/send ordering in
			 * ServerSquenceRealization-2.sysml. */
			:>> incomingTransferSort = Occurrences::earlierFirstIncomingTransferSort;
			
			port publicationPort : ~PublicationPort;
			
			perform action producerBehavior {
				action publish send Publish(someTopic, somePublication) via publicationPort;
			}
		}
		
		interface producer_2.publicationPort to server_2.publicationPort;
		
		part server_2[1] {
			port publicationPort : PublicationPort;
			port subscriptionPort : SubscriptionPort;
			:>> incomingTransferSort = Occurrences::earlierFirstIncomingTransferSort;
			
			exhibit state serverBehavior {
				entry; then waitForSubscription;
				
				state waitForSubscription;
				transition subscribing
					first waitForSubscription
					accept sub : Subscribe via subscriptionPort
					then waitForPublication;
					
				state waitForPublication;
				transition delivering
					first waitForPublication
					accept pub : Publish via publicationPort
					if pub.topic == subscribing.sub.topic
					do send Deliver(pub.publication) to subscribing.sub.subscriber
					then waitForPublication;
			}
		}
		
		interface consumer_2.subscriptionPort to server_2.subscriptionPort;
		
		part consumer_2[1] {
			attribute myTopic : String;
			:>> incomingTransferSort = Occurrences::earlierFirstIncomingTransferSort;
			
			port subscriptionPort : ~SubscriptionPort;
			
			perform action consumerBehavior {
				action subscribe send Subscribe(myTopic, consumer_2) to server_2;
				then action delivery accept Deliver via consumer_2;
			}
		}
		
	}
	
	part realization_2 : PubSubSequence {
		part :>> producer :> producer_2;
		part :>> server :> server_2;
		part :>> consumer :> consumer_2;

		message :>> publish_message: Transfers::MessageTransfer {
 			end :>> source = producer.publicationPort;
 			end :>> target = server.publicationPort;
 		}
		message :>> subscribe_message: Transfers::MessageTransfer {
 			end :>> source = consumer.subscriptionPort;
 			end :>> target = server.subscriptionPort;
 		}
		message :>> deliver_message: Transfers::MessageTransfer {
 			end :>> source = server;
 			end :>> target = consumer;
 		}
 		
 		/* Binding sent/accept messages to specification model messages. */
		  /* Sends */
 		bind producer_2.producerBehavior.publish.sentMessage = publish_message;
 		bind consumer_2.consumerBehavior.subscribe.sentMessage = subscribe_message;
 		bind server_2.serverBehavior.delivering.effect.sentMessage = deliver_message;
 		  /* Accepts */
 		bind consumer_2.consumerBehavior.delivery.acceptedMessage = subscribe_message;
 		bind server_2.serverBehavior.subscribing.accepter.acceptedMessage = subscribe_message;
 		bind server_2.serverBehavior.delivering.accepter.acceptedMessage = publish_message;
	}
}","Generate a SysML v2 model named `ServerSequenceOutsideRealization_2` that encapsulates a publish-subscribe messaging system. The model comprises a configuration section defining ports for publication and subscription, and three distinct parts: a producer, a server, and a consumer. The producer publishes messages on a specified topic through its publication port, capable of handling FIFO ordering for message processing. The server waits for subscriptions, and upon receiving a subscription, it waits for publications to deliver messages to subscribers based on topic matching. The consumer subscribes to a topic and waits to receive messages delivered by the server. Each part is intricately linked with defined interfaces for communication, ensuring an orderly flow of messages via distinct message transfers for publishing, subscribing, and delivering. The model reinforces behavior through state machines illustrating the transitions and actions occurring within the producer, server, and consumer interactions, ensuring clarity in message handling and system interactions.","[-2.60733292e-02 -7.55139738e-02 -6.29528519e-03  3.05541214e-02
 -2.96966638e-02 -5.63275144e-02  5.30506633e-02 -7.64798522e-02
  2.37536002e-02  6.85259029e-02  1.59800202e-02  1.96821354e-02
  5.44180907e-02  1.16599668e-02  1.86762773e-02 -5.12460396e-02
  9.35344622e-02 -1.04703583e-01 -7.25711277e-03  1.49221197e-02
 -2.99158186e-04  4.41841334e-02 -3.76425162e-02  1.35486713e-02
 -1.06314488e-01 -4.64835651e-02 -4.19462100e-02 -3.22159640e-02
  3.35367806e-02 -6.90255910e-02  4.47001122e-02 -6.38154475e-03
 -1.26018561e-02  7.55741075e-02  3.11805941e-02 -1.23764221e-02
  9.60570052e-02 -5.93399741e-02 -8.24708790e-02 -4.49235253e-02
  1.06798045e-01 -9.76482406e-02 -6.07058816e-02  1.02559272e-02
  2.30474886e-03 -2.60557625e-02 -2.22275816e-02  4.66839448e-02
 -6.48536384e-02 -1.21046184e-03 -8.39500204e-02 -4.42729853e-02
 -7.26756686e-03  1.14221655e-01  1.91075001e-02  5.54932319e-02
  9.69916116e-03  3.31963487e-02 -8.72410163e-02  1.90718397e-02
  1.18064303e-02 -4.69229333e-02 -9.84048173e-02 -1.42135583e-02
  3.98744307e-02  6.28067926e-02  2.28512548e-02  3.91077921e-02
  2.37524211e-02 -1.01691985e-03 -8.70126486e-02 -3.81330959e-02
 -3.34515907e-02  5.62463850e-02 -8.05498939e-03 -6.67481571e-02
  1.32622169e-02 -4.81179841e-02 -1.97838731e-02 -6.16798289e-02
 -2.98859980e-02 -5.26414923e-02 -4.71073873e-02 -2.59732921e-03
 -5.15853390e-02 -6.14651702e-02  4.40475391e-03 -4.60157432e-02
  4.27452736e-02  4.14404497e-02 -3.04950681e-02  1.53703000e-02
  4.39694636e-02 -1.26443654e-02 -2.53506042e-02  4.88938242e-02
  1.23949181e-02 -3.06022689e-02  5.25142699e-02  4.96232733e-02
  3.51935551e-02  5.39710335e-02  9.09632146e-02 -5.47672175e-02
 -1.68984625e-02 -8.33294913e-02 -8.37211758e-02 -1.24030383e-02
 -6.82622120e-02  1.40529061e-02 -6.14763238e-02  1.00749306e-01
  3.32819894e-02 -9.20749921e-03  2.42307000e-02  6.04769625e-02
  4.69891392e-02  4.28379476e-02  2.61703581e-02 -3.78645957e-02
  1.35603668e-02  6.76839100e-03  2.88454853e-02  5.81945851e-03
  2.57553700e-02  7.20452005e-03 -3.93806808e-02  1.97095487e-33
 -2.32757181e-02 -9.30085313e-04 -4.64193560e-02  8.82585123e-02
  5.60952909e-02  4.73873243e-02  1.40954126e-02 -6.61785454e-02
 -3.41584124e-02 -3.75425220e-02 -4.43562530e-02  3.90004516e-02
  3.39163803e-02  5.93140908e-02  4.49671671e-02 -1.18381694e-01
  1.63458996e-02  1.25464350e-01  3.36055756e-02 -1.52043765e-02
  7.64070172e-03 -1.44403931e-02 -5.82687333e-02  1.81818439e-04
  6.26684800e-02  4.52850722e-02  1.59573071e-02  2.25260481e-02
  7.14180665e-03  1.21712517e-02  4.47617806e-02  6.11332096e-02
  4.87975590e-03  1.24437734e-02  6.36110604e-02 -2.10092589e-02
  3.08917128e-02 -9.48510394e-02  7.65113160e-02 -8.80863443e-02
 -2.63985712e-02  2.16471925e-02 -6.65483549e-02  1.03793014e-02
 -1.02754764e-01  3.91914276e-03 -5.33088632e-02 -3.69515195e-02
  5.57704791e-02 -7.54215196e-02  8.77466798e-02 -1.66311692e-02
  5.51983714e-02  5.80492541e-02  2.81448998e-02 -1.24990642e-02
  3.95234562e-02  1.47906027e-03 -1.96118075e-02  8.57339725e-02
  5.48063952e-04 -1.37786651e-02  1.67908147e-02 -4.88526130e-04
  9.40486342e-02  1.21039217e-02 -5.35921119e-02 -6.67025596e-02
  3.90019268e-02  1.56812426e-02 -2.01770943e-03  7.35902190e-02
  8.79022200e-03  2.89447717e-02  3.71464379e-02 -2.44064704e-05
 -6.96577802e-02 -1.71161741e-02 -6.47529215e-03  6.62087053e-02
 -8.52311030e-02  4.86434661e-02 -1.08124495e-01  5.92953004e-02
  2.53745876e-02 -4.59852442e-02 -3.16026807e-02 -1.17146075e-02
 -6.97473809e-02 -5.00988513e-02 -3.20777334e-02 -4.47998894e-03
  7.17945173e-02  6.75063580e-02  5.05356491e-02 -2.06832253e-33
 -4.94955853e-02 -6.82001337e-02 -7.19576925e-02  4.24991436e-02
 -5.53823039e-02 -7.10129291e-02 -4.82234098e-02  9.60332050e-04
 -1.34348385e-02  1.78202102e-03 -6.16180971e-02 -1.97302382e-02
  4.29441780e-02  2.15841755e-02 -1.14651881e-02 -6.99973628e-02
  6.40914813e-02 -1.30925313e-01  5.86888008e-03  4.08020318e-02
 -2.05804892e-02  5.78293018e-02 -6.99465442e-03 -1.23794535e-02
  3.65885906e-02  1.46366414e-02  1.07696038e-02  7.00992495e-02
 -1.57649722e-03 -5.37253842e-02  3.39280954e-03 -6.06207363e-02
  6.17141612e-02 -5.27168438e-02 -2.95699518e-02 -2.00255588e-03
  1.83433667e-02  4.65453975e-02 -1.21840779e-02  2.99891864e-04
  8.19485784e-02 -2.11205613e-02 -1.14607662e-01 -1.53586583e-03
 -1.62217347e-03  1.62460487e-02 -3.90647538e-02  2.06204057e-02
 -5.40383533e-02 -3.64210494e-02 -2.47255098e-02 -3.10320631e-02
  1.02219313e-01 -8.09788331e-03 -2.93961503e-02  6.76864013e-02
 -1.78100411e-02  2.98153497e-02 -1.09614036e-03  4.55779545e-02
  5.75326160e-02 -6.37272224e-02  2.03526057e-02 -4.33535725e-02
  4.78705540e-02 -3.94853204e-03  5.74992038e-02 -1.38453729e-02
  2.37634983e-02 -2.10466012e-02  9.51469541e-02 -1.73137300e-02
 -5.52753173e-02 -4.76511708e-03  1.02365650e-01 -2.38737999e-03
 -5.20912595e-02 -2.23083179e-02 -5.79705369e-03  4.32533585e-02
 -1.57441989e-01  9.53042060e-02 -5.10026813e-02  9.38458443e-02
  9.63941310e-03 -8.84629413e-02  6.56219870e-02  1.69904958e-02
 -4.96474141e-03 -5.89225888e-02  4.65634419e-03  1.92738464e-03
 -2.16825549e-02  1.14945866e-01 -8.15187693e-02 -4.40330403e-08
 -7.25023746e-02 -4.09193598e-02  2.50338800e-02  5.69485873e-02
  7.83168599e-02  1.12097882e-01 -1.54077848e-02 -7.57885501e-02
  2.38316637e-02  2.94631999e-03 -6.93990961e-02 -2.46203244e-02
  2.10346840e-02 -2.69845016e-02  8.95375460e-02  3.88142280e-02
  4.23745289e-02 -4.24224958e-02 -9.44174156e-02 -6.48285672e-02
  9.37812105e-02  3.41097005e-02  2.14614291e-02  3.68650779e-02
  9.26038902e-03 -1.49062220e-02  1.01774178e-01  5.04533350e-02
 -2.82766093e-02  3.32193077e-02 -2.73144292e-03 -1.04124919e-02
  1.58329215e-02  6.11772686e-02 -4.89838235e-02  5.31896502e-02
 -3.27846557e-02 -5.31268232e-02  2.69971546e-02  4.78065237e-02
  7.33876303e-02  8.28840025e-03 -5.00777401e-02  9.54368338e-02
  3.39893810e-02  3.83109450e-02 -6.61395118e-02 -3.71237248e-02
  2.55702976e-02  1.77903958e-02 -2.78838463e-02 -4.28562984e-02
  3.78872454e-02  5.27121462e-02 -5.69134839e-02 -8.68209358e-03
  4.93513569e-02 -7.37276534e-03  9.81423035e-02  8.50855708e-02
  4.11338732e-02  8.44219923e-02 -1.18642161e-02  1.22082205e-02]"
31,../models/Interaction Sequencing Examples/ServerSequenceOutsideRealization-3.sysml,"package ServerSequenceOutsideRealization_3 {
	private import ScalarValues::String;
	private import ServerSequenceModelOutside::*;
	private import Configuration::*;
	
	package Configuration {
		
		port def PublicationPort {
			in ref publish : Publish;
		}
		
		port def SubscriptionPort {
			in ref subscribe : Subscribe;
			out ref deliver : Deliver;
		}
		
		interface def PublicationInterface {
			end source : ~PublicationPort;
			end target : PublicationPort;
		}
		
		interface def SubscriptionInterface {
			end source : ~SubscriptionPort;
			end target : SubscriptionPort;
		}
		
		part producer_3[1] {
			attribute someTopic : String;
			private item somePublication;
			
			port publicationPort : ~PublicationPort {
				out ref :>> publish;
			}
			
			perform action producerBehavior {
				action publish {
					out ref request : Publish[1] = Publish(someTopic, somePublication);
				}
			}
			
			/* Internal flows are instantaneous to make arrival/leave ordering in SequenceModelOutside.sysml
			 * equivalent to ordering participant internals in ServerSequenceRealization-3.sysml. */
			flow publish_request from producerBehavior.publish.request to publicationPort.publish
				{ attribute :>> isInstant = true;}
		}
		
		interface publication_interface : PublicationInterface connect producer_3.publicationPort to server_3.publicationPort {
			flow publish_request from publication_interface.source.publish to publication_interface.target.publish;
		}
		
		part server_3[1] {
			port publicationPort : PublicationPort {
				in ref :>> publish;
			}
			port subscriptionPort : SubscriptionPort {
				in ref :>> subscribe;
				out ref :>> deliver;
			}
						
			flow subscribe_request from subscriptionPort.subscribe to serverBehavior.subscribing.request
				{ attribute :>> isInstant = true;}
			flow publish_request from publicationPort.publish to serverBehavior.publishing.request
				{ attribute :>> isInstant = true;}
			flow deliver_response from serverBehavior.delivering.response to subscriptionPort.deliver
				{ attribute :>> isInstant = true;}
			
			perform action serverBehavior {
				
				action subscribing {
					in ref request : Subscribe[1];
					out attribute topic : String[1] = request.topic;
				}
				
				then merge continuePublishing;			
				then action publishing {
					in ref request : Publish[1];
					out attribute topic[1] = request.topic;
					out ref publication[1] = request.publication;
				}
				
				then decide;
					if publishing.topic == subscribing.topic then delivering;
					else continuePublishing;
					
				then action delivering {
					in topic : String[1] = subscribing.topic;
					in publication[1] = publishing.publication;
					out ref response : Deliver = Deliver(publication);
				}
				then continuePublishing;
				
			}
		}
		
		interface subscription_interface : SubscriptionInterface connect consumer_3.subscriptionPort to server_3.subscriptionPort {
			flow subscribe_request from subscription_interface.source.subscribe to subscription_interface.target.subscribe;
			flow deliver_response from subscription_interface.target.deliver to subscription_interface.source.deliver;
		}
		
		part consumer_3[1] {
			attribute myTopic : String;
			
			port subscriptionPort : ~SubscriptionPort {
				out ref :>> subscribe;
				in ref :>> deliver;
			}
			
			flow subscribe_request from consumerBehavior.subscribe.request to subscriptionPort.subscribe
				{ attribute :>> isInstant = true;}
			flow deliver_response from subscriptionPort.deliver to consumerBehavior.delivery.response
				{ attribute :>> isInstant = true;}

			perform action consumerBehavior {
				action subscribe {
					out ref request : Subscribe = Subscribe(myTopic);
				}
				then action delivery {
					in ref response : Deliver;
				}
			}
		}
		
	}
	
	part realization_2 : PubSubSequence {
		part :>> producer :> producer_3 {
			event producerBehavior.publish[1] :>> publish_source_event;
		}

		part :>> server :> server_3 {
			event serverBehavior.subscribing[1] :>> subscribe_target_event;
			event serverBehavior.publishing[1] :>> publish_target_event;
			event serverBehavior.delivering[1] :>> deliver_source_event;
		}
		
		part :>> consumer :> consumer_3 {
			event consumerBehavior.subscribe[1] :>> subscribe_source_event;
			event consumerBehavior.delivery[1] :>> deliver_target_event;
		}
		
		flow :>> publish_message from producer.producerBehavior.publish.request to server.serverBehavior.publishing.request {
			event producer.publish_request[1];
			then event publication_interface.publish_request[1];
			then event server.publish_request[1];
		}
		
		flow :>> subscribe_message from consumer.consumerBehavior.subscribe.request to server.serverBehavior.subscribing.request {
			event consumer.subscribe_request[1];
			then event subscription_interface.subscribe_request[1];
			then event server.subscribe_request[1];
		}
		
		flow :>> deliver_message from server.serverBehavior.delivering.response to consumer.consumerBehavior.delivery.response {
			event server.deliver_response[1];
			then event subscription_interface.deliver_response[1];
			then event consumer.deliver_response[1];
		}
	}
}","Generate a SysML v2 model named `ServerSequenceOutsideRealization_3`, integrating a publish-subscribe architecture with three main components: producer, server, and consumer. The model contains a `Configuration` package, where we define ports and interfaces for both publication and subscription interactions. The producer part generates messages based on a specified topic and utilizes a publication port for sending messages. The server acts as a mediator, subscribing to requests and delivering messages based on topic matches, while employing internal flows for instantaneous message handling. The consumer subscribes to a topic and receives messages through a delivery port. Each part has defined behaviors for subscribing, publishing, and delivering messages, supported by stages for processing requests and responses. Realization details showcase event-driven interactions between the producer, server, and consumer, ensuring synchronization across message flows. The resulting model exemplifies a dynamic message-driven system, adhering to the principles of effective communication within a distributed environment.","[-1.06535098e-02 -6.46798685e-02 -2.95918100e-02  3.38589922e-02
 -3.90761346e-02 -7.10038468e-02  4.19155024e-02 -5.20914830e-02
  2.90217288e-02  6.29404262e-02 -2.80198399e-02 -9.86557547e-03
  5.76323457e-02  2.02888809e-02  5.74366376e-02 -4.61468734e-02
  1.08191781e-01 -8.51589441e-02 -2.58013327e-02  2.71273293e-02
 -2.48014089e-02  4.91663478e-02 -2.41879746e-02  4.28619422e-02
 -1.32409900e-01 -3.45724039e-02 -2.75605507e-02 -2.92437375e-02
  1.51909664e-02 -4.04349491e-02  8.12096074e-02 -9.13073774e-03
 -1.22999176e-02  6.60867766e-02  1.41385123e-02 -3.80117854e-04
  1.00081436e-01 -4.79380637e-02 -8.27175155e-02 -3.27392519e-02
  9.42932740e-02 -9.64552388e-02 -9.42389220e-02  1.12430388e-02
 -2.60755401e-02 -5.00136279e-02 -3.51965688e-02  7.27999136e-02
 -6.67060316e-02  4.58428822e-02 -4.70604151e-02 -7.73826018e-02
 -2.12525073e-02  8.21176171e-02  1.77104510e-02  5.34506105e-02
 -2.92576314e-03  2.32026558e-02 -5.48159890e-02  2.50808187e-02
  2.18939595e-02 -4.64319512e-02 -6.61804527e-02 -7.60247977e-03
 -2.43207850e-02  2.94747092e-02  2.99730357e-02  5.58761694e-02
  3.71306725e-02 -1.15789110e-02 -8.93579870e-02 -4.75764927e-03
 -4.87877466e-02  2.93025691e-02 -3.77909765e-02 -7.02635050e-02
  2.50965735e-04 -5.61762974e-02 -3.00391335e-02 -3.33658271e-02
  2.98124301e-04 -1.08785471e-02 -6.57537729e-02  7.44535634e-03
 -6.12667575e-02 -6.74770996e-02  2.32439842e-02 -1.58045981e-02
  4.59809555e-03  3.83658782e-02 -3.65786292e-02  5.54076172e-02
  2.47863475e-02 -2.15249974e-03 -3.02915704e-02  4.68230993e-02
  8.70818645e-03 -2.69064624e-02  5.60843647e-02  2.72275973e-02
  5.30659631e-02  5.02292737e-02  6.84226975e-02 -5.92248626e-02
 -1.37358969e-02 -7.41703659e-02 -7.94275701e-02  1.52959982e-02
 -5.94033562e-02  5.02612181e-02 -8.48084614e-02  6.23308048e-02
  2.01801974e-02 -2.91165933e-02  1.72578860e-02  5.77007867e-02
  4.26154323e-02  2.61382703e-02 -3.22770514e-03 -3.13991793e-02
  8.46631918e-03 -1.59562740e-03  3.56830992e-02 -9.71127674e-03
  7.25775734e-02  1.95401553e-02  8.51339009e-03  3.26702794e-33
 -1.18036699e-02 -1.18351693e-03 -5.94165698e-02  7.52218664e-02
  9.09229368e-02  3.94959636e-02  3.87871601e-02 -5.93682788e-02
 -4.82476205e-02 -8.42764527e-02 -2.14212704e-02  3.30631733e-02
  2.08288450e-02  3.84700112e-02  3.19387652e-02 -8.58264491e-02
 -3.32723162e-03  1.19911373e-01  3.88027057e-02 -7.20185600e-03
 -4.31331135e-02 -4.35170121e-02 -5.94599172e-02  2.76077054e-02
  6.96820691e-02  5.06380722e-02  5.58720641e-02  5.22957705e-02
  4.72685462e-03 -1.08630694e-02  6.09631948e-02  3.69607843e-02
  1.47327110e-02  2.57742535e-02  4.49715070e-02 -2.53051501e-02
  3.67333903e-03 -8.77391025e-02  5.40328212e-02 -4.13508862e-02
 -2.64699813e-02  2.04225276e-02 -9.24636051e-02 -7.78505206e-03
 -9.89954397e-02  4.21939008e-02 -5.65644763e-02 -2.22077332e-02
  8.91600996e-02 -1.10688753e-01  1.04306914e-01 -1.69297904e-02
  1.02755807e-01  5.73860891e-02  3.89727987e-02 -2.09088493e-02
 -7.01033836e-03 -8.59772228e-03 -2.19016094e-02  7.75960758e-02
 -4.49848138e-02 -1.40878037e-02  2.40553599e-02 -2.18720082e-03
  1.01015419e-01 -3.06113176e-02 -2.44581737e-02 -6.54311553e-02
  2.68901829e-02 -1.52524998e-02  2.39634961e-02  3.90452817e-02
  2.28694212e-02  4.10873964e-02 -1.81951339e-03  5.74180624e-03
 -7.50753433e-02  6.58202171e-03  6.67013088e-03  9.78026316e-02
 -8.55696127e-02  4.74167168e-02 -7.42570311e-02  6.94915354e-02
  5.38772382e-02 -1.73598509e-02 -3.18997279e-02  1.98883135e-02
 -8.39709044e-02 -4.35436293e-02 -1.12079950e-02  5.58016030e-03
  7.70329088e-02  3.30924988e-02  3.68754081e-02 -3.22136329e-33
 -4.07969318e-02 -4.56797108e-02 -8.67344588e-02  6.44252300e-02
 -1.97503436e-02 -4.57393192e-02 -8.32779557e-02 -2.36416841e-03
 -5.77302533e-04  7.15787616e-03 -6.12239018e-02 -3.93979996e-02
  2.12765019e-02  3.17694270e-03 -3.59359160e-02 -4.75005358e-02
  4.15413342e-02 -1.28704265e-01 -2.46139299e-02  3.49347815e-02
 -2.16828957e-02  3.53859477e-02 -1.65441930e-02 -1.86160319e-02
  4.30630259e-02  5.16690407e-03  3.26476172e-02  5.54589704e-02
 -2.21282393e-02 -6.60080984e-02  9.97665897e-03 -2.25795042e-02
  8.00736174e-02 -1.04030639e-01  6.41959999e-03 -1.59697374e-03
  2.73614954e-02  5.65591827e-02  7.04101799e-03  3.31352418e-03
  6.89970106e-02 -3.21226530e-02 -1.02153748e-01  4.08972753e-03
  1.37684429e-02  2.19807308e-02 -5.98459877e-02  3.95734422e-02
 -3.68077010e-02  6.02651201e-03 -5.32509163e-02 -7.43733943e-02
  1.14710927e-01 -1.76966246e-02  1.06916146e-03  4.72218320e-02
 -2.66805142e-02  2.44952366e-02 -1.20134084e-02  4.93959188e-02
  5.89319803e-02 -5.62128127e-02  4.78035808e-02 -3.83771807e-02
  4.86112759e-02  2.79628038e-02  6.49369806e-02  3.42553901e-03
  9.11949482e-03 -1.40604610e-02  6.52734041e-02 -1.31546613e-02
 -6.04264885e-02  7.73092126e-03  1.16278581e-01  3.42967594e-03
 -4.40132804e-02 -1.30532607e-02  1.27290441e-02  8.22015330e-02
 -1.60732880e-01  1.27264813e-01 -5.11088446e-02  6.14800341e-02
  1.05726598e-02 -1.07589871e-01  4.89805937e-02  8.44008103e-03
  7.51168421e-03 -4.74230535e-02  2.35315529e-03  4.98045236e-03
 -4.50336710e-02  9.19187516e-02 -4.67737541e-02 -4.44687878e-08
 -7.14615956e-02 -1.41854594e-02 -2.16040649e-02  3.83006856e-02
  5.29056899e-02  1.37561679e-01 -5.40537201e-03 -8.54833946e-02
  5.19452021e-02  2.79674046e-02 -8.16357508e-02 -4.78324667e-02
  2.44595818e-02  5.35328640e-03  6.57416284e-02  1.55721623e-02
  2.32649893e-02 -4.11947928e-02 -8.85525048e-02 -8.18393305e-02
  1.09447621e-01  4.16637510e-02  4.26629670e-02  2.68987175e-02
  2.46805102e-02 -1.97869185e-02  1.17615916e-01  4.10582125e-02
 -3.46605591e-02 -9.50737577e-03 -1.26159592e-02 -4.18445282e-02
 -2.12397613e-03  2.65508275e-02 -3.69191691e-02  3.67229916e-02
 -4.18868139e-02 -4.51504402e-02  1.12097114e-02  4.30311114e-02
  6.40118867e-02  1.74635183e-03 -2.70327758e-02  5.36683723e-02
  3.39310952e-02  2.59293290e-03 -8.21105689e-02 -1.03355842e-02
  1.08550442e-02  2.11873446e-02 -4.84220050e-02 -2.00831536e-02
  4.90117222e-02  4.04376052e-02 -3.11037581e-02  1.36850113e-02
  4.29081246e-02  1.49962003e-03  1.17174961e-01  7.40483105e-02
  3.01042795e-02  6.76733777e-02 -8.51766393e-03  2.70898268e-02]"
32,../models/Interaction Sequencing Examples/ServerSequenceRealization-2.sysml,"package ServerSequenceRealization_2 {
	private import ScalarValues::String;
	private import ServerSequenceModel::*;
	private import Configuration::*;
	
	package Configuration {
		
		port def PublicationPort;
		
		port def SubscriptionPort;
		
		part producer_2[1] {
			attribute someTopic : String;
			private item somePublication;
			
			port publicationPort : ~PublicationPort;
			
			perform action producerBehavior {	
				action publish send Publish(someTopic, somePublication) via publicationPort;
			}
		}
		
		interface producer_2.publicationPort to server_2.publicationPort;
		
		part server_2[1] {
			port publicationPort : PublicationPort;
			port subscriptionPort : SubscriptionPort;
			
			exhibit state serverBehavior {
				entry; then waitForSubscription;
				
				state waitForSubscription;
				transition subscribing
					first waitForSubscription
					accept sub : Subscribe via subscriptionPort
					then waitForPublication;
					
				state waitForPublication;
				transition delivering
					first waitForPublication
					accept pub : Publish via publicationPort
					if pub.topic == subscribing.sub.topic
					do send Deliver(pub.publication) to subscribing.sub.subscriber
					then waitForPublication;
			}
		}
		
		interface consumer_2.subscriptionPort to server_2.subscriptionPort;
		
		part consumer_2[1] {
			attribute myTopic : String;
			
			port subscriptionPort : ~SubscriptionPort;
			
			perform action consumerBehavior {
				action subscribe send Subscribe(myTopic, consumer_2) to server_2;
				then action delivery accept Deliver via consumer_2;
			}
		}
		
	}
	
	part realization_2 : PubSubSequence {
		part :>> producer :> producer_2 {
			event producerBehavior.publish[1] :>> publish_source_event;
		}

		part :>> server :> server_2 {
			event serverBehavior.subscribing.accepter[1] :>> subscribe_target_event;
			event serverBehavior.delivering.accepter[1] :>> publish_target_event;
			event serverBehavior.delivering.effect[1] :>> deliver_source_event;
		}
		
		part :>> consumer :> consumer_2 {
			event consumerBehavior.subscribe[1] :>> subscribe_source_event;
			event consumerBehavior.delivery[1] :>> deliver_target_event;
		}

		message :>> publish_message: Transfers::MessageTransfer {
 			end :>> source = producer.publicationPort;
 			end :>> target = server.publicationPort;
 		}
		message :>> subscribe_message: Transfers::MessageTransfer {
 			end :>> source = consumer.subscriptionPort;
 			end :>> target = server.subscriptionPort;
 		}
		message :>> deliver_message: Transfers::MessageTransfer {
 			end :>> source = server;
 			end :>> target = consumer;
 		}
 		
 		/* Binding sent/accept messages to specification model messages. */
		  /* Sends */
 		bind producer_2.producerBehavior.publish.sentMessage = publish_message;
 		bind consumer_2.consumerBehavior.subscribe.sentMessage = subscribe_message;
 		bind server_2.serverBehavior.delivering.effect.sentMessage = deliver_message;
 		  /* Accepts */
 		bind consumer_2.consumerBehavior.delivery.acceptedMessage = subscribe_message;
 		bind server_2.serverBehavior.subscribing.accepter.acceptedMessage = subscribe_message;
 		bind server_2.serverBehavior.delivering.accepter.acceptedMessage = publish_message;
	}
}","Generate a SysML v2 model named ""ServerSequenceRealization_2"" that captures a publisher-subscriber sequence architecture. The model consists of a nested ""Configuration"" package defining three main parts: ""producer_2,"" ""server_2,"" and ""consumer_2."" Each part includes necessary ports for publication and subscription functionalities. The ""producer_2"" part defines a behavior to publish messages on a specific topic, while ""server_2"" manages subscriptions and deliveries based on received publications. It exhibits states for subscribing and waiting for publications, ensuring correct message handling. The ""consumer_2"" part subscribes to a topic and processes incoming delivery messages. The realization integrates these parts into a cohesive Pub-Sub sequence, establishing interfaces and message transfers among them to simulate the interaction flow. It also binds message transfer events to the associated actions for clear traceability of communication between producer, server, and consumer components.","[-3.83343436e-02 -9.61379260e-02 -2.68850271e-02  7.03155389e-03
 -1.69594437e-02 -4.64611724e-02  2.95064040e-02 -5.25822267e-02
  2.58425362e-02  1.89370420e-02  2.73106284e-02 -1.71654392e-02
  4.54930849e-02 -1.48988841e-02  6.11814745e-02 -3.33535261e-02
  8.21784884e-02 -1.02887340e-01 -1.29658272e-02  6.22747932e-03
  2.79983561e-02  2.06080880e-02 -3.76674794e-02  1.78447906e-02
 -1.08562998e-01 -4.04607467e-02 -3.57505903e-02  2.28408128e-02
  4.36054617e-02 -7.06781968e-02  9.93043631e-02 -2.90951086e-03
  3.22956312e-03  5.86031675e-02  2.58483868e-02  1.39285196e-02
  9.09518003e-02 -6.33959547e-02 -6.48428574e-02 -3.27561758e-02
  9.60215256e-02 -9.41497684e-02 -8.92839953e-02  1.09696314e-02
  2.02275068e-02 -4.35548276e-02 -3.04808468e-02  4.70089912e-02
 -6.54659793e-02  2.71119066e-02 -5.55571765e-02 -5.76705933e-02
 -1.63870621e-02  1.08448684e-01  1.97248720e-02  5.73023781e-02
 -1.90286450e-02  2.29369942e-02 -8.70292261e-02  1.58479270e-02
  1.58185568e-02 -3.19621377e-02 -1.03452489e-01 -1.55213019e-02
  2.88078524e-02  2.10078452e-02 -1.43290719e-03  3.79837267e-02
  2.94370428e-02 -7.57829985e-03 -1.18510775e-01 -4.15484682e-02
 -5.64003177e-02  2.29117405e-02  1.20391017e-02 -5.24099879e-02
  7.42717599e-03 -4.07134555e-02 -3.98359774e-03 -1.04855090e-01
 -7.32456381e-03 -1.92080252e-03 -4.64503877e-02 -4.31762682e-03
 -7.73602352e-02 -4.04097997e-02  3.59082371e-02 -3.22041586e-02
 -1.80485426e-03  4.12265845e-02 -3.17005217e-02  1.19669912e-02
  7.90759549e-02  7.74269039e-03 -3.27700935e-02  6.06781282e-02
  3.08922003e-03 -3.12555060e-02  7.06390440e-02  3.94779220e-02
  8.26604478e-03  5.84056787e-02  1.03854977e-01 -6.81838542e-02
 -4.13878933e-02 -9.78553742e-02 -1.00215718e-01 -1.99079067e-02
 -5.20684868e-02  3.69732305e-02 -6.40820712e-02  1.07414804e-01
  2.21188720e-02 -3.22647020e-02  3.99031229e-02  8.40199068e-02
  3.00865546e-02  6.04137406e-02  4.50660996e-02 -4.81750555e-02
  5.36473934e-03  6.39991555e-03  3.97912189e-02  8.71815602e-04
  2.48373076e-02 -1.82119701e-02 -4.79687974e-02  4.20979645e-33
 -4.98926677e-02 -1.88164525e-02 -4.38919738e-02  1.22469276e-01
  6.25867695e-02  7.23490939e-02  2.19591241e-03 -3.40628363e-02
 -2.34226864e-02 -2.87920106e-02 -3.75794880e-02  1.40108392e-02
  1.40055986e-02  1.16335995e-01  4.08310518e-02 -9.54872519e-02
 -9.53500438e-03  1.20784581e-01  7.05295205e-02  3.63710010e-03
 -2.10268069e-02  1.17946249e-02 -4.34821434e-02  4.55754735e-02
  1.19435124e-01  4.53134589e-02  5.50143681e-02  4.41706590e-02
  2.38343445e-03  3.72134941e-03  4.74184863e-02  4.64484841e-02
 -9.41819698e-03  2.67510302e-02  3.24182063e-02  1.21996095e-02
  1.34541625e-02 -9.86644998e-02  6.17838986e-02 -5.07493243e-02
 -1.43205337e-02  2.91437525e-02 -5.85161075e-02  3.87395080e-03
 -1.03321441e-01 -2.13265084e-02 -2.65415478e-02 -4.59177569e-02
  9.53664258e-02 -6.63719550e-02  7.38067329e-02 -2.98295971e-02
  8.54114294e-02  4.92959693e-02  3.38342562e-02 -3.67365628e-02
  2.85621844e-02 -1.66784246e-02 -5.49829844e-03  5.03505580e-02
 -3.45039442e-02 -6.85820170e-03  3.61886583e-02  1.40072741e-02
  7.62773305e-02  1.07734501e-02 -7.63879195e-02 -9.58366990e-02
  5.34917675e-02  2.76870187e-02  4.05844254e-03  5.37521280e-02
  1.45044439e-02  2.94086225e-02  1.72636367e-03 -2.80247312e-02
 -7.61369541e-02 -1.40710166e-02  8.50041676e-03  9.05634090e-02
 -1.25598013e-01  5.50565124e-02 -5.84447347e-02  5.61866872e-02
 -9.58017819e-03 -1.67276450e-02 -3.03429039e-03 -3.65202059e-03
 -6.67333454e-02 -4.88291793e-02 -3.49369273e-02  3.54733202e-03
  2.37634629e-02  7.09886849e-02  6.96504787e-02 -4.28492633e-33
 -3.65799516e-02 -2.36655530e-02 -7.23121762e-02  4.54762764e-02
 -7.58906230e-02 -5.04720770e-02 -3.75698805e-02 -3.59305032e-02
 -8.81633069e-03  3.12920623e-02 -3.23810168e-02 -1.53674483e-02
  2.96730604e-02  1.61196180e-02 -9.87641048e-04 -5.18623330e-02
  4.25365530e-02 -1.23576991e-01  1.74731598e-03  3.01514082e-02
  2.09928118e-02  4.42759506e-02 -4.05251980e-03 -4.25771577e-03
  4.45714518e-02 -1.78701486e-02  3.03593073e-02  7.19616860e-02
 -3.59381828e-03 -6.22636527e-02  2.52478104e-02 -4.62974347e-02
  5.80787510e-02 -5.68392165e-02 -2.84998994e-02 -3.45086530e-02
  1.94060951e-02  2.04904862e-02  1.04667237e-02 -2.31727529e-02
  7.04580471e-02 -1.10085309e-02 -9.01685879e-02  9.04282555e-03
 -1.78010610e-03  8.11312627e-03  1.06506413e-02 -4.89949668e-03
 -3.69708799e-02 -5.04244417e-02 -5.14587574e-02 -5.17907105e-02
  5.49449958e-02  8.39474087e-04 -5.06253690e-02  9.22532901e-02
  4.64981375e-03  1.84539910e-02  3.18012089e-02  2.05990113e-03
  5.92617020e-02 -2.30414718e-02  4.50625904e-02 -4.98037189e-02
  2.14419216e-02 -2.96548940e-02  4.95251007e-02 -1.15380879e-03
  4.21089195e-02 -2.12600939e-02  4.92162444e-02  3.99537478e-03
 -2.29082908e-02 -2.66247932e-02  6.52880445e-02 -2.07714997e-02
 -6.86513036e-02 -2.45516258e-03  7.64867011e-03  1.10547440e-02
 -1.87657878e-01  8.27848464e-02 -1.83277596e-02  8.86984915e-02
 -1.29904738e-02 -9.97106209e-02  7.96942487e-02  4.08222042e-02
 -3.42080998e-03 -5.44974506e-02 -1.10558998e-02  3.14811878e-02
 -2.67403983e-02  1.30395621e-01 -6.01792373e-02 -4.97356538e-08
 -7.64948204e-02 -5.56630231e-02  2.99985819e-02  1.81184262e-02
  6.22905642e-02  8.65323171e-02 -4.59968895e-02 -4.20623645e-02
  3.65021378e-02  2.52801236e-02 -9.21583921e-02 -1.15460149e-04
 -3.25282514e-02 -4.18702187e-03  7.33201206e-02  6.95614144e-02
  5.05694151e-02  6.64918032e-03 -9.10912305e-02 -7.59918690e-02
  8.19735080e-02  3.42945270e-02  2.35053524e-02  2.38530394e-02
  9.30642150e-03 -9.51699074e-03  7.76425600e-02  5.89409843e-02
 -2.50130519e-02 -3.18112522e-02  1.42539507e-02 -1.02312863e-02
  5.92831336e-03  1.32454587e-02 -1.67576820e-02  5.94689995e-02
 -3.92354168e-02 -3.57527584e-02  2.91480254e-02  3.39228734e-02
  7.21328557e-02 -1.65376216e-02 -2.65758559e-02  8.61973688e-02
  1.84700191e-02  3.62743018e-03 -1.03227459e-01 -5.86585738e-02
  1.06981434e-02  4.45150584e-03 -3.52839381e-02 -3.90474149e-03
  3.68648395e-02  4.08531055e-02 -7.22134337e-02 -5.61908260e-03
  1.26248235e-02 -1.09025305e-02  1.29046708e-01  5.94153963e-02
  4.97835986e-02  7.47158006e-02 -1.71149857e-02 -9.33355000e-03]"
33,../models/Interaction Sequencing Examples/ServerSequenceRealization-3.sysml,"package ServerSequenceRealization_3 {
	private import ScalarValues::String;
	private import ServerSequenceModel::*;
	private import Configuration::*;
	
	package Configuration {
		
		port def PublicationPort {
			in ref publish : Publish;
		}
		
		port def SubscriptionPort {
			in ref subscribe : Subscribe;
			out ref deliver : Deliver;
		}
		
		interface def PublicationInterface {
			end source : ~PublicationPort;
			end target : PublicationPort;
		}
		
		interface def SubscriptionInterface {
			end source : ~SubscriptionPort;
			end target : SubscriptionPort;
		}
		
		part producer_3[1] {
			attribute someTopic : String;
			private item somePublication;
			
			port publicationPort : ~PublicationPort {
				out ref :>> publish;
			}
			
			perform action producerBehavior {
				action publish {
					out ref request : Publish[1] = Publish(someTopic, somePublication);
				}
			}
			
			flow publish_request from producerBehavior.publish.request to publicationPort.publish;
		}
		
		interface publication_interface : PublicationInterface connect producer_3.publicationPort to server_3.publicationPort {
			flow publish_request from publication_interface.source.publish to publication_interface.target.publish;
		}
		
		part server_3[1] {
			port publicationPort : PublicationPort {
				in ref :>> publish;
			}
			port subscriptionPort : SubscriptionPort {
				in ref :>> subscribe;
				out ref :>> deliver;
			}
						
			flow subscribe_request from subscriptionPort.subscribe to serverBehavior.subscribing.request;
			flow publish_request from publicationPort.publish to serverBehavior.publishing.request;
			flow deliver_response from serverBehavior.delivering.response to subscriptionPort.deliver;
			
			perform action serverBehavior {
				
				action subscribing {
					in ref request : Subscribe[1];
					out attribute topic : String[1] = request.topic;
				}
				
				then merge continuePublishing;			
				then action publishing {
					in ref request : Publish[1];
					out attribute topic[1] = request.topic;
					out ref publication[1] = request.publication;
				}
				
				then decide;
					if publishing.topic == subscribing.topic then delivering;
					else continuePublishing;
					
				then action delivering {
					in topic : String[1] = subscribing.topic;
					in publication[1] = publishing.publication;
					out ref response : Deliver = Deliver(publication);
				}
				then continuePublishing;
				
			}
		}
		
		interface subscription_interface : SubscriptionInterface connect consumer_3.subscriptionPort to server_3.subscriptionPort {
			flow subscribe_request from subscription_interface.source.subscribe to subscription_interface.target.subscribe;
			flow deliver_response from subscription_interface.target.deliver to subscription_interface.source.deliver;
		}
		
		part consumer_3[1] {
			attribute myTopic : String;
			
			port subscriptionPort : ~SubscriptionPort {
				out ref :>> subscribe;
				in ref :>> deliver;
			}
			
			flow subscribe_request from consumerBehavior.subscribe.request to subscriptionPort.subscribe;
			flow deliver_response from subscriptionPort.deliver to consumerBehavior.delivery.response;

			perform action consumerBehavior {
				action subscribe {
					out ref request : Subscribe = Subscribe(myTopic);
				}
				then action delivery {
					in ref response : Deliver;
				}
			}
		}
		
	}
	
	part realization_2 : PubSubSequence {
		part :>> producer :> producer_3 {
			event producerBehavior.publish[1] :>> publish_source_event;
		}

		part :>> server :> server_3 {
			event serverBehavior.subscribing[1] :>> subscribe_target_event;
			event serverBehavior.publishing[1] :>> publish_target_event;
			event serverBehavior.delivering[1] :>> deliver_source_event;
		}
		
		part :>> consumer :> consumer_3 {
			event consumerBehavior.subscribe[1] :>> subscribe_source_event;
			event consumerBehavior.delivery[1] :>> deliver_target_event;
		}
		
		flow :>> publish_message from producer.producerBehavior.publish.request to server.serverBehavior.publishing.request {
			event producer.publish_request[1];
			then event publication_interface.publish_request[1];
			then event server.publish_request[1];
		}
		
		flow :>> subscribe_message from consumer.consumerBehavior.subscribe.request to server.serverBehavior.subscribing.request {
			event consumer.subscribe_request[1];
			then event subscription_interface.subscribe_request[1];
			then event server.subscribe_request[1];
		}
		
		flow :>> deliver_message from server.serverBehavior.delivering.response to consumer.consumerBehavior.delivery.response {
			event server.deliver_response[1];
			then event subscription_interface.deliver_response[1];
			then event consumer.deliver_response[1];
		}
	}
}","Generate a SysML v2 model named `ServerSequenceRealization_3` to define a publish-subscribe communication system. The model encapsulates three main parts: a producer, a server, and a consumer, each with specific behaviors and interactions. The producer generates messages based on a defined topic and utilizes a `PublicationPort` to publish these messages to the server. The server, equipped with both `PublicationPort` and `SubscriptionPort`, subscribes to requests and responds by delivering messages based on topic matching. The consumer subscribes to topics through the server's subscription interface and receives published messages via a delivery mechanism. The model emphasizes flow sequences for publishing, subscribing, and delivering messages, ensuring clear communication paths among parts. Interfaces define the connections between ports, enabling seamless integration. Additionally, actions are specified within each part to illustrate the dynamic behaviors involved in the communication process, facilitating a comprehensive understanding of the system's operational context.","[-2.94253230e-02 -8.57645944e-02 -4.21600454e-02  1.64209511e-02
 -3.38840336e-02 -6.14672005e-02  3.71356532e-02 -6.04531728e-02
  2.55592130e-02  5.19245900e-02 -6.82681892e-03 -4.01878310e-03
  7.80950189e-02  1.60316397e-02  5.25520518e-02 -6.24359585e-02
  9.17239562e-02 -9.71001461e-02 -2.16728542e-02  6.61117770e-03
  1.31002832e-02  4.98809330e-02 -3.14881727e-02  2.61479765e-02
 -9.55270678e-02 -6.27962500e-02  4.64509620e-04  1.29450755e-02
  2.72471886e-02 -4.49259616e-02  7.57447407e-02  1.19691649e-02
  6.30021142e-03  7.62132257e-02  3.72152543e-03 -6.86387951e-03
  8.19049999e-02 -5.94087765e-02 -8.70705619e-02 -2.70761736e-02
  8.95673856e-02 -8.65429267e-02 -7.69612268e-02  1.23705268e-02
 -2.82029225e-03 -4.59578782e-02 -4.44214754e-02  4.68718633e-02
 -5.83355501e-02  5.44668473e-02 -5.84559776e-02 -6.09569624e-02
 -8.23649205e-03  9.92377475e-02  1.77468341e-02  2.78030522e-02
 -1.84433088e-02  3.67473103e-02 -5.16600423e-02  1.59794725e-02
  2.84577943e-02 -2.87854597e-02 -9.32230428e-02  1.03335073e-02
  2.91086882e-02  5.86594047e-04  1.06644984e-02  4.47462611e-02
  1.80583559e-02 -1.57676954e-02 -1.34123027e-01 -2.22789105e-02
 -5.75343557e-02  3.93355861e-02 -2.10024808e-02 -6.62314668e-02
  1.49437971e-02 -4.97552454e-02 -1.33905187e-02 -3.54758836e-02
 -2.11237520e-02 -2.32035248e-03 -8.41161087e-02  2.20644511e-02
 -5.20461425e-02 -5.91927841e-02  3.21434364e-02 -2.52974220e-02
  1.63895693e-02  2.80923564e-02 -4.19033617e-02  4.30804193e-02
  4.03777435e-02 -2.77358689e-03 -3.76865715e-02  6.22919016e-02
  1.89772677e-02 -4.10498418e-02  4.68427576e-02  4.10258919e-02
  4.50483263e-02  4.65328656e-02  8.48482773e-02 -5.92057854e-02
 -2.37472150e-02 -7.98067227e-02 -7.37884417e-02  2.43966822e-02
 -6.66235611e-02  4.46458384e-02 -9.50393975e-02  7.14078546e-02
 -1.00989426e-04 -4.81621288e-02  1.71804707e-02  7.45247453e-02
  3.71769518e-02  3.23006883e-02  1.04370946e-02 -3.51691581e-02
 -3.16199102e-03  9.06185713e-03  3.12585011e-02  4.04390739e-03
  3.79365645e-02  1.46333361e-04 -2.14840472e-02  2.36962157e-33
 -2.60106064e-02 -1.23152509e-02 -5.22369593e-02  1.12972669e-01
  7.92275518e-02  7.31470659e-02  1.45568186e-02 -4.42508422e-02
 -2.03371160e-02 -3.65067311e-02 -3.11708804e-02  8.54394361e-02
  2.40351018e-02  8.01127926e-02  3.75534222e-02 -7.71609172e-02
 -5.62232314e-03  1.20450050e-01  4.99110855e-02  1.16389692e-02
 -2.31751315e-02 -6.38180822e-02 -4.63934988e-02  2.07909402e-02
  8.80585685e-02  5.06477617e-02  4.94182333e-02  5.77851646e-02
  3.58477258e-03  8.56736326e-04  4.99215499e-02  3.42438594e-02
 -1.19684683e-02  4.93658183e-04  4.79292087e-02 -2.71603069e-03
  1.10525293e-02 -8.55783820e-02  5.25993742e-02 -2.86724344e-02
 -2.00955924e-02  1.03750350e-02 -7.85223767e-02 -1.96626969e-02
 -8.54673460e-02  2.58368328e-02 -4.14129384e-02 -3.88026945e-02
  9.09640938e-02 -6.97445199e-02  8.76561254e-02 -2.45700460e-02
  7.89425820e-02  4.54595275e-02  3.08995172e-02 -4.96264454e-03
  1.71731710e-02 -6.30050991e-03 -2.23908573e-02  8.90055299e-02
 -5.09762354e-02 -4.97350935e-04  1.59633346e-02  2.00695172e-03
  9.95271653e-02  6.16234774e-03 -2.47661229e-02 -5.75163215e-02
  5.91670573e-02 -3.48065584e-03  1.46194443e-03  4.39910591e-02
  1.43248998e-02  5.77156618e-02 -2.42037326e-02  3.06522963e-03
 -1.12913124e-01  1.10436408e-02  1.95622072e-02  9.60775763e-02
 -1.24228343e-01  5.72429560e-02 -8.92314836e-02  6.17834665e-02
  2.23525278e-02 -1.41943954e-02 -2.39840634e-02  7.54337292e-03
 -7.58689791e-02 -7.21341744e-02  8.20058398e-03  9.83440038e-03
  5.07482998e-02  6.54889718e-02  6.76495805e-02 -2.49525033e-33
 -4.79555242e-02 -3.42487954e-02 -9.67098475e-02  3.47006246e-02
 -6.23466857e-02 -6.54372945e-02 -4.62401286e-02  6.94960821e-03
 -8.86952318e-03  6.19935943e-03 -5.71203269e-02 -3.41224633e-02
  1.51042202e-02  7.80612929e-03 -3.56358662e-02 -5.31901978e-02
  2.38533746e-02 -1.38052911e-01 -1.38894310e-02  4.91235629e-02
 -2.78375149e-02  5.23907170e-02 -1.82520729e-02 -3.82006019e-02
  3.58122364e-02 -2.65372847e-03  4.17483822e-02  6.34369478e-02
 -2.47299317e-02 -3.25966999e-02  3.24937552e-02 -3.41087542e-02
  6.23150654e-02 -8.31992850e-02 -2.59534884e-02 -1.11348731e-02
  4.04015891e-02  5.83745763e-02  3.27029601e-02 -2.51641590e-02
  7.53505901e-02 -2.87721474e-02 -9.63122770e-02  2.76153884e-03
 -3.25998501e-03  1.05466116e-02 -3.11731938e-02  3.53363645e-03
 -3.42685692e-02 -2.76578087e-02 -4.10106666e-02 -6.38261363e-02
  9.67421159e-02 -3.47953737e-02 -1.91471577e-02  7.71060511e-02
 -5.52667156e-02  2.53713261e-02  1.84100270e-02  2.76118852e-02
  7.09326565e-02 -2.58281026e-02  3.84279862e-02 -3.09345555e-02
  4.24984619e-02 -5.83657064e-04  4.44859788e-02 -4.22811043e-03
  2.01831628e-02 -1.60695668e-02  7.07941204e-02 -1.23630902e-02
 -4.75822203e-02 -1.83907785e-02  8.94689634e-02 -1.26038287e-02
 -2.89522428e-02  6.85111992e-03  5.81152551e-03  6.30651712e-02
 -1.60827681e-01  1.01251781e-01 -6.04861490e-02  6.94401711e-02
  2.51600961e-03 -1.12052806e-01  4.71873581e-02  3.20820622e-02
  5.78407990e-03 -7.20863566e-02 -2.10999455e-02  6.75674342e-03
 -5.74556291e-02  1.18098512e-01 -6.41029328e-02 -4.83589453e-08
 -8.19860250e-02 -1.67113598e-02 -5.80573408e-03  2.61070449e-02
  3.38629335e-02  1.40153065e-01 -6.70764875e-03 -7.52629191e-02
  4.75457422e-02  3.77275348e-02 -7.82183409e-02 -4.08470780e-02
 -1.76691674e-02  4.40151431e-03  7.53624216e-02  2.63118129e-02
  4.62480970e-02  9.48228175e-04 -8.04541036e-02 -7.46829063e-02
  9.63445455e-02  2.70439181e-02  1.60892382e-02  2.36448031e-02
  4.22083884e-02 -1.63379554e-02  8.46393034e-02  5.49640544e-02
 -4.16070595e-02  6.40789978e-03  3.67795187e-03 -2.88473386e-02
 -8.39316379e-03  3.28832902e-02 -3.98115665e-02  7.18858615e-02
 -4.43086736e-02 -4.16003801e-02  7.54058128e-03  4.16011177e-02
  6.89346492e-02  2.59900615e-02 -2.34962516e-02  5.95849641e-02
  2.57439055e-02  2.27989927e-02 -8.38780776e-02 -2.99126934e-02
  2.28177235e-02  2.29027458e-02 -5.22639938e-02 -9.71751567e-03
  4.62186299e-02  3.10549494e-02 -4.93420959e-02  1.77212283e-02
  2.59972923e-02 -1.83347659e-03  1.11975744e-01  8.28271061e-02
  3.94781418e-02  8.85727257e-02  3.80622660e-04  1.95792243e-02]"
34,../models/Mass Roll-up Example/MassConstraintExample.sysml,"package MassConstraintExample {
	private import ISQ::*;
	private import SI::*;
	private import NumericalFunctions::*;
	
	part def Engine {
		attribute m :> mass;
	}
	
	part def Transmission {
		attribute m :> mass;
	}
	
	part def Vehicle1 {
		attribute m : MassValue = eng.m + trans.m;
		
		part eng : Engine {
			attribute :>> m : MassValue;
		}
		
		part trans : Transmission {
			attribute :>> m : MassValue;
		}
	}
	
	part def Vehicle2 {
		assert constraint { m == eng.m + trans.m }
		
		attribute m : MassValue;
		
		part eng : Engine {
			attribute :>> m : MassValue;
		}
		
		part trans : Transmission {
			attribute :>> m : MassValue;
		}
	}
	
	constraint def MassConstraint3 {
		in totalMass : MassValue; 
		in partMasses : MassValue[0..*];
			
		totalMass == sum(partMasses)
	}
	
	part def Vehicle3 {
		assert constraint massConstraint : MassConstraint3 {
			in totalMass = m;
			in partMasses = (eng.m, trans.m);
		}
		
		attribute m : MassValue;
		
		part eng {
			attribute m : MassValue;
		}
		
		part trans {
			attribute m : MassValue;
		}
	}
	
	constraint def MassConstraint4 {
		in totalMass : MassValue;
		in partMasses : MassValue[0..*];
	}
	
	constraint mc : MassConstraint4 {
		in totalMass : MassValue; 
		in partMasses : MassValue[0..*];
		
		totalMass == sum(partMasses)
	}
	
	part def Vehicle4 {
		assert mc {
			in totalMass = m;
			in partMasses = (eng.m, trans.m);
		}
		
		attribute m : MassValue;
		
		part eng : Engine {
			attribute :>> m : MassValue;
		}
		
		part trans : Transmission {
			attribute :>> m : MassValue;
		}
	}
	
	constraint def MassLimit {
		in mass : MassValue; 
		in maxMass : MassValue;
			
		mass <= maxMass
	}
	
	part def Vehicle5 {
		assert constraint ml : MassLimit {
			in mass = m;
			in maxMass = 2500 [kg];
		}
		
		attribute m : MassValue = eng.m + trans.m;
		
		part eng : Engine {
			attribute :>> m : MassValue;
		}
		
		part trans : Transmission {
			attribute :>> m : MassValue;
		}
	}	
	
}","Generate a SysML v2 model named MassConstraintExample, focused on mass calculations for different vehicle configurations. Model includes five vehicle parts, each with defined mass attributes based on engine and transmission components. Vehicle1 uses a straightforward sum of part masses, while Vehicle2 employs an assertion constraint to ensure the total mass equals the combined masses of its components. Vehicle3 incorporates a defined constraint MassConstraint3 to sum mass values of its parts, and Vehicle4 utilizes a similar constraint for its mass calculations. Finally, Vehicle5 enforces a MassLimit constraint to ensure the total vehicle mass does not exceed 2500 kg, integrating both engine and transmission masses. The model imports necessary standard units and numerical functions for mass computations, ensuring consistency and accuracy in mass tracking across varying vehicle configurations.","[-2.06855088e-02  8.93861579e-04 -6.42539887e-03  2.57213563e-02
  2.78755836e-02 -4.73773740e-02 -9.46210697e-03  1.94002595e-02
 -6.58184290e-02 -2.78339908e-02  5.76234199e-02 -8.07420090e-02
  4.83457893e-02  1.97544303e-02 -5.64116798e-02 -1.69424843e-02
  2.49869917e-02  7.38804489e-02 -8.36261958e-02  2.54382882e-02
  1.08391367e-01 -3.38911973e-02  6.71530701e-03 -1.20642101e-02
 -5.43953516e-02 -5.89241982e-02 -5.60764000e-02  3.26290503e-02
 -6.49444805e-03 -7.70042613e-02  1.59894526e-02 -2.12034825e-02
  4.21315338e-03 -2.79196836e-02  1.69480033e-02 -8.89060274e-02
 -4.28093597e-02 -4.76553775e-02 -5.31451516e-02 -3.01323403e-02
 -2.00945511e-02 -5.90761490e-02 -1.98624749e-02 -3.01478081e-03
  7.96303600e-02  3.02693527e-02  2.07954948e-03  4.38758731e-02
  3.55226174e-02 -3.27567868e-02  2.57975403e-02  2.52762660e-02
 -3.06696221e-02  3.86487134e-02 -7.76830390e-02 -6.02082759e-02
  1.39876865e-02 -1.31903123e-02 -5.42142354e-02 -3.99020640e-03
  2.42724717e-02 -1.73541456e-02 -5.11012115e-02 -2.25079395e-02
 -1.91382114e-02  3.72143957e-04 -6.13021478e-02 -2.06858646e-02
  2.23492067e-02  1.46833643e-01 -1.96582382e-03 -3.23171616e-02
  1.10484036e-02  7.12672696e-02  2.07286030e-02 -5.63285127e-02
  4.76588346e-02  1.63480605e-03  2.04705410e-02 -1.72540247e-02
 -4.81535569e-02  2.56876480e-02 -4.52662744e-02 -8.82235467e-02
  3.42305005e-02 -5.23358956e-02  1.47222728e-03  6.91619217e-02
  4.48268838e-02  7.27848485e-02 -1.01354728e-02  2.78522773e-03
  3.71573791e-02  1.28497127e-02  7.57453889e-02  2.64659021e-02
 -5.57722263e-02  1.97794177e-02  6.14639483e-02 -9.69436311e-04
  1.24380188e-02  6.71723634e-02  5.10061346e-02  1.49768405e-02
 -2.14912836e-02  5.55588305e-02 -8.28325376e-03  6.15685759e-03
 -3.86720449e-02 -7.68983364e-02  9.73881260e-02  7.29838759e-02
  3.45254764e-02 -4.62103151e-02 -3.65705863e-02  4.02060756e-03
  5.88944703e-02 -2.21145134e-02  4.60871533e-02 -2.49727853e-02
 -4.44806702e-02 -6.20775223e-02  1.07099876e-01  3.87796871e-02
  9.03606340e-02  1.73533671e-02 -4.95825484e-02  6.63740755e-33
 -1.54842854e-01 -4.81780767e-02  1.89187806e-02  6.75933063e-02
 -5.18766120e-02  5.44331707e-02 -5.13301156e-02  3.31091285e-02
  1.56800114e-02  3.32250558e-02 -6.78026974e-02 -1.96678936e-02
 -5.68271913e-02  7.92497303e-04  5.55466078e-02 -6.10321537e-02
  2.50031780e-02  8.43980908e-02  1.00118415e-02 -1.57603491e-02
  1.09066647e-02 -5.23943044e-02 -2.85191238e-02 -2.06807423e-02
  9.91245583e-02  1.46381184e-01  2.79399864e-02  2.45559830e-02
 -2.55958773e-02  2.45243330e-02 -1.62266102e-02  1.02507267e-02
 -1.93102378e-02  6.77092969e-02  7.33835483e-03 -3.71719338e-03
 -4.64277305e-02 -6.67769164e-02  5.39509319e-02 -3.67014180e-03
  7.21143484e-02 -2.05137138e-03 -3.62848975e-02  7.48993969e-03
 -1.74128294e-01  2.29646708e-03  6.97624981e-02  3.59319597e-02
 -1.36108883e-03  1.46519123e-02 -6.14235178e-03 -3.84132820e-03
  2.13697329e-02 -4.04223762e-02 -6.48862422e-02  2.55612526e-02
  3.01853362e-02  5.19630965e-03 -2.01807823e-02  5.40528782e-02
 -9.07332525e-02  5.47304191e-03  4.67247888e-02 -1.89093954e-03
  9.23521966e-02  4.07994390e-02 -8.42310116e-02 -2.35148389e-02
  2.88707707e-02  6.55715987e-02 -1.84056796e-02 -1.12171900e-02
  8.94961134e-03  5.87929301e-02  9.34556797e-02 -4.08650152e-02
  6.51043057e-02  5.21029998e-03 -7.82551467e-02  1.43221673e-02
 -1.41930595e-01  1.31188408e-01 -4.15254990e-03 -3.54763530e-02
 -3.68546322e-02  8.43896251e-03 -3.08228880e-02 -1.26355421e-02
 -5.76993730e-03 -8.59792456e-02  7.96834752e-03 -1.64839868e-02
 -6.49265647e-02  4.08310741e-02 -7.11411051e-03 -5.71865365e-33
 -2.08084229e-02  5.58062643e-02  6.90520704e-02  1.89942922e-02
  2.91263331e-02 -3.64399776e-02 -1.33332144e-02 -4.65417728e-02
 -1.16892653e-02  7.32616261e-02  4.04759906e-02 -6.62028044e-02
  4.91903909e-03  1.32046593e-02  3.68978009e-02 -6.61419425e-03
 -1.36789195e-02 -1.35550186e-01 -2.38967892e-02 -5.61513612e-03
  1.74572524e-02  3.70719433e-02  1.65670030e-02 -4.99075744e-03
  3.83370370e-02 -3.00163440e-02 -4.56502028e-02 -2.54166424e-02
  1.72489863e-02 -3.72680277e-02  2.91978400e-02 -3.79134640e-02
  6.03059791e-02 -1.77706238e-02 -1.30886352e-02 -7.64391869e-02
  6.65714964e-04  4.91455793e-02  2.72211898e-03  1.74011048e-02
  2.71752495e-02  1.90259181e-02  4.71129874e-03  1.87672991e-02
  1.37314452e-02 -8.43924563e-03  8.28681365e-02 -3.94614674e-02
  4.23881374e-02 -3.40774395e-02 -1.96200963e-02 -4.79493774e-02
 -2.13604569e-02 -1.94955687e-03  6.06517214e-03  1.82489734e-02
  3.96866985e-02 -1.88588351e-02 -7.54313730e-03 -4.17336039e-02
  3.47834639e-02 -6.70838207e-02  2.52584163e-02 -5.24469558e-03
 -3.80465575e-02 -5.97719438e-02  1.00396024e-02 -6.75197169e-02
 -2.09121536e-02  2.76551191e-02  3.26241902e-03 -3.38484970e-04
  8.96836072e-02  4.02677432e-02 -4.12218720e-02 -6.77378327e-02
  4.00780477e-02  3.60856280e-02  1.18255995e-01 -6.88127130e-02
 -4.08807248e-02 -5.03729247e-02  7.67044947e-02  8.71724710e-02
 -8.31609964e-02  5.44926152e-03 -3.61849591e-02  9.62229371e-02
 -2.03293264e-02  9.06823650e-02 -7.87227675e-02  8.80052596e-02
  3.44388671e-02  1.03524007e-01 -1.30057827e-01 -4.35293259e-08
 -7.08419364e-03 -1.05710616e-02 -2.29580924e-02 -4.02734764e-02
 -1.10362575e-03  7.14665651e-02 -5.89759797e-02 -3.00499257e-02
 -3.86145674e-02  2.90980022e-02  5.13194278e-02 -2.88114585e-02
  3.22273821e-02  1.99897960e-03 -8.36606771e-02  2.74379514e-02
  2.36169063e-02  1.25122378e-02 -1.84112415e-02 -4.26070951e-02
  2.64902730e-02  3.89987044e-02 -7.40470439e-02  1.01429753e-01
  1.13511369e-01 -5.59432767e-02 -3.66414562e-02  1.10473268e-01
  6.54613897e-02 -1.27772065e-02  3.09780566e-03  5.61050475e-02
  3.80074531e-02  8.25556368e-02  4.37219441e-02  4.88970056e-02
 -7.39315897e-02  9.90899056e-02  5.17241545e-02 -2.36711372e-02
  9.07368809e-02 -7.50169018e-03  9.48883314e-03  5.16586797e-03
  5.22018075e-02  1.02603227e-01 -1.44016266e-01 -8.91325995e-02
 -7.14428052e-02  1.55480662e-02  1.54018449e-02  1.77836362e-02
 -5.77476881e-02  1.20441936e-01 -2.19520815e-02 -1.37405675e-02
  1.84393919e-03 -6.08646646e-02  5.71233220e-02 -4.51894775e-02
 -2.65122782e-02  3.48243192e-02 -1.76103525e-02 -1.42669789e-02]"
35,../models/Mass Roll-up Example/MassRollup.sysml,"package MassRollup {
	private import NumericalFunctions::*;
	
	part def MassedThing {
		attribute mass :> ISQ::mass; 
		attribute totalMass :> ISQ::mass;
	}
	
	part simpleThing : MassedThing {
		attribute redefines totalMass = mass;
	}
	
	part compositeThing : MassedThing {
		part subcomponents: MassedThing[*];
		
		attribute redefines totalMass default
			mass + sum(subcomponents.totalMass); 
	}
	
	part filteredMassThing :> compositeThing {
		abstract attribute minMass :> ISQ::mass;
		
		attribute redefines totalMass =
			mass + sum(subcomponents.totalMass.?{in p :> ISQ::mass; p > minMass});
	}

}","Generate a SysML v2 model called ""MassRollup"" that encapsulates a hierarchy of mass-related constructs. Model a base part named ""MassedThing"" with attributes for mass and totalMass, both represented in ISQ::mass units. Create a derived part ""simpleThing"" that redefines totalMass as equal to its mass. Develop a ""compositeThing"" that can contain multiple MassedThing subcomponents and computes totalMass as the sum of its mass and the masses of its subcomponents. Finally, implement ""filteredMassThing,"" derived from compositeThing, which introduces an abstract attribute for minMass and redefines totalMass to include only those subcomponents whose mass exceeds minMass. This model will facilitate mass calculations in complex systems through inheritance and filtering.","[-5.57685411e-03  3.38710770e-02 -5.89060970e-03  5.31475730e-02
 -4.30970415e-02 -5.49085662e-02  1.58700645e-02  4.44382709e-03
 -6.28479421e-02  3.41375507e-02  4.61225444e-03 -1.40931457e-01
  4.62488923e-03  7.69139081e-02  9.04146302e-03  4.10526991e-03
  1.40705397e-02  1.29479051e-01 -7.92065039e-02 -1.97929703e-02
  1.09751947e-01 -5.80020398e-02 -5.00291288e-02 -9.75166477e-05
 -3.74434292e-02  2.58057080e-02 -5.88706397e-02  2.68094074e-02
  8.16587210e-02 -8.33114088e-02  1.13546709e-02  2.14125309e-02
  8.42793658e-02  2.99183652e-02  4.09412459e-02 -7.87780387e-04
  4.33570566e-03 -2.22611125e-03 -2.72760838e-02 -2.78612077e-02
  2.64050526e-04  4.96949516e-02  1.67397615e-02 -3.72526012e-02
  6.82352558e-02  9.04472638e-03 -2.86475364e-02 -1.68600082e-02
 -9.94022470e-03 -1.18592177e-02 -2.27852259e-02 -6.26680790e-04
 -2.63728164e-02  7.97343701e-02  1.98102687e-02 -1.78406369e-02
 -1.29280593e-02 -8.81828442e-02 -8.39567706e-02 -7.45587051e-02
 -5.31838536e-02 -1.58002395e-02 -4.38407063e-02 -6.63612187e-02
  5.38239032e-02  7.92303458e-02 -3.33007425e-02  5.64111881e-02
  3.37499008e-02  1.47143722e-01  5.41255660e-02 -7.70923775e-03
 -2.34818719e-02  1.21832281e-01  4.59643900e-02  3.45845409e-02
  1.73927434e-02 -2.47925334e-02  4.67049750e-03  4.53924313e-02
 -7.51986727e-02  1.71865933e-02 -3.34673710e-02 -5.09215631e-02
  4.81031500e-02 -2.39577275e-02 -9.33549181e-03  3.75342071e-02
  3.01559344e-02  4.22335323e-03 -2.32451018e-02 -3.88007835e-02
  3.46046202e-02  1.05885146e-02  7.71757662e-02  4.76262718e-03
 -3.77416350e-02 -2.51343120e-02  5.25224023e-02  6.83498150e-03
  1.34302536e-02  3.07038147e-02  9.24915895e-02 -4.22276966e-02
 -9.10113216e-04  1.91913154e-02 -5.13216062e-03  2.85277199e-02
  2.52706534e-03 -4.91336137e-02  1.02320472e-02  4.95384000e-02
  1.82627712e-03 -8.17291737e-02  2.27208249e-02  2.88894214e-02
  1.45143375e-01 -1.36305448e-02  1.74961444e-02 -6.02947958e-02
  5.60288467e-02  4.97948891e-03  3.22466251e-03  1.56998448e-02
  6.67234063e-02  5.25228083e-02 -1.53320581e-01  7.16687812e-33
 -3.95436361e-02 -2.17205621e-02  5.19534685e-02  7.04095736e-02
 -7.31673231e-03  2.75720656e-02  5.22092991e-02  2.42046565e-02
  2.71292254e-02  4.72419038e-02 -1.60641167e-02  3.36488597e-02
 -1.48823196e-02  3.10839210e-02  1.23830894e-02 -1.57862917e-01
  2.96852011e-02  7.33850747e-02  1.73943713e-02 -7.41369203e-02
 -6.89556599e-02  1.32448366e-02 -4.91962098e-02 -2.73310170e-02
  9.08068493e-02  8.80561993e-02  5.91843054e-02  3.34058859e-04
 -7.49287978e-02  5.33233513e-04  6.18040711e-02  4.53951433e-02
 -5.73774874e-02  4.10649925e-02  8.49022809e-03  1.43178552e-02
 -1.45479967e-03 -3.93814035e-02  8.47174451e-02 -9.12039056e-02
  4.08238731e-02  7.62234582e-03  6.51844498e-03 -2.89829392e-02
 -1.41740277e-01 -2.71090660e-02  2.18016524e-02  1.43287759e-02
 -5.24328137e-03 -9.64199230e-02  1.03625163e-01  9.11599025e-03
 -3.61269303e-02  6.29527168e-03 -7.50120904e-04  9.59738996e-03
 -7.25948391e-03  5.58254272e-02  2.55744271e-02  5.17040342e-02
 -3.12687047e-02 -1.54932858e-02  1.62788127e-02  1.29241422e-01
 -1.67723633e-02  4.44137007e-02 -5.14667444e-02 -5.24641015e-02
  4.75944579e-02  3.15398462e-02 -1.90750211e-02  5.10532148e-02
 -3.17355841e-02  3.01477853e-02  5.70499003e-02 -3.35878767e-02
  7.54700601e-02 -6.74478784e-02 -4.39348668e-02  2.35153232e-02
 -1.09958000e-01  7.15676472e-02 -4.46329033e-03  4.14177775e-03
 -7.66682327e-02 -3.64663489e-02  1.29239317e-02 -2.37118658e-02
 -4.62962091e-02 -1.07240550e-01 -3.29249837e-02 -6.68335781e-02
  8.50812718e-03 -2.29775161e-02 -3.17348912e-02 -6.82656810e-33
 -8.43031704e-02  3.12487315e-02  3.04585751e-02  1.20275654e-02
 -6.71201944e-03 -7.97195137e-02  1.66365337e-02 -7.46069178e-02
 -4.43889424e-02  1.47583783e-02  1.65146906e-02 -1.02285650e-02
 -1.71185099e-02 -6.48873299e-02 -1.62137840e-02  5.36206178e-02
 -2.82729790e-02 -6.78569674e-02  8.81349891e-02  5.86370192e-03
 -4.05883268e-02  1.37940258e-01  5.03420550e-03  2.78148730e-03
 -1.56987756e-02 -1.37988024e-03 -8.36851522e-02 -1.18841976e-02
  9.73275453e-02  2.56903917e-02 -1.06447162e-02 -4.31607999e-02
  4.10081819e-02 -6.78221211e-02 -6.68763556e-03 -4.20156084e-02
 -4.51338058e-03 -1.56755410e-02  1.67405829e-02 -3.06919888e-02
 -4.63806391e-02 -6.79308968e-03 -1.72887202e-02  4.97524813e-02
  2.56285593e-02 -3.77960131e-02  7.55815804e-02  5.67164505e-03
  2.25565732e-02 -5.09918109e-03 -4.03432064e-02 -7.88676664e-02
 -1.71633307e-02 -2.24280730e-02 -2.53024884e-02  1.72546841e-02
 -1.87630579e-02 -5.25812246e-02  2.01075897e-02 -3.39808054e-02
 -2.75475662e-02 -1.09254904e-01 -2.46459735e-03 -2.47108936e-02
 -1.33353993e-02  3.90820876e-02 -2.48469338e-02 -9.35127884e-02
 -4.95857149e-02  1.82686816e-03  5.39819077e-02 -6.03813119e-03
  4.81077470e-02  2.88088843e-02 -5.31463232e-03 -6.84357360e-02
  4.65488585e-04  7.13179335e-02  1.02003507e-01 -2.41482966e-02
 -2.74628457e-02 -2.28156392e-02  3.92765552e-02  3.01310141e-02
 -2.32785996e-02 -8.60880241e-02  5.02506085e-03  1.01763584e-01
 -3.80077101e-02  6.85247406e-02 -1.39893249e-01  1.38211558e-02
  6.50328696e-02  9.96269211e-02 -6.06922880e-02 -5.09132860e-08
 -1.25797205e-02 -4.56878096e-02  6.79123169e-03 -2.44330335e-02
  3.10974158e-02 -5.13522478e-04 -4.79814373e-02  3.99813280e-02
 -2.19316222e-02  2.78914887e-02 -3.95529494e-02  2.72809975e-02
 -1.19060669e-02 -1.62965730e-02  1.54389311e-02  1.79396588e-02
 -8.25292058e-03  7.40935211e-04 -5.83869852e-02 -1.63350031e-02
  6.27653450e-02  4.22369279e-02 -1.67227630e-02  6.71918094e-02
  3.71613465e-02 -1.51165789e-02  2.21582945e-03  3.50625254e-02
  8.06450471e-02  5.76129854e-02  5.89849725e-02  6.24204613e-02
 -3.71500850e-02  1.04404733e-01 -1.08561441e-02  3.94015983e-02
 -1.05808564e-01  3.25445160e-02  1.69758387e-02  3.16188904e-04
  2.74994522e-02 -8.61232951e-02 -2.30701603e-02  5.54520376e-02
 -3.02317506e-03  5.54209203e-02 -1.89016223e-01 -6.56784251e-02
 -9.90980119e-03  7.74625912e-02 -3.13059171e-03  2.97271786e-03
 -4.82193790e-02  1.16531120e-03 -7.18023330e-02  3.43615301e-02
  2.95855813e-02  1.81267820e-02  6.71033189e-02 -3.56384367e-02
  5.05889505e-02 -3.99570055e-02  4.43260372e-03  1.25804134e-02]"
36,../models/Mass Roll-up Example/Vehicles.sysml,"package VehicleMasses {
	private import ScalarValues::*;
	private import MassRollup::*;
	
	part def CarPart :> MassedThing {			
		attribute serialNumber: String;
	}
	
	part car: CarPart :> compositeThing {	
		attribute vin redefines serialNumber;
		
		part carParts: CarPart[*] redefines subcomponents;
		
		part engine :> simpleThing, carParts {
			//...
		}
		
		part transmission :> simpleThing, carParts {
			//...
		}
	}

	// Example usage
	private import SI::*;	
	part c :> car {
		redefines mass = 1000 [kg];
		part redefines engine {
			redefines mass = 100 [kg];
		}
		
		part redefines transmission {
			redefines mass = 50 [kg];
		}	
	}
	
	// c.totalMass --> 1150.0 [kg]
}","Generate a SysML v2 model that encapsulates a package named 'VehicleMasses' to manage car component mass attributes. The model should define a part 'CarPart' that is a specialized 'MassedThing,' incorporating a 'serialNumber' attribute. Create a composite part named 'car' that redefines 'CarPart,' including a 'vin' attribute that overrides 'serialNumber' and a collection of 'carParts' that consists of multiple 'CarPart' instances. Specify two components, 'engine' and 'transmission,' as simple things under 'carParts'. The model will feature a usage example where a part 'c' is defined as a 'car,' setting its mass to 1000 kg while specifying the 'engine' and 'transmission' masses as 100 kg and 50 kg, respectively. Complete the structure to enable total mass calculations, with 'c.totalMass' yielding 1150.0 kg. The design emphasizes clarity in component relationships and mass definitions critical for vehicle modeling.","[-3.40710953e-02  2.98375054e-03  2.08573928e-03  5.40307201e-02
 -8.99231881e-02 -8.84813722e-03  1.78954192e-02  7.74592981e-02
 -4.38116081e-02 -4.68114950e-03  5.48674017e-02 -1.02196522e-01
  1.53493257e-02  5.20579442e-02 -3.84109132e-02 -2.95732338e-02
  4.38192561e-02  7.09808841e-02 -5.75926825e-02  7.63524622e-02
  9.95949060e-02 -1.20978313e-03 -2.89291813e-04  7.76223824e-05
 -3.52650657e-02 -3.43523733e-02 -7.37276077e-02  1.02897309e-01
  4.08288389e-02 -5.80955148e-02  3.40884971e-03  5.80227748e-02
  1.76842175e-02  5.70623903e-03  4.54102904e-02 -5.36996126e-02
 -2.95186602e-02 -1.62254088e-02 -7.57008716e-02 -5.22236265e-02
  9.09017399e-03 -6.75997511e-02 -1.66069735e-02  2.61090398e-02
  8.08904022e-02 -1.94515940e-02  1.47889452e-02  1.44617716e-02
  3.96894515e-02  1.71447359e-02 -3.98643091e-02  2.17962824e-02
 -6.80561084e-03  1.98956449e-02 -2.96692662e-02 -5.63120516e-03
  4.42690663e-02 -2.32638940e-02 -9.38301161e-02 -6.96350262e-02
 -1.73242744e-02  2.05749972e-03 -3.89626287e-02 -5.07761091e-02
  1.49514414e-02  3.43154483e-02 -5.69641814e-02  2.73507517e-02
 -4.88557899e-03  1.32628277e-01  1.55523019e-02 -4.21325676e-02
  3.42905447e-02  5.29737435e-02  3.64841148e-02 -3.59946676e-02
  1.83239896e-02 -1.72655715e-03  2.55030431e-02 -4.45201248e-02
 -5.67110777e-02  4.15539332e-02 -9.96494219e-02 -6.51819929e-02
  5.04316278e-02  1.23370262e-02  7.67102093e-02  4.88511920e-02
  8.78584199e-03  3.99916321e-02 -4.38333973e-02 -3.76741439e-02
  5.42201363e-02 -2.23708637e-02  3.05546708e-02  6.02390319e-02
  6.92187157e-03 -1.20748328e-02  4.81851175e-02 -2.97315815e-03
  5.08866599e-03  8.27310234e-02  4.31958549e-02 -1.87712181e-02
 -6.86293095e-02  6.37204051e-02 -5.03019206e-02  2.90427431e-02
 -2.24992204e-02 -6.68172017e-02  2.40171328e-02  8.65968615e-02
 -3.74904275e-02 -7.61686936e-02 -7.44890003e-03 -2.98931617e-02
  5.44511229e-02  6.83976104e-03  4.84389551e-02 -2.80828830e-02
  1.96718965e-02 -4.46051173e-02  3.40417922e-02  4.74245548e-02
  5.01187891e-02 -2.54207924e-02 -7.53412396e-02  3.10968251e-33
 -9.28710997e-02 -5.06305732e-02  4.91302349e-02  1.18123777e-01
 -1.18577974e-02 -1.44530160e-04 -6.81529753e-03  8.04736763e-02
  1.00356285e-02  2.84403414e-02 -4.59668487e-02 -3.30242813e-02
 -3.94033492e-02  3.33769359e-02  4.23268706e-04 -4.57023568e-02
  6.98397867e-04  5.80458455e-02  1.42042032e-02 -7.87317678e-02
  3.46255046e-03  1.70789268e-02 -1.71202738e-02 -1.25303082e-02
  6.49956465e-02  9.68509912e-02  3.51531468e-02 -1.16583670e-03
 -7.84086138e-02  2.85546388e-02  4.23537828e-02  1.37656368e-02
 -8.36869609e-03  1.12485783e-02 -1.77113281e-03 -3.77556495e-02
 -3.90962064e-02 -3.87884416e-02  6.66253790e-02 -8.52316711e-03
  5.97134456e-02 -3.94495996e-03 -3.23071517e-02  8.48713517e-03
 -1.39607951e-01  5.70548791e-03  2.65337173e-02  5.06359711e-02
  1.01312036e-02 -9.06765275e-03  6.31094500e-02 -1.03912121e-02
  2.84327026e-02 -2.16933011e-04 -5.56817465e-02  4.63662595e-02
  8.33062083e-03  2.29787175e-02 -3.46220359e-02 -9.09719325e-04
 -8.07891637e-02  3.73736694e-02  2.03809962e-02  3.92471366e-02
  1.15578296e-02  5.53718433e-02 -5.17651029e-02 -6.52263239e-02
  9.83987935e-03  4.41997796e-02 -4.03148755e-02  5.15471911e-03
 -2.54401043e-02  4.48246561e-02  4.75617014e-02 -3.44112813e-02
  3.24122794e-02 -4.11363877e-02 -1.07176051e-01  3.04640811e-02
 -1.47327885e-01  1.63234398e-01 -4.29592766e-02 -8.45531281e-03
  1.95821226e-02 -4.03087139e-02 -3.56080406e-03 -5.07303178e-02
 -1.99856535e-02 -6.85023740e-02  2.04870682e-02 -6.83073997e-02
 -6.00237399e-02 -3.04373186e-02 -4.55336384e-02 -3.50143731e-33
 -4.32465225e-02  4.09665816e-02  1.30816540e-02  2.66067833e-02
 -6.95708441e-03 -9.88154337e-02  1.05029810e-02 -3.69747020e-02
 -7.02422708e-02  2.83158030e-02  5.31577207e-02 -8.80093127e-03
 -2.20312793e-02 -1.45034399e-02  1.97956096e-02  6.39584884e-02
 -7.16921454e-03 -1.24677792e-01 -3.53979096e-02  3.13728936e-02
 -1.15030194e-02  8.13527331e-02  2.06839610e-02  4.45194915e-02
  2.80130748e-02 -3.07512488e-02 -5.98210953e-02  1.51616232e-02
  5.15147261e-02 -4.87415269e-02  2.81774085e-02 -3.45049724e-02
  4.21539471e-02 -2.41626333e-02 -6.29421324e-02 -3.61766666e-02
  3.41818761e-03 -3.00222151e-02 -3.56893018e-02  3.75276469e-02
 -2.33542901e-02 -1.67077454e-03 -4.24546339e-02  1.91975627e-02
  9.39623453e-03 -2.83491444e-02  8.17156956e-02 -6.03735894e-02
  6.50508404e-02 -2.28434317e-02  5.97147122e-02 -5.24382107e-02
 -1.56199904e-02  1.73377562e-02  3.53156924e-02  5.38412761e-03
  8.23494643e-02 -5.74958473e-02 -1.46780978e-03 -5.17641045e-02
  5.11745140e-02 -7.67116472e-02  3.70864347e-02 -1.29578719e-02
 -4.40625893e-03 -7.91539624e-02 -2.41495930e-02 -7.39030913e-02
 -3.74625772e-02 -5.28882183e-02  2.98900250e-02  2.52222028e-02
  8.25180039e-02  2.88262870e-02 -9.69881006e-03 -7.71429390e-02
  2.00182777e-02  6.38828203e-02  8.98096561e-02 -4.37008999e-02
 -7.24354237e-02 -2.40116864e-02  8.99625197e-02  8.44885036e-02
 -3.23286280e-02  2.48434255e-03 -2.70491261e-02  1.09459706e-01
  8.53152201e-03  7.16898218e-02 -8.43115151e-02  8.64484161e-02
  1.75977405e-02  1.53110087e-01 -9.16112959e-02 -5.33073923e-08
 -1.36741204e-02 -6.17201114e-03 -1.51838120e-02 -8.84796493e-03
 -3.15481871e-02  6.17593527e-03 -8.09396878e-02 -1.70644820e-02
 -2.00822838e-02  2.74444837e-02  2.54071094e-02 -1.42463306e-02
  6.42461656e-03  1.15465745e-02 -5.40680364e-02  3.50595824e-02
  1.29604861e-02  4.19573411e-02 -7.10373223e-02 -8.74454975e-02
  5.38822860e-02  4.77333814e-02 -6.05581142e-02  1.01179272e-01
  9.61119309e-02 -6.59280270e-02 -6.32065088e-02  2.09399648e-02
  8.06437433e-02  6.22067414e-03  3.37741114e-02  5.18464763e-03
  2.76660491e-02  8.98560882e-02  2.16230769e-02  3.38739790e-02
 -9.90941077e-02  9.21324715e-02  7.51533061e-02  2.42145341e-02
  8.05373937e-02 -1.83123369e-02 -5.82444780e-02  4.01239209e-02
  6.14618137e-02  7.07203373e-02 -1.82288036e-01 -6.11753501e-02
 -3.80172022e-02  4.19364758e-02  9.06339847e-03  2.76095066e-02
 -5.97525239e-02  8.24612379e-02 -4.47669625e-02  4.12004851e-02
  2.88715819e-04  1.78000014e-02  6.34404868e-02 -1.03444882e-01
  6.46639336e-03  5.08396514e-02 -4.38484140e-02  2.32100356e-02]"
37,../models/Metadata Examples/IssueMetadataExample.sysml,"package IssueMetadataExample {
	private import ModelingMetadata::Issue;
	
    //Example: the following identifies an issue with the interface
    
    metadata InterfaceCompatibilityIssue : Issue about engineToTransmissionInterface {
    	text = ""This issue is about the interface compatability between the engine and transmission."" +
               ""The interface def includes an end defined by a ClutchPort."" +
               ""However, the interface usage connects the transmission port that is defined by ~DrivePwrPort."" +
               ""This should have surfaced a compatibility issue, since the interface is not really compatible with its definition"";
    }
    
    interface def EngineToTransmissionInterface{
        end p1:DrivePwrPort;
        end p2:ClutchPort;
    }
    port def DrivePwrPort;
    port def ClutchPort;
    
    part engine{
        port drivePwrPort:DrivePwrPort;
    }
    part transmission{
        port clutchPort:~DrivePwrPort;
    }

    interface engineToTransmissionInterface:EngineToTransmissionInterface
        connect engine.drivePwrPort to transmission.clutchPort;       

}","Generate a SysML v2 model that encapsulates the issue of compatibility between an engine and transmission interface. Model a package named `IssueMetadataExample`, which includes an import of the `ModelingMetadata::Issue` class. Define a metadata object called `InterfaceCompatibilityIssue`, stating that it describes a specific compatibility issue related to the `engineToTransmissionInterface`. The issue details highlight the mismatch between a `ClutchPort` and a `DrivePwrPort`, creating an incompatibility in the system's design.

The model includes the definition of the `EngineToTransmissionInterface`, comprising two ends: `p1` (DrivePwrPort) and `p2` (ClutchPort). Define the ports, `DrivePwrPort` and `ClutchPort`, and create two parts, `engine` and `transmission`. Each part will contain their respective ports, with `engine` connecting its `drivePwrPort` to the `transmission`'s `clutchPort` through the defined interface, depicting the connection's flaws and compatibility issues. This model ultimately serves as an illustration of interface mismatches in systems engineering.","[-5.23359701e-02 -1.94128472e-02  2.30636317e-02  2.96534467e-02
 -4.55077365e-02  8.53487849e-03  2.57506175e-03  3.90922986e-02
 -7.49189630e-02 -3.60926650e-02  4.44481075e-02 -1.14684328e-02
  4.92820591e-02  8.50174855e-03 -1.78719591e-02 -2.06860974e-02
  6.69922084e-02 -5.62621877e-02  3.83470766e-03  7.62112886e-02
  9.00336578e-02  5.40117286e-02 -4.07053791e-02  2.13869121e-02
 -1.01595081e-01 -7.42109120e-02 -8.93652625e-03  6.95817247e-02
  2.07418390e-02 -8.22477415e-02 -5.78706339e-02  6.49527982e-02
 -1.45721465e-01  2.43625119e-02  1.33419074e-02 -4.65721190e-02
  6.57225400e-02 -4.63841185e-02 -2.62202211e-02 -1.13805741e-01
  5.59753366e-02 -4.58564237e-02 -6.98535098e-03  1.79441820e-04
  7.53529882e-03 -5.11897467e-02  3.86306457e-02 -3.72057222e-02
 -1.39836306e-02 -5.30870706e-02 -8.18002447e-02  3.80641706e-02
  3.57467420e-02 -1.03712978e-03  3.91025655e-02  1.33692259e-02
  4.76603396e-02  2.14814115e-02 -9.86332744e-02  1.40646361e-02
 -1.41751627e-02  2.22498011e-02 -6.54204264e-02 -2.54192539e-02
 -1.09847644e-02  1.23643978e-02  1.70940477e-02 -4.86453138e-02
 -8.03647656e-03  2.61654407e-02 -1.33870289e-01 -6.14496246e-02
 -5.34807518e-02  2.86898259e-02  1.93361808e-02 -5.37984539e-04
  2.38198377e-02  3.01446635e-02  3.08613409e-04 -1.56006917e-01
 -4.85646352e-02  1.77344494e-02 -7.06850514e-02  1.65328681e-02
  6.13751896e-02 -4.67633717e-02 -2.46729399e-03 -6.79411516e-02
  6.88633099e-02  2.05333121e-02 -2.68333443e-02 -2.59720404e-02
  6.72536939e-02  1.86875556e-02  9.98168886e-02  4.83670011e-02
  6.32858947e-02 -2.42924485e-02  1.85328182e-02  5.34382127e-02
 -2.06684563e-02  4.90249209e-02 -2.63440646e-02  3.76824965e-03
 -5.98272197e-02  3.19651067e-02 -7.92277306e-02 -1.54644633e-02
 -1.08840391e-01 -7.25992471e-02  6.15089722e-02  6.19133823e-02
 -1.88385975e-02 -6.43900335e-02 -1.12356013e-02  4.20742631e-02
 -4.79959995e-02  5.47695858e-03  1.17737660e-02 -4.65195775e-02
 -6.56914338e-02 -1.96330715e-02  5.68262823e-02  3.13526094e-02
  7.69269243e-02 -5.69901057e-02 -2.00162120e-02  6.71441547e-34
 -4.93805557e-02 -5.96099757e-02 -1.48632042e-02  1.18499860e-01
  5.27679622e-02  7.43961334e-02  4.98335157e-03  1.17402552e-02
  2.74735149e-02  9.49823577e-03 -6.63966015e-02 -8.60808045e-03
 -7.12328926e-02 -2.83464622e-02  5.03166914e-02  1.24565912e-02
 -4.21816744e-02  8.00930336e-02  4.06490825e-03 -7.57835759e-03
  1.03842944e-01 -1.50649855e-02 -4.19143438e-02 -4.55004722e-02
  3.53349298e-02  1.27547219e-01 -2.71663815e-02  2.22081076e-02
  2.44327541e-02  7.34197572e-02  4.44601290e-02  1.64083075e-02
  1.38346869e-02 -2.23162305e-02  1.79346465e-02 -3.90974358e-02
 -6.39320537e-02 -4.39302661e-02 -1.28916455e-02 -3.56450006e-02
 -1.15247397e-02 -2.48746853e-02 -8.48968551e-02 -2.81156506e-02
 -3.32186744e-02 -9.71472189e-02  3.24114487e-02  4.80792746e-02
  5.42467646e-02  3.96362990e-02  3.05442195e-02 -3.51623408e-02
  6.52420744e-02 -4.53120330e-03 -3.81156318e-02 -6.23394689e-03
  8.70631170e-03  4.32887375e-02 -3.34164477e-03  9.06355381e-02
 -6.41348064e-02  3.78691852e-02 -1.02936951e-02 -1.11307120e-02
  1.13627277e-01  8.75181109e-02  1.13546941e-02 -9.87735540e-02
  1.08919684e-02  5.25514558e-02 -6.41247481e-02 -1.66520514e-02
 -6.39490187e-02  1.06913716e-01  2.42174678e-02 -1.12054095e-01
 -6.11632355e-02 -1.10609578e-02 -1.12532927e-02  2.27690805e-02
 -9.95744839e-02  5.79659715e-02 -5.85559346e-02 -1.65462457e-02
 -3.41210030e-02 -4.85204905e-02 -7.66832009e-03 -1.39059674e-03
  5.22059295e-03 -7.95288682e-02  5.95039763e-02  1.02105904e-02
  3.39650102e-02  3.45510542e-02  3.00016217e-02 -2.97096554e-33
 -2.74075810e-02 -3.67310792e-02  4.70391437e-02 -6.62133703e-03
 -6.40779883e-02 -5.83827123e-02  3.05274297e-02  1.28418114e-02
 -9.98256076e-03  6.54986426e-02  5.04007824e-02 -3.55215906e-03
  2.24246234e-02 -4.23706360e-02 -2.81203538e-02 -3.46279182e-02
 -1.30138518e-02 -1.52477935e-01 -3.39174923e-03  8.16533193e-02
  7.47876018e-02  8.38551894e-02  4.61492464e-02 -1.78494081e-02
 -9.35228541e-03  3.51317925e-04 -2.90551819e-02  1.18347406e-01
 -4.48964769e-03 -3.68930958e-03  6.68211132e-02  7.82997627e-03
  7.81112164e-03 -7.35445768e-02 -1.30093740e-02 -3.13534178e-02
 -5.33763431e-02  2.30509695e-02 -5.37162349e-02  3.31285596e-02
 -3.06822662e-03  5.36217447e-03 -4.24822904e-02  5.45140430e-02
  1.24474457e-02 -1.00240344e-02 -2.93326713e-02 -9.30443555e-02
  4.94801626e-02 -4.23894934e-02  4.47982587e-02 -1.22444294e-02
  1.14051133e-01  4.72926684e-02  3.33169028e-02  4.69016582e-02
  3.79326455e-02 -1.45448213e-02  7.00535066e-03  6.70478269e-02
  1.10400237e-01 -2.31988542e-02  5.48264384e-02 -1.10478103e-02
  3.15538310e-02 -5.77765368e-02 -6.44907681e-03 -4.56595272e-02
  2.72775441e-02  3.45075689e-02  5.60177416e-02  2.63150036e-02
  3.86905260e-02 -4.68734019e-02  6.43276125e-02 -6.17697556e-03
 -1.49026783e-02  5.07430732e-02  2.24845856e-02  1.51787996e-02
 -5.01519255e-02  2.04191776e-03  1.69572495e-02  6.25977591e-02
 -7.34501854e-02 -4.98349443e-02 -2.68802252e-02  1.02415837e-01
  7.72050470e-02 -5.72859719e-02 -8.40266198e-02  4.35836352e-02
 -3.78700271e-02  1.23651981e-01 -3.66460867e-02 -5.05872570e-08
 -1.96445398e-02 -1.79696009e-02 -2.04577260e-02 -2.60250672e-04
  7.00537767e-03  1.05504952e-02 -1.12844467e-01 -3.94084975e-02
 -1.28851337e-02  3.68900746e-02 -2.84567778e-03  3.04203033e-02
 -1.55028962e-02  6.91665802e-03  1.97394323e-02 -1.36556057e-02
  5.55174705e-03  2.75769532e-02 -8.33890811e-02 -5.58590926e-02
  6.07973784e-02 -3.06152478e-02 -1.05339317e-02 -1.39243770e-04
  7.01635331e-02 -1.44880908e-02  2.23971251e-03 -3.92233953e-03
 -1.85073186e-02  1.69683155e-02  2.16203667e-02 -6.99789403e-03
  6.40302077e-02  9.52636972e-02 -7.57592916e-02  1.20919004e-01
 -1.24757374e-02  7.50220343e-02  3.57647650e-02 -6.66291732e-03
  6.79290518e-02  3.47332880e-02 -4.44416516e-02  4.05921899e-02
  3.41921970e-02  4.55933474e-02 -5.50643764e-02 -1.39969112e-02
 -6.44004792e-02  7.02550635e-02 -8.84417370e-02  2.60963123e-02
 -6.61008060e-02  4.92841117e-02 -9.62881148e-02 -3.03641297e-02
 -5.07063977e-02 -1.86081864e-02 -1.15080606e-02 -3.86006897e-03
  5.10138720e-02  8.19791630e-02  1.59829631e-02  4.93302234e-02]"
38,../models/Metadata Examples/RationaleMetadataExample.sysml,"package RationaleMetadataExample {
	private import ModelingMetadata::Rationale;
	
    /* Example: the following provides the rationale for selecting the engine4cyl based on a trade study analysis. 
    The rationale could be contained in the vehicle configuration with the selected engine */
    
    part engine;
    part engine4cyl :> engine;
    part engine6cyl :> engine;
    
    metadata engineSelectionRationale : Rationale about engine4cyl {
    	text = ""This rationale for selecting the engine4cyl refers to the engineTradeOffAnalysis."";
    	explanation = engineTradeOffAnalysis;
    }
    
    private import TradeStudies::*;
    analysis engineTradeOffAnalysis:TradeStudy{
        subject alternatives :> engine [2] = (engine4cyl, engine6cyl);

        /* ... */
        
        return selectedEngine :> engine;
     }
}","Generate a SysML v2 model encapsulated in the package RationaleMetadataExample. The model encompasses a structured representation of engine selection for a vehicle, comprising parts for both a four-cylinder engine and a six-cylinder engine, both categorized under a general engine part. It includes a metadata element, engineSelectionRationale, which utilizes the Rationale type to document the reasoning behind selecting the four-cylinder engine based on an analysis derived from trade studies. The rationale text emphasizes the connection to the engine trade-off analysis. Furthermore, an analysis component, engineTradeOffAnalysis, is defined, portraying a comparative study of the two engine alternatives, ultimately leading to the selection of the most suitable engine. Ensure that the relationships and dependencies between parts and metadata are accurately captured to reflect the decision-making process in engine selection.","[-3.18432823e-02  5.68301678e-02 -1.76508389e-02  2.76444871e-02
  3.90098915e-02  8.65302328e-03 -2.21736617e-02  6.57416806e-02
 -3.23308744e-02 -7.72030056e-02 -3.75275202e-02 -2.88983323e-02
  2.29854062e-02 -1.14583671e-02 -5.95683530e-02  1.14554744e-02
  4.99891816e-03 -1.23804230e-02 -5.85593320e-02 -1.33617856e-02
  5.73510602e-02 -3.25671993e-02  2.07077600e-02  2.23852973e-02
 -2.36007683e-02  9.80582926e-03 -8.41583163e-02  1.18094102e-01
  3.49684022e-02 -5.77131361e-02  3.69633245e-03  1.13683634e-01
  2.47612968e-02 -2.45394111e-02  2.55820155e-02 -1.42324222e-02
 -3.11895646e-02  2.10286444e-03 -1.65436827e-02 -1.85404334e-03
 -3.80227678e-02 -6.98561892e-02 -7.35670030e-02 -3.42253409e-02
  1.75073948e-02 -4.01946381e-02 -2.37354152e-02 -1.55826351e-02
 -6.70522917e-03 -1.66167952e-02 -1.35972604e-01 -5.30496165e-02
 -3.11312433e-02 -6.01353273e-02  6.01080339e-03  5.12952171e-02
 -4.99098375e-02 -1.81605760e-02 -1.16508044e-01 -1.41826468e-02
  1.57920644e-02  1.04062064e-02 -1.14991330e-01  4.03314717e-02
  1.84131712e-02  4.52680588e-02 -5.88577166e-02 -5.75991347e-02
 -3.36940847e-02  1.28661105e-02 -2.33447757e-02 -4.53154519e-02
 -3.73866670e-02  7.08143925e-03 -3.74235362e-02  2.41812076e-02
  3.71782221e-02 -3.69376875e-02  2.41707880e-02 -9.82831195e-02
  3.39007517e-03 -4.94095637e-03 -6.37110397e-02 -2.59069614e-02
  6.49087355e-02 -5.00033759e-02  1.02030538e-01 -7.07925037e-02
  5.30095175e-02  1.11209080e-01 -3.35817747e-02 -3.23259197e-02
  1.21002406e-01 -7.76000693e-03  9.10100862e-02  1.07627027e-01
  3.87433469e-02  3.16145644e-02  1.03976749e-01  3.56341340e-02
  4.10128422e-02  6.19765744e-02 -1.41806435e-02 -1.59346499e-02
 -8.15429315e-02  2.38721408e-02 -1.43874269e-02 -2.70558451e-03
  2.31721043e-03 -1.19246498e-01 -9.45016276e-03  3.83120961e-02
 -6.13641413e-03 -5.60221374e-02 -4.48142812e-02 -7.89939798e-03
 -1.44169275e-02  2.60903817e-02  7.05205128e-02 -2.99092215e-02
 -2.74468940e-02 -4.49703261e-02  9.95726958e-02  7.32270954e-03
  8.12933892e-02 -3.30323353e-02 -7.18662441e-02  8.14191377e-34
 -8.26200247e-02 -7.94480443e-02  5.00410609e-03  7.80018568e-02
 -3.00968532e-02  3.95029224e-02 -6.81374967e-02 -2.38425657e-02
  2.34129210e-03  6.26279861e-02 -4.01619785e-02  9.03510600e-02
 -4.04516682e-02 -9.35229938e-03  1.54114351e-01  1.44108024e-03
 -8.29807967e-02  7.96075687e-02 -1.30376210e-02 -3.82692739e-02
  1.90448966e-02 -1.71163026e-02 -2.87353825e-02  4.02137265e-03
  5.45865707e-02  5.99730015e-02  3.71477902e-02 -3.25974114e-02
 -1.26290247e-01  6.38888553e-02 -2.74564754e-02  1.64522566e-02
 -5.87251931e-02  1.71105247e-02 -1.36637837e-02  9.83694196e-03
 -4.62630168e-02 -2.56353505e-02  3.59139070e-02  3.61536890e-02
  2.69678179e-02 -1.09871430e-02 -7.77570382e-02 -2.47555822e-02
 -8.94172788e-02  6.75909072e-02 -1.34058017e-02  2.43142191e-02
  5.11379167e-02  2.58276984e-02  9.90615692e-03 -2.51824055e-02
  1.19964421e-01  2.14440823e-02 -2.87773926e-02  7.49999732e-02
  6.52601803e-03 -5.17397886e-03 -1.46664828e-02  5.36971129e-02
 -1.15698829e-01  9.59116891e-02  3.42178042e-03 -4.36242633e-02
  3.07997949e-02  9.23656151e-02 -4.98097837e-02 -3.92627493e-02
  8.11600499e-03  8.16670656e-02 -4.94884662e-02 -2.77678911e-02
  1.72570162e-02  7.47177452e-02  1.02557182e-01 -6.36292025e-02
 -1.45283761e-02  2.67986003e-02 -2.59531010e-02 -2.60464922e-02
 -7.77994245e-02  1.21652462e-01 -1.58019662e-02 -8.01201388e-02
  2.15043537e-02 -2.10653357e-02 -2.48413794e-02 -6.49594739e-02
  2.77268104e-02 -9.31421854e-03 -3.82758379e-02 -3.48237418e-02
 -1.01962306e-01  1.52947120e-02 -6.41241029e-04 -2.88887949e-33
 -1.69289168e-02 -9.22539271e-03  3.42699327e-02  5.42277135e-02
 -2.28217896e-02 -4.25123274e-02  3.10101006e-02 -3.97987291e-02
  5.23873381e-02  6.41706660e-02  4.85068336e-02 -4.51711146e-03
  5.99959604e-02 -2.04816973e-03 -3.19134281e-03 -2.49858946e-02
 -3.55808623e-02 -1.85658485e-01 -3.55772208e-03  5.41984849e-02
  2.41527613e-02  2.03254037e-02 -5.20154685e-02 -2.36651134e-02
  2.48411112e-02  3.42270918e-02 -4.49326150e-02 -3.17919590e-02
  3.55472229e-02 -8.10500160e-02  6.89711422e-03 -7.42303394e-03
  3.47725786e-02 -3.72816697e-02 -5.00379801e-02  7.87828118e-03
 -1.15409456e-02 -3.27038951e-02 -3.60058621e-02  9.05856565e-02
 -1.59358215e-02  8.57462268e-03 -4.85500786e-03  4.19320427e-02
  1.74889453e-02 -1.47226620e-02  2.03820355e-02 -6.37918115e-02
  5.13376147e-02 -1.28108254e-02  5.95199689e-02  3.55418511e-02
  5.18177859e-02  3.81649882e-02 -5.07171303e-02  6.22418523e-03
  7.41902292e-02 -4.88951951e-02 -1.57113057e-02  1.05711691e-01
  1.13270566e-01 -1.17573598e-02  1.54459858e-02  1.43294176e-03
 -1.72164943e-02 -6.51926920e-02 -1.18571594e-02  1.15031926e-02
 -1.05007710e-02 -5.20732030e-02 -3.81947425e-03 -2.90305503e-02
  3.73585755e-03  5.11488039e-03 -4.81375353e-03 -1.62395444e-02
 -4.74956334e-02  4.10135649e-02  9.38085392e-02 -9.02244914e-03
 -3.13451178e-02  1.46736410e-02  6.60489425e-02  4.84181494e-02
 -4.73613432e-03 -5.08264862e-02 -5.59896715e-02  5.62511608e-02
  2.80492175e-02 -4.66926359e-02  2.27935910e-02  4.89334613e-02
  3.46026313e-03  1.14895985e-01 -4.59241420e-02 -4.67846100e-08
  4.97229248e-02 -3.11690271e-02  7.06157833e-02  2.48012319e-02
  5.85392602e-02  3.17681418e-03 -6.61454573e-02  4.92445938e-02
 -6.77905455e-02  2.93592401e-02  7.73457214e-02  2.80553084e-02
 -5.27496636e-02  3.89125198e-02 -3.64691690e-02  1.62017737e-02
 -1.10689516e-03  3.54935750e-02 -3.09765451e-02 -7.91486129e-02
  9.04869288e-02  3.05981860e-02 -8.99756700e-02  3.89906811e-04
  7.95731470e-02 -7.58555308e-02 -1.54801290e-02  5.34778312e-02
  2.00048797e-02 -8.04415904e-03 -1.75665412e-02  7.59993941e-02
  8.53842199e-02  1.08573819e-02  4.90345508e-02  2.55821943e-02
 -6.32707328e-02  4.95505221e-02  3.76999099e-03 -3.91692668e-02
  1.15141133e-03  2.38237958e-02 -4.09200154e-02  3.21611613e-02
 -6.99916016e-03  3.02275214e-02 -1.24614678e-01 -7.36992434e-02
 -4.07308191e-02  1.69080365e-02 -5.77651337e-03 -4.19689752e-02
  1.77850889e-03  1.16514601e-01 -1.23299416e-02  1.76254809e-02
 -1.50437467e-02 -1.97915621e-02 -3.15636843e-02 -8.34327042e-02
  1.17301904e-02  5.12340032e-02  4.32699397e-02  1.15218395e-02]"
39,../models/Metadata Examples/RequirementMetadataExample.sysml,"package RequirementMetadataExample {
	private import Metaobjects::SemanticMetadata;
	private import ModelingMetadata::*;
	private import RiskMetadata::*;
	private import RiskLevelEnum::*;
	
	requirement def Goal;
	requirement goals : Goal[*] nonunique;
	metadata def goal :> SemanticMetadata {
	    :>> baseType = goals meta SysML::RequirementUsage;
	}

    requirement <'1'> vehicleMassRequirement {
        doc /* The total mass of a vehicle shall be less than or equal to the required mass. */
 
        @StatusInfo {
            status = StatusKind::tbd;
            risk {
		    	totalRisk = high;
		    	technicalRisk = medium;
		    	scheduleRisk = low;
		    	costRisk = medium;
		    }            
		    originator = ""Bob"";
            owner = ""Mary"";
        }
    }
    
    #goal requirement deliverPayload {
    	assume #goal constraint payloadMassLimit;
    	require #goal vehicleMassRequirement;
    }
    
}","Generate a SysML v2 model that captures requirement metadata for a vehicle system, encapsulated within the package named RequirementMetadataExample. Model the key elements of the system, including a collection of goals, tied to the main requirement of vehicle mass. Define a requirement called vehicleMassRequirement, emphasizing the total mass constraint of the vehicle. This requirement should include documentation detailing that the vehicle's mass must not exceed a specific limit. Additionally, incorporate status information, including risk assessments (total, technical, schedule, and cost risks), as well as the originator and owner details for accountability. Establish a higher-level goal named deliverPayload, which is linked to constraints such as payloadMassLimit and is dependent on the vehicleMassRequirement. The metadata must relate to SemanticMetadata and encompass necessary categories like RiskMetadata and RiskLevelEnum to ensure comprehensive risk management throughout the modeling process.","[ 1.86663568e-02  2.51792856e-02 -3.88749875e-02 -2.49023344e-02
 -2.49607898e-02 -1.63906328e-02 -3.48815462e-03  9.40908417e-02
 -7.38629475e-02  1.06986100e-02  2.38815248e-02 -1.07774295e-01
  9.97947603e-02  4.93362062e-02  6.49018539e-03 -2.38383096e-03
  2.02107672e-02  1.88494083e-02 -9.48720649e-02  3.96031253e-02
  1.57967895e-01  1.33165559e-02  2.35903095e-02  8.79264902e-03
 -1.29746348e-01 -4.99357246e-02 -1.87296439e-02  6.73231408e-02
 -2.33841017e-02 -5.11291698e-02  6.20112270e-02 -2.57595051e-02
  5.65453954e-02 -1.85731798e-02  7.17790127e-02  2.77805072e-03
 -2.91374233e-02 -4.35593799e-02 -3.81255075e-02 -7.51919299e-02
 -6.90912008e-02 -7.34743103e-02 -5.71279489e-02 -9.18993785e-04
  1.90127343e-02 -5.53596318e-02  3.13078016e-02  6.11979747e-03
 -4.11259905e-02  1.94791872e-02 -4.97885123e-02 -3.23704481e-02
 -2.39066556e-02 -8.19481350e-03 -4.21820991e-02 -8.04825872e-03
 -6.60703890e-03 -5.33828661e-02 -9.64585915e-02 -8.41759443e-02
 -3.77621278e-02  7.34706759e-04 -6.67091087e-02 -3.33706625e-02
 -1.40852490e-02  2.56488677e-02 -3.15913334e-02 -2.56280079e-02
  4.50953394e-02  1.16895437e-01 -3.95887764e-03 -3.62606570e-02
 -1.95824560e-02  3.08181643e-02  1.22855101e-02  3.46602909e-02
  4.28309441e-02  2.72511169e-02  3.08867842e-02 -8.30682516e-02
  2.18401793e-02  7.65073076e-02 -5.47709083e-03  1.68711524e-02
  3.57459262e-02 -3.48884948e-02  3.98339368e-02  1.27549320e-02
  2.83792038e-02  7.60165602e-02 -2.91029504e-03 -9.78621319e-02
  6.61317185e-02  3.69119309e-02  5.18038906e-02  9.60209221e-03
  9.41998966e-04 -6.93934485e-02 -1.15473068e-03  3.22860628e-02
 -1.57664958e-02 -1.24915196e-02  1.41127324e-02 -1.60661321e-02
 -5.29853217e-02 -1.41155031e-02 -2.98784617e-02 -1.03503158e-02
 -7.40043819e-02 -4.09038439e-02  6.11251965e-02  7.65372366e-02
  4.54586837e-03 -9.66958925e-02 -9.18410078e-04  4.63095419e-02
 -5.00194132e-02  3.09609273e-03  3.18697095e-02 -6.04752712e-02
 -4.95380051e-02 -4.17564139e-02  1.01919539e-01  3.20212133e-02
  5.30967265e-02 -9.52766370e-03 -3.88670303e-02  4.92418257e-33
 -6.64285123e-02 -5.42486645e-03 -9.52822622e-03  9.20704529e-02
 -1.35691660e-02  7.25498842e-03 -1.51661914e-02  4.31106053e-02
 -1.57162752e-02 -1.27797425e-02 -5.50083108e-02 -1.24242548e-02
 -4.96177599e-02 -3.72789539e-02  7.78188854e-02 -3.04813068e-02
 -4.30241264e-02  1.03114367e-01  1.12832133e-02 -1.44548137e-02
 -2.20038299e-03 -6.08371645e-02 -8.49491160e-04 -1.06735099e-02
  1.33996949e-01  1.08062990e-01  1.30581192e-03  6.78961119e-03
 -3.77448983e-02  4.19641212e-02  1.81699004e-02  2.29561273e-02
  2.54049972e-02  2.18809396e-02 -2.49729236e-03  3.74606550e-02
 -9.91652384e-02 -6.18542954e-02  1.86990127e-02 -6.08568406e-03
  5.53383827e-02 -2.08922960e-02 -3.34272906e-02  3.77639942e-02
 -7.34039843e-02 -4.08165939e-02  3.67228240e-02 -3.29476129e-03
  7.71148410e-03  5.04335389e-03  2.45361216e-02 -3.97651792e-02
  5.54366857e-02 -3.14646401e-02 -8.25303197e-02 -8.71537160e-03
  4.13368568e-02 -6.03453368e-02 -1.47594856e-02  4.26863506e-02
 -7.78588727e-02 -5.03291376e-02  5.44112958e-02  4.52636220e-02
  6.52493984e-02  4.41014729e-02 -1.76413823e-02 -5.62479459e-02
  7.22753927e-02  5.59411151e-03 -5.76869659e-02 -3.95239517e-02
 -5.22509962e-03  4.66156267e-02  1.89180486e-02 -1.60567295e-02
  5.93306497e-02  1.96571997e-03 -4.83430438e-02  8.24975595e-03
 -1.35884210e-01  1.20373867e-01 -2.47030593e-02 -1.51463384e-02
  4.36169952e-02 -4.08024713e-03 -3.89731303e-02 -3.19076777e-02
 -4.23959605e-02 -1.93803441e-02 -4.49241325e-02 -1.20832771e-02
 -1.00530788e-01  4.74740751e-02  4.47217524e-02 -4.05841702e-33
 -6.05791761e-03 -5.09425951e-03 -9.02398303e-03  4.55599651e-03
  4.13942151e-02 -5.14401495e-02 -1.81320384e-02 -5.59459701e-02
 -7.31386617e-03  8.30139294e-02 -4.06360514e-02 -5.79954349e-02
  2.41092052e-02  4.72349254e-03  1.36707826e-02 -1.66012142e-02
 -5.94893470e-04 -1.17745154e-01 -1.44315343e-02  2.12467555e-02
  6.64804550e-03  1.03984624e-01 -6.60900772e-02  3.65714431e-02
  3.77181843e-02 -2.45960546e-04 -4.51329835e-02  2.05107145e-02
  6.29999191e-02 -1.86628122e-02  2.09585950e-02 -4.35522236e-02
  3.59468870e-02 -1.78042054e-02 -1.59865301e-02 -1.00350082e-01
  1.74915884e-02 -4.81800139e-02 -2.94888318e-02  1.15729965e-01
  2.74425484e-02  2.69165169e-02 -5.58432229e-02  1.00836772e-02
  2.29009278e-02 -9.70873702e-03  8.05793256e-02 -3.50288488e-02
  6.23369068e-02 -3.41817215e-02  3.19311442e-03 -4.50082943e-02
 -3.74136567e-02  6.60114586e-02 -1.03643592e-02  2.01241765e-02
  3.09952311e-02 -5.26695102e-02  3.10701188e-02  3.10797431e-02
  6.94112107e-02  4.00281213e-02  3.95788550e-02 -6.16009859e-03
  2.27739438e-02 -9.34161842e-02 -3.31780948e-02 -1.05247691e-01
 -3.53956483e-02  4.84196283e-02  2.22265609e-02 -1.15469564e-02
  2.78128106e-02  2.77601350e-02  2.23697312e-02 -8.55395496e-02
 -2.86799856e-02  2.77755987e-02  6.21520095e-02 -9.03820321e-02
 -2.63915882e-02 -5.19599626e-03  6.68995678e-02  1.28381565e-01
  7.28943944e-03  2.77297627e-02  3.18331942e-02  7.61596933e-02
  2.07929853e-02  7.51070827e-02 -5.40967211e-02  2.75457576e-02
 -1.70063488e-02  1.30798399e-01 -1.10113293e-01 -4.83753730e-08
 -2.74212435e-02  5.11752963e-02 -2.89457086e-02  8.95786937e-03
  2.17503067e-02  6.82616383e-02 -3.09911445e-02 -3.01921424e-02
 -2.25772969e-02  7.70204188e-03  4.55107167e-02  3.98105290e-03
 -3.89745981e-02  2.87081245e-02 -4.50970791e-02  2.65246667e-02
  3.90296020e-02  1.19125605e-01 -6.68546557e-02 -2.18022112e-02
  4.43879068e-02  4.63473499e-02 -6.26860932e-02  2.49999501e-02
  1.24495365e-01 -6.71913326e-02  2.48322785e-02  9.54198614e-02
  7.73736835e-02  2.27828603e-02 -9.05104075e-03  6.93391124e-03
  7.12057278e-02  3.42571996e-02  9.69694927e-03  6.92301095e-02
 -4.07305174e-02  4.52422574e-02  3.31987329e-02  3.14534223e-03
  8.91841725e-02  7.19162449e-02  3.07141785e-02  5.76336533e-02
  3.34783196e-02  6.42167553e-02 -1.77147016e-01 -4.45449390e-02
 -3.53499502e-02  1.69056840e-02 -4.42498326e-02 -2.99324933e-02
 -6.52712733e-02  1.51012704e-01 -4.92077656e-02  1.13061548e-03
  1.41948578e-03 -1.76505707e-02  6.61917254e-02 -4.12651114e-02
  4.27576117e-02  6.24225475e-02  1.95403695e-02 -1.78468565e-03]"
40,../models/Metadata Examples/RiskMetadataExample.sysml,"package RiskMetadataExample {
	private import RiskMetadata::*;
	private import RiskLevelEnum::*;
	
    part engine4cyl{
        @Risk {
            totalRisk = high;
            technicalRisk = medium;
            scheduleRisk = medium;
        }
        @Risk {
        	totalRisk { 
        		probability = 0.3;
        		impact = 0.7;
        	}        	
        }
    }
        
}","Generate a SysML v2 model that defines a package named RiskMetadataExample, which imports RiskMetadata and RiskLevelEnum. Model a component labeled engine4cyl that incorporates risk annotations to assess its risk profile. Define the overall risk attributes with totalRisk set to high, and both technicalRisk and scheduleRisk categorized as medium. Additionally, include a nested risk annotation to quantify the totalRisk, assigning a probability value of 0.3 and an impact value of 0.7. This model should effectively illustrate how various risks can be assessed and categorized for a four-cylinder engine component, providing a clear framework for risk management in engineering design.","[ 9.32513271e-03  4.28631343e-02 -4.24848869e-02  1.92506537e-02
  3.99326272e-02  5.60273193e-02 -4.39313613e-03  1.12038188e-01
 -6.44575879e-02 -5.25369048e-02 -2.83704158e-02 -1.12524256e-01
  7.90533200e-02  3.76713090e-02 -8.43496919e-02 -5.42920036e-03
 -3.54445055e-02 -9.95986629e-03 -7.47418776e-02  1.70516949e-02
  6.51459992e-02  1.25107123e-02  3.02475709e-02  5.22699067e-03
 -5.81144579e-02 -9.02333297e-04  9.69202723e-03  1.49066851e-01
 -4.69812611e-03 -6.66732788e-02 -1.93279684e-02  6.01324998e-02
 -6.04281295e-03 -7.68991113e-02  4.47202735e-02 -3.12404055e-02
 -5.11104465e-02 -1.42624993e-02 -1.88894384e-02 -1.18597355e-02
 -3.17376410e-03 -4.53165695e-02 -5.01559377e-02  1.22801187e-02
  1.46010856e-03 -5.48918247e-02 -2.27991920e-02 -9.48474556e-02
  1.76982414e-02 -3.97555791e-02 -6.76162541e-02 -8.58933032e-02
  1.81667879e-02 -6.14883751e-02 -2.23170631e-02 -5.22213290e-03
 -6.00609556e-02 -7.50474781e-02 -1.20834753e-01 -1.88518222e-02
  1.76952891e-02 -1.15312710e-02 -3.58521417e-02  3.06670135e-03
 -2.48407051e-02  5.28353415e-02 -9.87780243e-02  5.98933920e-02
 -2.88716592e-02  3.61039974e-02 -4.27939072e-02 -5.98340966e-02
 -3.49274687e-02 -6.30219886e-03 -4.81999293e-03  5.17893136e-02
  2.34274007e-02 -5.79966903e-02  1.79347431e-03 -7.33438954e-02
 -3.24311964e-02  2.21120827e-02  6.31821016e-03 -5.27218636e-03
  5.24674803e-02  2.74977889e-02  6.37375265e-02 -5.39082475e-02
  2.87670717e-02  8.69215652e-02  4.34457287e-02 -2.48844605e-02
  9.27582681e-02  7.36522824e-02  5.90282455e-02  8.97268057e-02
 -2.47518346e-02 -7.25961179e-02  3.23857367e-02 -1.01279803e-02
 -1.23029621e-02 -2.65443791e-02 -2.70581879e-02  3.49955633e-02
 -4.11474518e-02  1.40387444e-02  1.42640537e-02 -1.61783788e-02
 -3.93096656e-02 -1.22064419e-01  5.15414178e-02  7.94174001e-02
  1.21498271e-03 -9.89126042e-02 -3.41116376e-02  1.03354016e-02
 -5.70481345e-02 -4.93998006e-02  1.75859332e-02 -3.09405196e-02
 -2.70752497e-02 -3.64379026e-02  1.34397283e-01 -8.98276269e-03
  2.66929474e-02  1.00276629e-02 -4.20864560e-02  5.43467405e-33
  5.79939457e-03 -5.18624298e-02 -5.73746674e-02  5.16452380e-02
  2.98208632e-02  3.15719992e-02  2.09736987e-03  1.35614360e-02
  2.45967191e-02 -6.07386092e-03 -2.52258033e-02  2.55087018e-02
 -5.23071103e-02 -6.97235763e-02  5.22621572e-02 -1.71182286e-02
 -1.89065728e-02  1.21312104e-01 -3.68053727e-02 -3.44352014e-02
 -1.12057989e-02 -6.54898435e-02  9.57448874e-03  5.12236916e-03
  5.42717464e-02  8.49888697e-02  3.58289704e-02 -6.70796633e-02
 -6.22155368e-02  6.41417876e-02 -1.45352073e-02  8.16017166e-02
 -1.28603466e-02 -2.79337373e-02 -7.46868365e-03  6.09739088e-02
 -9.55010206e-02  4.31507407e-03  3.59130949e-02  1.80377159e-02
 -6.99049560e-04 -5.28771654e-02  3.57394945e-03  3.15334983e-02
 -5.69610931e-02  9.83220804e-03  2.60681706e-03  4.12782654e-02
  2.50162259e-02 -3.00623272e-02 -2.89081149e-02 -4.62782681e-02
  1.15540400e-01  5.84929399e-02 -6.44201487e-02  5.30196875e-02
  5.77513427e-02  1.08236484e-02 -1.75992325e-02  2.25880910e-02
 -1.11444689e-01  7.26177841e-02 -3.66842262e-02 -2.52471622e-02
  6.34390190e-02  5.32373153e-02 -2.16270015e-02 -4.82192859e-02
  5.08482568e-03  6.12946525e-02 -3.30931470e-02  1.44909862e-02
  2.41079321e-03  3.30765918e-02  2.51914859e-02 -1.50556890e-02
 -1.03821959e-02  2.17184220e-02  4.53211833e-03 -7.17805233e-04
 -1.01168819e-01  8.89322087e-02 -7.88987242e-03 -3.23514119e-02
  6.44752011e-02 -1.53852012e-02  2.67065159e-04 -2.17297766e-02
 -7.65420943e-02  3.18304859e-02 -2.74244752e-02 -7.81635121e-02
  5.23566008e-02  4.51704152e-02 -7.85804540e-03 -5.73783772e-33
 -5.97017221e-02  1.11838453e-01 -1.40180252e-02  4.14976813e-02
  4.24542278e-02 -9.23833475e-02  3.63892056e-02  5.67735056e-04
  3.79275791e-02  9.70122889e-02 -5.98248374e-03  4.23409007e-02
  2.82861255e-02  4.55015060e-03  2.62528826e-02  2.47014686e-02
 -8.72682333e-02 -1.25722364e-01 -2.40386333e-02 -6.38187751e-02
  1.99835282e-02  2.07420439e-02 -8.55859667e-02  6.48005530e-02
 -1.38505790e-02  3.85800712e-02 -5.11822216e-02 -6.30725920e-02
  2.52271220e-02  2.94203550e-04 -3.31370644e-02  5.55318482e-02
  8.23986009e-02  4.55886312e-02 -2.65681539e-02 -4.51005511e-02
  2.90394407e-02 -1.29845038e-01  1.29187973e-02  4.66121957e-02
  2.32830532e-02  4.79856282e-02 -7.97779560e-02 -2.93598566e-02
  4.67753671e-02 -6.97693264e-04  8.29268172e-02 -9.89568830e-02
  3.04783899e-02 -2.81668175e-02  2.21721176e-03  1.33078378e-02
  2.46879794e-02  7.33051598e-02 -4.23823744e-02 -3.31929363e-02
  3.64646986e-02 -6.95714727e-02 -1.32112112e-02  1.12106323e-01
  5.29614724e-02 -4.28111944e-03  3.56433056e-02  3.21487933e-02
 -4.31564488e-02 -2.83232387e-02 -5.38814813e-02 -5.81168979e-02
 -1.53651424e-02 -9.87458508e-03  1.09323850e-02  6.41384944e-02
  3.46155949e-02 -5.28520159e-02 -2.59998515e-02 -1.20488942e-01
 -2.07878798e-02  4.76966351e-02  4.57253046e-02 -1.14250081e-02
 -2.53593400e-02  1.33978622e-02  3.76462638e-02  3.99264954e-02
  9.49454494e-03 -9.77472682e-03  2.31795982e-02  6.37105331e-02
  3.11629642e-02  4.51732352e-02 -4.99828085e-02  8.01416337e-02
  1.17944449e-03  1.09363839e-01 -5.26162237e-02 -4.66642831e-08
  2.26633642e-02  5.40177152e-02  5.48698679e-02  1.62354503e-02
  4.94019389e-02 -8.22513830e-03 -7.00853840e-02  3.96111533e-02
 -8.97436682e-03  2.59585232e-02  8.25173706e-02  1.98013391e-02
 -1.35778179e-02 -2.38710027e-02 -3.11947260e-02  4.25116606e-02
 -3.43890190e-02  9.22579840e-02 -3.36466096e-02 -2.77049001e-02
  1.14725679e-01  7.99886882e-03 -3.05473935e-02 -1.81578379e-02
  3.39110568e-02 -7.81179294e-02  3.28978486e-02  4.44598049e-02
  9.09379125e-02  4.91253100e-03 -2.43721865e-02  1.37629459e-05
  6.48397952e-02  8.16289261e-02 -2.64891982e-03  6.80703744e-02
 -4.53046449e-02  2.10969732e-03  8.65809526e-03  6.74867555e-02
  1.95529852e-02 -2.06219498e-02  9.12159390e-04  3.95728014e-02
  1.00439750e-02  5.20218648e-02 -1.75911918e-01 -6.83962628e-02
  2.17082817e-02  2.50388007e-03 -7.44079724e-02 -6.25165831e-03
 -2.50904765e-02  1.58720836e-01 -1.92718077e-02  6.37090532e-03
  1.80133395e-02  3.56122889e-02  1.99443148e-03 -8.95329118e-02
 -4.20556962e-02  4.86651761e-03  4.04420355e-03  2.93313921e-03]"
41,../models/Metadata Examples/VerificationMetadataExample.sysml,"package VerificationMetadataExample {
	private import VerificationCases::*;
	private import VerificationMethodKind::*;
	
    verification def MassTest;
    verification massTests:MassTest {
        @VerificationMethod{ kind = (test,demo); }
        objective {
        }
        action weighVehicle {
        	@VerificationMethod{ kind = analyze; }
        }
    }
	
}","Generate a SysML v2 model that encapsulates a verification metadata example within the package ""VerificationMetadataExample."" The model includes private imports from the ""VerificationCases"" and ""VerificationMethodKind"" packages. It defines a verification instance named ""MassTest,"" specifying its purpose through the ""massTests:MassTest"" block. This block is annotated with a verification method featuring kinds ""test"" and ""demo."" The objective section is present but not detailed, indicating a placeholder for further objectives. Additionally, the action ""weighVehicle"" is defined within the context of ""MassTest"" and is annotated with a verification method of kind ""analyze."" The structure aims to illustrate how verification methods and actions can be organized within a SysML framework.","[-4.97261062e-02  7.27214199e-03 -5.82090169e-02  2.56686565e-02
  5.13908751e-02 -6.60043359e-02  6.45493865e-02  1.41557539e-02
 -5.44683784e-02  5.54190986e-02  6.04488924e-02 -1.01347402e-01
  4.92232628e-02  4.90790084e-02 -2.22574896e-03 -1.25137661e-02
  2.52764560e-02 -1.58869233e-02 -2.34217942e-02  4.55354862e-02
  7.81291053e-02 -5.35691530e-02  4.93322639e-03  4.76222970e-02
 -1.04505025e-01 -1.67160556e-02 -5.11324778e-02  4.32848446e-02
  1.41918957e-02 -6.73727244e-02  9.20583457e-02  4.94740531e-02
  3.71979401e-02  2.11047269e-02  7.89343938e-02  6.50793687e-02
  5.37137538e-02 -8.36269930e-02 -6.18124828e-02 -1.06635906e-01
 -4.75382768e-02 -1.04898669e-01 -1.06272884e-02 -1.98462349e-03
 -1.64930355e-02 -2.87070069e-02  2.63494551e-02 -1.45974988e-02
 -6.78826496e-02  6.59452868e-04 -1.80454608e-02 -7.13661760e-02
 -1.33643560e-02 -3.70310843e-02 -6.03311621e-02  7.51219876e-03
  1.27188191e-01 -5.66138513e-02 -5.37831411e-02 -9.71229561e-03
 -1.74003895e-02 -2.57135127e-02 -1.05928876e-01  2.69957129e-02
  4.03273217e-02  6.18053637e-02 -5.78458831e-02 -3.59424762e-02
  8.25375170e-02 -1.95040777e-02 -4.30906713e-02 -5.99829815e-02
  1.63274296e-02  7.81400278e-02  3.05464957e-02  2.59387922e-02
 -3.66100930e-02 -2.00473350e-02  4.90196757e-02 -1.03933290e-01
 -4.79055494e-02  4.15387452e-02 -4.40839306e-02  1.13556189e-02
  6.47032484e-02  2.42654327e-02  4.95805256e-02  2.10764613e-02
  2.93642376e-02  7.16639012e-02  2.99819447e-02 -5.14506921e-03
 -3.80325899e-03  3.03795487e-02  5.23281693e-02  3.03494968e-02
 -5.12983389e-02  3.94662376e-04  3.39596979e-02  4.35287505e-02
  2.06931904e-02  5.42234965e-02  4.39234227e-02 -2.82182768e-02
  3.72106880e-02  7.53914518e-03 -2.45028976e-02 -7.64057487e-02
  1.71241758e-03 -4.36456837e-02 -1.75825879e-02  6.00628741e-02
  6.36904389e-02 -5.11815473e-02  9.52108111e-03 -1.14512471e-02
  3.24229673e-02  4.76236232e-02 -1.85821746e-02 -4.73158807e-02
 -9.61809698e-03 -3.06283068e-02  5.53672202e-02 -4.10574190e-02
  8.69799554e-02  5.76917529e-02 -1.07045487e-01  2.62525872e-33
 -2.01273430e-02 -2.30913199e-02  3.05173881e-02  1.29554823e-01
 -2.57911067e-02 -1.82261132e-02  3.08017395e-02  1.69705227e-02
 -2.46387534e-02 -2.48692762e-02 -4.10949774e-02  2.70006852e-03
  1.68593414e-02  5.56731746e-02  2.51583923e-02 -2.16983818e-02
 -2.57148948e-02  8.26056749e-02  1.28646311e-03  3.31079848e-02
  5.48959263e-02 -5.51510565e-02 -1.46905382e-04 -4.66915183e-02
  4.97912727e-02  9.16335881e-02  4.79568429e-02  2.04906389e-02
 -2.47062426e-02  3.55905890e-02  9.70371941e-04 -2.71722563e-02
 -2.45662779e-02  7.51348659e-02  4.28587310e-02  4.06153463e-02
  4.01331894e-02 -5.01983538e-02  3.44234630e-02 -8.58598948e-02
  3.61200348e-02 -6.85139513e-03 -1.25499545e-02  4.49602567e-02
 -2.48026662e-02 -2.98589580e-02 -4.27154936e-02  3.77009735e-02
  8.79566818e-02 -9.66082513e-03  1.01106346e-01 -5.70346555e-03
  3.05741355e-02  1.62430890e-02 -7.13091716e-02  1.64058544e-02
  2.11305823e-03 -5.39552700e-03  2.17685662e-02  6.31857514e-02
 -7.45066861e-03  3.70560810e-02 -2.85239555e-02  4.73058484e-02
  2.56382171e-02  3.94690223e-02 -9.23059136e-02 -9.10087079e-02
  3.39462794e-02  3.47715728e-02 -2.55655739e-02  5.44416755e-02
 -2.09191609e-02  7.55789876e-02  2.41387542e-02 -8.28926861e-02
  2.81326342e-02  2.01896913e-02 -5.19706868e-02  8.15323833e-03
 -3.91627923e-02  5.93376011e-02 -4.80320044e-02 -1.75770409e-02
 -4.53590192e-02 -6.19738773e-02 -4.56776433e-02 -9.31963027e-02
 -3.81334536e-02 -1.11616336e-01 -3.49619351e-02 -5.03686480e-02
 -6.76788464e-02  1.95981078e-02 -6.61475351e-03 -2.97746272e-33
  2.89243390e-03 -1.92167039e-03 -1.98377911e-02  7.96488747e-02
  1.18182749e-02 -7.25850090e-02 -3.56361754e-02  2.11096695e-03
 -5.85969910e-02  5.31798005e-02  3.65936868e-02 -7.84405917e-02
 -1.71124563e-02 -2.15183813e-02  4.04714532e-02 -4.55672890e-02
 -7.05288127e-02 -1.27162442e-01 -1.27569204e-02  6.33330271e-02
  5.04389592e-02  1.50307626e-01 -1.61452927e-02  2.78058089e-02
  4.51351376e-03 -2.89406758e-02 -2.21677553e-02 -8.61742534e-03
  1.05733536e-01  2.77619548e-02  8.49457681e-02  7.08490610e-02
 -1.73326433e-02 -4.42304648e-02  1.01680215e-02 -4.37951908e-02
  6.39287904e-02  5.70963323e-03  3.65834683e-02  5.91703653e-02
 -5.17103530e-04  6.11628219e-02 -7.60927126e-02 -2.39091571e-02
 -4.92386101e-03  1.39083341e-02  9.90813039e-03 -6.82148966e-04
 -1.48272552e-02 -8.26204792e-02 -1.56930219e-02 -5.84384836e-02
  1.36258490e-02  3.65804794e-04  8.24028812e-03  4.67482135e-02
  8.59984476e-03 -3.03833615e-02 -5.22023365e-02 -7.70961866e-03
  1.57250911e-02  2.17631590e-02  1.13584083e-02  8.31810944e-03
 -1.70436092e-02  3.66371311e-02  2.73714820e-03 -5.24030216e-02
 -6.50978554e-03  4.23839316e-02  8.38892441e-03 -2.94455662e-02
 -4.71239462e-02  1.96369290e-02  7.16188923e-02 -4.67670411e-02
 -1.19080422e-02  1.44949099e-02  3.49235199e-02 -3.29716541e-02
 -3.06684151e-02 -5.13405837e-02  7.28193820e-02  6.44174591e-02
 -1.00365821e-02 -7.72839785e-02 -2.56883036e-02  6.46105781e-02
 -6.74384236e-02  6.63979575e-02 -6.76271915e-02  4.37157741e-03
  2.44325749e-03  1.03938952e-01 -7.01331422e-02 -4.96862143e-08
 -6.22651726e-02 -1.05010271e-02  4.69761193e-02  5.04201427e-02
 -9.85821895e-03  5.05829677e-02 -8.33339170e-02 -6.13263249e-02
  2.33598631e-02 -4.28885035e-03  1.17209903e-03  1.72680803e-02
 -9.84563008e-02 -4.15359512e-02 -5.38351312e-02  4.28355969e-02
  9.91410390e-03  5.15520163e-02 -7.38893673e-02 -2.43504532e-03
  3.17510031e-02  4.67579328e-02 -6.12158291e-02  4.83467467e-02
  6.06211945e-02  2.25353893e-02  3.77307460e-02  9.36440155e-02
  3.59648839e-03  2.72945091e-02  4.04729433e-02  3.59525271e-02
 -2.56474428e-02  8.89897812e-03 -1.48251408e-03  1.41326144e-01
 -1.72670260e-02  2.59927437e-02  8.38517174e-02  1.18433051e-02
 -5.32160662e-02  5.86227700e-02 -3.35639305e-02  1.74700413e-02
  3.63003550e-04  2.53289305e-02 -1.92765892e-01 -6.20208718e-02
 -7.45112151e-02 -3.21781076e-02 -1.62549075e-02  5.50714927e-03
 -1.07278384e-01  1.16488405e-01 -1.34875074e-01  1.05817407e-01
  2.03173589e-02 -5.25971502e-02  4.91560288e-02  1.64373517e-02
  8.03672820e-02  1.86501797e-02  6.00863174e-02 -3.65981460e-02]"
42,../models/Packet Example/Packets.sysml,"package Packets {
	private import ScalarValues::*;
	private import Time::DateTime;
	
	attribute 'packet header' { }
	
	attribute 'packet data field' {	
		attribute 'packet secondary header' redefines 'packet header';
		attribute 'user data field';
	}
	
	part def 'Data Packet' {
		attribute 'packet primary header' redefines 'packet header' {
			attribute 'packet version number': Integer;
			attribute 'packet identification': String;
			attribute 'packet data length': Integer;
		}
		attribute redefines 'packet data field';
	}
	
	part def 'Thermal Data Packet' :> 'Data Packet' {
		attribute 'packet data field' redefines Packets::'packet data field'{
			attribute 'packet secondary header' redefines 'packet header' {
				attribute 'packet timestamp': DateTime;
				attribute 'telemetry packet type': String;
			}
			
			attribute 'user data field' redefines Packets::'packet data field'::'user data field' {
				attribute timestamp: DateTime;
				attribute temperature: Real;
			}
		}
	}
	
}","Generate a SysML v2 model to represent a packet structure within a data communication framework. Model a package named ""Packets"" that encapsulates attributes for various packet types, including a generic 'packet header' and 'packet data field'. Define a part called 'Data Packet', where the primary header is specified with attributes such as 'packet version number', 'packet identification', and 'packet data length'. This part must redefine the 'packet data field'. 

Extend 'Data Packet' to create a part called 'Thermal Data Packet', which inherits from 'Data Packet'. In this part, redefine the 'packet data field' to include a secondary header that comprises a 'packet timestamp' and 'telemetry packet type'. Additionally, redefine the 'user data field' to contain attributes for a specific 'timestamp' and 'temperature' value. This model succinctly captures the hierarchical relationships and attributes necessary for managing different types of data packets, particularly those dealing with thermal information.","[-2.06946656e-02  2.97911316e-02  1.41395424e-02  9.96804796e-03
 -1.16475159e-02 -6.09174483e-02  9.99460369e-02  4.27931314e-03
 -4.01689038e-02  4.24999036e-02  1.45282447e-02 -5.97816594e-02
  3.85440439e-02  1.40639208e-02  6.42513558e-02 -5.34861609e-02
  6.94943294e-02 -2.88236924e-02 -1.25554530e-02 -6.69753999e-02
  3.22759748e-02  2.76284125e-02 -2.74426360e-02  1.74883325e-02
 -4.47854660e-02  1.71134099e-02  3.89083475e-02  1.11723170e-01
  1.46567188e-02 -1.34044094e-02  1.67116914e-02  5.16189672e-02
 -2.89231725e-02  6.62309006e-02  5.61184529e-03 -2.98160501e-02
  6.83238283e-02  3.36018205e-02 -7.21226782e-02 -1.29181230e-02
  1.84506252e-02 -9.32453871e-02 -5.75380474e-02  6.47438318e-02
 -1.98652931e-02 -3.49664576e-02  2.68175565e-02 -2.87550520e-02
 -3.86713557e-02  8.38611927e-03 -1.17396200e-02  5.35999425e-02
 -1.98173597e-02  7.07613453e-02  3.50787565e-02  7.76192546e-02
 -4.64843586e-02  1.99640114e-02 -1.25078499e-01  1.65767837e-02
 -1.03129335e-01 -2.79127096e-04 -9.78872627e-02 -2.15289053e-02
  3.32808569e-02  5.03276810e-02 -2.71901898e-02  3.19621414e-02
  8.84507000e-02  6.96021877e-03 -1.30577624e-01  2.86775995e-02
 -5.00289164e-02  5.76713718e-02 -2.33045537e-02 -3.72341573e-02
  6.01996146e-02  3.03342529e-02 -2.84131122e-04 -7.94444084e-02
 -3.85448225e-02  1.03870803e-03 -1.10876644e-02  9.12411418e-03
  1.44078117e-02 -3.28631811e-02  4.35899906e-02  1.27281463e-02
 -3.30433287e-02 -3.05260383e-02 -2.91550998e-02  1.58858765e-02
  6.07133023e-02  1.09938253e-02  9.85999964e-03  5.82746193e-02
 -3.35341378e-04 -2.40377020e-02  7.54730180e-02 -8.42732470e-03
 -4.58415002e-02 -2.62875836e-02 -3.57536748e-02  6.54185787e-02
  3.71548235e-02 -3.53549719e-02 -4.20886464e-02 -6.13613464e-02
 -3.85436825e-02  4.56958683e-03 -6.31619617e-02  8.27985033e-02
 -6.54816777e-02 -1.08306453e-01  4.80490290e-02 -1.51169747e-02
 -9.66746137e-02  4.47488688e-02 -1.56638529e-02 -8.61299112e-02
 -1.76809728e-02 -5.05290590e-02  6.51259348e-02  1.61434989e-02
  3.83069031e-02 -1.28110582e-02 -9.09171347e-03  2.39304918e-33
 -2.22117696e-02  5.43080382e-02 -4.99664173e-02  9.76730883e-02
  2.97326166e-02  6.17383793e-02  2.54234243e-02 -2.75688935e-02
  4.51244274e-03  5.03196605e-02 -7.26827085e-02 -8.06976110e-03
 -1.45678092e-02  3.90298776e-02  7.00534135e-02 -1.00839348e-03
 -6.13888651e-02  7.28404596e-02  5.82770407e-02  1.15522807e-02
 -7.35743390e-03  6.07335707e-03  1.46974242e-04  5.58764674e-02
  1.06933169e-01  7.66773820e-02  3.26005630e-02  3.82332951e-02
 -3.30566280e-02  2.68139597e-02  4.72838543e-02  5.48467366e-03
 -3.15851010e-02  1.88872814e-02  6.91335946e-02 -9.77292191e-03
 -3.73668335e-02 -1.53995771e-02  7.58428723e-02  1.85615942e-02
  8.51530582e-02 -2.22264766e-03 -3.22913229e-02  6.15563011e-03
 -1.07360840e-01 -4.26087864e-02 -7.60680996e-03 -2.07781494e-02
  6.75764240e-05 -7.73069263e-02  5.93952835e-02 -2.04026289e-02
  9.46839899e-02  2.65254546e-03 -5.09616993e-02 -2.98508201e-02
  4.85848077e-02  4.57847957e-03 -9.13392659e-03  1.02045864e-01
 -4.56328690e-02 -8.13676696e-03  2.21610367e-02 -2.29926705e-02
  8.72522369e-02  5.80161326e-02 -2.20854394e-02 -8.03737268e-02
  7.59572461e-02  3.85201350e-03 -1.26547003e-02  7.01156035e-02
 -1.32456841e-02  6.88850060e-02  3.10700461e-02 -3.52894664e-02
  7.96479173e-03  2.80253738e-02 -3.33277434e-02  4.56724837e-02
 -1.13103390e-01  2.43610945e-02  4.51894943e-03 -3.08288937e-03
 -5.19655272e-03 -1.17474057e-01 -2.07191855e-02 -3.09967380e-02
 -6.24055117e-02 -3.76746804e-02 -5.38386479e-02 -3.94605249e-02
 -7.08900020e-03  3.53325158e-02 -4.73736972e-03 -2.24585690e-33
  5.50252274e-02  2.20768563e-02 -3.83433402e-02  5.13705052e-02
 -7.25673586e-02 -3.98379378e-02  1.00952961e-01  2.53494512e-02
 -8.12275056e-03  2.74082869e-02  4.79272604e-02 -4.18060981e-02
  1.47257848e-02 -8.11866075e-02  2.73584053e-02  1.68263186e-02
 -8.10631886e-02 -1.40030816e-01 -2.11720821e-02 -3.42090894e-03
 -1.00309692e-01  2.06087828e-02 -5.07278107e-02 -2.36807652e-02
  1.29373362e-02 -4.00939845e-02  1.31125702e-02 -6.76298607e-03
  2.29994301e-02 -4.61939722e-02 -2.32237242e-02 -3.96424048e-02
  6.59933016e-02 -1.01147838e-01 -1.06827039e-02 -2.30163671e-02
  7.17002302e-02 -2.08022166e-02  4.21304032e-02  5.46077266e-02
  4.60725985e-02  5.14306054e-02 -6.59795180e-02 -3.80048566e-02
  4.50043343e-02  2.08008811e-02 -4.43601869e-02  1.64886154e-02
 -5.65031618e-02 -5.24853729e-02  7.60193914e-02 -3.19806440e-03
  2.05910727e-02  6.00410216e-02  1.81657895e-02  8.94670635e-02
  3.79562490e-02 -2.32348032e-02  3.40625793e-02 -5.34303999e-03
  6.42230064e-02 -1.37742043e-01  5.63734286e-02  7.72767588e-02
  2.51007937e-02 -2.75105778e-02 -8.17411579e-03 -7.08058476e-02
 -3.22364941e-02 -2.19478756e-02  4.69539575e-02 -2.04165373e-02
  7.59097282e-03  4.01293486e-02  8.62677470e-02 -8.35832208e-02
 -4.48419973e-02  6.98824376e-02  3.35991494e-02  6.33606687e-02
 -1.16223812e-01  4.43121120e-02 -8.72484315e-03  6.72746673e-02
  1.78824849e-02 -2.13610828e-02  4.96545471e-02  4.03308570e-02
 -3.40644014e-03 -9.23351645e-02 -5.82687259e-02 -2.51223892e-02
 -5.83828017e-02  2.08987415e-01 -3.13241184e-02 -4.89298380e-08
 -7.47791380e-02 -3.61118168e-02  5.18272072e-02  3.57300192e-02
  1.99073162e-02  7.39339963e-02 -9.78045315e-02 -2.91742682e-02
  8.03463310e-02 -2.14744415e-02 -2.03079917e-02  7.75557682e-02
 -4.53635119e-02 -1.20996532e-03  1.62468720e-02  2.30420101e-02
 -1.39348274e-02 -3.29422653e-02 -1.90451946e-02 -5.67212887e-02
  8.91189128e-02  1.85020210e-03 -8.35727230e-02  4.96969409e-02
  6.86380193e-02  5.82548007e-02  1.25950919e-02  5.73042929e-02
  6.63994178e-02 -2.18524970e-02 -1.29402997e-02 -4.39067036e-02
  5.43286577e-02  8.65002256e-03 -5.26773604e-03  3.14714015e-02
 -3.03253736e-02  3.51004526e-02  2.95627471e-02  3.15441191e-02
 -1.72954620e-04 -5.06000705e-02 -6.05353080e-02  2.84555927e-02
  6.37427121e-02  9.31125507e-03 -1.08308524e-01 -6.78649778e-03
 -3.38760503e-02  7.42426887e-02  4.44349274e-02  5.46871424e-02
 -1.51647674e-02  2.17778329e-02 -7.71319792e-02 -5.51783806e-03
 -6.11109333e-03 -5.32367006e-02  6.36616647e-02 -2.72812098e-02
 -2.23842114e-02  7.86071941e-02 -8.41276646e-02 -2.60017570e-02]"
43,../models/Packet Example/PacketUsage.sysml,"package 'Packet Usage' {
	public import Packets::*;
	private import ScalarValues::Real;
	
	part packet1: 'Thermal Data Packet';
	part packet2: 'Thermal Data Packet';
	part packet3: 'Thermal Data Packet' {
		attribute 'special data field' redefines 'packet data field'{
			attribute redefines 'user data field' {
				attribute 'special data': Real;
			}
		}
	}
	
}
	
","Generate a SysML v2 model titled 'Packet Usage'. Model this package to include public imports from the 'Packets' library and private imports from 'ScalarValues::Real'. Define three parts representing 'Thermal Data Packet' instances: packet1, packet2, and packet3. For packet3, establish an attribute named 'special data field' that redefines the 'packet data field'. Additionally, within packet3, redefine the 'user data field' attribute to include a new attribute called 'special data', which holds a real number value. This structure will allow for the organization and manipulation of thermal data packets with a specific focus on attributes that can be customized for special needs.","[-2.55569685e-02 -1.81788653e-02 -6.57054484e-02  2.47318149e-02
 -2.39541437e-02 -3.12421136e-02  1.07123144e-01 -1.30498726e-02
 -8.08125883e-02  7.19125569e-02  2.64375582e-02 -6.68962300e-02
  3.97658497e-02  3.80732603e-02  6.89836293e-02 -3.49557884e-02
  5.14166728e-02 -4.69631422e-03 -1.47778513e-02 -6.56768233e-02
  5.13794161e-02 -8.51654727e-03 -2.02875081e-02  4.45377314e-03
 -4.37147692e-02  1.08819213e-02  3.69253047e-02  6.04779087e-02
  2.90693939e-02 -3.80333252e-02  3.09346127e-03  4.88388985e-02
 -1.81629192e-02  3.14892866e-02  6.21832013e-02 -2.45259181e-02
  9.45684314e-03 -1.74532179e-02 -7.92271271e-02  4.47694724e-03
  3.49775553e-02 -1.02500029e-01 -5.50315082e-02  4.38298285e-02
 -5.18182889e-02 -5.81334084e-02  1.13976710e-02 -3.43873091e-02
  5.18250428e-02 -1.30570047e-02 -1.40542854e-02  2.68473607e-02
 -2.03470401e-02  4.07415852e-02 -1.10072177e-02  2.36412771e-02
  1.93450022e-02 -4.59750891e-02 -1.37341782e-01 -4.71007777e-03
 -5.76956049e-02 -1.81308240e-02 -4.80905995e-02 -2.87443399e-02
 -6.51706895e-03  7.33359382e-02 -4.61509749e-02  6.39693588e-02
  7.80448169e-02  1.50392018e-02 -1.18965484e-01  3.10052857e-02
 -5.53126372e-02  4.25061733e-02  2.18810164e-03 -4.73740660e-02
  4.02997322e-02  5.43621974e-03 -6.22818060e-03 -7.61996135e-02
  1.14523284e-02 -2.29631225e-03 -3.66972499e-02  1.45631609e-02
 -4.84272931e-03  1.28604611e-02  5.56746051e-02 -8.40666983e-03
  2.87351701e-02  1.73574891e-02 -2.47742105e-02  4.85289618e-02
  3.14144343e-02  7.21337507e-03  1.49348490e-02  6.21115044e-02
 -1.46017075e-02 -2.05129664e-03  5.43526672e-02 -2.53040567e-02
 -3.98249626e-02  7.23486021e-03 -5.26007451e-03  4.70018834e-02
  2.71823369e-02  2.57079639e-02 -1.29907476e-02 -9.48834568e-02
 -4.03523073e-02 -3.02117551e-03 -7.11914375e-02  8.32646564e-02
 -5.02582304e-02 -9.03577060e-02  5.29267415e-02  6.92228368e-03
 -2.06594989e-02  2.20343638e-02 -4.86631691e-02 -5.34251630e-02
 -3.82808298e-02 -1.88876211e-03  1.05587102e-01  3.73676084e-02
  4.16494422e-02  1.73393060e-02 -4.76239063e-02  3.71289809e-33
 -7.86725506e-02  3.78475226e-02 -6.01335242e-02  1.10781766e-01
  2.20501665e-02  2.77238712e-02  3.86426412e-02 -4.32317033e-02
 -2.29037832e-02  1.52383721e-03 -7.17738420e-02  6.83521330e-02
 -1.31257037e-02  2.50050761e-02  8.87916237e-02 -3.69622372e-03
 -2.90067345e-02  6.76740706e-02  1.01666152e-01 -5.77692129e-03
 -1.22212796e-02 -2.52432711e-02  9.73087549e-03  3.46266143e-02
  1.01189978e-01  9.67784002e-02  5.09614423e-02  3.19819339e-02
  3.35401855e-02  2.11700015e-02  1.16752394e-01  1.86287928e-02
 -1.87398978e-02  3.75601426e-02  5.82381338e-02 -1.57521423e-02
 -4.51884456e-02 -1.32105569e-03  8.56820568e-02  2.25140285e-02
  7.77727664e-02 -2.15029269e-02 -7.83351157e-03  4.26823087e-02
 -1.28728837e-01 -2.27684062e-03 -9.63356439e-03  3.65684405e-02
  2.06834916e-02 -7.72975907e-02  4.43384871e-02 -1.50905107e-03
  1.61640625e-02  2.57606786e-02 -7.18361437e-02 -6.53384030e-02
  5.93562461e-02 -1.05723543e-02  1.84414443e-02  6.92520216e-02
 -8.11183825e-02  1.65268742e-02  2.66550928e-02  1.20800380e-02
  5.73128834e-02  4.52404879e-02 -4.78649251e-02 -7.33029693e-02
  4.14661132e-02  3.13469507e-02 -3.89663540e-02  6.35856837e-02
 -1.99581049e-02  4.25729640e-02  4.58456725e-02 -3.46344002e-02
  4.61636344e-03  3.44744623e-02 -5.96212335e-02  5.11439741e-02
 -1.44283891e-01 -1.46282315e-02 -9.62503161e-03  7.36521650e-03
 -2.56562531e-02 -1.11513868e-01 -3.10090054e-02 -5.01901917e-02
 -4.04927880e-02 -1.68912113e-02 -2.60239728e-02 -8.64900425e-02
 -8.73078313e-03  2.68139876e-02 -4.43819650e-02 -3.08308071e-33
  4.24106754e-02  5.39019667e-02  7.45642837e-03  9.21116397e-02
 -4.19979692e-02 -4.73605804e-02  8.05530474e-02  3.51134166e-02
  1.94763318e-02  8.27859342e-02  4.00170125e-03  5.29974094e-03
  2.62521729e-02 -1.04285538e-01  5.45593202e-02 -1.00747226e-02
 -4.15553600e-02 -9.53630954e-02 -1.04549220e-02  1.48917492e-02
 -1.01916976e-01  5.33733852e-02 -2.81311627e-02 -2.85667311e-02
 -1.33710867e-02  7.29758851e-03 -5.80262626e-03 -2.26821862e-02
 -7.64296530e-03 -2.11679153e-02 -2.09295936e-02 -1.75807364e-02
  4.07265685e-02 -1.08121686e-01 -3.57617363e-02 -3.39048542e-02
  5.91790043e-02  5.62599823e-02  3.20840962e-02  3.96152847e-02
  4.29890677e-02  2.16136239e-02 -1.19168244e-01 -2.72101145e-02
  1.55695248e-02  3.16350795e-02 -5.92958480e-02 -3.28750424e-02
 -6.44375235e-02 -2.38771327e-02  5.89836687e-02  8.73553753e-03
  3.08040716e-03  2.92635337e-02  2.54868511e-02  8.73794332e-02
  3.06097958e-02 -4.25312202e-04  5.55382781e-02 -1.55419530e-02
  7.63718784e-02 -8.88578817e-02  3.39843668e-02  4.02532183e-02
  5.75698772e-03 -1.53477453e-02  1.29166304e-03 -5.74733168e-02
 -2.22513303e-02 -2.30055656e-02  5.50140105e-02 -3.97089776e-03
  2.83149593e-02  4.23063450e-02  4.40934822e-02 -6.10668063e-02
 -4.80321497e-02  8.18423554e-02  1.01329044e-01  8.68593082e-02
 -8.25443715e-02  5.73164821e-02  1.18771633e-02  3.86462286e-02
  2.38674898e-02 -4.33842838e-02  9.37824473e-02  1.77240595e-02
  1.77775824e-03 -3.29755619e-02 -8.52140784e-02 -9.93854739e-03
 -1.99211519e-02  1.55688107e-01  1.22391926e-02 -4.23463433e-08
 -7.12102130e-02 -1.92150138e-02  5.72161414e-02  7.80968517e-02
  3.14754657e-02  5.69281913e-02 -1.27384692e-01 -1.27525516e-02
  6.18947707e-02  5.64992949e-02 -4.85089719e-02  6.05980381e-02
 -2.54538190e-02  7.83358701e-03 -3.46854962e-02  5.75241223e-02
 -3.28504592e-02 -1.47237359e-02 -2.97425762e-02 -1.01949088e-01
  7.36163557e-02  4.39216532e-02 -7.23145017e-03  9.02754366e-02
  4.45489399e-02  5.19716069e-02  3.39920260e-02 -9.42160375e-03
  7.88698420e-02 -2.83179991e-02 -2.76022758e-02 -7.90289342e-02
  4.86641340e-02  4.20558006e-02 -9.34470724e-03  3.88837419e-02
 -7.01035187e-02  3.58059742e-02  6.42032176e-02  3.01433597e-02
 -4.78200987e-02 -8.14670548e-02 -1.91914365e-02  4.63099824e-03
  1.88132674e-02 -9.75447055e-03 -1.70008674e-01 -3.63806374e-02
 -2.32762769e-02  7.63701871e-02  7.05183819e-02  1.96592472e-02
 -4.88317721e-02  7.11454526e-02 -8.59817415e-02 -8.77312291e-03
 -5.50733991e-02 -2.98324898e-02  4.78067547e-02 -3.13637056e-03
 -4.79433760e-02  2.82505788e-02 -9.38735530e-02 -1.85419321e-02]"
44,../models/Requirements Examples/HSUVRequirements.sysml,"package HSUVRequirements {
	private import Requirements::*;
	
	requirement <'UR1.1'> Load: FunctionalRequirementCheck {
		// The following requirements are composite sub-requirements.
		requirement Passengers;
		requirement FuelCapacity;
		requirement Cargo;
	}
	
	requirement <'UR1.2'> EcoFriendliness: PerformanceRequirementCheck {
		requirement <'URI1.2.1'> Emissions: PerformanceRequirementCheck {
			/* The car shall meet 2010 Kyoto Accord emissions standards. */
		}
	}
	
	requirement <'UR1.3'> Performance: PerformanceRequirementCheck {
		requirement Acceleration;
		requirement <'UR1.3.1'> FuelEconomy: PerformanceRequirementCheck {
			/* User shall obtain fuel economy better than that provided by
			 * 95% of cars built in 2004.
			 */
		}
		requirement Braking;
		requirement Range;
		requirement Power;
	}
	
	requirement <'UR1.4'> Ergonomics;
	
	// Syntactically, should this be explicitly marked as a ""group""?
	requirement HybridSUVSpec {		
		// The following requirements are required by reference.
		require Load;
		require EcoFriendliness;
		require Performance;
		require Ergonomics;
	}
}","Generate a SysML v2 model named ""HSUVRequirements"" that captures essential requirements for a hybrid SUV. The model includes a package that encapsulates various functional and performance requirements. Start with the composite requirement ""Load,"" which incorporates sub-requirements for Passengers, FuelCapacity, and Cargo. Next, define ""EcoFriendliness"" with its sub-requirement ""Emissions,"" ensuring compliance with the 2010 Kyoto Accord emissions standards. The ""Performance"" requirement encompasses critical aspects like Acceleration, Braking, Range, and Power, alongside a sub-requirement for ""FuelEconomy,"" stipulating performance standards greater than 95% of vehicles from 2004. The model also addresses ""Ergonomics"" for user comfort. Lastly, create a grouped requirement ""HybridSUVSpec"" that necessitates inclusion of Load, EcoFriendliness, Performance, and Ergonomics, establishing a comprehensive framework for the hybrid SUV’s specifications. This structured approach ensures clarity and traceability of the requirements.","[ 2.44032014e-02  1.86011735e-02 -9.55292024e-03  3.20292562e-02
  2.56487560e-02  3.17140855e-02 -1.99828018e-02  6.62237257e-02
 -7.11408257e-02 -9.78163257e-03  6.07970217e-03 -4.60836217e-02
  6.37203604e-02  7.07851350e-03  6.06428050e-02 -3.26061025e-02
  9.51573551e-02 -3.66633944e-02 -8.70781690e-02  1.82795078e-02
  5.74204363e-02 -2.31281631e-02  6.39125183e-02  2.19781115e-03
 -8.93593654e-02 -2.12522363e-03 -4.65003736e-02  5.17295897e-02
  4.26047947e-03 -5.20113893e-02  6.81409016e-02 -2.40606815e-02
  7.17294216e-02 -2.07173973e-02  1.75626669e-02  6.09232159e-03
 -9.98682808e-03 -6.32899180e-02 -9.31480527e-02  3.95883713e-03
 -8.56943950e-02 -1.10325806e-01 -1.08894240e-02 -1.60858370e-02
  1.30383354e-02 -4.26555388e-02 -2.35831179e-02 -2.81511173e-02
  3.86540359e-03  1.91121118e-03  4.21322212e-02  3.26454416e-02
  4.50375117e-03 -4.15884070e-02 -5.24376407e-02 -2.44204933e-03
 -1.52818882e-03 -1.81278754e-02 -5.12559190e-02 -8.39615166e-02
  1.72971245e-02 -4.36670184e-02 -3.51115391e-02 -9.01610218e-03
 -1.75170284e-02  1.60079952e-02 -2.43290178e-02 -2.52422225e-02
  5.36421919e-03  6.17769323e-02 -9.43801180e-02 -4.39501405e-02
 -1.27940730e-03 -1.36131393e-02  2.92672571e-02 -2.47892719e-02
  6.75056502e-02  3.58303972e-02  4.86445352e-02 -8.36529657e-02
 -2.67365165e-02  6.59972355e-02 -9.33280587e-02  1.08375736e-02
  3.40263285e-02  4.22303826e-02  2.32615080e-02 -4.00119424e-02
 -1.26016112e-02  3.11768223e-02 -9.19682346e-03 -2.61128638e-02
  7.70630389e-02 -2.00891532e-02  3.84294391e-02  3.69133279e-02
  7.71013647e-03 -5.46314269e-02  5.83057106e-02  8.89984294e-05
 -9.68898553e-03  4.60365303e-02  1.01908967e-01  6.61788583e-02
 -8.95879939e-02 -2.43701469e-02 -1.15172584e-02  4.04656157e-02
 -4.08520224e-04 -3.19374390e-02  2.90524494e-02  3.63282636e-02
  3.44771184e-02 -3.27252746e-02 -5.26264030e-03 -5.64308197e-04
  1.42924841e-02 -7.02276677e-02  1.39966950e-01  3.13960202e-02
 -2.71610897e-02 -7.47343227e-02  1.12394944e-01  1.14027597e-02
  8.96568000e-02 -9.17470157e-02 -2.27317009e-02  3.11846749e-33
 -7.56727085e-02  1.63887050e-02  1.29614025e-02  7.90226832e-02
 -6.27332479e-02  2.87482776e-02 -8.17149580e-02  9.17672645e-03
  2.56098201e-03  2.97803544e-02 -5.53824008e-02  3.84039171e-02
 -3.17965522e-02  7.41075873e-02  9.08874199e-02 -1.80610809e-02
 -8.64312500e-02  7.08240941e-02 -2.58255266e-02 -4.47238162e-02
 -3.57203335e-02 -6.55971393e-02  1.49463257e-02  2.09554750e-03
  1.00742906e-01  7.00618103e-02  9.48231667e-02  3.49187814e-02
 -5.59978224e-02  3.90626788e-02  5.27341617e-03  5.26997261e-03
 -3.83964702e-02  2.43064016e-02 -2.66228933e-02  2.77430713e-02
 -5.88904843e-02  1.91761949e-03  1.36735998e-02  2.28035189e-02
  1.85138386e-04  7.01044500e-03  7.97251798e-03  8.23907275e-03
 -5.13460934e-02  1.73419360e-02  1.23496853e-01  4.80368137e-02
 -3.18228686e-03  6.03090599e-02 -7.24711269e-02 -6.67145359e-05
  6.49224222e-02 -7.23514929e-02 -6.39334396e-02  9.78458114e-03
  7.77430311e-02 -1.85049810e-02 -2.77481396e-02  4.53202575e-02
 -7.64682069e-02  9.62277688e-03 -3.76265608e-02  1.12952050e-02
  3.38932425e-02  6.61258847e-02 -4.09198143e-02 -4.85972650e-02
  3.06627564e-02  2.64102109e-02 -6.87833549e-03 -4.74711321e-02
  7.90344272e-03  5.70417717e-02  9.66976583e-02 -2.86147948e-02
  1.50161600e-02  7.59844854e-03 -5.68613186e-02  1.71136782e-02
 -1.28911749e-01  1.20569140e-01  5.68967965e-03 -3.08257490e-02
  2.13262178e-02 -3.00878678e-02 -5.37047721e-03  7.48963468e-03
 -3.19075137e-02 -3.01037692e-02  1.03278970e-02 -5.30479588e-02
  3.40579310e-03  3.26702595e-02  3.28879096e-02 -2.08684594e-33
  1.54045848e-02  4.82630590e-03  1.77592803e-02  4.02961075e-02
  9.83298644e-02 -2.74436995e-02 -8.69961828e-03 -3.82855795e-02
 -3.84263434e-02  3.55718955e-02  6.11027665e-02 -4.57553007e-02
  5.15609980e-02  2.07248852e-02 -3.25496644e-02  5.08503057e-02
 -2.33073663e-02 -1.40367702e-01 -3.41831683e-03  7.83702731e-02
  6.29766062e-02  1.60558950e-02  8.00088793e-03  9.16047394e-03
 -7.81175774e-03 -5.88252489e-03 -3.13144960e-02  5.62308051e-05
  4.75653727e-03 -4.48892601e-02 -3.95141095e-02 -3.13302353e-02
 -3.26928198e-02  1.36089846e-02 -3.63467596e-02 -1.12226002e-01
 -6.90289512e-02 -2.45993901e-02 -7.15172589e-02  2.23155320e-02
  2.25704592e-02 -4.20214385e-02 -6.88309222e-02  6.96595665e-03
  4.79046851e-02  5.24045853e-03  3.08294035e-02 -8.94820839e-02
  2.99019907e-02 -4.87626828e-02  8.87510404e-02 -1.73804648e-02
  3.26475478e-04  6.02943152e-02 -1.00369286e-02 -4.23189998e-02
  6.15064763e-02  1.19769098e-02 -5.34414826e-03 -1.34998448e-02
  5.84235638e-02  4.40748446e-02  4.35126796e-02  6.84501417e-03
 -8.10945407e-03 -1.12628721e-01 -3.70176360e-02 -6.36072978e-02
 -3.29504674e-03  2.19520219e-02 -7.67062008e-02 -8.05302486e-02
  7.06374869e-02 -1.53931305e-02 -2.93697487e-03 -7.59727582e-02
  2.89705247e-02 -5.46485558e-02  7.21243173e-02 -5.05305175e-03
 -1.13971770e-01 -2.45634187e-02  5.14346659e-02  1.04437895e-01
  1.89205650e-02  2.40127910e-02 -1.00436613e-01  3.68678989e-03
  2.93955188e-02  9.54628289e-02  3.39784124e-03  9.99815241e-02
 -3.37036289e-02  2.03365564e-01 -8.09659138e-02 -4.96437700e-08
 -4.82239109e-03  1.27047757e-02 -4.06797184e-03  7.07711885e-03
 -1.16700241e-02  1.49207758e-02 -4.42400798e-02 -9.70280990e-02
 -2.16651820e-02  5.44081479e-02  5.16180694e-02  1.58037655e-02
  5.41233160e-02  5.76844364e-02 -3.35881859e-02  3.05091962e-02
  6.61647171e-02  1.37552127e-01 -2.67655198e-02 -2.13810727e-02
  1.88908409e-02  2.38021612e-02 -2.57292707e-02  4.44998108e-02
  1.10322729e-01 -6.36129081e-02  4.28542169e-03  2.15313025e-02
  9.68014374e-02 -8.10446776e-03 -2.14506569e-03  4.24247496e-02
  1.03134671e-02 -2.76399106e-02 -4.68698889e-02  3.89045104e-02
 -4.40847054e-02  5.61614335e-02  3.72462459e-02  3.97463702e-02
  8.65855515e-02  2.00567394e-02 -4.28997800e-02  3.78630459e-02
  1.31984968e-02  3.72692831e-02 -1.63452476e-01 -1.00973114e-01
 -3.77379023e-02  2.76840832e-02 -1.24151660e-02 -7.99059421e-02
 -4.34393287e-02  6.33111149e-02 -6.84291776e-03 -1.84603520e-02
  2.46267151e-02 -1.67835001e-02  5.82346208e-02 -4.14966643e-02
  3.89716402e-02  4.37869579e-02 -1.20227430e-02 -1.94774155e-04]"
45,../models/Requirements Examples/RequirementDerivationExample.sysml,"package RequirementDerivationExample {
	private import RequirementDerivation::*;
	
	requirement def Req1;
	
	requirement def Req1_1;
	requirement def Req1_2;
	
	#derivation connection def Req1_Derivation {
		end #original r1 : Req1;
		end #derive r1_1 : Req1_1;
		end #derive r1_2 : Req1_2;
	}
	
	part def System;
	part def Subsystem1;
	part def Subsystem2;
	
	part system : System {
		part sub1 : Subsystem1;
		part sub2 : Subsystem2;
	}
	
	part satisfactionContext {
		ref :>> system;
		
		satisfy requirement req1 : Req1 by system;
		satisfy requirement req1_1 : Req1_1 by system.sub1;
		satisfy requirement req1_2 : Req1_2 by system.sub2;
		
		#derivation connection : Req1_Derivation {
			end r1 ::> req1;
			end r1_1 ::> req1_1;
			end r1_2 ::> req1_1;
		}
		
	}
	
}","Generate a SysML v2 model for a requirement derivation example encapsulated within the package RequirementDerivationExample. The model includes a primary requirement, Req1, along with two derived requirements, Req1_1 and Req1_2. A derivation connection, Req1_Derivation, illustrates the relationships among these requirements. The model features a system composed of two subsystems, Subsystem1 and Subsystem2. The satisfaction context specifies how the system and its subsystems fulfill the primary and derived requirements, linking Req1's satisfaction to the entire system, Req1_1 to Subsystem1, and Req1_2 to Subsystem2. This context also establishes connections reflecting the derivation process, demonstrating the traceability and logical flow from original to derived requirements, ensuring comprehensive understanding of the system's capability to meet stated requirements.","[-2.03793328e-02  7.21135363e-03 -1.79936271e-03 -3.65188532e-02
 -1.41851911e-02 -8.64380524e-02  9.97409597e-03  7.33522475e-02
 -7.97982961e-02 -1.90159827e-02 -9.94071271e-03 -6.18797503e-02
  9.78076756e-02 -2.79849139e-03  5.03958873e-02  1.80355813e-02
  1.40209394e-02 -3.31509113e-02 -4.08529714e-02 -8.73442553e-03
  7.13873878e-02 -2.63211615e-02 -6.14111200e-02 -2.99287960e-02
 -7.15628043e-02 -4.02859338e-02 -1.91408619e-02  7.26548210e-02
  3.67313512e-02 -3.69443260e-02  5.04073761e-02  4.74363193e-02
  2.44579874e-02 -1.32863503e-02  9.10543352e-02  3.41422856e-02
  6.22552820e-02 -8.01821873e-02 -5.80726340e-02  4.63415729e-03
 -5.22963479e-02 -1.85765531e-02 -2.17676144e-02  1.37711875e-02
  1.16884606e-02 -2.48648431e-02  1.25586074e-02  1.96379405e-02
 -9.17130783e-02  7.66235497e-03 -5.25208786e-02  7.57201482e-03
 -5.36932461e-02 -2.67057754e-02  5.07298149e-02  8.76909271e-02
  5.28435931e-02  6.23008609e-03 -1.50657609e-01 -5.19513618e-03
 -9.66268480e-02 -4.04150411e-03 -1.10261917e-01 -2.60286257e-02
  3.59734371e-02  2.87727062e-02 -5.90599552e-02 -2.71712076e-02
  6.37089014e-02  5.76434694e-02 -1.30175695e-01 -6.65509328e-02
 -5.24626933e-02 -1.20101997e-03 -5.47715202e-02  1.77791622e-02
  5.38243502e-02  7.93782324e-02  1.17729511e-02 -1.06531121e-01
 -2.66685132e-02  1.07686043e-01 -6.87547028e-02  1.18873706e-02
  4.29491401e-02 -3.16061489e-02  4.08254042e-02 -3.64840850e-02
  3.84378210e-02  1.75012071e-02  4.16140594e-02 -9.65245292e-02
  5.78113124e-02  9.56138968e-03  9.59525108e-02  3.21656279e-02
  2.45670285e-02 -5.67370877e-02  3.94766033e-02  1.98617727e-02
 -5.21217249e-02  5.99165633e-03  7.48648271e-02 -2.23225784e-02
 -6.49624318e-02 -7.68957473e-03 -5.58407232e-02  5.82642406e-02
 -5.16722910e-02 -5.93890287e-02 -3.19961496e-02 -2.68069468e-02
  3.93069051e-02 -8.45562518e-02  2.92212088e-02  3.84710655e-02
  1.77113693e-02 -6.81177294e-03  6.99297562e-02 -8.73338655e-02
  3.73179064e-04 -3.69683048e-03  6.64724931e-02 -3.39159966e-02
  4.36033048e-02 -6.40915781e-02 -5.15302606e-02  6.02096104e-33
 -8.21548030e-02  2.09201612e-02 -4.46247309e-02  9.55765769e-02
 -1.62965581e-02  3.07310652e-02  2.61900350e-02  2.04763692e-02
 -3.96298170e-02  1.40130566e-02 -2.96956394e-02 -6.03116769e-03
 -6.58362955e-02 -1.57133564e-02  7.75573477e-02 -2.26226430e-02
 -2.76976340e-02  7.68582374e-02  4.16675210e-02  3.81644927e-02
 -3.74739505e-02 -9.22975689e-03 -2.71811765e-02 -1.28160010e-03
  8.71599615e-02  3.17649916e-02  7.47538134e-02  3.12942751e-02
 -5.14542349e-02 -2.37109475e-02  8.10367092e-02  3.94740654e-03
  2.12257151e-02  2.07292940e-03  8.18716071e-04  1.03342263e-02
  5.14779352e-02 -3.39739136e-02  7.39191696e-02 -3.59151922e-02
  3.97092886e-02  2.18270309e-02  6.25648862e-03  1.55899273e-02
 -2.31711790e-02 -3.51326056e-02 -3.49408612e-02 -1.63335092e-02
  6.56823292e-02 -6.37141541e-02  3.06803156e-02  5.29990438e-03
  1.22277446e-01 -1.30998401e-03 -1.79028530e-02 -4.87737507e-02
 -6.79605058e-04  1.20307300e-02 -8.38146731e-03  9.87169817e-02
 -8.26262087e-02  1.98976975e-03  2.35685408e-02  3.65039371e-02
  8.82565826e-02  2.02928483e-02 -2.90085133e-02 -7.92912915e-02
  4.25492860e-02  2.26383768e-02 -8.29385146e-02 -1.69973522e-02
 -4.69165146e-02  3.60270143e-02  2.31896769e-02 -5.98193184e-02
 -2.09933277e-02  4.71278206e-02  2.67711282e-02  1.71084120e-03
 -1.34741575e-01  1.04155004e-01 -3.84257659e-02  1.59212891e-02
  4.08325903e-02 -4.41037752e-02 -3.13625745e-02 -3.42417695e-02
 -6.61236495e-02 -4.38167080e-02  2.84667611e-02 -2.28636451e-02
 -3.98533605e-02  7.63483942e-02  7.61395469e-02 -5.06699779e-33
 -8.85357428e-03  3.45152430e-02 -4.54461500e-02  1.11805080e-02
  2.36454001e-03 -2.49476973e-02 -2.42627449e-02 -8.62156525e-02
 -2.67098676e-02  6.57590851e-02  2.39444803e-02 -3.94834392e-02
  5.62803932e-02  1.06563047e-02 -4.78910133e-02  2.10797936e-02
 -5.59307933e-02 -1.09168552e-01  2.80495249e-02  7.43840486e-02
  7.67359091e-03  1.41286373e-01 -2.61310060e-02 -4.25396189e-02
  2.48583108e-02  3.03802863e-02 -6.44054115e-02  6.68593720e-02
  2.47988626e-02  1.10321073e-02  5.17413691e-02 -3.75224315e-02
 -3.47919203e-02 -1.74856000e-02 -1.19192631e-03 -9.08733830e-02
 -3.57121602e-02  1.72557309e-02 -3.08645070e-02  4.24968340e-02
  5.30006848e-02  9.30065522e-04 -4.45394441e-02  4.71971370e-03
  1.15318364e-03  3.16413827e-02  6.08641356e-02 -6.08846135e-02
  7.98873417e-03 -1.40050977e-01 -2.59921029e-02 -3.01280394e-02
  7.71438107e-02  2.07812879e-02 -1.54244183e-02  2.24190429e-02
  5.13614947e-03  3.44539396e-02  5.53393699e-02 -1.37173859e-02
  9.33470428e-02  1.26086036e-02  7.15161264e-02 -7.70716593e-02
  2.81039402e-02 -6.85171969e-03  9.17603076e-03 -1.36830108e-02
 -1.63530111e-02  8.30348674e-03 -3.86654064e-02  1.07765570e-02
  5.95122762e-03  2.60934997e-02  7.63882548e-02  7.12181022e-03
 -6.44672439e-02  9.90487076e-03  1.47148361e-02 -3.38017233e-02
 -1.30066171e-01  2.11698338e-02 -4.46862839e-02  9.25982893e-02
 -3.90680991e-02 -5.86319827e-02  1.59252435e-02  1.58556923e-02
  3.70945968e-02 -3.33452699e-05  1.27941910e-02 -1.25417178e-02
 -2.65650786e-02  1.42838150e-01 -5.11784181e-02 -5.26528616e-08
 -3.94298919e-02 -1.37871355e-02 -3.26352641e-02 -9.76187934e-04
  7.03782961e-02  8.90691578e-02 -2.49263737e-02 -2.39704642e-02
 -2.65192650e-02  1.12676742e-02 -6.68990463e-02  2.32133903e-02
 -1.86382644e-02  5.10121137e-02 -3.94821502e-02  7.11247101e-02
  4.43661818e-03  9.76417214e-02 -4.69614379e-02 -4.32129316e-02
  5.49673960e-02  1.29290265e-05  1.86554659e-02  6.04610294e-02
  1.83997769e-02 -2.64056325e-02  9.25098881e-02  4.80093546e-02
  6.22310452e-02  3.64964530e-02  5.43204211e-02 -3.03214835e-03
  6.85528591e-02  1.59683153e-02  2.83454228e-02  2.67368350e-02
 -3.60731632e-02  3.51679251e-02  8.83084461e-02 -3.29751074e-02
  2.93308450e-03  9.49440598e-02 -1.12760370e-03  9.72859859e-02
  2.32427809e-02 -1.60412285e-02 -1.26947299e-01 -7.57162869e-02
 -5.99891581e-02 -7.98602402e-03 -3.13924663e-02 -3.06949429e-02
 -3.80933546e-02  4.17713523e-02 -8.81753787e-02 -2.72892062e-02
  1.96233694e-03  5.00758924e-02  2.90566608e-02 -5.61983511e-03
  2.25742441e-02  1.27125666e-01  9.26768333e-02 -1.95554178e-02]"
46,../models/Requirements Examples/VehicleRequirementDerivation.sysml,"package VehicleRequirementDerivation {
	private import RequirementDerivation::*;
	
	part vehicle {
		attribute mass :> ISQ::mass;
		
		part chassis {
			attribute mass :> ISQ::mass;
		}
		
		part engine {
			attribute mass :> ISQ::mass;
		}
	}
	
	requirement def MassRequirement {
		subject mass :> ISQ::mass;
		attribute massLimit :> ISQ::mass;
		require constraint { mass <= massLimit }
	}
	
	requirement vehicleMassRequirement : MassRequirement {
		subject :>> mass = vehicle.mass;
	}
	
	requirement chassisMassRequirement : MassRequirement {
		subject :>> mass = vehicle.chassis.mass;
	}
	
	requirement engineMassRequirement : MassRequirement {
		subject :>> mass = vehicle.engine.mass;
	}
	
	#derivation connection {
		end #original ::> vehicleMassRequirement;
		end #derive ::> chassisMassRequirement;
		end #derive ::> engineMassRequirement;
	}
	
}","Generate a SysML v2 model that encapsulates the requirements and mass attributes of a vehicle assembly. Model a package named `VehicleRequirementDerivation`, containing a part `vehicle` that includes `chassis` and `engine` as sub-parts. Each part should possess an attribute representing mass, derived from the ISQ mass type. Define a generic requirement `MassRequirement` that establishes a constraint ensuring the mass does not exceed a specified mass limit. Instantiate specific requirements, `vehicleMassRequirement`, `chassisMassRequirement`, and `engineMassRequirement`, linking them to their respective mass attributes. Create a derivation connection indicating the relationships between the original vehicle mass requirement and its derivatives for the chassis and engine mass requirements. This structured organization ensures clarity in mass management and compliance with specified safety and performance standards.","[-3.06484103e-02  1.60602052e-02 -3.27363773e-03  2.63438839e-02
 -2.21343059e-02 -2.48780083e-02  1.54010803e-02  8.66798982e-02
 -7.85549060e-02  7.33834982e-04  6.56764805e-02 -6.56477287e-02
  5.47302626e-02  2.50275303e-02 -3.13494317e-02 -1.38164579e-03
  1.40126469e-02  4.55892272e-02 -5.05292565e-02  4.90979664e-02
  7.71624669e-02 -7.74328131e-03  9.98618267e-03  1.49241406e-02
 -7.00445175e-02 -6.70745522e-02 -4.85049002e-02  1.16422258e-01
  4.44376059e-02 -9.99790803e-02  3.42163593e-02  4.28078026e-02
  5.93022890e-02 -2.47418210e-02  8.92168358e-02 -9.01897904e-03
 -9.99123137e-03 -6.00007139e-02 -6.39917403e-02 -4.77756150e-02
 -2.57631652e-02 -7.65736699e-02 -1.71052851e-02 -1.70088047e-03
  6.99118525e-02  2.63916217e-02  1.62807032e-02  1.96382720e-02
 -3.58051341e-03  1.41930263e-02 -4.19851486e-03 -4.06006863e-03
 -5.71842156e-02 -3.83562818e-02 -4.46404750e-03 -4.43409430e-03
  1.20420055e-02 -4.83451858e-02 -1.13813281e-01 -4.01118919e-02
  4.83425800e-03  2.65973825e-02 -5.74283525e-02 -1.04141058e-02
  8.74950457e-03  5.61997518e-02 -2.19821092e-02 -1.49990814e-02
  4.43654805e-02  1.37428284e-01 -2.64336504e-02 -5.29611818e-02
 -2.80090738e-02  6.98881149e-02 -5.44918189e-03  1.80561177e-03
  5.70144542e-02  1.04581779e-02  3.43747288e-02 -4.45529670e-02
 -7.93769658e-02  4.32480238e-02 -3.89967486e-02 -5.10743447e-02
  1.59018114e-02 -1.80708896e-02  5.36785498e-02  1.16316099e-02
  3.87294143e-02  5.98983616e-02 -1.15955034e-02 -6.04038723e-02
  5.15818708e-02  2.46391743e-02  7.84782767e-02  4.26876433e-02
  3.32697527e-03 -4.07228572e-03  6.56634122e-02 -1.60331582e-03
 -1.12826191e-02  4.03801128e-02  5.40071316e-02  5.09254672e-02
 -1.19194262e-01  3.65313850e-02 -4.24499027e-02  2.51292326e-02
 -5.64895421e-02 -6.09883107e-02  3.28228176e-02  3.81384417e-02
  7.59821478e-03 -6.99417442e-02 -1.22213420e-02  2.06050742e-02
  4.45969142e-02 -1.28680393e-02  5.20657524e-02 -7.20130801e-02
  9.54968948e-03 -4.21635173e-02  6.27919585e-02 -1.74513878e-03
  5.74406870e-02 -2.71324627e-02 -5.33772185e-02  2.96826687e-33
 -8.37704018e-02 -2.39771828e-02  1.64439268e-02  1.09694764e-01
 -5.89907728e-02  3.69005613e-02 -2.67269649e-02  3.17072831e-02
 -1.29797198e-02  5.67201748e-02 -5.52712455e-02 -4.65061031e-02
 -5.58014847e-02 -3.54008749e-02  4.32816334e-02 -7.00523555e-02
 -2.65304167e-02  6.83677495e-02  1.67336520e-02 -3.39511521e-02
 -3.65003310e-02 -1.63232107e-02 -3.16378213e-02  2.50323433e-02
  1.15595892e-01  8.30172747e-02  3.55634168e-02  2.16314960e-02
 -6.58892095e-02  1.59280077e-02  3.06268521e-02 -8.35045532e-04
 -3.03567182e-02  1.74907390e-02 -2.10827105e-02 -3.90142128e-02
 -5.89092597e-02 -5.83065711e-02  3.72718759e-02  3.34527437e-03
  6.02280684e-02 -2.25918945e-02 -4.60268222e-02  1.63394306e-02
 -8.55273157e-02 -3.65865510e-03  2.90959850e-02  1.89866293e-02
  1.57604441e-02 -3.38542946e-02 -1.63062736e-02  4.79152612e-03
  6.52061924e-02 -3.63309048e-02 -8.03391188e-02  3.32833640e-02
  1.95254702e-02  5.02518751e-03 -2.38589048e-02  6.90945014e-02
 -7.83949271e-02  1.88718811e-02  3.88447642e-02  3.07106692e-02
  5.53194471e-02  2.89190393e-02 -4.01896797e-02 -7.35472068e-02
  2.46374067e-02  3.26610915e-02 -3.96070220e-02 -4.68016192e-02
 -5.24173677e-02  7.81038478e-02  2.30558030e-02 -4.49274592e-02
  2.68304516e-02  1.65320281e-02 -5.01235574e-02  4.57431102e-04
 -1.20841689e-01  1.43262401e-01 -3.35585512e-02 -3.84275690e-02
  1.81655325e-02 -6.01069443e-02 -1.74553562e-02 -6.59173727e-02
  5.88642259e-04 -4.38984968e-02 -1.93076544e-02 -4.54690121e-02
 -5.29624112e-02  1.82035770e-02  4.64430191e-02 -3.34035601e-33
  8.82512052e-03 -7.13433512e-03  2.21148189e-02  2.52902526e-02
  8.50380119e-03 -5.05535901e-02  9.54641588e-03 -3.49323750e-02
 -4.26547155e-02  2.83005815e-02  2.63482127e-02 -2.60330755e-02
  1.88196264e-02 -1.45510715e-02 -7.36077409e-03  1.16633577e-02
 -5.10164537e-02 -1.45155415e-01 -1.02556171e-02  8.21432918e-02
  1.74212642e-02  1.00983791e-01  1.51512949e-02 -1.52828516e-02
  2.51634587e-02 -2.25814581e-02 -7.39127174e-02  2.89031696e-02
  2.83834618e-02  1.73388273e-02 -1.23015500e-03 -2.43241955e-02
  1.00429822e-02  1.42819425e-02 -5.55765927e-02 -1.16448089e-01
  1.58418696e-02  8.49841256e-03 -3.97973619e-02  6.52676299e-02
  2.31551286e-02  3.37851234e-03 -2.84095220e-02  1.30754542e-02
  2.95920987e-02 -1.67073496e-02  8.86186510e-02 -9.98470187e-02
  7.13754371e-02 -5.92802241e-02 -1.76253449e-02 -4.90031466e-02
  2.47368086e-02  3.96761820e-02 -1.03354650e-02  1.50610991e-02
  6.03033639e-02 -3.48964408e-02  3.64236236e-02 -1.08532433e-03
  1.02640778e-01 -3.51065174e-02  3.88250202e-02 -4.28994149e-02
 -2.30481233e-02 -7.86420330e-02 -2.63918974e-02 -6.78460449e-02
 -3.59651595e-02 -6.72762468e-03  1.13970125e-02 -3.83011661e-02
  4.59602177e-02  2.46342402e-02 -1.24935834e-02 -9.30057094e-02
 -3.29789072e-02  5.80945946e-02  9.24862996e-02 -7.17912018e-02
 -4.09695990e-02 -5.47339208e-03  7.36807361e-02  1.40222937e-01
 -4.47458625e-02 -1.78414397e-02 -2.51656137e-02  1.05173640e-01
  1.49597190e-02  3.92211042e-02 -7.37969279e-02  4.10409458e-02
  1.42559670e-02  1.52244583e-01 -1.27093732e-01 -4.75883049e-08
 -2.43857764e-02 -1.57075170e-02  1.54632162e-02 -9.81028099e-03
  3.76892686e-02  3.81161869e-02 -8.04972202e-02 -2.89223138e-02
 -2.45754421e-02  4.76423465e-02  2.24847179e-02  6.05277624e-03
 -4.46124561e-03  3.11908238e-02 -4.87414263e-02  4.85898778e-02
 -2.98573598e-02  9.34892371e-02 -7.33796433e-02 -6.45220801e-02
  2.27766167e-02  5.05493842e-02 -5.55802090e-03  7.26584271e-02
  1.17774703e-01 -5.79274558e-02 -1.64697617e-02  3.42447981e-02
  6.76838830e-02  4.11879122e-02  1.41830221e-02  4.40686233e-02
  7.30676800e-02  3.86497416e-02  1.75851248e-02  4.30924967e-02
 -5.94627596e-02  8.59806240e-02  7.87366033e-02 -1.95886772e-02
  5.60510792e-02  3.85973714e-02  2.98285275e-04  6.36794493e-02
  7.48573765e-02  7.40780458e-02 -1.76645905e-01 -5.88170066e-02
 -9.04910862e-02  4.43070941e-03  2.01403932e-03 -3.66429389e-02
 -6.37376308e-02  1.20185070e-01 -6.10063076e-02  1.66068710e-02
 -3.80093278e-03  5.49147241e-02  6.51293769e-02 -5.88271879e-02
  2.82365456e-02  7.06685632e-02  4.62955795e-02 -5.90837188e-02]"
47,../models/Room Model/RoomModel.sysml,"// SysML v2 Interpretation of the SysML v1 Room Connection Example
package RoomModel { 
    package RoomDefinitionModelLibrary{
        private import Port_Definitions::*;
        private import Flow_Definitions::*;
        package Part_Definitions{
            // Rooms
            part def Classroom {
                port classEntry: EntryWay_to_Classroom;
            }
            part def Storageroom {
                port storageEntry: EntryWay_to_Storageroom;
            }
            part def Hallway {
                // conjugate ports with ~
                port hallExit_to_Classroom: ~EntryWay_to_Classroom;
                port hallExit_to_Storageroom: ~EntryWay_to_Storageroom;
            }
        }
        package Port_Definitions{
            port def EntryWay_to_Classroom {
                //flow properties
                in ref student:Student;
                in ref teacher:Teacher;
                in ref furniture:Furniture;
                in ref air:Air;
            }
            port def EntryWay_to_Storageroom {
                //flow properties
                in ref furniture:  Furniture;
                in ref air: Air;
            }
        }
        package Flow_Definitions {
                // Conveyed items between Hallway, Classroom, and Storageroom
                part def Air;
                part def Furniture;
                part def Student;
                part def Teacher;
        }
    }
    package Room_Configuration{
        // defining the parts and their interconnection in context 
        private import RoomDefinitionModelLibrary::*;
        private import RoomDefinitionModelLibrary::Part_Definitions::*;
        private import RoomDefinitionModelLibrary::Port_Definitions::*;
        private import RoomDefinitionModelLibrary::Flow_Definitions::*;
        part roomContext{
            part c:Classroom;
            part s:Storageroom;
            part h:Hallway;
            
    		//  Connectors and item flows between hallway and classroom
            flow HallToClassroom_Air
                from h.hallExit_to_Classroom.air
                to c.classEntry.air;
            flow HallToClassroom_Furniture
                from h.hallExit_to_Classroom.furniture
                to c.classEntry.furniture;
            flow HallToClassroom_Student
                from h.hallExit_to_Classroom.student
                to c.classEntry.student;
            flow HallToClassroom_Teacher
                from h.hallExit_to_Classroom.teacher
                to c.classEntry.teacher;
            flow HallToStorageroom_Air
                from h.hallExit_to_Storageroom.air
                to s.storageEntry.air;
            flow HallToStorageroom_Furniture
                from h.hallExit_to_Storageroom.furniture
                to s.storageEntry.furniture;
        }
    }
}



","Generate a SysML v2 model representation for a Room Connection Example, focusing on the spatial and functional interconnections among different types of rooms. Model a package named RoomModel, which includes the RoomDefinitionModelLibrary containing definitions for three parts: Classroom, Storageroom, and Hallway. Each part will have specific ports for entryways, allowing for the flow of various elements such as students, teachers, and furniture. Classrooms will connect to Hallways via conjugate ports, facilitating air and furniture movement, while also allowing the flow of air and furniture to Storagerooms through dedicated ports. The Room_Configuration package defines these interconnections using connectors and flow specifications for seamless item transfer. This structured approach should facilitate the understanding of the room configurations and their interactions within a learning environment.","[ 3.24446298e-02 -5.57795428e-02 -2.71550603e-02 -1.81756984e-03
 -1.02078775e-02 -3.95139232e-02  1.20534124e-02 -4.67825215e-04
 -2.33610459e-02 -1.48953497e-03  7.00952932e-02  1.74120143e-02
  7.48968348e-02  5.65708950e-02  4.98809740e-02  1.54080773e-02
  1.35693178e-02 -1.65549945e-02 -3.55707929e-02  5.72048314e-02
  3.47231515e-02 -1.73468329e-02 -2.01347824e-02 -4.46559042e-02
 -3.16130184e-02  3.11497767e-02  4.25294451e-02 -2.70198658e-02
  6.03477173e-02 -9.56063196e-02  4.61110137e-02  5.90469241e-02
 -4.90510315e-02  5.03149778e-02  5.48931397e-02  2.35011466e-02
  9.82330739e-02 -4.38692011e-02 -6.72319084e-02 -4.41539139e-02
 -5.82088418e-02 -2.88456455e-02 -1.57290250e-02  2.89439200e-03
 -7.83764757e-03 -9.97160934e-03 -8.24154466e-02 -6.70836493e-02
  2.39885552e-03  1.31949661e-02 -5.86849377e-02  1.66390445e-02
 -2.66823471e-02  1.00601792e-01 -3.20295468e-02  1.27143621e-01
  4.72578369e-02 -4.00340790e-03 -6.72408119e-02 -3.33486423e-02
  3.92573327e-02 -2.55102664e-02 -5.03967963e-02 -3.71622737e-03
 -8.15078840e-02 -2.23858710e-02 -5.50251976e-02  1.03971876e-01
  6.99324161e-02 -5.95252402e-03 -8.49286765e-02 -2.96254437e-02
  1.85159203e-02  2.76103355e-02  8.44339058e-02 -6.11202717e-02
  1.32442620e-02 -2.98173334e-02  3.79775092e-02 -1.47797391e-02
 -5.60276806e-02  6.03010599e-03 -1.05432861e-01 -1.23846009e-02
 -1.28096323e-02 -1.57627314e-02 -1.56508889e-02 -1.36165293e-02
 -6.01521507e-02 -8.65455903e-03 -3.24835069e-02  1.96191985e-02
  1.50136035e-02 -6.30565658e-02  6.79530650e-02  7.64034828e-03
 -1.32986456e-02 -1.20013691e-02  2.25065686e-02  3.71356984e-03
 -6.46563545e-02  6.42283261e-02  7.52401054e-02 -2.69309878e-02
 -6.99790344e-02 -1.02779150e-01  4.38059075e-03 -3.07531673e-02
 -2.91415118e-02 -7.25791976e-02 -5.06623238e-02  2.00934820e-02
 -1.88471598e-03 -3.54558304e-02 -3.54806776e-03  1.94415115e-02
  4.57137786e-02 -1.07826237e-02  8.68757591e-02  7.55779678e-03
  5.10500111e-02  8.28973018e-03  6.66173324e-02  1.26322135e-02
 -9.37870517e-03 -7.03144222e-02 -5.54220490e-02  4.26455391e-33
 -4.25631218e-02  9.94096790e-03 -6.71664849e-02  1.30429655e-01
  1.32654592e-01  4.87865359e-02 -2.20490876e-03  4.09467854e-02
  3.88101861e-02  2.12049857e-02 -5.06102890e-02 -1.58677306e-02
 -7.56676421e-02  6.91606477e-02  5.73490411e-02 -2.43271999e-02
 -7.45516568e-02  7.62136579e-02 -2.48661079e-02  5.16076908e-02
 -1.99431814e-02 -4.41026203e-02 -3.02868970e-02  1.41482912e-02
  6.45396784e-02  7.42137656e-02  4.40268926e-02  5.73879555e-02
 -1.28707774e-02  1.39490450e-02  2.39337590e-02  7.57042319e-03
 -3.64339054e-02  1.95821635e-02 -7.39042042e-03  2.32542474e-02
 -1.42996851e-02 -2.29518600e-02  5.49512394e-02 -6.94257468e-02
 -4.48050797e-02 -7.53190182e-03 -1.14099123e-02  3.63482758e-02
 -2.23133098e-02  9.79079958e-03  2.97537819e-02  1.46855144e-02
  2.68603303e-02  7.85105862e-03 -3.12116034e-02 -9.72067844e-03
 -3.38922665e-02 -6.55556703e-03 -4.82201204e-02 -8.69020149e-02
  1.49070648e-02  3.86191681e-02  3.04306205e-03  7.28580803e-02
 -2.14199834e-02  8.20064247e-02  1.92760248e-02  7.97056928e-02
  8.23304877e-02 -4.81332988e-02 -1.92948803e-02 -6.99925348e-02
  1.48439065e-01 -7.57156536e-02 -9.74417552e-02  7.14806914e-02
 -4.18283269e-02  4.33002450e-02 -5.20126009e-03 -6.77783489e-02
 -7.59873912e-02 -5.29252086e-03 -6.70750346e-03 -1.07471738e-02
 -7.84561336e-02  3.83393951e-02  1.87101532e-02  2.42533553e-02
  1.49653954e-02 -3.70003842e-02  1.79090239e-02 -9.08604339e-02
 -7.44556561e-02 -5.01859635e-02  1.47925159e-02  1.14137968e-02
  2.54673744e-03  2.71581579e-02  4.74717282e-02 -5.56304208e-33
  7.16203749e-02  5.26288804e-03 -4.16207165e-02  8.66674725e-03
  4.97314781e-02 -2.68439949e-02  7.63304823e-04 -5.62066138e-02
  4.19515707e-02  2.07345374e-02  3.08387242e-02  7.42326826e-02
  4.28372510e-02 -2.50567333e-03  2.60574073e-02  1.25944335e-02
  5.86186163e-02 -1.71523035e-01  2.01819669e-02  2.90751103e-02
  2.05712132e-02  5.46993203e-02 -3.69881168e-02 -4.04281765e-02
 -5.48941083e-02 -3.55322324e-02  7.52217788e-03 -1.38799427e-02
  8.89811665e-03  1.09544821e-01  2.72327438e-02 -4.58707660e-02
  6.15974180e-02  3.34151722e-02  1.87112708e-02 -7.36115202e-02
  4.46330383e-03  4.09858413e-02 -5.74650466e-02 -5.53632714e-02
  6.13838322e-02 -1.22302910e-02 -1.28212914e-01 -6.53973082e-03
  1.16212685e-02 -2.06977618e-03 -6.25383928e-02 -8.87810662e-02
 -6.48471266e-02 -6.40121102e-02 -5.54800816e-02  4.40742169e-03
 -3.73460166e-02 -1.49518073e-01  1.51551245e-02  8.95068720e-02
 -1.25204492e-02 -2.47092210e-02  5.37840538e-02  7.77363256e-02
  4.96697985e-02 -4.71148789e-02  3.52971442e-02 -9.24198329e-03
 -1.10690044e-02 -6.10083900e-03 -5.46475388e-02 -4.07539494e-02
 -1.46743795e-02  5.66421114e-02  4.98857461e-02  1.02847457e-01
  1.02720829e-02  5.67733273e-02  3.42043713e-02 -5.84517717e-02
  3.32423449e-02  3.90295386e-02  3.73938791e-02  3.55171189e-02
 -1.13285378e-01 -5.73472446e-03 -5.35549000e-02  2.20039077e-02
 -3.14032510e-02 -6.17589392e-02  1.24258604e-02  9.64784846e-02
 -3.23143862e-02 -2.49211751e-02 -6.40536249e-02  8.14338177e-02
 -1.63052101e-02  4.63185422e-02 -4.52414490e-02 -4.49095161e-08
 -9.15098041e-02 -4.29721028e-02  1.32779023e-02  6.74393913e-03
 -3.25973183e-02  1.29158702e-02 -1.62244737e-02  4.97966781e-02
  1.51636330e-02  6.82988539e-02 -2.43574493e-02  3.52946520e-02
  2.23712511e-02  3.88264619e-02  3.18352804e-02  1.01310536e-01
  8.36745556e-03  1.57787688e-02 -5.28577790e-02 -1.33181736e-02
  1.31845191e-01 -2.31496915e-02  1.25769144e-02  1.07345201e-01
  7.01758936e-02 -4.26138863e-02 -3.45764756e-02  6.86439872e-02
 -1.41993091e-02 -2.05071028e-02  6.33875579e-02 -1.79290324e-02
  1.90812517e-02  5.45316748e-02 -4.29980271e-02  5.62970378e-02
 -2.53475830e-02 -4.44051018e-03  4.75094356e-02  2.68669543e-03
 -7.82237947e-03 -1.01559788e-01 -9.54982042e-02  4.47637076e-03
  7.29616955e-02  3.67871560e-02 -1.99620705e-02 -5.35001941e-02
 -4.16019522e-02  1.07632056e-01 -8.04024339e-02  4.68749776e-02
 -3.21434624e-02 -4.06590067e-02  5.14193298e-03  3.70186716e-02
 -4.07629134e-03 -1.29737249e-02  8.57565701e-02 -1.57731995e-02
 -3.39503475e-02  1.34652898e-01 -7.32061043e-02  3.41389962e-02]"
48,../models/Simple Tests/ActionTest.sysml,"package ActionTest {
	action def A{ in x; }
	
	action a: A { 
		first start;
		
		action b { in y = x; }
		
		bind x = b.y;
	}
	
	attribute def S;
	
	action a1 {
		first start;		
		then merge m;
		then accept S;
		then accept sig after 10[SI::s]; 
		then accept at Time::Iso8601DateTime(""2022-01-30T01:00:00Z"");
		
		then send S() to b;
		then accept when b.f;
		then decide;
			if true then m;
			else done;
	}
	
	action a2 {
		in s : S;
		action aa {
			out part target;
		}
		flow aa.target to snd.receiver;
		action snd send { 
			:>> payload = s;
		}
		action snd2 send via this to aa.target;
		bind s = snd2.payload;
	}
	
	action b {
		attribute f : ScalarValues::Boolean;
		ref action a : A;
	}
	
	action def c {
		first start;
		then action c1 {
			terminate c1;
		}
		then terminate;
	}	
}","Generate a SysML v2 model that defines a package named `ActionTest`. The model includes an action definition `A` with input `x`. An instance of action `A`, named `a`, initializes with a start state, which defines an inner action `b` that captures `x` into variable `y` and binds `x` to `b.y`. The model contains an attribute definition `S`. 

The action `a1` starts, merges with `m`, and accepts several inputs like `S`, a signal after 10 seconds, and a specific timestamp. It sends `S` to action `b`, waits for `b` to complete, and then decides on proceeding with `m` or terminating the process based on a boolean condition. 

Action `a2` processes an input `s` of type `S`, containing an inner action `aa` that outputs to a target and defines the `snd` and `snd2` actions to manage payloads. 

The `b` action features a boolean attribute `f` and references action `A`. Lastly, the model defines an action `c` that starts and encompasses an inner action `c1`, which terminates `c1` before concluding the action.","[-6.07531443e-02 -9.94577855e-02 -4.67273332e-02  1.80222690e-02
 -1.92176457e-02  6.45409524e-03  3.70608382e-02 -1.58163626e-02
  4.26579863e-02  6.75125420e-02  4.64936160e-02  1.11731393e-02
  3.20891105e-02  1.93332452e-02  2.22323034e-02  4.90968674e-02
  4.07968797e-02 -5.34630567e-02 -5.71715832e-02  7.41935335e-03
  5.83231673e-02 -1.45193962e-02 -2.13662032e-02  1.44413402e-02
 -1.10951751e-01 -6.45893887e-02 -3.38369422e-02 -4.98868804e-03
  4.01864015e-02 -1.23389766e-01  4.22862656e-02  4.13709879e-02
  1.71638429e-02  4.00809459e-02  2.56653652e-02  8.91746953e-02
  4.93740849e-02 -9.57365558e-02 -6.99047223e-02 -7.21783563e-02
  2.51046177e-02 -5.80594093e-02 -2.76986696e-02 -3.56607791e-03
  4.45867479e-02  3.28470655e-02 -2.00239886e-02  9.62010492e-03
 -8.05257559e-02 -3.16688381e-02 -5.93484305e-02 -1.53356977e-02
 -2.40400508e-02 -1.46419303e-02  3.50847282e-02  3.95060480e-02
  5.72919846e-02  4.43179364e-04 -8.62612575e-02 -3.88880298e-02
 -7.85168558e-02  2.49456591e-03 -9.36310366e-02 -1.26729393e-02
  7.96916112e-02  6.46852851e-02 -4.38764831e-03 -3.96357812e-02
  6.25754967e-02  2.98743621e-02 -9.55006331e-02 -4.32547703e-02
 -3.78400721e-02  1.62854195e-02 -1.11625185e-02 -5.12012541e-02
  3.88187319e-02  8.36330559e-03 -3.52582708e-02 -6.84457272e-02
 -5.79771511e-02 -4.85281795e-02 -7.71077201e-02  3.95640023e-02
  2.03987807e-02 -2.23071920e-03  4.91012353e-04 -3.43212038e-02
  1.20574720e-01  6.68197498e-02 -4.57592346e-02 -3.58367935e-02
  4.03004847e-02  2.92886440e-02  4.92287390e-02  3.79702896e-02
  5.27498685e-02  2.87538301e-02  1.95899121e-02  2.30548158e-02
  7.27542583e-03  7.88388923e-02  3.39925550e-02 -4.89815213e-02
  5.84747754e-02 -2.30612457e-02 -7.13669285e-02 -6.54850453e-02
 -3.91403697e-02 -7.97540620e-02  9.34351329e-03 -1.32307159e-02
  6.10885620e-02 -2.67895870e-02  3.08551528e-02  6.63671046e-02
  6.82743415e-02  1.33890510e-02 -1.01438006e-02 -4.21405770e-02
  5.47169521e-02  3.58032770e-02  3.31349373e-02  1.10665131e-02
  8.70252866e-03 -1.26383342e-02 -6.10173903e-02 -1.75183537e-33
 -1.39342826e-02 -5.95146120e-02 -2.28369087e-02  8.81323144e-02
 -1.24694705e-02  5.74732013e-02  2.77384501e-02  3.52231525e-02
 -6.37931330e-03  6.26036227e-02 -7.67967328e-02 -5.07740751e-02
  7.48607982e-03  5.07471450e-02  4.24511470e-02 -3.77840549e-02
  9.11843590e-03  1.32088102e-02 -5.25659658e-02  1.55723290e-04
  6.83934242e-02  4.94353799e-03 -9.27136093e-02  5.04476577e-03
  5.24848476e-02  7.95370806e-03  3.60847488e-02  3.24550755e-02
 -5.16616404e-02  8.29624292e-03  1.19309509e-02  3.01067736e-02
 -7.01658726e-02  6.61805123e-02  2.98755765e-02 -3.20654316e-03
 -7.27711292e-03 -1.25409663e-03  7.62851089e-02 -1.04791969e-01
 -2.29635220e-02  2.76495963e-02 -8.64428878e-02  2.36509275e-02
 -6.45363256e-02 -1.28009573e-01 -8.50819424e-02  2.16220580e-02
  2.74118632e-02 -2.61962377e-02  1.39251038e-01 -1.34994648e-02
  1.19916297e-01  1.60367100e-03 -5.78961037e-02  4.64482009e-02
  5.25056338e-03 -1.84895808e-03 -6.86737224e-02  1.39975369e-01
  5.16414829e-02 -3.32624651e-02 -4.27107029e-02  8.23951736e-02
 -1.07507994e-02  8.28003734e-02 -3.84971499e-02 -6.10813461e-02
  1.21418372e-01 -8.63828138e-03 -5.69690838e-02  4.52070124e-02
  1.18928133e-02  1.80966537e-02  4.34443876e-02 -5.56849092e-02
 -1.26213478e-02 -7.65191615e-02 -2.17295270e-02  1.74091849e-02
 -2.23822799e-02  2.96481010e-02 -6.91894963e-02  2.37026419e-02
  1.39357115e-04 -6.04646467e-02 -6.40083551e-02 -1.01682968e-01
 -9.55943465e-02 -1.09844998e-01 -1.07784523e-02 -3.66690755e-02
  1.07917963e-02  4.92966510e-02  6.99632466e-02 -3.10364717e-34
  5.88399097e-02  1.03253582e-02 -3.34365256e-02  6.41415194e-02
 -2.32213400e-02 -8.59467983e-02  3.26085910e-02 -2.52451841e-02
 -5.19909747e-02  2.69086845e-02 -2.69431807e-02  1.00055081e-03
  3.14006917e-02  2.93600615e-02  1.50944721e-02 -2.70540770e-02
  4.26929779e-02 -1.26630738e-01  1.41509352e-02  6.54896796e-02
 -3.78454030e-02  7.36395791e-02  7.11990474e-03 -2.31232848e-02
 -1.46986144e-02  2.86601782e-02 -1.25042219e-02  5.53994365e-02
  3.83822918e-02  2.92219277e-02  1.68942325e-02 -3.11863553e-02
 -1.29773077e-02 -1.79512426e-02 -4.95347753e-02 -5.92144839e-02
  5.29164914e-03  7.28186162e-04  3.29283476e-02  1.07793361e-02
  8.38801414e-02  2.84537785e-02 -9.40303691e-03  8.30962956e-02
  5.35668842e-02  5.42931445e-02 -7.61983031e-03 -4.43417300e-03
 -5.03050648e-02 -1.08091436e-01 -1.97544917e-02 -4.46714927e-03
  3.72783653e-02  4.36223596e-02 -1.16787117e-03 -7.26818806e-03
 -2.11450253e-02 -3.46608981e-02 -4.52465042e-02 -2.66414997e-03
  3.38519476e-02 -3.62216408e-04  4.93877120e-02  1.32425511e-02
  1.40777593e-02  7.73817673e-03 -3.01222689e-02 -4.13246751e-02
  5.72133958e-02 -3.96549962e-02  1.06650837e-01  7.00413138e-02
 -6.97859153e-02  2.07043104e-02  4.11968827e-02 -6.37884215e-02
 -6.80543482e-02 -7.39542022e-02  2.66486071e-02 -4.84411716e-02
 -1.44731134e-01  4.73228283e-03  3.34024467e-02  9.48113501e-02
 -9.80498791e-02  1.21865151e-02  1.15020694e-02  1.05910540e-01
  1.79882429e-03  6.39170315e-03 -8.47460795e-03  6.98575452e-02
  6.78704446e-03  1.38630837e-01 -9.11159217e-02 -5.38943894e-08
 -1.90652292e-02  1.88988857e-02  3.06523982e-02  2.04125494e-02
  1.08726667e-02  6.16542883e-02 -6.52772561e-02 -4.05599400e-02
  6.14439324e-02 -3.68701145e-02 -2.14002393e-02  6.34858087e-02
 -4.86838520e-02 -1.94516797e-02 -1.84738673e-02  1.97914708e-02
  2.75400020e-02 -1.53205860e-02 -6.85037300e-02 -4.22086902e-02
  6.41075149e-02  4.71624546e-03 -3.26211452e-02  6.81966320e-02
  1.46472892e-02 -4.33633365e-02 -1.91503409e-02  7.45788738e-02
  3.67774963e-02  2.37633865e-02  6.55805469e-02  2.86622383e-02
  3.23379375e-02  4.40464057e-02 -4.91989627e-02  6.35456815e-02
  2.20234506e-02 -3.31091098e-02  6.98023513e-02  1.15435235e-02
  1.59104215e-03  4.00958676e-03 -5.23894653e-02  4.18694541e-02
 -3.50452103e-02  2.76087178e-03 -8.73382315e-02 -1.46704853e-01
  1.37989456e-02  3.18682231e-02  3.20510305e-02  1.07729677e-02
 -7.29393959e-02  9.34066921e-02 -5.26438951e-02  3.01991925e-02
  2.33396422e-02 -5.77274300e-02  4.18959558e-02  1.52605418e-02
  2.45808549e-02  4.08125818e-02 -3.76841016e-02  1.41392965e-02]"
49,../models/Simple Tests/AliasTest.sysml,"package AliasTest {
	private import ISQSpaceTime::breadth; // import of an alias
	attribute b :> breadth;
	
    part def P1 {
        port porig1;
        alias po1 for porig1;
    }

    part p1 : P1 {
        port po1 :>> po1;
    }

    part p2 : P1 {
        port pdest;
        alias pd1 for pdest;
    }


    connect p1.po1 to p2.pdest;
	connect p1.po1 to p2.pd1;
}","Generate a SysML v2 model named AliasTest, which encapsulates the concept of aliasing in ports within parts. The model begins by importing an alias for the breadth type from ISQSpaceTime. An attribute, 'b', is defined to reference this breadth alias. The model features a part definition, P1, which contains a port named 'porig1' and creates an alias 'po1' for that port. Two instances of P1, labeled p1 and p2, are included. The p1 instance establishes a port 'po1' that connects to p2's 'pdest' port. Additionally, p2 defines another port, 'pdest', alongside an alias 'pd1' for this port. The model features connections that demonstrate both 'p1.po1' linking to 'p2.pdest' and 'p1.po1' also connecting to 'p2.pd1', illustrating the capabilities of aliasing and connections in SysML v2.","[-4.27067615e-02 -7.17623904e-02 -3.08386665e-02 -2.19164360e-02
 -4.65398878e-02 -6.68732971e-02  3.27513032e-02  2.80376729e-02
 -1.05254203e-02 -5.58332354e-03  3.85351293e-02 -6.74005132e-03
  3.33358049e-02  2.72829905e-02  2.77088638e-02 -1.90335661e-02
  8.82961880e-03 -8.10056552e-02  4.72744219e-02  3.31859700e-02
  4.98128682e-02 -6.85353437e-03 -7.33434781e-02 -3.90212722e-02
 -8.25714916e-02 -5.86846955e-02  3.44822183e-02  7.44488910e-02
  6.34678453e-02 -9.75219011e-02  2.04210021e-02  1.30923644e-01
 -9.00693163e-02  4.50558439e-02  4.87445109e-02  2.63002738e-02
  9.70073938e-02 -1.16467485e-02 -5.75397648e-02 -3.98453847e-02
  9.92017388e-02 -5.79375811e-02 -3.25696706e-03  2.31837877e-03
 -2.35285927e-02 -3.52441110e-02  1.76262520e-02  2.58199833e-02
 -8.51353258e-02 -5.93704507e-02 -6.96885064e-02 -2.05860902e-02
 -6.53547645e-02  1.85078979e-02 -4.19343682e-03  2.04309151e-02
  4.93575409e-02  4.27717343e-02 -1.07442968e-01  3.42485681e-02
 -7.33392164e-02  3.45671065e-02 -4.76711951e-02 -2.25849021e-02
 -1.54546024e-02 -3.14541273e-02  6.86082104e-03  9.73776914e-03
  4.44555096e-02  1.15447668e-02 -1.40937448e-01 -3.93107161e-02
 -7.30169266e-02  1.75685100e-02 -1.47680547e-02  4.01270166e-02
  6.52142018e-02  4.47401889e-02  1.66200250e-02 -1.34967104e-01
 -7.20748976e-02  4.02251035e-02 -1.24408729e-01 -1.13134449e-02
  5.32658631e-03  3.73796448e-02 -2.65960265e-02 -5.60919717e-02
  4.49690968e-02 -4.46538962e-02 -9.42265987e-03 -6.03779405e-02
 -1.54752722e-02  1.58058181e-02  3.30246612e-02  4.74950746e-02
  5.26613295e-02  3.76511626e-02  9.15229544e-02  4.71126735e-02
 -2.86480673e-02  4.07589637e-02 -2.53941268e-02 -2.21660989e-03
 -2.52794772e-02  6.41885586e-03 -2.19458248e-02 -9.00000632e-02
  3.65426093e-02 -5.16202115e-02 -1.78464167e-02  7.34375566e-02
  9.76801664e-03 -6.86041936e-02  3.16469255e-03  6.10807771e-03
 -1.44956056e-02  1.00518689e-02  5.90737946e-02 -6.93551227e-02
 -3.72505784e-02 -3.89726847e-05  4.89087962e-02  2.68993061e-02
  2.25593038e-02  9.63124540e-03 -2.80978009e-02  1.94936067e-33
  2.54734978e-02 -4.24040109e-02  8.04500189e-03  6.58460855e-02
  6.51783943e-02  7.61208162e-02  4.21430878e-02  3.56678106e-02
 -2.31525898e-02  5.91511019e-02 -9.63065550e-02 -2.86038890e-02
 -1.59156648e-03 -1.27570117e-02 -1.89120211e-02 -2.85616168e-03
 -9.40306857e-03  8.19704160e-02 -1.28756724e-02  2.81614047e-02
  6.17356747e-02  1.27124353e-04 -7.73527995e-02 -2.94406209e-02
  1.09776087e-01  5.07882088e-02 -2.19354425e-02  2.92379670e-02
  2.69235577e-02  2.73439921e-02 -2.85261124e-03  5.75009622e-02
 -7.41723403e-02  8.78787115e-02  2.37087850e-02 -1.04167452e-02
  2.53029019e-02 -2.66055018e-02  1.83181197e-03 -6.72221184e-02
  5.22749731e-03 -3.65315974e-02 -9.18016024e-03 -2.09634006e-02
 -6.15599528e-02 -8.04195032e-02 -8.64982381e-02  1.72189251e-02
  2.49076858e-02 -6.19913153e-02  5.72622083e-02 -2.41916832e-02
  6.01770058e-02  9.61360633e-02 -7.07756802e-02 -2.88160313e-02
 -1.92864910e-02  2.09551286e-02  7.24330172e-03  1.44316167e-01
 -8.31108913e-03  4.43169884e-02 -5.32885157e-02  3.45412977e-02
  4.76742610e-02  4.42241505e-02  3.12161464e-02 -3.97123434e-02
  1.33935779e-01  7.56980628e-02 -2.83509102e-02  4.89034206e-02
 -5.34004122e-02  6.32545203e-02 -7.29875872e-03 -7.08233863e-02
 -2.01677531e-02  4.76223156e-02  1.91256721e-02  7.80642778e-02
 -1.34101883e-01  7.06795827e-02 -7.78832883e-02  4.38479781e-02
 -3.28066088e-02 -8.80751014e-02  1.87613312e-02 -7.80934021e-02
 -3.38641107e-02 -1.43735647e-01 -4.22007367e-02  7.92874862e-03
  6.43198043e-02  1.98842548e-02  1.30915316e-02 -3.74857361e-33
 -2.67649535e-02  7.18174968e-03  2.24581268e-02 -7.33556971e-03
 -8.91242474e-02 -9.79028717e-02  9.04023871e-02 -1.90917719e-02
 -8.53996202e-02  6.31332304e-03 -3.23687382e-02  3.33741531e-02
  4.76571694e-02 -4.01407294e-02 -1.63521187e-03 -1.17155649e-02
  6.88845641e-04 -1.18226066e-01  2.29874570e-02  1.08512968e-01
 -1.40714021e-02  4.73353490e-02  8.03570636e-03 -4.94681336e-02
 -3.26250829e-02 -3.48874391e-03  2.75556855e-02 -4.76390682e-03
 -6.00150041e-02  4.33009379e-02  5.50053418e-02  4.65495661e-02
 -2.72924323e-02 -8.11790824e-02 -7.79055655e-02 -2.59039849e-02
 -2.28509139e-02 -1.22332573e-02  1.78926513e-02 -4.48716283e-02
  5.73462881e-02  2.57440843e-02 -4.85704131e-02  5.59459887e-02
  9.19751544e-03  7.35514313e-02 -3.14242765e-02 -2.38505192e-02
 -4.45331112e-02 -3.98816392e-02 -3.54182092e-03  4.96681631e-02
  6.96180314e-02  2.35819221e-02 -4.19016890e-02  1.85003113e-02
 -7.27675069e-05 -3.64327990e-03  5.76481856e-02  3.94816622e-02
  9.15019065e-02 -6.05878159e-02 -2.75714193e-02  2.77503170e-02
  1.90038085e-02 -2.89296396e-02 -3.48225869e-02 -4.10037450e-02
  3.18457149e-02 -6.07198365e-02 -2.51927669e-03  1.82385314e-02
 -5.10115847e-02  3.76068912e-02  1.62593704e-02 -2.11505778e-02
 -5.59576228e-02  2.82187965e-02  2.07773168e-02  6.44182190e-02
 -8.04237127e-02  1.21506033e-02 -5.80749325e-02  3.79796475e-02
 -7.01171309e-02  1.29460741e-03  2.49689687e-02  1.20590076e-01
 -1.47625487e-02 -4.10625562e-02 -6.07769042e-02  1.75550263e-02
 -4.51874249e-02  1.49248049e-01 -7.20303953e-02 -4.86033294e-08
 -3.08624990e-02 -1.52405566e-02  1.64195336e-02  1.34358862e-02
 -6.28000721e-02  4.66898754e-02 -8.33003148e-02  2.10732017e-02
  2.25767065e-02  5.24363667e-02 -3.66754569e-02  3.22540812e-02
 -5.35379201e-02 -1.26659498e-02  5.24401255e-02  7.43588805e-02
  1.66117586e-02 -3.63665540e-03 -5.76435477e-02 -2.21951120e-02
  3.75180654e-02  2.07281057e-02 -2.01977137e-02  6.12052903e-02
 -1.79408416e-02 -1.41118243e-02  2.58377772e-02  4.45423946e-02
  1.02622453e-02 -1.09133432e-02  6.71705902e-02  2.17298437e-02
  2.08776724e-02  1.05459526e-01  2.88769845e-02  8.73706266e-02
 -6.73312396e-02  2.16254387e-02  6.07645959e-02  8.91879126e-02
 -1.39268022e-02 -2.35889796e-02 -5.20152338e-02  1.67302638e-02
  5.18794991e-02  1.92217883e-02 -3.70402187e-02 -6.39795363e-02
 -4.35425015e-03  4.87902462e-02 -3.70925590e-02  7.35487342e-02
 -4.78390139e-03 -1.15034040e-02 -7.30633438e-02  4.64414917e-02
 -6.07406422e-02 -2.16197278e-02  1.13817425e-02  5.00131957e-03
  4.59688762e-03  8.41897652e-02  4.29079719e-02  2.25866511e-02]"
50,../models/Simple Tests/AllocationTest.sysml,"package AllocationTest {
	part def Logical {
		part component;
	}
	
	part def Physical {
		part assembly {
			part element;
		}
	}
	
	part l : Logical {
		part :>> component;
	}
	part p : Physical {
		part :>> assembly {
			part :>> element;
		}
	}
	
	allocation def A;
	
	allocation def Logical_to_Physical :> A {
		end logical : Logical;
		end physical : Physical;
	}
	
	allocation allocation1 : Logical_to_Physical allocate l to p;	
	allocation allocation2 : Logical_to_Physical allocate (
		logical ::> l,
		physical ::> p
	);

	allocate l.component to p.assembly.element;
}","Generate a SysML v2 model named ""AllocationTest"" that captures allocation between logical and physical components. The model consists of two main parts: 'Logical', containing a 'component', and 'Physical', containing an 'assembly' with an 'element'. Establish a logical instance 'l' linked to the 'component' and a physical instance 'p' linked to the 'assembly' and 'element'. Define an allocation named 'A' to facilitate the mapping between the logical and physical parts. Create an allocation definition 'Logical_to_Physical' that connects the ends of logical and physical components. Implement two allocations: 'allocation1', which directly allocates instance 'l' to instance 'p', and 'allocation2', which follows a hierarchical approach. Finally, facilitate the allocation of 'l.component' to 'p.assembly.element'. This model aims to illustrate the relationship and allocation processes between logical and physical structures effectively.","[ 4.78405952e-02 -6.52080402e-02 -4.17357981e-02  3.83814089e-02
 -6.34931028e-02 -7.85637721e-02  3.33329588e-02 -8.52700695e-03
 -4.34850790e-02  7.25080296e-02  2.20693275e-02 -5.63707426e-02
  5.28644696e-02  8.00077990e-02  2.00846735e-02 -3.35011818e-03
 -2.67876014e-02  1.09950593e-02 -5.01746275e-02  6.26468658e-02
  1.18927896e-01 -3.36251669e-02 -1.46065764e-02  3.27036902e-02
 -8.92428309e-02 -1.65924393e-02  9.41000506e-03  3.90371643e-02
  5.87860309e-02 -7.69456252e-02  6.05913512e-02  4.85822782e-02
 -3.03162318e-02  6.00420907e-02  1.06635496e-01  2.73970086e-02
 -1.96729209e-02 -6.95327148e-02 -4.68092859e-02 -7.74304569e-02
 -1.68891586e-02 -3.07263080e-02 -5.28848693e-02 -2.42380276e-02
  2.54085176e-02  2.74934005e-02 -1.67051516e-02  1.23598790e-02
 -4.93609533e-02 -5.76292537e-02 -2.58648079e-02 -1.06292469e-02
  1.06933508e-02 -1.04833469e-02 -8.22452307e-02  8.03222582e-02
  1.14367500e-01 -3.23270522e-02 -9.18685123e-02  4.47300699e-04
 -4.70394082e-02  3.91183421e-02 -4.25089411e-02 -1.14659742e-02
 -1.06620137e-02  6.11572973e-02 -1.64450370e-02  5.17572388e-02
  3.18946317e-02  6.10705391e-02 -4.02410589e-02 -1.16762882e-02
  2.88432115e-03  4.98744957e-02  1.42229814e-02  2.43861638e-02
  3.59995887e-02 -2.39334744e-03  6.61288900e-03 -8.85463059e-02
 -7.18590915e-02  4.44256924e-02 -7.39828125e-02  1.46984058e-02
  3.87552120e-02  6.31855149e-03  5.30595817e-02  8.95912759e-03
  1.00158202e-02  2.77122539e-02  2.86969524e-02  2.19477490e-02
  6.29843995e-02  3.54753695e-02  1.12114541e-01  3.12957130e-02
 -6.69536972e-03 -7.91580454e-02  6.13506995e-02 -8.95796437e-03
  1.03593906e-02  4.99460585e-02  8.26048553e-02 -9.01493803e-03
 -4.07784246e-02  2.84862611e-03 -7.56129697e-02 -1.03409134e-01
 -7.10003749e-02 -9.63913202e-02  6.99875550e-03  8.44218209e-02
  9.31786001e-03 -2.64085885e-02 -1.99143142e-02  1.55529585e-02
  2.70989463e-02  3.45401559e-03 -6.16941601e-03 -5.87986745e-02
 -8.22429359e-03 -7.42112473e-02  1.99877508e-02  5.14634103e-02
  7.38188177e-02 -3.25486585e-02 -1.16495728e-01  9.61011356e-34
 -8.52277055e-02 -8.08998346e-02 -9.46836639e-03  1.10159755e-01
  1.46733569e-02  3.06384023e-02  2.34682243e-02  1.57707073e-02
 -4.63758744e-02  2.61425190e-02 -3.43190841e-02  1.66927148e-02
 -1.20357722e-02  1.95050333e-02  6.24669604e-02 -9.23074260e-02
 -1.96171757e-02  1.31294549e-01 -3.73346657e-02 -2.19232417e-04
 -4.08819839e-02  1.99099053e-02 -5.23776747e-02 -2.17997469e-02
  7.99241513e-02  2.76253093e-02  9.79432277e-03 -1.38207162e-02
 -5.37280552e-02  5.13151195e-03 -2.01306790e-02  8.51598848e-03
 -1.81211485e-03  4.21249680e-02  4.04013097e-02 -2.80814804e-02
 -1.35719702e-02 -7.90688209e-03  3.71179171e-02 -5.31011224e-02
  5.82772903e-02 -3.88759822e-02  3.28999832e-02  7.39957346e-03
 -5.54364920e-02 -4.64531556e-02 -5.76412044e-02  5.39625362e-02
  2.64296476e-02 -6.49997070e-02  1.12854093e-01  1.08377393e-02
  4.25205305e-02  1.35648465e-02 -3.23864594e-02 -4.54043821e-02
 -2.07140259e-02  3.81755433e-03  2.48986147e-02  1.03145346e-01
 -4.78778817e-02  1.27003901e-02 -2.48907283e-02  7.96454325e-02
 -1.58778820e-02 -1.47809845e-03 -4.46168184e-02 -9.08256322e-02
  7.41927996e-02  8.22156668e-03 -5.33189625e-02  9.49960575e-03
  1.86497963e-03  7.08436370e-02  4.72357310e-03 -4.17789929e-02
 -4.51272242e-02  1.98150496e-03 -6.84947371e-02  3.00208386e-02
 -5.63236549e-02  6.27110749e-02 -5.09102941e-02 -3.23114730e-02
  1.13030476e-02 -1.12451397e-01 -2.59217322e-02 -5.36727868e-02
 -4.95910458e-02 -9.41388085e-02 -3.20531763e-02 -7.22034052e-02
  6.75113872e-02 -4.04254086e-02  5.32708094e-02 -2.97805286e-33
  2.29477719e-03  4.68423441e-02  3.70819867e-02  3.42586301e-02
 -3.67106870e-02 -1.24182746e-01  1.80892719e-04 -1.07593186e-01
 -5.10678738e-02  3.91844772e-02 -4.84909900e-02 -5.60074486e-03
  4.44128811e-02 -4.70280973e-03 -5.01878783e-02  5.92445172e-02
 -1.90579407e-02 -6.60367683e-02  6.48444816e-02  7.71353319e-02
 -5.34451287e-03  1.03150152e-01  6.04969412e-02 -3.65222655e-02
 -1.58129148e-02  8.30962788e-03 -3.53011396e-03  6.70143813e-02
  6.16113171e-02  4.21472006e-02 -2.50014607e-02 -3.03836353e-02
  2.05910150e-02 -4.19829749e-02  2.07588100e-03 -1.02174386e-01
  3.33185941e-02 -3.41850170e-03  3.07677053e-02 -2.70878375e-02
  1.97762009e-02  5.68214292e-03  5.38255367e-03 -2.70801540e-02
  2.60143820e-02  3.10286470e-02 -3.77950928e-05 -5.77735119e-02
 -6.67254850e-02 -7.33706430e-02 -2.97561623e-02  6.79169036e-03
  6.00331016e-02  3.08129893e-05  4.78160717e-02  4.82966527e-02
  6.21851115e-03 -4.64828173e-03  2.33620312e-02 -2.61593750e-03
  2.90906951e-02 -5.27146384e-02  6.75931573e-02  1.60307605e-02
 -1.44012645e-02  7.55591458e-03 -2.81696282e-02 -8.45084414e-02
 -6.01046197e-02 -2.32988782e-02  3.67400050e-03  6.82595819e-02
  5.65819582e-03  4.41954955e-02  5.03354892e-02 -5.90082072e-03
 -5.31184822e-02  5.64375371e-02  8.49008933e-02 -1.52303381e-02
 -1.16741508e-01 -7.28661381e-03 -4.21476830e-03  6.17803261e-02
 -1.30709738e-01 -3.49512883e-02  3.26309577e-02  6.18366376e-02
 -1.09289847e-02  1.23701850e-03 -7.60761127e-02 -1.34267993e-02
  9.10664499e-02  7.03340247e-02 -5.19895069e-02 -5.06901081e-08
 -1.30861755e-02 -5.24428971e-02  7.49843121e-02  8.22269940e-04
  3.35722528e-02  5.21841086e-03 -1.38149885e-02  6.29049819e-03
 -1.00825168e-02  2.07226705e-02 -6.06085770e-02  5.80784492e-02
 -4.58567869e-03  1.87114589e-02 -1.64865870e-02  6.92286566e-02
 -6.05432652e-02 -2.95172688e-02 -5.80533855e-02 -4.13344167e-02
  9.00079161e-02  4.87482511e-02  2.96011698e-02  1.44782901e-01
  1.84355024e-02 -7.35316565e-03 -4.24142228e-03  1.18295860e-03
  5.81060871e-02 -6.16369676e-03  7.79421479e-02 -2.20025182e-02
  3.85372937e-02  8.20831880e-02  2.11266410e-02  6.30906224e-02
 -3.91716734e-02  6.11493811e-02  2.11862195e-02  1.72590688e-02
 -1.09197814e-02  6.80632703e-03 -1.87900886e-02  3.74429710e-02
  1.11419037e-01  3.74763447e-04 -1.95829362e-01 -5.20429835e-02
 -3.09059583e-02  1.52784921e-02 -3.78342494e-02  5.27467392e-02
 -9.93468389e-02  5.88169135e-02 -1.06203258e-01  3.28467153e-02
 -3.68989594e-02  8.25033244e-03  3.70783582e-02  2.24715248e-02
  2.54596118e-03  8.30526054e-02 -2.76066698e-02 -2.15381309e-02]"
51,../models/Simple Tests/AnalysisTest.sysml,"package AnalysisTest {

	part def V {
		m;
	}
	
	part vv : V;
	
	requirement def AnalysisObjective {
		doc /* ... */
	}

	analysis def AnalysisCase {
		subject v : V;
		
		objective obj : AnalysisObjective { 
			subject = result;
		}
		
		v.m
	}
	
	analysis def AnalysisPlan {
		subject v : V;
		
		objective {
			doc /* ... */
		}
		
		analysis analysisCase : AnalysisCase { return mass; }
	}
	
	part analysisContext {
		analysis analysisPlan : AnalysisPlan {
			subject v = vv;
		}
	}
}","Generate a SysML v2 model that encapsulates an analysis framework within the package AnalysisTest. The model should contain a part definition for a component named V, which includes a member 'm'. There’s a second part, vv, that is an instance of V. Define a requirement called AnalysisObjective with a placeholder for documentation. Create two analysis definitions: AnalysisCase, which focuses on the subject v and specifies a relationship to AnalysisObjective, and AnalysisPlan, which also focuses on v but includes an analysis case referencing AnalysisCase, returning the mass. Additionally, create an analysis context which incorporates the AnalysisPlan, ensuring it uses vv as its subject. The overall structure should streamline the analysis objectives and cases, allowing for efficient management of various analysis plans related to V and its associated requirements.","[ 2.02944987e-02  6.62198514e-02 -2.86860242e-02  2.29543988e-02
  1.16072167e-02 -1.56090427e-02 -1.01648076e-02  5.01876809e-02
 -5.20386510e-02  2.67960802e-02 -2.19029430e-02 -7.24775046e-02
  2.94508785e-02  1.03907339e-01  2.73088546e-04  1.83397066e-02
  1.45605542e-02  2.45254301e-02  2.54196897e-02  2.84437798e-02
  1.26683488e-02  2.92449836e-02  3.10882311e-02  1.10739302e-02
 -8.98341984e-02  2.15269793e-02 -1.27218263e-02  2.05781516e-02
  5.25221154e-02 -4.31904430e-03  6.66343346e-02  1.23803273e-01
  2.84722843e-03  3.21909487e-02  4.75157984e-02  8.79523978e-02
 -8.63320660e-03 -1.68420505e-02  8.76214635e-03 -1.76709834e-02
 -4.14299145e-02  1.91985779e-02 -2.95561948e-03 -3.84198572e-03
  2.80005261e-02 -1.23994738e-01  1.94077548e-02 -3.57900262e-02
 -5.47745749e-02  5.40789077e-03 -9.67853814e-02 -2.59653609e-02
 -3.30111980e-02 -3.15522105e-02  5.17248129e-03  4.17908058e-02
  7.83380717e-02 -2.35935170e-02 -5.28497435e-02 -3.38614397e-02
 -3.15499790e-02  1.11171845e-02 -8.50402862e-02  4.06979304e-03
 -3.86334732e-02  1.05137497e-01  1.68279205e-02  7.25152716e-02
  2.27481667e-02  9.57083181e-02 -8.12189132e-02 -2.46571507e-02
 -1.28322011e-02 -8.56015645e-03 -1.36030493e-02  8.38229433e-02
  1.96097977e-02  5.00708483e-02  9.40389410e-02 -1.16718769e-01
 -1.91982724e-02  5.84159279e-03 -1.61860958e-02  9.41748172e-03
 -6.60666963e-03  1.89199038e-02  8.35631117e-02 -4.26632315e-02
  1.17405143e-03  9.57211107e-02  4.78238799e-02 -5.51592186e-02
  9.58424881e-02 -5.51549811e-03  1.53650984e-01 -2.07671728e-02
 -1.58267058e-02 -4.16272059e-02  7.77260065e-02  5.91916637e-03
 -1.67299956e-02  7.23061264e-02  4.94099595e-02  1.49973445e-02
 -5.93983084e-02  1.74737945e-02 -7.28914887e-03 -8.73793811e-02
 -4.27225158e-02 -1.30484207e-02  1.46616995e-02  6.75298050e-02
 -5.81735326e-03 -7.04560578e-02  5.32696433e-02 -1.94324460e-02
  7.23238736e-02  7.17305625e-03  5.53597882e-02  1.45695349e-02
 -3.10715870e-04  6.25670236e-03  5.29550202e-02 -1.56199755e-02
  6.06406145e-02  2.52885800e-02 -9.43123028e-02  8.90991657e-34
 -4.38539386e-02 -6.68142289e-02 -7.07790405e-02  1.20000653e-01
  3.44236232e-02  4.53210324e-02  3.62020284e-02  4.66562174e-02
 -3.96838114e-02  1.54038090e-02 -3.41849588e-02  5.11330590e-02
 -1.22712729e-02  2.03839857e-02  2.31655296e-02  2.33668345e-03
 -1.68594383e-02  8.95362049e-02 -5.15140593e-02 -2.82509327e-02
 -9.96177271e-03 -6.78080022e-02  1.04754940e-02 -3.13129537e-02
  6.52059391e-02  3.38636562e-02  9.97202694e-02 -1.38452193e-02
 -7.03117177e-02  1.02313012e-02  3.45018767e-02  1.60330310e-02
 -1.37386210e-02  6.84870705e-02 -3.81467631e-03  1.97586492e-02
 -1.52845839e-02 -1.65233314e-02  7.35539794e-02 -2.68671731e-03
  1.16172237e-02  4.71443729e-03 -9.75599978e-03 -2.65954696e-02
 -5.80386855e-02  2.44525187e-02 -4.65203226e-02  2.81709116e-02
  1.36436954e-01 -6.03386015e-02  1.35262478e-02 -2.55437121e-02
  3.63385938e-02 -1.14259543e-03 -5.80922253e-02 -1.69815656e-04
 -1.35210352e-02  2.27765925e-03  6.46542236e-02  4.21125218e-02
 -6.24674745e-02  8.69381577e-02  7.11835804e-04  4.65026051e-02
 -6.59408141e-03 -1.40554123e-02 -1.50885239e-01 -8.93383473e-02
  5.15941903e-02 -4.37990762e-02 -3.72188911e-02  1.92879271e-02
 -3.14372815e-02  3.47705819e-02  2.71073207e-02 -9.90756154e-02
  9.96990222e-03  4.89087142e-02 -7.83726797e-02 -7.89673347e-03
 -7.45578706e-02  9.01465267e-02  6.25437871e-02 -6.91836700e-02
  7.08496151e-03 -5.47880307e-02 -5.90209141e-02 -4.44589369e-02
 -6.20412156e-02 -1.41790420e-01 -3.89027670e-02 -5.92535175e-02
 -5.56401573e-02  1.23591134e-02  3.23011875e-02 -1.92392995e-33
 -2.59202328e-02  6.98782783e-03  4.26351000e-03  4.09199595e-02
  2.69168820e-02 -8.54920521e-02  7.75020290e-03 -1.45347202e-02
 -4.88392310e-03  3.80344838e-02 -9.93679371e-03 -6.10879026e-02
 -1.23315435e-02  1.28358658e-02 -5.87429386e-03  2.84950994e-02
 -7.08958209e-02 -1.81570917e-01  4.28654440e-02  5.54318689e-02
 -4.61944789e-02  6.39589354e-02  2.19970029e-02 -3.59271094e-02
  3.42758633e-02 -1.26587832e-02  9.76229832e-03 -4.66333255e-02
  4.68564332e-02  2.37138272e-04 -1.02269100e-02  1.65823847e-02
 -4.02592048e-02 -6.71716258e-02 -1.10688563e-02 -3.07680480e-02
  3.15846950e-02 -5.81277497e-02 -1.03943367e-02  6.95598498e-02
  4.36169989e-02  5.70483543e-02 -3.22656296e-02 -4.89158370e-03
  5.47397509e-02  4.08549607e-02  3.90126929e-02  7.64294947e-03
 -2.20303680e-03 -6.61869943e-02 -6.89548180e-02  6.72803586e-03
  5.36499023e-02 -1.85342934e-02 -4.57341373e-02 -3.48256454e-02
  1.06856547e-01 -4.08763550e-02 -1.80825908e-02  2.57203472e-03
  8.25646371e-02  2.62760017e-02  4.40582298e-02 -3.11771203e-02
  2.47194041e-02 -1.10887252e-02 -4.27286373e-03 -7.79135674e-02
 -4.94789518e-02 -1.10241910e-03 -3.10640745e-02 -8.03361414e-04
 -5.67092560e-02  1.61464233e-02  6.52143881e-02 -2.33352296e-02
 -5.07545210e-02 -2.31645815e-02  9.20708552e-02  1.29032517e-02
 -3.12322527e-02  4.18373533e-02  1.88264754e-02  4.76437844e-02
 -3.00408509e-02 -1.49992527e-02  6.53504254e-03  6.19785376e-02
 -3.82619463e-02  6.31733015e-02 -9.80872586e-02 -3.65782194e-02
 -5.19136898e-02  7.04485700e-02  1.09340772e-02 -5.24219956e-08
 -3.50923538e-02 -2.50983257e-02  1.96572151e-02  3.54075208e-02
  2.39745341e-02  1.10647799e-02 -1.22071281e-01  4.20352593e-02
  1.68959610e-02  4.13616262e-02 -7.48131052e-02  2.44368184e-02
 -1.14007324e-01  6.03282154e-02 -1.14935473e-01  1.33412071e-02
 -2.02577352e-03  5.70026673e-02 -7.64735341e-02 -3.69546823e-02
  4.22681533e-02  5.60807176e-02  3.08517814e-02  3.91133390e-02
  9.71165076e-02 -3.71840373e-02  1.41544472e-02  2.52030920e-02
  4.52322289e-02 -3.84168737e-02  1.09169241e-02  5.47818616e-02
 -2.44852044e-02 -6.87405467e-02 -4.05288190e-02  3.93150672e-02
 -2.37854552e-02  6.66971654e-02  1.01194806e-01  1.08409571e-02
 -7.79387057e-02 -1.23688420e-02  2.95589864e-02  3.93161476e-02
 -4.14579920e-02 -2.01320015e-02 -1.76590681e-01 -2.87084058e-02
 -1.41274696e-02 -3.30640352e-03 -1.73785128e-02 -3.06076221e-02
 -6.75923973e-02  1.08191520e-01 -4.27905843e-02  6.32626712e-02
  3.27857696e-02 -3.23848724e-02  5.21631129e-02 -5.25798686e-02
 -9.86552332e-04  4.48345095e-02  1.89287346e-02 -3.82652096e-02]"
52,../models/Simple Tests/AssignmentTest.sysml,"package AssignmentTest {
	
	part def Counter {
		attribute count : ScalarValues::Integer := 0;
		
		action incr {
			assign count := count + 1;
		}
		
		action decr {
			assign count := count - 1;
		}
	}
	
	attribute def Incr;
	attribute def Decr;
	
	state def Counting {
		part counter : Counter;
		entry assign counter.count := 0;
		
		then state wait;
		accept Incr
			then increment;
		accept Decr
			then decrement;
		
		state increment {
			do assign counter.count := counter.count + 1;
		}
		then wait;
		
		state decrement {
			do assign counter.count := counter.count - 1;
		}
		then wait;
	}
	
	calc def Increment { 
		in c : Counter;
		return : Counter;
		
		perform c.incr;
		c
	}
	
	action a {
		state counting : Counting;
		assign counting.counter.count := counting.counter.count + 1;
		assign counting.counter.count := Increment(counting.counter).count;
	}
}","Generate a SysML v2 model that defines a package named ""AssignmentTest,"" which contains a part called ""Counter."" This Counter part has an attribute ""count"" initialized to zero and two actions: ""incr,"" which increments the count by one, and ""decr,"" which decrements it. The model includes a state definition, ""Counting,"" comprising an instance of Counter. In the entry of this state, the count is set to zero. The state transitions to ""wait,"" accepting two events: ""Incr"" triggers the ""increment"" state, and ""Decr"" triggers the ""decrement"" state. Each increment state updates the count accordingly, transitioning back to ""wait."" Additionally, there's a calculation definition, ""Increment,"" designed to perform the increment action and return the updated Counter instance. Lastly, an action ""a"" manipulates the Counting state, adjusting the count using both direct assignment and the Increment calculation.","[-7.55134597e-02 -6.28322139e-02 -5.45047969e-02  3.85743640e-02
 -9.58340243e-02  3.68422084e-02  3.00349984e-02 -3.24715786e-02
  7.99336955e-02  7.23628923e-02  6.86116442e-02 -5.35978228e-02
  2.67457552e-02  2.46079825e-02 -1.03352992e-02 -2.08844431e-02
 -6.21777512e-02 -3.51692587e-02  4.77201864e-03 -7.74252117e-02
  5.00443354e-02 -2.41557900e-02  1.67725980e-02  2.88782641e-02
 -6.65840954e-02 -4.37126346e-02 -5.02434932e-02 -1.39514152e-02
  1.26838878e-01 -6.67245314e-02  2.72807237e-02 -8.60325526e-03
  6.61771512e-03  3.55950147e-02  3.36668864e-02 -9.72111709e-03
  3.05941049e-02 -8.11703503e-02 -3.92078534e-02  8.16862285e-03
  3.99451219e-02 -5.74506707e-02 -5.73512651e-02 -4.07865047e-02
  1.64286476e-02  1.74347553e-02 -3.54386121e-02  2.82768719e-02
 -6.55940995e-02 -7.46583287e-03  1.41575793e-02  4.19396237e-02
 -1.30472165e-02 -3.69747169e-03  7.86571763e-03  6.02395386e-02
  1.10555135e-01 -1.64940078e-02 -9.94557664e-02 -3.15901898e-02
 -7.61265531e-02 -4.70222607e-02 -7.82061815e-02 -2.60009207e-02
  1.30389538e-02  1.11667417e-01 -3.72704938e-02 -4.97746002e-03
  6.94873631e-02  5.44041134e-02 -9.32988673e-02 -1.56981722e-02
  5.90777174e-02  3.26889120e-02 -2.49474254e-02 -6.30997866e-02
  2.37352047e-02  2.67051980e-02 -6.48922659e-03 -4.73968945e-02
 -6.20327033e-02 -5.18126450e-02 -4.85265777e-02  1.17048412e-03
  3.82993184e-02 -4.38628122e-02  6.30560070e-02  7.37604743e-04
  1.08635843e-01  3.71894874e-02 -9.63842869e-03  4.75206040e-02
  1.98811106e-03  4.33960147e-02  4.64535579e-02  9.37945098e-02
 -3.32678854e-02  6.43561184e-02 -1.16010997e-04 -4.54041595e-03
 -1.66120660e-02  1.94001682e-02  1.53553635e-02  4.44251439e-03
 -8.71381816e-03  3.06037930e-03 -3.76298428e-02 -7.27116093e-02
 -1.04020320e-01 -3.13796997e-02  3.18563879e-02  5.39385788e-02
  7.59688467e-02  2.66412478e-02 -1.44204525e-02  5.13197519e-02
  2.80597713e-02  5.96969724e-02  5.39817661e-02 -4.67543900e-02
  1.01884827e-01  8.50341283e-03  1.10765230e-02 -7.49345683e-03
  3.74615304e-02  3.66167426e-02 -1.97529588e-02  5.81753853e-34
 -2.03041080e-02 -1.14121497e-01 -3.65255922e-02  9.80024561e-02
 -1.43953301e-02  3.17705721e-02  3.49053144e-02  5.27055375e-02
 -4.70290445e-02  3.06374226e-02 -1.19534414e-02 -2.60221064e-02
  2.55846921e-02  2.91256979e-02  3.13901566e-02 -9.28307399e-02
  3.97522636e-02  2.21281331e-02 -1.51496157e-02 -2.70276825e-04
  6.42212033e-02 -5.88994175e-02 -8.39110166e-02 -1.92101281e-02
  6.38472959e-02  8.90458077e-02 -3.34409960e-02  8.54900572e-03
 -6.45608157e-02  2.23857467e-03  7.61153400e-02  4.82758731e-02
 -3.52764800e-02  6.45197555e-03  4.05898578e-02 -2.17451695e-02
 -2.90518422e-02  2.35494263e-02  1.04010388e-01 -7.85541087e-02
 -3.37364860e-02 -3.96148674e-02 -4.61777784e-02 -9.63137427e-04
 -1.04124077e-01 -1.01761237e-01 -1.73513498e-02  2.27364693e-02
 -7.44665181e-03  4.69465461e-03  1.12169474e-01  1.11683048e-02
 -4.15327176e-02  3.58493603e-03 -4.46425341e-02  6.10935269e-03
 -4.62226383e-03  1.45910576e-03 -5.77548891e-02  1.00484304e-01
  3.63893211e-02  8.63153767e-03 -2.99773589e-02  3.22542191e-02
  1.37236435e-02  3.55448164e-02 -6.30943850e-02 -7.51274675e-02
  6.93423226e-02  4.63640317e-02 -2.13000774e-02  8.55323896e-02
 -4.13357355e-02  3.37478220e-02  1.04087126e-03 -4.14463468e-02
  1.41901476e-02 -4.59194556e-02 -7.06331581e-02  3.16777267e-02
 -6.21846598e-03  4.11131978e-02 -7.52521381e-02  1.06396731e-02
  5.10380305e-02 -2.86481660e-02 -6.73402995e-02 -2.49909945e-02
 -5.28325588e-02 -1.18729055e-01  7.00132847e-02 -8.54589939e-02
  5.05444407e-02  2.71491818e-02 -6.62780693e-03 -2.20203226e-33
  3.89792547e-02 -1.43011259e-02  6.70598820e-03  7.59292617e-02
  4.72333618e-02 -4.16768417e-02  1.28584336e-02 -1.65958621e-03
 -3.95476492e-03  3.54429265e-03 -3.55468341e-03  8.15375671e-02
 -6.37901528e-03  7.47336224e-02  3.46047059e-02 -1.61292385e-02
  1.10021690e-02 -7.12054223e-02  2.33704057e-02  6.64535090e-02
  9.50395688e-03  9.70658064e-02 -5.14906608e-02 -2.35082512e-03
 -3.50857899e-02  2.82692164e-02 -2.74335995e-04  1.71706043e-02
  7.29228035e-02  4.96610347e-03  5.04514687e-02 -6.22974224e-02
  2.20498405e-02 -3.31961550e-02  1.10166855e-02 -9.68774334e-02
  4.63124141e-02 -7.98219591e-02 -3.10811447e-04  4.70357351e-02
  7.50384703e-02  2.59336107e-03 -5.99473342e-03  3.49272415e-02
  4.61396016e-02  3.69067006e-02 -9.35801305e-03  2.09043343e-02
 -6.78492114e-02 -7.53083751e-02 -3.56317610e-02  3.16025428e-02
  2.37539653e-02  1.00868702e-01 -2.72827805e-03  1.68143995e-02
 -1.56728681e-02 -7.94902816e-02 -3.37756262e-03  3.68743353e-02
 -3.36059481e-02 -2.71259919e-02  6.97439313e-02  2.76533440e-02
  2.30392013e-02  2.53287982e-02 -4.55746651e-02 -4.81640510e-02
 -6.40221452e-03  9.24578999e-05  1.05559953e-01  4.58433218e-02
 -9.47612524e-02 -1.70360468e-02  3.81412059e-02 -7.58199692e-02
 -1.19304582e-01 -1.27575314e-02  1.79609861e-02 -2.47945748e-02
 -1.40605599e-01 -3.17006223e-02 -8.51863064e-03  6.85099438e-02
 -1.04999028e-01  1.16588539e-02  3.53982262e-02  6.46549538e-02
 -2.64718849e-03  2.86217984e-02 -5.65466806e-02 -5.61944488e-03
  2.06663436e-03  1.15192629e-01 -6.77934587e-02 -5.57811468e-08
 -4.89184335e-02 -5.42015545e-02  2.47920658e-02  3.04230750e-02
  6.00073300e-02  6.39733896e-02 -7.31029585e-02 -6.10271320e-02
 -5.92284389e-02 -3.37108150e-02 -5.33135096e-03  4.25589755e-02
  2.08857208e-02  9.09213908e-03 -4.07330208e-02  6.14075363e-02
  7.19686002e-02  1.71289966e-02 -1.39842862e-02 -4.76330481e-02
  3.66817303e-02  4.89266738e-02  3.15964483e-02  3.20695378e-02
 -3.76702733e-02 -5.14418585e-03  4.35010977e-02  8.50529075e-02
  3.36789079e-02 -5.25625721e-02  4.98872027e-02  1.43256523e-02
  4.45652679e-02  5.73825985e-02 -2.21020561e-02  5.24155125e-02
 -9.43047577e-04 -1.22617083e-02  1.05199017e-01 -2.50834525e-02
 -1.12436851e-02 -1.58999639e-03 -5.34172393e-02  7.66447186e-02
 -2.88619008e-02 -6.98568393e-03 -1.34190723e-01 -1.64117083e-01
 -5.37943803e-02 -4.33309786e-02 -1.40228625e-02 -4.11453750e-03
 -6.71221390e-02  6.62062988e-02 -6.90289736e-02  3.56485657e-02
  1.28951808e-02 -7.52520412e-02  3.15507986e-02  7.91766942e-02
  9.76917986e-03 -1.50307575e-02 -6.28350824e-02 -2.13801544e-02]"
53,../models/Simple Tests/CalculationTest.sysml,"package CalculationExample {
	private import ISQ::*;
	private import NumericalFunctions::*;
	
	part def VehiclePart {
		attribute m : MassValue;
	}
	
	part def Vehicle :> VehiclePart;
	
	part vehicle : Vehicle {		
		part eng : VehiclePart;		
		part trans : VehiclePart;
		attribute ::> m = ms.totalMass;
	}
	
	calc def MassSum {
		in partMasses : MassValue[0..*];
		return totalMass : MassValue = sum(partMasses);
	}
	
	calc ms: MassSum {
		in partMasses = (vehicle.eng.m, vehicle.trans.m);
		return totalMass;
	}
	
	part vehicles[*] = (vehicle, vehicle);
	attribute masses1[*] = (vehicles as VehiclePart).m;
	attribute masses2[*] = (vehicles as vehicle).m;
}","Generate a SysML v2 model named CalculationExample to encapsulate vehicle mass calculations. Model includes a package containing parts representing different vehicle components. Define a VehiclePart with an attribute for mass (m), and create a main Vehicle part, aggregating two VehicleParts: eng (engine) and trans (transmission). The total mass of the vehicle is computed via a calculation definition, MassSum, which takes an array of MassValues as input and returns the cumulative mass. An instance of MassSum, named ms, processes masses from vehicle parts eng and trans, providing total mass output. Additionally, an array of vehicles is defined, allowing for mass retrieval as both VehiclePart and vehicle types through dedicated attributes. This structured approach enables systematic mass calculations across multiple vehicle instances.","[-3.29860970e-02 -5.23296278e-03  1.49690928e-02  2.96876580e-02
 -2.50395890e-02 -4.60134260e-02  6.23453176e-03  7.79815540e-02
 -3.27803902e-02 -1.66604575e-02  2.16845702e-02 -7.02632442e-02
  3.89256701e-02  5.07940836e-02 -4.15339880e-02  3.23345559e-03
  1.97237562e-02  7.39473253e-02 -2.96531171e-02  1.29840458e-02
  7.12782666e-02 -2.22960883e-03  1.60360578e-02  4.19896748e-03
 -2.79610753e-02 -3.05327643e-02 -6.98750317e-02  5.87064922e-02
  4.31335270e-02 -6.72608390e-02  2.32345494e-03  4.02981155e-02
  3.40794809e-02  4.72552888e-03  9.92554054e-03 -5.30535318e-02
 -6.14067800e-02 -8.42003245e-03 -4.04013842e-02 -7.18804598e-02
  1.61600467e-02 -8.56340379e-02 -2.24687606e-02 -2.79551707e-02
  9.59917977e-02  9.28670575e-04  2.00218037e-02 -1.25037320e-03
  3.64840329e-02 -2.40426580e-03  6.10510306e-03  1.27599612e-02
 -5.39247282e-02  7.51804709e-02 -3.13813984e-02 -4.69447002e-02
  4.10565175e-02 -4.83229198e-02 -1.03521749e-01 -3.20894904e-02
 -4.35033627e-03 -1.38294799e-02 -4.98869680e-02 -4.24901284e-02
  5.45423850e-03  2.01146752e-02 -3.36947180e-02  1.26340732e-04
  2.45140549e-02  8.96184668e-02  3.54321077e-02  2.13796217e-02
 -2.95529957e-03  9.47922692e-02  1.86514650e-02 -2.09099464e-02
  4.14147303e-02  3.61704617e-03  3.04907486e-02  1.12066290e-03
 -6.01016618e-02  4.59782779e-02 -3.21958177e-02 -8.17960426e-02
  6.29095510e-02 -2.96630692e-02  4.16683778e-02  6.50948584e-02
  4.21377271e-02  7.01922253e-02 -7.58768097e-02  2.58105504e-03
  7.93035403e-02 -1.00097731e-02  2.13938877e-02  2.64893193e-02
 -1.92878284e-02  2.47346889e-02  8.92885402e-02  7.99189042e-03
  3.30907187e-06  1.05898857e-01  5.14056273e-02 -2.80410443e-02
 -7.15160221e-02  5.37432842e-02 -1.59219913e-02  2.61725746e-02
 -2.17882656e-02 -8.59302804e-02  4.99016531e-02  5.59903160e-02
 -9.73207597e-03 -4.02100720e-02 -3.89745869e-02 -3.56178246e-02
  3.61884907e-02 -3.88374217e-02  4.49046604e-02 -1.94098018e-02
 -2.49907840e-02 -3.12750712e-02  6.06198050e-02  5.19355014e-02
  7.30125457e-02 -5.86610427e-03 -4.72023301e-02  4.51010256e-33
 -1.17654003e-01 -6.27327934e-02  6.01144806e-02  1.10643737e-01
 -3.38366181e-02  2.85400674e-02 -1.74114443e-02  2.86591873e-02
  4.67571765e-02 -9.94402729e-03 -9.54742804e-02  2.02958100e-03
 -3.52605395e-02  8.97911191e-03  2.56910771e-02 -5.80760911e-02
 -1.06187919e-02  7.22163096e-02  1.04434351e-02 -3.76766399e-02
  1.73628107e-02  1.69686377e-02 -1.09707937e-02 -1.68380160e-02
  6.75734952e-02  1.02606803e-01  2.72417367e-02  1.36681963e-02
 -4.94941548e-02  3.39288674e-02 -2.28890497e-03  1.24015007e-02
 -1.85838342e-02  3.32955271e-02  4.45179269e-03 -2.41918657e-02
 -4.04796377e-02 -6.65846542e-02  6.97881505e-02 -1.56759489e-02
  9.55467001e-02 -8.57050414e-04 -4.13567349e-02 -2.89025400e-02
 -1.95909381e-01  8.65074899e-03  1.33317076e-02  2.94198394e-02
  2.11786143e-02  3.49610229e-03  1.47391241e-02 -2.67622806e-02
  2.21080575e-02 -6.75161928e-03 -7.95028955e-02  8.27080533e-02
  5.93556790e-03  2.68085431e-02  4.48940136e-03  4.47752550e-02
 -1.13671295e-01  5.52815571e-02  5.60088903e-02  1.08871199e-02
  1.78080443e-02  3.14137749e-02 -3.17456014e-02 -4.02670577e-02
  3.66119295e-02  5.13231233e-02 -1.25561291e-02 -8.85498337e-03
 -1.82915535e-02  8.51290300e-03  9.84104201e-02 -5.28218113e-02
  6.04128912e-02 -3.57731767e-02 -8.61210153e-02  3.74681391e-02
 -1.22555152e-01  1.35001361e-01 -2.94935908e-02 -4.47866097e-02
  8.02910887e-03  1.67001970e-02 -3.11669558e-02 -8.72436166e-02
 -2.18008421e-02 -6.62256256e-02 -1.98597834e-02 -3.29194814e-02
 -1.09705657e-01  9.65594221e-03 -1.33333560e-02 -4.46016573e-33
 -3.63043323e-02  3.64754349e-02  4.87491451e-02  2.20361520e-02
  2.55268868e-02 -7.95358419e-02 -1.50157148e-02 -6.32658973e-02
 -3.88510153e-02  7.45332241e-02  1.68508058e-03 -3.03176139e-02
 -5.74333011e-04 -2.17086636e-02  3.00004054e-02  5.42830210e-03
  1.98354889e-02 -1.42830193e-01 -2.49485876e-02  1.25031080e-02
 -4.54071201e-02  9.50420424e-02  4.13350202e-02 -1.09191770e-02
 -2.62190937e-03 -2.66063735e-02 -5.27314171e-02  8.83820001e-03
  5.70931174e-02 -3.26893218e-02  3.61015350e-02 -7.68795460e-02
  4.47867624e-02 -2.19171327e-02 -4.28456478e-02 -3.48678678e-02
  4.99957800e-02  1.14070959e-02 -1.08237602e-02 -3.24744382e-03
 -1.02751106e-02 -2.09126510e-02 -9.61910561e-03  2.43474934e-02
  1.73407849e-02 -3.20616588e-02  5.49829565e-02 -1.02500785e-02
  6.98626637e-02 -1.16816582e-02  8.08038749e-03 -1.04815094e-02
 -5.51505722e-02  9.18345340e-03  1.75951762e-04  3.25264479e-03
  6.77068904e-02 -5.03785573e-02 -3.44685577e-02 -2.99440678e-02
  1.25207370e-02 -6.91805184e-02  2.45807134e-02 -1.55839734e-02
 -2.00975183e-02 -6.91084713e-02 -8.49379785e-03 -1.30937025e-01
 -4.74294350e-02  1.11404527e-03  2.47999020e-02  2.77848132e-02
  4.25883681e-02  2.93352082e-02 -1.10384719e-02 -5.79156578e-02
  2.63414197e-02  3.36678550e-02  1.06922582e-01 -5.66940866e-02
 -4.78479750e-02 -4.80387397e-02  9.36993361e-02  6.10442348e-02
 -4.65188026e-02 -4.61637080e-02 -1.42094446e-02  6.72796667e-02
 -3.86855677e-02  6.84442446e-02 -1.01824194e-01  9.34730321e-02
  2.03938503e-02  1.28092796e-01 -9.77905765e-02 -4.27433342e-08
 -5.24452282e-03 -4.81418660e-03 -3.34430789e-03  1.42705766e-02
 -1.15746995e-02  3.55114527e-02 -9.97958928e-02  4.90416922e-02
 -5.83350062e-02  3.04008517e-02  4.82469648e-02 -4.93458621e-02
 -8.71116295e-03  4.26309602e-03 -4.17412445e-02  5.51841184e-02
  3.54773067e-02  3.58740948e-02 -6.45670593e-02 -7.22531900e-02
  5.27310297e-02  4.34017405e-02 -2.31924970e-02  9.66048762e-02
  9.02907550e-02 -7.17446730e-02 -2.79844906e-02  6.78704977e-02
  6.88705742e-02 -3.39964107e-02  2.84729619e-02  5.41613959e-02
  4.12390120e-02  8.72825980e-02  6.59992173e-02  1.07107908e-02
 -4.58952151e-02  1.09751098e-01  3.99703644e-02 -7.80300878e-04
  7.82250091e-02  8.78108083e-04  5.34829544e-03  3.35899405e-02
  6.17528334e-02  9.97036174e-02 -1.76739290e-01 -4.73074913e-02
 -5.94880059e-02  2.80634239e-02  2.72976682e-02 -4.05538864e-02
 -8.34298432e-02  1.15667090e-01 -3.45294923e-02  6.37480407e-05
  5.82617102e-03 -7.34706074e-02  1.10268876e-01 -7.28275254e-02
 -2.09738384e-03  1.94922052e-02  1.55538190e-02 -3.75442184e-03]"
54,../models/Simple Tests/CommentTest.sysml,"  /* AAA */
  //a lexical comment (""note"") is not a part of model
package CommentTest {
	// inside package
	/*
*AAA
 * BBB*/	
 /*
    *
    *
    * AAA  ***   
    *BBB
    								*/

   /*
 *       AAAA
 *       BBBB           */	
 /* AAAA
 
 
  * BBBB
 *
 * CCCC
 */
 locale ""en_US"" /*
 * AAAA
 * BBBB
 *    CCC DDD    
 */
	
	/* comment inside a package */
	doc locale ""en_US"" /* Documentation about Package */
	comment cmt /* Named Comment */	
	comment cmt_cmt about cmt /* Comment about Comment */
	
	comment about C /* Documention Comment about Part Def */
	part def C {
		doc /* Documentation in Part Def */
		comment /* Comment in Part Def */
		comment about CommentTest locale ""en_US"" /* Comment about Package */
	}
	/* abc */
	part def A;
}","Generate a SysML v2 model that encapsulates the package structure and comments for ""CommentTest."" Model should include a locale definition for ""en_US,"" establishing the default language context. Within the package, incorporate several multi-line comments to demonstrate documentation and annotation practices, detailing the role of each part. Create a named comment called ""cmt"" alongside a commentary on this comment for clarity. Define a part ""C"" with associated documentation and comments, and include an additional comment referring to the package. Lastly, declare an additional part ""A"" without detailed commentary, maintaining simplicity in the model structure. The overall design should result in a clear, well-documented package that reflects proper SysML v2 conventions while reinforcing comment utilization for enhanced understanding.","[-7.19253719e-02 -2.02494096e-02  2.75675720e-03  2.39621345e-02
 -3.48781720e-02 -1.86551865e-02  4.45709080e-02  5.70927188e-02
 -5.77952042e-02  4.64260839e-02 -8.50591110e-04 -8.91388133e-02
  6.71314225e-02  8.70487243e-02  5.49692549e-02  3.85669172e-02
  4.07176353e-02 -4.07416299e-02 -7.26808154e-04 -3.63272466e-02
  4.66485880e-02 -1.74946077e-02  2.45935582e-02  9.48053226e-02
 -6.59245402e-02  3.37406136e-02 -4.05169614e-02  4.85928394e-02
  2.17317734e-02 -3.84698319e-03 -3.21951285e-02  6.71102777e-02
  9.37505066e-03  5.99680692e-02  6.59698695e-02  3.83999608e-02
  5.48823327e-02 -3.67036201e-02 -2.83769462e-02 -6.74005374e-02
 -6.80512413e-02 -4.05144915e-02  1.00810975e-02  3.86799052e-02
  1.76946837e-02 -4.84055132e-02  2.11905111e-02  4.32551019e-02
 -3.23495679e-02 -1.20222243e-02 -5.00239171e-02 -4.28388119e-02
 -6.87365280e-03 -8.17432627e-02 -3.48667055e-03  6.71492517e-02
  8.25475678e-02  2.71463599e-02 -7.88305551e-02 -1.27717033e-02
 -5.13328873e-02 -1.93325654e-02 -1.09557390e-01  4.79087085e-02
 -4.10163887e-02  2.94982120e-02 -9.37990546e-02  2.56245565e-02
  3.10013965e-02  2.20253114e-02 -1.72142088e-01 -1.23954955e-02
  2.75446679e-02  1.23552769e-01 -2.45865807e-02  3.49172167e-02
  6.54254183e-02  1.97751373e-02 -1.15860661e-03 -8.98844451e-02
 -2.96930736e-03  3.97883207e-02 -9.78542771e-03  5.17103486e-02
  6.82471991e-02  3.34039959e-03  1.31857678e-01  1.84126832e-02
  4.66462113e-02  5.50156347e-02  2.14542672e-02 -7.69726112e-02
  3.63938846e-02  1.17771504e-02  4.98770662e-02  7.21783414e-02
  5.59330285e-02 -4.98026088e-02  1.30608492e-02  5.39509989e-02
  2.49911416e-02  8.18445832e-02  8.34301934e-02 -3.86430994e-02
  1.35421315e-02  3.91990393e-02 -4.44551408e-02 -5.36279865e-02
 -1.23425135e-02 -8.77274349e-02 -1.02047008e-02  7.71471262e-02
 -6.12407736e-02 -5.97665682e-02  1.80786625e-02 -5.31978868e-02
  5.40847853e-02 -5.14139980e-02  4.29720990e-02 -6.20051995e-02
  9.84509476e-03 -1.62359048e-02 -3.42078879e-02  1.10530555e-02
  6.96470588e-02  6.05824217e-02 -5.45150004e-02  2.83138808e-33
  2.26531941e-02  2.39267834e-02  1.29584107e-03  1.25620082e-01
 -1.36625376e-02  8.74522626e-02  2.99535971e-02  1.57041736e-02
 -6.70098811e-02 -6.84344545e-02  1.85806993e-02 -1.14353999e-01
  1.60988551e-02  4.58518155e-02 -3.78299952e-02  8.22390243e-03
 -1.60769336e-02  3.91943492e-02  1.50934318e-02 -1.27413974e-03
  2.85334066e-02  3.30281146e-02 -5.25364429e-02 -3.84558477e-02
  9.84941497e-02  3.85253201e-03  6.52628466e-02 -4.49720025e-02
 -2.21309755e-02 -4.63631982e-03  3.08850827e-03 -4.08854820e-02
 -1.08068530e-02  6.16373532e-02  4.44979444e-02 -1.23069156e-02
  7.19630625e-03 -1.60134006e-02  7.63393417e-02 -4.83869091e-02
  5.11885881e-02  4.90290374e-02 -2.08679494e-02  5.46393357e-02
  2.74787154e-02  2.31213551e-02 -4.29955423e-02 -7.61511689e-03
  9.02250856e-02 -8.20912570e-02  6.72704875e-02  1.94430724e-02
  5.07363603e-02  3.10672615e-02 -1.22913532e-02 -4.43456396e-02
  5.00387922e-02 -4.10282686e-02 -2.32696198e-02 -1.20363962e-02
 -2.19037216e-02  2.37623192e-02 -1.62749253e-02  3.34077366e-02
  3.98524739e-02 -2.85619292e-02 -1.09535798e-01 -3.25862020e-02
  7.64035359e-02 -1.22863343e-02 -7.23035857e-02  4.55087461e-02
  6.67288452e-02  6.76210821e-02 -4.10448872e-02 -4.44553234e-02
 -1.62796874e-03  1.05915768e-02  2.09756214e-02 -3.43359746e-02
 -8.06601644e-02 -1.78087074e-02 -3.69263329e-02  3.44186500e-02
  5.26367985e-02 -5.48424274e-02 -5.57694165e-03 -5.45816347e-02
 -1.00494968e-02 -1.13352239e-01 -5.74417086e-03 -2.45133750e-02
  3.33169778e-03 -2.63950936e-02 -1.09928250e-02 -3.31967649e-33
  3.11838053e-02  2.39072870e-02  1.41201192e-03  6.52438253e-02
 -1.08049743e-01 -5.12882881e-02  5.80147328e-03  4.86149639e-02
  5.93853742e-03  2.74955966e-02  3.71462479e-02 -1.40571957e-02
  3.28191184e-02 -7.80469924e-03  2.45593190e-02 -2.64899153e-02
 -6.41949698e-02 -8.01521912e-02  4.48525809e-02  9.62396711e-02
 -9.55620501e-03  3.12459748e-02 -1.88144390e-02 -2.10200623e-02
  3.88619751e-02 -4.35952805e-02  9.58865788e-03  2.08264100e-03
  2.98143700e-02 -5.24166711e-02  4.90295440e-02  4.31401953e-02
 -3.36081572e-02 -7.16480985e-02 -2.99868118e-02 -2.07036920e-02
 -2.31011473e-02 -7.92767778e-02  1.80318870e-03  7.24138543e-02
  4.54741158e-02  3.44670340e-02 -6.60831556e-02  1.69788823e-02
 -4.76018712e-02  1.46588301e-02  2.61273206e-04 -3.15316617e-02
 -1.00989223e-01 -4.83620651e-02 -9.62928161e-02 -1.42484516e-01
  2.19337530e-02 -3.08377631e-02 -4.45212945e-02 -1.07628331e-02
  1.85245797e-02 -3.13424468e-02 -2.01288960e-03 -1.21865012e-02
  3.42710614e-02  4.69587930e-02  3.13512422e-02 -2.33279765e-02
 -3.05838604e-02 -7.56881312e-02 -4.82052006e-02  1.24540543e-02
 -1.66694950e-02 -5.83781116e-03  3.85040790e-02  2.01305728e-02
 -9.79788601e-02 -3.11561907e-03  1.57816082e-01  4.47166013e-03
  2.76466366e-03 -3.00965109e-03  1.03564952e-02  6.90273661e-03
 -4.45679277e-02  2.15016529e-02 -2.76990887e-02  7.09963739e-02
 -3.25962156e-02 -4.60696733e-03  1.59919504e-02  1.00179106e-01
 -1.77888926e-02  5.83059974e-02 -7.28258789e-02  3.98363583e-02
  5.99801578e-02  1.22953407e-01  5.80394035e-03 -4.73830433e-08
 -9.13225487e-02 -6.25363290e-02 -4.01567221e-02  4.67085615e-02
 -1.16902664e-02  4.12228294e-02 -7.40989149e-02  1.08466164e-04
 -1.40509205e-02  4.54561524e-02 -5.13803177e-02  4.70641851e-02
 -9.40201730e-02 -1.34449229e-02 -8.39455053e-02  8.26975927e-02
  8.82911403e-03  1.03207178e-01 -5.44554777e-02  1.41719971e-02
  1.61608104e-02  9.42960605e-02 -1.13178212e-02  6.11531213e-02
  1.96699612e-02  3.22233550e-02  1.09971100e-02  9.63716209e-02
 -1.23969242e-02 -3.74892391e-02  6.06119595e-02 -1.61154885e-02
 -4.66051586e-02 -1.34525318e-02  4.63032816e-03  4.73141856e-02
 -1.19400900e-02  3.44947726e-02  1.27811953e-01  7.00728036e-03
 -2.92350389e-02  4.63566137e-03 -6.82212412e-02  4.64894623e-02
 -1.41926194e-02 -3.75101976e-02 -1.37801230e-01 -6.93085641e-02
 -6.77694529e-02 -6.65005669e-02 -1.85141545e-02 -3.44974957e-02
 -7.83119202e-02  3.94071192e-02 -3.30020152e-02  9.09317210e-02
 -2.51822509e-02 -2.45892666e-02  4.68797386e-02  9.54548642e-03
 -3.62603180e-02  5.13776168e-02  1.58729323e-03  5.04860766e-02]"
55,../models/Simple Tests/ConjugationTest.sysml,"package ConjugationTest {
	port def P;
	
	part def B {
		port p1: P;
		port p2: ~P;
	}
	
	connection def A {
		end port p1: P;
		end port p2: ~P;
	}
	
	interface def I {
		end p1: P;
		end p2: ~P;
	}
	
	part def B1 {
		part p {
			port p1: P;
			port p2: ~P;		
		}
	
		connection a: A {
			end port p3: P ::> p.p1;
			end port p4: ~P ::> p.p2;
		}
		interface i: I {
			end port p3: P ::> p.p1;
			end port p4: ~P ::> p.p2;
		}
	}
	
}","Generate a SysML v2 model encapsulated in the package ""ConjugationTest"". This model defines a shared interface ""I"" featuring two ports, ""p1"" and ""p2"", that represent a conjugated connection. The main part ""B"" includes two ports, ""p1"" and ""p2"", with types P and the negation of P, respectively. It establishes a connection ""A"" that connects these ports, ensuring compatibility between the specified types. Additionally, there is a part ""B1"" that contains one part ""p"". This part also defines two ports, conforming to the same interfaces, and establishes a connection to ports ""p3"" and ""p4"", linking them to the compatible ports of ""B"". The model emphasizes the relationship between different ports and their respective interfaces, showcasing the capability of defining structured connections and how parts can utilize defined interfaces in a modular way. This results in a compact but expressive representation of systems utilizing conjugation in relationship management.","[-4.78715897e-02 -5.32783270e-02 -2.11504269e-02 -1.64397806e-02
 -7.33909905e-02 -2.51403321e-02  4.77889404e-02 -3.37748714e-02
 -2.28292663e-02 -1.42188296e-02  3.70837264e-02  2.03133021e-02
  5.41951209e-02  6.35612905e-02  4.02383432e-02  4.03650776e-02
  6.39364449e-03 -5.11806719e-02 -3.51581648e-02  3.91331129e-02
  3.76233757e-02 -7.52300993e-02 -5.91377616e-02 -4.15732339e-02
 -9.97583792e-02  6.35142322e-04  4.50735725e-02  2.86833588e-02
  5.06579094e-02 -8.22821930e-02 -1.42063880e-02  6.88221827e-02
 -8.76154080e-02  3.65549959e-02  5.13682282e-03 -3.59124807e-03
  6.24897629e-02 -2.67569404e-02 -3.29179056e-02 -7.84668475e-02
  4.42070030e-02 -7.74895847e-02 -1.94269978e-03  3.94694768e-02
  1.06674181e-02 -1.36582730e-02 -4.86515015e-02 -6.39965665e-03
 -4.09580953e-02 -7.07003474e-02 -1.30435407e-01  1.56055372e-02
 -3.61746475e-02  3.41544254e-03  2.15482358e-02  5.32936752e-02
  3.25492471e-02  3.83561966e-03 -1.12220265e-01  3.08126733e-02
 -3.55533138e-03  1.05555141e-02 -8.32653344e-02 -1.62734871e-03
  1.07016712e-02  2.06038170e-02 -1.35738589e-02  3.92142795e-02
  5.53704314e-02  5.62511794e-02 -1.36601046e-01 -2.32404228e-02
 -2.01132502e-02  4.77984920e-03  3.73017695e-03  2.62875538e-02
  4.35612872e-02  1.34486891e-03 -6.14054129e-03 -1.03711724e-01
 -5.15597574e-02  2.55132131e-02 -9.74569544e-02  6.91507896e-03
  4.40116040e-02 -2.01766985e-03 -2.39380263e-02 -9.31504518e-02
  6.22344855e-03  3.04599945e-02 -2.94683296e-02 -1.28762564e-02
  5.19102141e-02 -2.76784436e-03  2.39411779e-02  3.89271639e-02
  1.02622993e-02 -1.73174180e-02  2.34897397e-02  6.18743934e-02
 -1.14183873e-02  6.00219257e-02  4.67914417e-02 -2.96860188e-02
 -4.70349789e-02  1.19800784e-03 -4.55272458e-02 -7.48540312e-02
 -4.32126336e-02 -6.47135675e-02 -6.37166575e-02  2.41626389e-02
 -3.98029126e-02 -6.24782145e-02 -4.21551950e-02  4.82182167e-02
  3.77536565e-02  4.96537723e-02  1.03241086e-01 -3.62996235e-02
  2.36246106e-03 -3.56908236e-03  5.30829765e-02  3.02569997e-02
  5.02837636e-02 -2.92921327e-02 -6.76480830e-02  1.88073990e-33
 -1.50285503e-02 -6.25321362e-03 -1.51373204e-02  1.30337864e-01
  2.78625656e-02  7.23514557e-02 -8.69529136e-03  5.37645258e-03
 -7.98734948e-02  2.30885018e-02 -7.37988055e-02 -6.05017703e-04
 -1.33651169e-02  1.46582248e-02  6.84623867e-02 -2.11460758e-02
 -4.19569500e-02  5.06532900e-02  1.99529584e-02 -1.21827796e-02
  1.58577636e-02  5.96742332e-02 -7.20835254e-02 -1.88301075e-02
  7.58365616e-02  2.12530773e-02  2.87367031e-02  4.99154702e-02
 -7.79962307e-03  5.43976808e-03  6.86488301e-02  4.18615565e-02
  2.95355730e-03  4.55547534e-02 -1.20688044e-02  1.08782100e-02
 -3.96036208e-02 -5.35179004e-02  4.16971780e-02 -6.73240274e-02
 -3.02616749e-02 -1.81733500e-02 -4.62192856e-02 -7.07811024e-03
 -4.28591892e-02 -6.01156726e-02 -3.15784886e-02  2.59303618e-02
 -2.91905686e-04 -7.13160411e-02  6.39560297e-02 -5.08537702e-03
  2.72588562e-02  4.00591493e-02 -2.16081459e-02 -3.21232453e-02
 -1.75512163e-03  7.98020735e-02 -4.83431257e-02  1.12644680e-01
  3.04763764e-02  2.79158703e-03 -5.44824377e-02  1.27777336e-02
  4.84134294e-02  5.80455475e-02 -3.10433861e-02 -7.37220719e-02
  1.02326110e-01  4.03300971e-02 -9.72933173e-02  8.29777867e-02
 -4.32448424e-02  7.54818767e-02 -1.46569195e-03 -5.26892357e-02
 -4.95721325e-02 -2.03082408e-03  3.68767306e-02  5.94500974e-02
 -1.27662793e-01  6.35678694e-02 -2.50175148e-02  1.00630641e-01
 -6.06836826e-02 -8.59258473e-02 -2.06952393e-02 -6.63332716e-02
 -1.15600554e-03 -8.36397707e-02  1.36261834e-02 -4.85782698e-03
  4.68991362e-02  2.68287286e-02  9.00517404e-02 -3.18345690e-33
 -1.09769758e-02  1.92837901e-02 -3.25742527e-04  1.92327108e-02
 -3.31496969e-02 -1.04521275e-01  9.07844678e-02 -7.26764724e-02
 -5.58845811e-02  3.72395590e-02  6.64140433e-02 -1.54195428e-02
  8.11338797e-02 -4.90470044e-02 -1.68836825e-02 -3.37194167e-02
 -5.81614673e-02 -1.22709297e-01  2.92568654e-02  6.96294904e-02
  1.81382224e-02  1.32014364e-01  8.83385763e-02 -1.20439222e-02
 -4.17427085e-02  1.18257310e-02  1.92010701e-02 -4.77402657e-03
  3.10955569e-02  4.78757173e-02  5.04174642e-02 -8.74056201e-03
  4.00664210e-02 -4.24559116e-02 -6.16567768e-02 -3.25123817e-02
 -2.94216517e-02 -6.48838468e-03  2.79524829e-02 -3.13058458e-02
  2.49833781e-02  4.23274189e-02  9.27254371e-03  2.41443664e-02
  2.28195544e-02  4.67164479e-02 -2.34913155e-02 -3.52464020e-02
 -5.41499816e-02 -7.93464482e-02 -1.18637150e-02  5.73449396e-03
  1.15192551e-02 -5.34910895e-02  1.32044535e-02  1.41989375e-02
 -2.84886342e-02 -9.65101644e-03  1.67615898e-02  4.64284010e-02
  5.19771054e-02 -9.18966606e-02  6.02289289e-02  4.41124141e-02
  1.29697761e-02 -7.91568123e-03 -2.54059806e-02  3.09049413e-02
  2.64122933e-02 -2.25191340e-02  2.15840898e-02  5.48111424e-02
 -3.07612307e-02  3.89567725e-02  6.34430200e-02 -9.62393954e-02
 -6.91223443e-02  7.25058559e-03  2.58102287e-02  1.48929888e-02
 -1.17227525e-01  4.59730253e-02 -4.18189690e-02  7.53665417e-02
 -5.95505387e-02 -1.88927185e-02  3.74671295e-02  1.20021321e-01
  5.09884208e-02 -3.76184210e-02 -4.33672965e-02  5.60020991e-02
 -3.86175700e-02  1.57116532e-01 -4.47024480e-02 -5.42174874e-08
 -2.55718175e-02 -1.85064394e-02  2.26966850e-02 -7.37912534e-03
 -2.30782367e-02  4.80744690e-02 -6.31080419e-02 -6.36645332e-02
 -5.93371643e-03  6.28974587e-02 -9.44704190e-02  6.82235137e-02
 -7.98453167e-02 -2.11346913e-02  4.16676402e-02  1.01942293e-01
 -8.58119037e-03 -2.97621842e-02 -4.13178355e-02 -2.79671848e-02
  6.57791868e-02 -6.94779819e-03 -6.34931549e-02  1.34596080e-01
  3.06178164e-02 -1.02364272e-02 -2.61157081e-02  3.00069097e-02
  3.21587101e-02  2.86547970e-02  7.38414973e-02 -5.20982919e-03
  6.14361316e-02  4.29399647e-02 -3.78395952e-02  1.17121540e-01
 -5.50828949e-02  6.83222571e-03  4.15031426e-02  5.61750829e-02
  3.89649980e-02  3.56092071e-03 -7.31137022e-02  7.67588615e-02
  5.80118485e-02  3.72897796e-02 -6.05269670e-02 -6.13293089e-02
 -5.14444113e-02  6.97071925e-02 -2.56620310e-02  3.86260822e-02
 -3.43622304e-02  6.78027421e-03 -9.54861641e-02  6.20647706e-02
 -1.59094781e-02  2.30420774e-04  5.79070784e-02 -1.83691271e-02
  4.03417386e-02  7.59298578e-02  4.48699445e-02  3.74118537e-02]"
56,../models/Simple Tests/ConnectionTest.sysml,"package ConnectionTest {
	
	part p {
		part x {
			part x1;
		}
	}
	
	part def P {
		part y;

		connect p to y;
		
		part p1 :> p;
	
		connect p1.x to y;
		connect p1.x.x1 to y;
	}

	abstract connection def C {
		part p;
		end end1;
		end end2;
		end end3;
	}
	
	part d1;
	part d2;
	part d3;
	part d4;
	
	connection bus : C connect (d1, d2, d3, d4);
	
	connection : C {
	    end :>> end1 ::> d1;
	    end end2 ::> d2;
	    end end3 ::> d3;
	}
	
	connection {
		part q;
		end end1 ::> d1 :> q;
		end end2 ::> d2;
	}
	
	abstract flow def F;
	
	message : F from p to p;
}","Generate a SysML v2 model that encapsulates a connection testing framework within a package named ConnectionTest. The model includes several nested parts: a primary part 'p' which contains a subordinate part 'x', which in turn contains 'x1'. The definition of part 'P' connects 'p' to another part 'y', and establishes p1 as a specialized instance of 'p', connecting its components to 'y'. 

An abstract connection 'C' is also defined, which has multiple endpoints to support flexible connection scenarios. Specific connections are defined, such as the 'bus' connection which links parts d1, d2, d3, and d4 to the abstract connection 'C'. 

Additionally, a second connection establishes part 'q' with its endpoints linked to d1 and d2. An abstract flow type 'F' is defined without specifics, and there’s a message flow from part 'p' to itself using 'F'. This model structure effectively illustrates the relationships and connections among components in a connection testing environment.","[-3.12985182e-02 -6.65658563e-02 -1.04935048e-02  2.91957315e-02
 -7.05176592e-02 -4.84417900e-02  3.17866169e-02 -2.24597659e-02
  7.11535895e-03  1.29548379e-03  1.76539784e-03 -1.47522781e-02
  2.64612939e-02  4.15555090e-02  5.26795126e-02 -1.64224189e-02
  2.02750470e-02 -1.12839090e-02 -4.29016426e-02  1.21706044e-02
  1.44685488e-02 -7.07821995e-02 -4.55467366e-02  1.06194224e-02
 -8.77126083e-02 -1.36004314e-02  5.78398816e-04  2.36630663e-02
  4.99793924e-02 -4.01389860e-02  1.34402597e-02  4.99819741e-02
 -1.00804634e-01  5.35561368e-02  8.90211463e-02  6.51551038e-03
  1.03725143e-01 -1.98259801e-02 -6.68381900e-02 -1.81980450e-02
  5.82181998e-02 -5.01972437e-02 -2.97410600e-03 -8.25696718e-03
  2.75951698e-02  1.12776400e-03 -5.42987324e-02  6.81000482e-03
 -3.72480676e-02 -7.15046600e-02 -5.79343811e-02  6.88031316e-03
 -2.12179571e-02 -1.33583620e-02  2.74578370e-02  5.31720668e-02
  1.11109741e-01 -1.09618809e-02 -1.27674416e-01  7.06755370e-02
 -4.22679679e-03 -2.26379763e-02 -9.82108936e-02  5.65765891e-03
 -2.67730448e-02  2.85168178e-02 -2.04511322e-02  3.24490704e-02
  7.47469664e-02  2.33667120e-02 -1.47590205e-01 -1.60275940e-02
 -3.12143452e-02 -9.73154977e-03  3.03110909e-02  3.28169204e-02
  7.50054345e-02 -1.41612543e-02 -5.26628271e-03 -1.18275687e-01
  3.91746080e-03  7.52254352e-02 -4.66133691e-02  3.71448286e-02
 -1.57534261e-03  4.52747978e-02  6.84034377e-02 -5.45260236e-02
 -3.24949482e-03  5.14340773e-02  1.16703259e-02 -2.76215188e-02
 -4.04317491e-02 -2.61046528e-03  1.04011387e-01  6.68729544e-02
  4.26880158e-02 -3.59158516e-02  4.83712591e-02  2.76732519e-02
  8.37242976e-03  9.45932418e-03  8.27929303e-02 -3.47497389e-02
 -3.32531519e-02  5.98420501e-02 -5.75989708e-02 -9.67169330e-02
 -2.03132629e-02 -6.82672039e-02 -6.07148893e-02  1.91067401e-02
  3.41720991e-02 -5.49850948e-02 -4.96684797e-02 -2.37953365e-02
  4.58301278e-03  4.17505167e-02  4.27176319e-02  2.73283701e-02
 -2.20396346e-03 -7.68741779e-03  2.75389962e-02 -8.82223342e-03
  6.76055923e-02 -9.86413565e-03 -8.39234740e-02  3.98530715e-33
 -2.86284294e-02 -3.99906859e-02 -3.42795067e-03  1.24506824e-01
  4.07633409e-02  7.51290768e-02  4.27388512e-02  2.96966694e-02
 -4.73785028e-02  6.11084364e-02 -1.01570591e-01 -3.99374515e-02
 -2.85769291e-02 -9.10303835e-03  1.69196181e-04 -1.11151105e-02
 -3.33449580e-02  3.88767347e-02  2.24738661e-02  6.05021156e-02
  2.42835414e-02 -4.55276966e-02 -4.68076766e-02 -3.27225849e-02
  1.03513978e-01 -1.48092471e-02  1.77778862e-02  3.24634612e-02
 -2.24633943e-02  1.36541463e-02 -2.25646310e-02  1.33523885e-02
 -1.29170315e-02  9.23240781e-02  2.23275786e-03 -1.57980958e-03
 -1.04955249e-02 -4.26420271e-02  3.28149986e-06 -2.71714628e-02
 -9.66593903e-03 -4.13702689e-02 -5.49992956e-02  5.00480831e-02
 -6.23686574e-02 -5.40194437e-02 -9.68525112e-02  1.71013623e-02
  4.98676971e-02 -8.96541849e-02  5.06293997e-02  6.42472832e-03
  4.31771874e-02 -3.41344066e-02 -2.63755862e-02 -3.37778144e-02
 -2.79910509e-02  2.80470271e-02 -3.90040465e-02  1.17495395e-01
 -3.87510322e-02  4.13718559e-02 -9.96206626e-02  3.46687585e-02
  9.69189107e-02  3.13350856e-02 -6.05235659e-02 -9.41935405e-02
  5.11803553e-02  1.72058418e-02 -8.09638426e-02  5.94153441e-02
 -5.65695800e-02  4.77480628e-02 -8.49611778e-03 -5.98272346e-02
 -2.39199437e-02  5.69207594e-02  4.04169299e-02  5.09576313e-02
 -9.94863808e-02  5.73662948e-03 -1.87376253e-02  6.27670065e-02
 -4.84030880e-03 -5.18561564e-02 -3.07295714e-02 -1.03528872e-01
 -4.16186489e-02 -1.39854819e-01  2.70380471e-02 -4.75516357e-03
  6.55151755e-02  4.40933965e-02  6.14645034e-02 -4.56384763e-33
 -1.03150839e-02  2.80027185e-02  1.89332962e-02  2.99492516e-02
 -2.04009935e-02 -6.24041706e-02  5.75190187e-02 -3.98702770e-02
 -2.45416984e-02  5.25507368e-02  5.04230186e-02  2.43324097e-02
  3.67027894e-02 -3.05513013e-02  6.93966961e-03 -2.69411430e-02
 -2.92708855e-02 -1.41685992e-01  3.51567380e-02  8.21339190e-02
  1.16089778e-02  8.98714662e-02 -5.14345570e-03 -8.35896060e-02
 -1.93953849e-02 -3.84535901e-02 -1.57599933e-02  4.68838215e-03
  7.32458802e-03  6.30467683e-02  6.28336221e-02  4.60414216e-02
  1.01793073e-02 -1.56950802e-02 -2.62972061e-02  1.11190928e-02
  1.92734820e-03 -3.83216701e-02  2.03761943e-02 -1.77844372e-02
  3.35920323e-03  5.74691035e-02 -2.09213491e-03 -1.77346468e-02
  8.64533484e-02  7.52718225e-02 -3.44389901e-02 -5.14484271e-02
 -9.59396139e-02 -2.97814589e-02 -5.17151020e-02  4.11963202e-02
  5.25283860e-03  3.83013450e-02 -4.89396378e-02  4.42474633e-02
 -3.87749239e-03 -1.68478768e-02 -4.25407616e-03  1.24148501e-03
  8.40043575e-02 -6.15954138e-02  4.57640179e-02  1.00701980e-01
  3.05290893e-03 -2.23645624e-02 -1.88662368e-03 -4.34867851e-02
 -2.18744227e-03 -7.53951119e-03  1.67084634e-02  3.84430028e-02
 -2.63063479e-02  4.95271720e-02  7.95010924e-02 -2.79320981e-02
 -1.03296794e-01  2.31794883e-02  4.98332269e-02  7.28139952e-02
 -9.63633284e-02  6.23785295e-02 -3.06055285e-02  9.31035206e-02
 -2.37309039e-02 -9.14180651e-04  5.31996973e-02  1.17632724e-01
  4.67213430e-02 -2.04481352e-02 -5.19122183e-02 -9.56603850e-04
 -3.30583900e-02  1.24980129e-01 -2.46088076e-02 -5.73568748e-08
 -3.15771624e-02 -5.42524308e-02 -4.36771959e-02 -2.56905127e-02
  1.34214731e-02  6.77326322e-02 -8.69475678e-02  8.16549174e-03
 -2.04593092e-02  8.37658867e-02 -1.20907262e-01  1.13230295e-01
 -7.10730106e-02  1.22588491e-02  1.95584428e-02  6.96925148e-02
  5.56892110e-03  2.43746839e-03 -1.38120996e-02 -3.29320021e-02
  6.66484535e-02  4.74264696e-02 -5.87852299e-03  1.08731873e-01
 -7.02767540e-03 -1.64093319e-02  5.46885617e-02  4.62124124e-02
 -6.57112477e-03 -1.14225028e-02  6.85269758e-02 -3.94951664e-02
 -2.10231785e-02  2.22453028e-02 -3.00095174e-02  1.39247850e-01
 -3.94367352e-02  2.33593453e-02  2.89819855e-02  4.90536243e-02
 -2.97607575e-03 -1.49924746e-02 -1.02514715e-03  3.78465019e-02
  5.52945659e-02  5.94116468e-03 -8.51341635e-02 -2.44893115e-02
 -5.93073927e-02 -1.50743658e-02 -1.94644481e-02  5.41577302e-02
 -9.34812799e-02  7.81670306e-03 -9.65268016e-02  5.06206183e-03
 -1.99038070e-02  3.78740765e-03 -2.48976424e-02  1.12089859e-02
 -5.74891083e-02  1.00029461e-01  3.73499990e-02 -4.31807041e-02]"
57,../models/Simple Tests/ConstraintTest.sysml,"package ConstraintTest {
	private import ISQ::MassValue;
	private import SI::kg;
	private import NumericalFunctions::sum;
	
	constraint def MassAnalysis {
		attribute totalMass: MassValue;
		attribute componentMasses: MassValue[0..*];		

		totalMass == sum(componentMasses)
	}
	
	part def Component {
		attribute mass: MassValue;
	}
	
	part vehicle : Component {	
		part engine : Component;
		part frontAxleAssembly : Component;
		part rearAxleAssembly : Component;	
	}
		
	part vehicle1a :> vehicle {
		assert constraint massAnalysis : MassAnalysis {
			attribute redefines totalMass;
			attribute redefines componentMasses;
		}
		
		bind massAnalysis.totalMass = mass;
		bind massAnalysis.componentMasses = engine.mass;
		bind massAnalysis.componentMasses = frontAxleAssembly.mass;
		bind massAnalysis.componentMasses = rearAxleAssembly.mass;
	}
	
	part vehicle1b :> vehicle {		
		assert constraint massAnalysis : MassAnalysis {
			attribute redefines totalMass = mass;
			attribute redefines componentMasses = (engine.mass, frontAxleAssembly.mass, rearAxleAssembly.mass);		
		}	
	}
		
	constraint def MassAnalysis2 { 
		in totalMass : MassValue;
		in componentMasses: MassValue[0..*];
		
		totalMass == sum(componentMasses)
	}
	
	part vehicle2a :> vehicle {
		assert constraint massConstraint : MassAnalysis2;
		
		bind massConstraint.totalMass = mass;
		bind massConstraint.componentMasses = engine.mass;
		bind massConstraint.componentMasses = frontAxleAssembly.mass;
		bind massConstraint.componentMasses = rearAxleAssembly.mass;
	}
		
	part vehicle2b :> vehicle {
		assert constraint massAnalysis2 : MassAnalysis2 {
			in totalMass = mass;
			in componentMasses = (engine.mass, frontAxleAssembly.mass, rearAxleAssembly.mass);
		}
	}
	
	constraint def MassAnalysis3 {
		in totalMass : MassValue;
		in componentMasses: MassValue[0..*];
	}
	
	constraint massAnalysis3 : MassAnalysis3 {
		in totalMass : MassValue;
		in componentMasses: MassValue[0..*];
		
		totalMass == sum(componentMasses)
	}
	
	part vehicle3 :> vehicle {
		assert massAnalysis3 {
			in totalMass = mass;
			in componentMasses = (engine.mass, frontAxleAssembly.mass, rearAxleAssembly.mass);
		}
	}
	
	part vehicle4 :> vehicle {
		assert constraint { mass == engine.mass + frontAxleAssembly.mass + rearAxleAssembly.mass }
	}
	
	constraint massLimitation { mass : MassValue; massLimit : MassValue; mass < massLimit }
	assert not massLimitation { :>> mass = vehicle3.mass; :>> massLimit = vehicle4.mass; }
}","Generate a SysML v2 model featuring a package named `ConstraintTest` that imports essential types such as `MassValue`, `kg`, and the `sum` function. Model a `MassAnalysis` constraint that calculates `totalMass` as the sum of `componentMasses`, represented by multiple `Component` parts including `engine`, `frontAxleAssembly`, and `rearAxleAssembly`. Create variations of vehicle instances (`vehicle1a`, `vehicle1b`, etc.) which apply different forms of `MassAnalysis` constraints, allowing for a flexible redefinition of attributes. Include additional constraints like `MassAnalysis2` and `MassAnalysis3`, each enforcing the total mass calculation. Finally, integrate a limiting constraint (`massLimitation`) to ensure vehicle mass remains below a specified threshold, validated through assert statements that reference the calculated masses of different vehicle configurations, ensuring a comprehensive analysis of mass integrity in vehicle design.","[-7.80403847e-03  1.39095569e-02 -7.10546412e-03  2.86616292e-02
 -1.35168582e-02 -2.33008619e-02 -2.81674936e-02  2.62426678e-02
 -1.00014880e-01  1.24205956e-02  3.32455486e-02 -7.54500180e-02
  5.58359511e-02  2.21093912e-02 -4.11355942e-02 -2.55901981e-02
  9.36933327e-03  5.76297827e-02 -5.51157892e-02  4.96798716e-02
  1.12126224e-01 -3.26192304e-02 -1.06029399e-03  1.77748017e-02
 -1.07056335e-01 -5.84692955e-02 -4.03169878e-02  8.62447470e-02
  3.04095726e-02 -1.05884425e-01  2.10879352e-02  7.51633616e-03
  6.33922359e-03  4.62235138e-03  8.56250003e-02 -8.24569538e-03
 -4.50568795e-02 -4.76873629e-02 -6.86310455e-02 -6.02471903e-02
 -2.76298691e-02 -2.96051037e-02 -3.08708679e-02 -1.60133634e-02
  9.73939151e-02 -9.19966958e-03 -6.75122347e-03  2.24847980e-02
 -7.92648736e-03 -2.87093800e-02 -3.85105796e-02  1.75638944e-02
 -3.30250449e-02 -2.15945696e-03 -3.99430506e-02 -7.37555400e-02
 -7.24856509e-04 -1.04383128e-02 -8.04658011e-02 -2.64785755e-02
  4.90144733e-03 -1.82520365e-03 -6.31676763e-02 -2.75131185e-02
  1.40007772e-02  7.31514692e-02 -4.42513116e-02  6.36222539e-04
  4.33410257e-02  1.92890808e-01  2.81209964e-03 -5.03011644e-02
 -3.35099548e-02  6.85927570e-02  2.57574972e-02  9.27265175e-03
  2.70629786e-02 -5.76874241e-03  3.34886797e-02 -4.23047841e-02
 -1.02137282e-01  1.54533489e-02 -2.29509324e-02 -5.35524301e-02
  3.26771662e-02 -3.82176265e-02  2.81430557e-02  4.03625742e-02
  4.99710850e-02  8.83867443e-02  1.00541636e-02 -3.33563760e-02
  4.71560583e-02  2.24530082e-02  1.01177022e-01  3.09929140e-02
 -3.29177491e-02  7.82735832e-03  7.85774142e-02  9.53867449e-04
  1.09979650e-02  3.18673961e-02  8.28324258e-02  4.51502986e-02
 -5.33295125e-02  3.77397351e-02  7.07428379e-04 -2.02459749e-02
 -5.62585704e-02 -7.08936900e-02  7.90909976e-02  1.08729377e-01
  5.05975299e-02 -7.75427446e-02 -8.80820677e-03  1.35322530e-02
  5.53961396e-02 -1.48838921e-03  1.01655787e-02 -5.28340461e-04
 -5.84332133e-03 -6.31088242e-02  9.06625837e-02 -4.10960615e-03
  8.29136670e-02  2.22598873e-02 -9.21582505e-02  3.91829369e-33
 -9.90711749e-02 -6.69260919e-02  1.62540209e-02  8.73766840e-02
 -6.00741729e-02  4.88058738e-02 -1.01154624e-02  5.82574494e-02
 -2.18085032e-02  7.17534944e-02 -9.48062912e-03 -1.35951517e-02
 -5.24480864e-02 -4.90251258e-02  5.53050451e-02 -5.03756292e-02
  1.76684726e-02  8.17648098e-02 -1.19405789e-02 -3.75277176e-02
  2.01995354e-02 -8.94424096e-02 -1.35588069e-02 -9.97269060e-03
  8.71413052e-02  8.60860646e-02  6.09955825e-02 -6.47102343e-03
 -7.25772977e-02  2.34567765e-02  3.49825714e-03  1.23947030e-02
 -1.96703374e-02  8.92433003e-02 -2.64269132e-02 -2.81415954e-02
 -8.77508074e-02 -4.03708220e-02  5.88973425e-02 -8.44198465e-03
  4.86598946e-02 -2.74891667e-02 -3.95436995e-02 -5.82650013e-04
 -9.14490297e-02  3.62966582e-03  5.34741394e-02  5.38030341e-02
 -9.07101762e-03 -1.07814493e-02  2.36959383e-02 -4.77877911e-03
  3.26910429e-02 -1.93452034e-02 -7.85643086e-02  1.82375982e-02
  2.19765864e-02 -3.52820009e-02 -3.05527612e-03  6.48366585e-02
 -6.20697848e-02 -1.32831177e-02  4.26258594e-02  4.74847443e-02
  3.00991014e-02  4.44622226e-02 -1.00571603e-01 -4.21616510e-02
  4.91299108e-02  2.95725595e-02 -6.50362000e-02 -3.40061262e-02
 -2.07512453e-02  7.09305853e-02  2.58270446e-02 -5.57300113e-02
  9.30619314e-02 -3.64839216e-03 -5.60690537e-02 -1.30614107e-02
 -1.20612495e-01  1.24514289e-01  9.78374761e-03 -2.14335993e-02
 -1.35391243e-02 -4.19639349e-02 -5.00928611e-02 -2.11754572e-02
 -4.78689279e-03 -1.07188508e-01 -3.23744081e-02 -5.58146760e-02
 -1.88855939e-02  3.10694566e-03  1.25820506e-02 -3.74587989e-33
 -2.45745331e-02  1.09691853e-02  5.38117290e-02 -1.86050329e-02
  2.52948049e-02 -6.43984675e-02 -2.14382447e-02 -3.00245080e-02
 -3.04046627e-02  1.60144102e-02  2.25704443e-02 -5.38935550e-02
  3.60602029e-02 -1.60176214e-02 -2.37996764e-02  9.49881878e-03
 -4.85801734e-02 -8.92368332e-02  7.77137419e-03  5.75274602e-02
 -2.67739072e-02  9.08552036e-02  4.13661301e-02  2.99556535e-02
  1.69905219e-02 -2.64617940e-03 -4.25183102e-02 -4.91079234e-04
  4.84678000e-02 -1.05680386e-02  3.02470960e-02 -1.48037970e-02
 -3.37751233e-03 -7.14996317e-03 -1.98882371e-02 -9.68876481e-02
  4.49161604e-03 -3.66726168e-03  7.55493343e-03  7.14757219e-02
  4.80870306e-02  3.86402085e-02 -2.29586400e-02  1.45943072e-02
  2.76090726e-02 -5.00777923e-03  8.17911848e-02 -7.65152276e-02
  3.84946465e-02 -3.67861167e-02 -8.16789828e-03 -5.70883714e-02
  2.37905476e-02  1.74516309e-02 -1.70353204e-02 -1.13412999e-02
  7.23885894e-02 -4.18295115e-02  9.64868627e-03 -2.02387348e-02
  3.29821743e-02 -4.12469991e-02  4.87279184e-02  1.57260671e-02
 -1.68867148e-02 -7.30957836e-02 -2.29469147e-02 -5.09668365e-02
 -4.88267839e-02  3.36110070e-02  2.06522793e-02  1.89021789e-02
  5.96169382e-02  7.05388710e-02  1.35595948e-02 -5.72458357e-02
 -3.78838517e-02  3.79215777e-02  1.22941427e-01 -8.94624665e-02
 -2.51364224e-02 -2.66122837e-02  8.69081318e-02  9.26026180e-02
 -5.35561591e-02  1.89993307e-02 -2.48783771e-02  1.12198442e-01
  9.00279079e-03  7.38193393e-02 -1.03640504e-01  1.50443036e-02
  3.02949809e-02  1.09678335e-01 -1.08280323e-01 -5.14395886e-08
 -1.70809329e-02 -4.47426848e-02 -2.02107173e-03 -1.60659943e-02
  6.67396514e-03  1.65816657e-02 -8.34712014e-02 -1.04572838e-02
 -2.79295277e-02  1.18262414e-02  5.60236610e-02  1.72163211e-02
  1.91026945e-02 -2.11410364e-03 -8.23446214e-02  1.43227857e-02
 -2.00626329e-02  6.92290962e-02 -6.89849406e-02 -6.10226654e-02
  1.67424474e-02  3.23317051e-02 -2.77288184e-02  9.78942066e-02
  1.28416732e-01 -6.99534267e-02 -3.39576304e-02  3.87018919e-02
  9.64760408e-02  6.08982751e-03  2.99471188e-02  1.91592239e-02
  6.27183095e-02  4.00088243e-02 -1.65515020e-02  7.25781992e-02
 -7.13037699e-02  9.24243852e-02  4.27340977e-02  9.51241143e-03
  3.24016064e-02  2.23669801e-02  1.05690211e-02  3.86416912e-02
  2.23863721e-02  4.79317307e-02 -1.78100094e-01 -5.69209829e-02
 -5.97970225e-02  1.60254594e-02 -2.20245495e-03 -2.14492287e-02
 -7.55642578e-02  1.12393118e-01 -5.31786159e-02  4.49486114e-02
 -4.42561600e-03  2.79639047e-02  6.99613690e-02 -4.92899939e-02
  1.59119274e-02  3.61719429e-02  2.40001874e-03 -3.78597714e-02]"
58,../models/Simple Tests/ControlNodeTest.sysml,"action def ControlNodeTest {
	action A1;
	then J;
	
	action A2;
	then J;
	
	join J;
	then fork F;
	then B1;
	then B2;
		
	action B1;
	action B2;
}","Generate a SysML v2 model that defines a control flow for a system using a sequence of actions and synchronization points. Model starts with an action node labeled A1, followed by a transition to a join node J. This is followed by another action, A2, again transitioning to join node J. After joining, the model transitions to a fork node F, where parallel actions B1 and B2 are executed concurrently. Each of these actions, B1 and B2, represent distinct tasks that occur after the fork. The structure ensures synchronization at join J and simultaneous processing at fork F, illustrating fundamental control flow concepts in the system's design.","[-4.94372211e-02 -5.61961122e-02 -2.79356912e-02 -6.95167389e-03
 -9.17934813e-03 -1.93106662e-02  7.57908158e-04 -2.52580084e-03
  3.32376510e-02  3.90046760e-02  1.57665741e-02  6.88346662e-03
  1.24167539e-02 -4.27421182e-02  1.34839574e-02  3.51035595e-03
 -7.42150936e-03 -1.11348310e-03 -4.46708240e-02 -3.61340605e-02
  1.74076241e-02 -5.02665602e-02 -2.82452106e-02  1.59445684e-02
 -7.40713477e-02  2.75222678e-02 -6.38824776e-02 -1.24221044e-02
  1.00490749e-02 -1.04241960e-01  2.62321364e-02 -1.62440725e-02
 -3.48829441e-02  2.89773587e-02  5.78351552e-03  5.81204779e-02
  6.08806908e-02 -7.34545067e-02 -6.71381652e-02 -6.83307275e-02
  3.18095996e-03 -2.61080824e-02 -3.38881575e-02 -2.32443940e-02
 -1.98646169e-03  4.43398096e-02 -3.22194807e-02  5.55238593e-03
 -5.97088002e-02  6.11110544e-03 -6.50862381e-02 -5.02896085e-02
  3.20130065e-02 -3.68429013e-02  1.96854807e-02  7.56342039e-02
  1.08630531e-01 -1.34422835e-02 -8.00483227e-02 -5.92363579e-03
 -4.08244319e-02 -2.50555445e-02 -1.16010405e-01 -6.07796339e-03
  2.21690442e-02  3.55721898e-02 -2.10860632e-02  1.85182001e-02
  4.32513878e-02 -1.04420697e-02 -6.45144507e-02 -5.52800670e-02
 -3.54452468e-02 -2.67671961e-02 -3.85557488e-02 -5.67375794e-02
  2.51864158e-02 -4.21644282e-03 -8.57496336e-02 -7.48004839e-02
 -5.12260124e-02  1.58570930e-02 -7.32063949e-02  1.55770620e-02
 -2.33566649e-02 -4.60876413e-02 -3.23231854e-02 -7.96344597e-03
  9.20560807e-02  6.41536415e-02 -4.85430695e-02  7.50082806e-02
  7.86429122e-02 -2.50466317e-02  6.57188594e-02  7.07074329e-02
  4.60937694e-02  2.60853264e-02  2.09686048e-02  4.44902293e-02
  1.33233517e-02  2.37294305e-02  3.54213640e-02 -1.06909657e-02
  8.13939944e-02  1.09382253e-02 -5.05622551e-02 -2.51432266e-02
 -4.34688479e-02 -9.75892395e-02 -1.40552912e-02  4.02594097e-02
  3.53468768e-02  2.20291838e-02  1.65440422e-02 -2.89682448e-02
  5.79625852e-02 -1.26089584e-02  4.85893451e-02 -2.37145536e-02
  7.30949342e-02 -1.55124553e-02  5.30740945e-04  8.22054408e-03
  3.10905613e-02 -5.60670570e-02 -7.02819750e-02  4.32580746e-33
 -5.87041909e-03 -3.60798538e-02  2.26627886e-02  4.32670861e-02
  6.64726570e-02  5.30351773e-02 -5.98025322e-03 -6.13212995e-02
 -4.22765650e-02 -3.64607177e-03 -4.69008051e-02 -8.46775398e-02
 -4.54046531e-03  3.78318690e-02 -4.52150218e-02 -1.50583625e-01
  2.24710591e-02  2.96234507e-02  1.90419834e-02  3.14546488e-02
  5.77185415e-02 -4.02004644e-03 -7.96702504e-02  4.33309264e-02
  3.52782756e-02  2.34759282e-02  1.89489052e-02  2.41622087e-02
 -9.75959376e-03  2.19279360e-02  2.51602717e-02  3.37635092e-02
 -3.85862775e-02  3.04279141e-02 -3.69810383e-03  3.84946354e-02
  3.54694277e-02 -4.03647721e-02  1.02048151e-01 -7.54985735e-02
  3.27446163e-02  2.32988149e-02 -6.02409206e-02  1.14868162e-03
 -9.08451527e-02 -5.88140227e-02 -4.79885601e-02  1.45616420e-02
  2.37390641e-02 -2.60963421e-02  8.35059509e-02 -8.02758522e-03
  7.68583640e-02 -2.24079210e-02 -2.21451628e-03 -2.17790063e-03
 -2.15745419e-02  3.93068157e-02 -4.05484475e-02  2.12079406e-01
  3.78234424e-02  6.98946090e-03 -7.13758841e-02  1.55202327e-02
  8.11326727e-02  8.19040388e-02 -6.82131806e-03 -3.16596404e-02
  9.28555056e-02 -1.83221474e-02 -8.46507996e-02  8.19343850e-02
  1.77703351e-02  6.87412843e-02  4.23530117e-02 -2.87854932e-02
 -3.98955159e-02 -4.83244061e-02 -7.10700452e-02  7.10148066e-02
 -1.30309284e-01  1.56027991e-02 -7.13020638e-02  2.34983657e-02
  3.75030823e-02 -7.63909295e-02 -3.95175219e-02 -5.09903245e-02
 -1.14561185e-01 -1.40582081e-02  1.37208849e-02 -4.72658165e-02
  7.46927112e-02  7.00475201e-02  2.66611390e-02 -4.90401366e-33
  3.62456925e-02 -5.51773459e-02 -4.69957013e-03  6.14676997e-02
  1.96171850e-02 -4.99670878e-02 -1.56407952e-02 -6.79321140e-02
 -1.07897833e-01  4.50663865e-02  8.95735901e-03  2.32539745e-03
 -3.15280892e-02  5.18093035e-02  4.89530154e-02 -2.79213227e-02
  9.66554657e-02 -1.08738363e-01  4.34694588e-02  3.53090391e-02
 -2.34375708e-02  8.03829953e-02  8.24454520e-03 -2.44251024e-02
  1.54097993e-02 -2.26827599e-02 -6.41057715e-02  2.36803945e-02
  1.84849910e-02  8.17306247e-03  1.15484931e-02 -7.68099874e-02
  6.11927547e-02 -1.94714200e-02  2.95770791e-04 -1.62237380e-02
 -6.18030019e-02 -1.95945688e-02  2.38751294e-03 -6.38636108e-03
  2.85243709e-02 -3.27310972e-02 -6.99453130e-02  2.29071863e-02
  4.75664921e-02  6.74558878e-02 -4.60665487e-02  4.34073694e-02
 -1.62668526e-01 -4.23524417e-02 -2.76223533e-02  4.98230048e-02
  1.09130116e-02 -3.80405560e-02  2.15724763e-02 -4.11208672e-03
  6.22247495e-02 -2.26052273e-02  4.22512786e-03 -4.10210788e-02
  6.83795214e-02 -4.02410254e-02  3.26196365e-02  8.49768810e-04
  9.24615115e-02  1.21138841e-02  1.62690841e-02 -2.48103794e-02
  3.10210437e-02  4.46985662e-02  6.58592209e-02  6.20523430e-02
 -4.53850366e-02  5.02295308e-02  8.56723562e-02 -6.54539987e-02
 -5.63920811e-02 -1.29392482e-02  3.43648270e-02  1.48473680e-03
 -1.76830113e-01  6.68796152e-02  3.39342430e-02  1.08547688e-01
 -7.49291480e-02 -9.29321069e-03 -3.83589580e-03  7.69366920e-02
  9.47765633e-03 -1.90276820e-02 -5.33820763e-02  3.82248010e-03
  6.21602032e-03  1.39535666e-01 -5.57334647e-02 -4.90693779e-08
 -2.15493850e-02  2.82398183e-02  6.76044310e-03  5.21062128e-02
  4.82029058e-02  8.86938646e-02 -5.88360764e-02 -3.26679498e-02
  1.70440227e-02  3.31727117e-02 -3.26896682e-02  3.49230245e-02
  3.39234546e-02 -4.09010909e-02  1.34747811e-02  4.87834439e-02
  7.68747032e-02  6.00074641e-02 -1.63259935e-02 -4.27158065e-02
  9.65609848e-02  5.33513986e-02 -6.01761267e-02  9.90187898e-02
 -2.94567813e-04 -3.47137935e-02  6.34139925e-02  7.63776004e-02
  4.56411056e-02  5.17235044e-03  4.91934977e-02 -1.87193770e-02
  9.14068893e-03  3.75460498e-02  2.70538945e-02  1.63418930e-02
 -4.70010825e-02 -2.46297345e-02  7.50097185e-02  1.12829562e-02
  1.42768323e-02  4.51455116e-02 -9.42715909e-03  4.07848805e-02
 -9.18854587e-03  4.42741141e-02 -1.01105668e-01 -1.08095191e-01
 -2.29921518e-03 -1.52845513e-02 -5.49917202e-03  4.66359556e-02
 -4.67938483e-02  9.75301191e-02 -5.31302057e-02  2.31969655e-02
  3.12075503e-02 -6.73467591e-02  4.40855399e-02  4.21758369e-02
 -1.82402006e-03  6.90360367e-02 -5.51561229e-02 -1.64232440e-02]"
59,../models/Simple Tests/DecisionTest.sysml,"action def DecisionTest {
	attribute x = 1;
	
	decide 'test x';
	if x == 1 then A1; 
	if x > 1 then A2;
	else A3; 
	
	then decide; 
	if true then A1;
	if false then A2;
	
	action A1;
	action A2;
	action A3;
	
	succession S first A1 
		if x == 0 then A2;
		
	first A3;
		if x > 0 then 'test x';
}","Generate a SysML v2 model that defines an action called DecisionTest. This action has an attribute x initialized to 1. The model includes a decision block labeled ""test x,"" which evaluates the value of x and directs the flow to three actions: A1, A2, and A3 based on the conditions provided. If x equals 1, it executes action A1; if x is greater than 1, it goes to A2; otherwise, it defaults to A3. Additionally, there's a nested decision that checks a boolean condition, leading to either A1 or A2. The model establishes succession rules, initiating with action A1 and determining subsequent actions based on the value of x—leading to action A2 if x equals 0. The first sequence begins with A3, calling back to the decision  if x is positive, enforcing the cyclical nature of the decision-making process. The model captures the logic of the decision test and associated actions clearly.","[-4.82078940e-02 -3.68841961e-02 -5.40894046e-02 -2.81217601e-02
 -1.76566275e-04 -2.42677890e-02  3.16615626e-02 -3.61584164e-02
  3.29150967e-02  1.17500693e-01  2.41703466e-02 -2.56595239e-02
  3.92915308e-02  4.21918295e-02  7.39478413e-03  1.59288384e-02
 -5.31199053e-02 -8.45731609e-03 -2.16997806e-02 -1.53777404e-02
  8.63419175e-02 -5.75336255e-02 -1.32595049e-02  7.45949615e-03
 -9.16214213e-02 -2.08915677e-02 -6.67107850e-03 -4.15745843e-03
  4.86521013e-02 -8.87800232e-02  5.64679392e-02  2.45282762e-02
  4.98702377e-02  6.02741493e-03  2.62623671e-02  8.50986410e-03
  8.71379301e-03 -7.56643564e-02 -8.91284347e-02  1.23937512e-02
  1.00701023e-02 -6.42471984e-02 -2.86391918e-02 -6.92176819e-02
  9.52770468e-03  4.96433042e-02 -3.68763842e-02  1.17787160e-02
 -4.18967977e-02 -2.19872762e-02 -3.21483836e-02 -1.89458504e-02
  1.86834782e-02 -5.84890693e-02  2.02551708e-02 -1.30320424e-02
  5.63098490e-02 -2.37092208e-02 -9.07739997e-02 -4.63899933e-02
 -2.40046233e-02 -3.17804441e-02 -1.16648175e-01 -8.43468774e-03
  5.31007871e-02  8.26717019e-02 -7.67575055e-02 -1.34389456e-02
  7.82364979e-02  5.13131097e-02 -7.33712986e-02 -5.44555597e-02
 -3.29965842e-03 -2.12847069e-03  3.39922458e-02 -1.12564322e-02
  7.59786889e-02 -4.07931209e-02 -4.52523381e-02 -6.12772442e-02
 -7.28798658e-02 -8.22288450e-03 -7.50469193e-02  7.53115118e-02
  3.57523412e-02 -3.97563539e-02 -1.33105402e-03 -6.59098476e-03
  1.25938565e-01  8.92018080e-02 -3.00133321e-02  1.05059240e-02
  2.83703748e-02  7.11775618e-03  5.78496046e-02  7.30663016e-02
  1.60049219e-02 -4.26251963e-02  1.84540674e-02  5.38311303e-02
  8.41422752e-03  1.96848009e-02  2.74065863e-02 -5.40916026e-02
  4.20883149e-02 -2.89836172e-02 -1.50078759e-02 -7.67131746e-02
 -3.37641872e-02 -8.03560987e-02 -3.45182493e-02 -3.48468125e-03
  1.07838258e-01  8.33754055e-03 -2.13627075e-03  5.22072613e-02
  3.60291898e-02  7.13979155e-02 -2.45908685e-02 -5.36606945e-02
  6.11047447e-02 -1.24115264e-03  1.98720638e-02  1.87824871e-02
  4.16037627e-02  9.65126045e-03 -8.57098103e-02  3.77405906e-33
 -3.73765081e-02 -7.46223032e-02  3.20846285e-03  7.10201040e-02
 -3.44918147e-02  5.35033233e-02  4.06229123e-02 -9.86209698e-03
 -2.37594899e-02  8.74245390e-02 -5.90704056e-03 -1.97330099e-02
 -6.17384911e-03  1.31622022e-02  1.09655447e-02 -6.79901019e-02
 -6.45477027e-02 -2.41168658e-03 -1.24263717e-02  2.15120204e-02
  6.85752630e-02 -4.75504398e-02 -6.84363917e-02 -4.20520753e-02
  3.28346007e-02 -8.55842419e-03  2.48571131e-02  1.43492324e-02
 -4.98520918e-02  8.25654622e-03  3.24314460e-02  2.41666865e-02
 -6.15052022e-02  5.32554761e-02  3.30841877e-02  7.41818473e-02
 -6.06125481e-02  1.76470410e-02  9.07637626e-02 -2.75383703e-02
 -6.99885264e-02 -6.23286515e-02 -4.26426046e-02  3.86429802e-02
 -4.27010879e-02 -6.95157945e-02 -8.55429247e-02 -1.18796220e-02
  3.28584798e-02 -7.61867734e-03  1.57124162e-01 -8.97428859e-03
  1.15654960e-01 -1.43120270e-02 -5.91254570e-02  8.26570019e-03
 -5.09895943e-02  4.15824540e-02 -6.54631332e-02  1.00296855e-01
  6.35556504e-02 -1.42250266e-02 -6.69141933e-02  7.72465840e-02
 -3.90676633e-02  7.07850456e-02 -8.29147622e-02 -9.82970744e-02
  9.97852236e-02 -2.48684306e-02 -6.04763553e-02  6.59126863e-02
 -6.57746615e-03 -1.36975236e-02  4.88592200e-02 -4.82831337e-02
  2.95371115e-02  1.97731797e-02 -2.00088006e-02 -4.61340956e-02
 -5.47604337e-02  1.49799008e-02 -2.25479864e-02  4.34752256e-02
  3.73262465e-02 -2.00542081e-02 -5.11236899e-02 -7.70462006e-02
 -1.17014863e-01 -1.00982584e-01 -2.10786946e-02 -2.81263180e-02
  9.59414989e-02  6.11749999e-02  1.27456695e-01 -4.65676238e-33
  3.56650390e-02  6.41258340e-03  2.25681383e-02  3.91805470e-02
 -1.11722443e-02 -6.07927516e-02 -7.48722721e-03 -4.81319278e-02
 -2.04434488e-02 -9.09901515e-04  1.18536483e-02  3.82495187e-02
  2.12625861e-02  3.82943563e-02  2.15477645e-02 -1.64310839e-02
  2.89798975e-02 -1.00252517e-01  1.71395801e-02  4.84109782e-02
  4.37978888e-03  1.14199966e-01 -8.79927874e-02 -5.34819206e-03
 -6.40485957e-02  4.06671762e-02 -1.33568300e-02  4.24600318e-02
  6.77912533e-02  3.70568670e-02 -2.08018143e-02 -1.66979991e-02
  5.77726550e-02  1.51545210e-02  6.35919571e-02 -8.70286971e-02
  3.21133286e-02 -4.09621112e-02 -1.66077986e-02  6.59665465e-02
 -5.56671573e-03  7.59359635e-03  5.83746703e-03  3.51900309e-02
  8.93575996e-02  7.08943382e-02  2.22600996e-02  2.32741702e-02
 -4.76917773e-02 -6.41072392e-02 -2.30423380e-02  9.56857577e-03
  2.65093218e-03  8.77250060e-02 -2.31342465e-02  3.26201059e-02
  7.26257870e-03 -2.45606694e-02 -2.10545734e-02  6.60285577e-02
 -2.07679365e-02  2.57353242e-02  7.75217712e-02  2.36869939e-02
 -1.04062008e-02  1.19533082e-02 -3.01857553e-02 -1.80408955e-02
  3.30177844e-02 -1.43500036e-02  7.42654800e-02  7.05813169e-02
 -7.01062232e-02 -8.27273261e-03  1.33320346e-01 -5.39237298e-02
 -1.13819301e-01 -1.58732906e-02  1.07174902e-03 -1.00003546e-02
 -1.05907142e-01  2.42282227e-02  2.62542889e-02  1.14037320e-01
 -7.55239353e-02  3.53386886e-02  1.74657982e-02  6.26162812e-02
  1.65882707e-02  1.85141910e-03 -3.77017967e-02  1.49584711e-02
  4.27116379e-02  6.11756667e-02 -9.47480798e-02 -5.78710910e-08
 -4.61413264e-02 -4.46346290e-02  6.26389757e-02  3.88002992e-02
  5.39898314e-03  7.80816153e-02 -6.00892156e-02 -5.99619485e-02
  1.64460130e-02 -7.74231404e-02 -2.85435654e-02  1.16374835e-01
 -3.27182584e-03 -3.18950936e-02  5.58062363e-03  2.98752952e-02
  1.72359440e-02 -6.02758769e-03 -4.51205708e-02 -1.22321500e-02
  5.61911017e-02 -2.91200019e-02 -3.02204164e-03  9.71303806e-02
  1.16764149e-02 -2.21001916e-02 -1.68498009e-02  5.16124256e-02
  3.11885737e-02  3.40496860e-02  8.90055522e-02  4.35953178e-02
  5.12801856e-02  4.95402329e-02 -2.31479593e-02  8.60677361e-02
 -2.06464883e-02 -6.67075347e-03  5.45792580e-02 -2.96541769e-02
 -2.14397460e-02  3.52598242e-02 -4.13930044e-02 -1.62638794e-03
 -4.52883579e-02 -1.11048175e-02 -8.82049501e-02 -1.57634467e-01
 -3.83060090e-02 -5.68857156e-02 -4.74198116e-03  3.07255499e-02
 -4.06131148e-02  8.76233056e-02 -2.21103318e-02  1.03358505e-03
 -1.09718787e-02 -3.98589000e-02 -4.39458750e-02  2.76715010e-02
  4.49620076e-02  4.49137241e-02 -1.41637921e-02 -2.31543835e-03]"
60,../models/Simple Tests/DefaultValueTest.sysml,"package DefaultValueTest {
	
	part def V {
		attribute m default = 10;
		attribute n = 20;
	}
	
	part v1 : V {
		attribute :>> m = 20;
	}
	
	part def W :> V {
		attribute :>> m default = n;
	}
	
	part v2 = W();
	
}","Generate a SysML v2 model that defines a package named DefaultValueTest. Within this package, create a part definition named V with two attributes: 'm' initialized with a default value of 10 and 'n' set to 20. Then, instantiate a part v1 of type V, overriding the attribute 'm' to be 20. Next, define another part W that extends V, allowing for the attribute 'm' to default to the value of 'n' when instantiated. Finally, create a part v2 as an instance of W. This model showcases default attribute values and overrides in a clear hierarchy, demonstrating the use of inheritance and default settings within SysML.","[ 1.18066613e-02  2.44711544e-02 -7.02768331e-03  3.05093210e-02
 -1.22243211e-01  3.85856144e-02  2.70892736e-02  5.49740605e-02
 -1.15054011e-01  1.51761146e-02  3.49219292e-02 -3.04508470e-02
  2.36806422e-02  1.01395100e-01  3.28044072e-02  2.14454494e-02
  6.21527396e-02  3.29738408e-02 -4.75137457e-02  1.84307080e-02
  5.76349422e-02 -5.68830594e-03  1.50586152e-02  2.22934526e-03
 -2.49162242e-02 -7.44525716e-02  2.55415589e-02  4.53593656e-02
  1.17366262e-01 -4.00471985e-02  5.78584000e-02  9.88092795e-02
  4.64502908e-03  6.55791014e-02  7.21613839e-02  1.96457608e-04
  1.57674756e-02  3.03313099e-02 -3.38140801e-02 -1.57248718e-03
  1.67494081e-03 -4.51161526e-02 -2.27992125e-02 -3.75015624e-02
 -5.22325607e-03  6.41678721e-02  7.09879026e-02  1.07375504e-02
 -7.08614588e-02  6.06947392e-03  2.86638122e-02 -3.31330784e-02
  1.93581590e-03  1.77173074e-02  1.70520339e-02  3.51534784e-02
 -1.64841712e-02 -3.84970121e-02 -1.10703096e-01 -4.60586920e-02
 -7.28210583e-02 -2.29140092e-02 -4.91708778e-02 -6.15719967e-02
 -1.57236662e-02  1.00748174e-01 -2.68314499e-02  1.90083608e-02
  2.77150399e-03  8.50441009e-02  1.51778944e-03 -4.40253355e-02
  3.47906677e-03  4.88630794e-02 -5.74731939e-02  3.72134075e-02
  3.69752869e-02  1.86699256e-02  3.64201982e-03 -2.32645869e-02
 -6.38241693e-02  4.62672748e-02 -4.92895395e-02  1.20041389e-02
  3.79763171e-02  7.27297738e-03  3.99249746e-03  4.93419021e-02
  7.14819133e-02  1.17173642e-01 -5.03191054e-02 -5.33897802e-02
  7.59048760e-02  4.47724797e-02  1.81222260e-02  3.13827656e-02
  2.62808409e-02 -2.80287098e-02  2.90999003e-02  5.66017907e-03
 -3.58690247e-02 -2.88870595e-02  9.32194889e-02  6.84410483e-02
  2.50928048e-02 -7.12733855e-03 -1.31514827e-02 -2.26492304e-02
 -5.99180125e-02 -1.26961526e-02  4.62446595e-03  2.75498182e-02
  2.97114421e-02 -7.57334307e-02  3.49236503e-02 -1.94748975e-02
  5.34183644e-02  6.46058528e-04 -5.85519224e-02 -5.41838929e-02
 -2.43271422e-03 -5.45280725e-02  1.27477823e-02  6.37273565e-02
 -4.13206080e-03  2.65133157e-02 -1.00871876e-01  5.28505199e-33
  2.79162405e-03 -1.71240270e-02  1.20286020e-02  8.77576470e-02
 -3.20097543e-02  3.01862154e-02  5.68061471e-02 -7.10021192e-03
 -3.55221368e-02 -1.45277344e-02  2.16933023e-02 -1.02058100e-02
 -2.44430434e-02  5.41853253e-03  6.54398277e-03 -1.75359584e-02
 -3.63342240e-02  8.13044086e-02  4.19056527e-02 -8.41705278e-02
  1.65660764e-04  7.76027814e-02 -4.81331237e-02 -6.34098202e-02
  3.07564195e-02  1.65542103e-02 -1.56807844e-02 -9.69336089e-03
 -5.56317754e-02 -6.43347669e-03  3.38452123e-02 -1.19005740e-02
  6.99376762e-02 -6.49377238e-03 -4.48098890e-02 -1.53384767e-02
 -4.39658649e-02  2.88802981e-02  8.13159198e-02 -7.94308707e-02
  7.30706677e-02  2.90258527e-02  7.57489279e-02  4.57748324e-02
 -4.07683328e-02 -5.11474535e-02 -1.91869047e-02  8.27124193e-02
 -2.18646023e-02 -1.05283320e-01  6.66380152e-02  5.08533008e-02
 -3.58574241e-02 -3.28578171e-03 -4.70272042e-02  6.15311367e-03
 -1.50907482e-03  9.98034142e-03 -6.14457615e-02 -2.86517944e-02
 -3.74837331e-02 -2.03569010e-02 -1.52046401e-02  2.95758750e-02
 -1.75305139e-02  2.21507270e-02  5.32220975e-02 -9.24692154e-02
  6.62025735e-02 -2.71494221e-02 -5.96181639e-02 -8.29058792e-03
 -1.28079131e-01  4.44018021e-02 -2.36789417e-02 -2.46365070e-02
  1.04033172e-01 -4.78614382e-02 -4.38889489e-02 -2.50751758e-03
 -5.80591150e-02  1.41961485e-01 -6.84997737e-02  3.61170843e-02
  7.03619197e-02 -1.34624317e-01  2.52742954e-02 -6.46109283e-02
 -4.66471836e-02 -1.08884864e-01  2.57152617e-02 -1.32933229e-01
  3.95908989e-02  1.00312158e-02  1.89070087e-02 -4.39781310e-33
  6.47148266e-02 -1.40393460e-02  2.49948893e-02  9.90400910e-02
 -2.42516268e-02 -7.44932145e-02  5.24792671e-02  4.32642661e-02
 -7.88375065e-02  3.63008417e-02  1.04360534e-02 -7.10065523e-03
  3.28493640e-02  3.26419226e-03 -1.31267132e-02  4.00161073e-02
 -4.88730893e-02 -5.62595688e-02  1.24493808e-01  1.79016069e-02
 -1.17429569e-02  9.45257023e-02 -3.54291797e-02  6.43561501e-03
  5.29026575e-02  3.01421862e-02 -6.37609586e-02  6.31509125e-02
  2.88975122e-03  7.18115568e-02 -3.56240161e-02 -6.07257197e-03
  4.69843671e-03 -8.39854181e-02 -6.21215068e-03 -4.74814773e-02
 -7.76527496e-03 -7.83639844e-04  2.06637438e-02  6.89723492e-02
  2.13503069e-03 -5.23556955e-03 -2.35391278e-02  5.67487627e-02
 -3.62686515e-02 -3.00122611e-02  2.81844251e-02 -3.97425517e-02
 -2.74023805e-02 -7.50219151e-02 -4.55808640e-02 -5.91694899e-02
  5.68110012e-02  5.09548001e-02  2.84525324e-02 -1.69083162e-03
  2.23376956e-02 -5.20796282e-03  2.40811035e-02  4.47120555e-02
  5.10018803e-02 -3.27034667e-02  1.59899779e-02 -3.50348540e-02
 -4.66254205e-02 -1.76051296e-02 -5.61198369e-02 -3.78330126e-02
 -1.30226567e-01 -5.03448956e-02  2.11458001e-02  1.27834957e-02
 -2.53590960e-02 -4.89029214e-02  3.47500481e-02 -1.12257972e-01
 -2.51283566e-03  1.17877826e-01  7.59242550e-02 -1.39789870e-02
 -1.16324767e-01  9.80888377e-04  7.76171032e-03  3.85369398e-02
 -7.37218186e-02 -3.21885161e-02  3.56859043e-02  6.85051456e-02
  3.44464481e-02  4.11001556e-02 -7.37177581e-02  1.05657792e-02
  2.90154591e-02  5.18119261e-02 -1.25882104e-01 -4.47701893e-08
 -1.11243039e-01 -4.41106409e-02  2.74216756e-02  5.33056110e-02
  2.90076043e-02 -1.10844318e-02 -1.01804689e-01  2.85989069e-03
  9.28154401e-03  2.83261221e-02 -1.87581533e-03  4.35336567e-02
 -3.15087512e-02 -4.49051186e-02 -5.25187552e-02  8.90470576e-03
 -1.53614273e-02  2.91267573e-03 -7.83380121e-02  3.01791169e-02
  4.86205481e-02  7.22725838e-02  2.35942211e-02  4.37484160e-02
  7.40310997e-02 -5.67555837e-02 -1.58224367e-02  5.24769025e-03
  1.12568259e-01  6.08955398e-02  5.09023108e-02  9.01565328e-03
  5.67119159e-02  8.56653005e-02 -4.87351380e-02  3.26115601e-02
 -1.47511989e-01  4.75500450e-02  2.24455427e-02  2.95466315e-02
  5.20949773e-02 -5.35433106e-02 -8.97172168e-02  2.60713380e-02
 -4.52656634e-02  1.30438749e-02 -9.77609009e-02 -7.97491744e-02
 -1.79431979e-02  2.69184262e-02 -2.94166207e-02  6.06971867e-02
  5.51270740e-03  3.81464586e-02 -4.81614955e-02  3.74993570e-02
  3.43315043e-02  5.08460142e-02  3.66084911e-02 -4.18042205e-03
  1.62295927e-03  6.68915804e-04 -1.50791984e-02  2.85076611e-02]"
61,../models/Simple Tests/DependencyTest.sysml,"package DependencyTest {
	
	package System {
		package 'Application Layer';
		package 'Service Layer';
		package 'Data Layer';
	}
	
	private import System::*;
	
	dependency Use from 'Application Layer' to 'Service Layer';
	dependency from 'Service Layer' to 'Data Layer';
	
	attribute x;
	attribute y;
	attribute z;
	
	dependency z to x, y;
	
}","Generate a SysML v2 model to depict a structured system architecture within the `DependencyTest` package. The model will contain a `System` package divided into three distinct layers: `Application Layer`, `Service Layer`, and `Data Layer`. Establish dependencies, where the `Application Layer` utilizes services from the `Service Layer`, and the `Service Layer` in turn depends on the `Data Layer` for data management. Additionally, define attributes `x`, `y`, and `z` within the model to represent key properties or parameters. Create a specific dependency that illustrates how `z` relies on both `x` and `y`, encapsulating their interaction. This concise structure will enable clarity in understanding the inter-layer dependencies and relationships within the system.","[-5.63459061e-02 -3.73937041e-02  8.61593615e-03  2.06210045e-03
  8.35283846e-03 -5.32608218e-02  3.00477594e-02  3.09460610e-03
 -8.14283937e-02  1.27546377e-02  3.66853215e-02 -4.38343063e-02
  5.87353148e-02  5.82542010e-02  4.59161326e-02  1.99620035e-02
  1.14939503e-01 -8.37496817e-02 -1.52360881e-02  4.43632416e-02
  8.30585361e-02 -2.13377103e-02 -6.87207058e-02  9.54713614e-04
 -8.43430683e-02 -6.40778895e-03 -1.48257557e-02  4.36194949e-02
  2.50579063e-02 -4.59067374e-02  5.00742272e-02  3.21231782e-02
 -4.32113651e-03  4.49558310e-02  3.87473367e-02  1.39270043e-02
  1.31803751e-01 -6.73234984e-02 -5.84530868e-02 -4.08053361e-02
 -1.09521477e-02  8.97168089e-03  1.17338113e-02 -3.69100575e-03
  2.68163588e-02 -7.58523718e-02  3.62502155e-03 -8.27130862e-03
 -4.94470447e-02 -3.43914628e-02 -6.66654781e-02 -4.98500876e-02
 -2.81613156e-05  3.28917503e-02  2.31562220e-02  8.53242055e-02
  7.77393654e-02  4.02576141e-02 -1.89606905e-01  1.26858745e-02
 -8.39266479e-02  2.39368584e-02 -8.10864791e-02 -5.00340294e-03
  1.15905963e-02  8.12408999e-02 -6.94237575e-02  5.44874510e-03
  6.72829002e-02 -4.53319820e-03 -1.39361575e-01 -2.99972910e-02
  3.40513587e-02 -3.53641473e-02 -6.11288957e-02  1.67490933e-02
  5.02879322e-02 -1.58965681e-02  1.55654270e-02 -1.51655599e-01
 -5.81606887e-02  5.98413460e-02 -4.01852988e-02  9.79169384e-02
 -6.17749896e-03  1.21647790e-02  5.52598983e-02 -5.84119856e-02
  2.64019659e-03  6.03998452e-02  4.49297167e-02 -4.66748923e-02
  5.29572964e-02 -6.02255482e-03  1.20551400e-01  5.88021837e-02
  3.46609540e-02 -7.00958148e-02  1.51108601e-03  1.92784201e-02
 -7.19811628e-03  1.06231235e-02  1.07092187e-01  2.24453327e-03
 -2.18674378e-03  4.68218140e-02 -6.65400550e-02 -4.93363254e-02
 -9.92096141e-02 -6.23187795e-02 -3.34570371e-02  5.97522222e-02
 -3.34701054e-02 -5.05111217e-02 -2.20018812e-03 -3.41679491e-02
  2.16237567e-02 -3.20024379e-02 -2.15268228e-02 -4.07919176e-02
 -2.07301304e-02  3.25763524e-02  7.81475101e-03 -2.04752591e-02
  3.77905369e-02  4.43842150e-02 -2.50010267e-02  1.74074863e-33
 -5.89012317e-02 -2.52160360e-03 -3.04256808e-02  1.53650537e-01
  1.11269020e-02  5.72573580e-02  5.71957976e-02  3.73079441e-02
 -7.92163834e-02  4.77558412e-02 -5.97558431e-02 -6.26048539e-03
 -3.75336446e-02 -1.07593192e-02  6.62375763e-02  2.33019033e-04
 -4.22350168e-02  1.26441531e-02  2.79274676e-02  3.48460265e-02
  1.50261857e-02  9.09739546e-03 -4.45459373e-02 -7.70140067e-02
  9.22774896e-02  6.45872578e-03  3.63109596e-02 -4.91754804e-03
 -4.97270115e-02 -3.07066366e-03  5.50824143e-02  8.95936787e-03
 -1.21515500e-03  3.27032022e-02 -1.11746676e-02  1.26088392e-02
 -1.35059962e-02 -3.58463125e-03  1.05756540e-02 -5.90159558e-02
  4.54604290e-02  2.85899807e-02 -2.11655535e-02  8.34324956e-02
 -2.38468172e-03 -6.45951033e-02 -2.63770614e-02 -1.86954420e-02
  9.02895778e-02 -1.01897560e-01  7.87984654e-02 -1.80061348e-02
  6.11644909e-02  4.44535986e-02 -1.34689352e-02 -2.64294483e-02
  3.42155062e-02 -3.06944773e-02  1.23227704e-02  5.03960252e-02
  6.06027711e-03 -8.37262794e-02 -1.12363491e-02  8.94307345e-02
  1.10003397e-01  3.14973257e-02 -6.31249398e-02 -1.15199618e-01
  3.89691181e-02  5.37179969e-02 -7.50087127e-02  1.24616278e-02
  1.93002913e-02  8.64178091e-02  1.38673112e-02 -6.66452944e-02
 -4.90502045e-02 -4.33361270e-02 -2.71419082e-02  7.43267983e-02
 -7.48129115e-02  5.05492203e-02  1.25636719e-02  4.13222052e-02
 -6.69815345e-03 -4.47698943e-02 -3.92580964e-02 -1.29050454e-02
 -2.87419185e-02 -8.92331228e-02  2.99709551e-02 -4.99594361e-02
  1.20237516e-03 -3.52960937e-02  3.53765488e-02 -2.73370432e-33
  1.59013439e-02  5.52133694e-02  4.25038561e-02  4.50548455e-02
  3.78583856e-02 -7.07469732e-02 -3.44528854e-02  5.18208742e-03
 -6.03829585e-02  1.05148107e-01 -1.59642065e-03 -4.55074087e-02
  8.22938979e-02 -1.45368716e-02 -3.19814570e-02  6.78029507e-02
 -8.84673074e-02 -1.57629654e-01  3.13070044e-02  3.03631611e-02
 -5.27096614e-02  1.00651190e-01  5.38172089e-02 -1.51442410e-02
 -1.53238941e-02 -1.43175852e-02 -3.99332400e-03  6.40359754e-03
  4.00091670e-02  1.06007829e-02  2.56985147e-02  8.83025955e-03
  2.50672419e-02 -1.13757104e-01 -1.69120952e-02 -2.02971008e-02
 -3.15068401e-02 -8.34926441e-02 -5.86830638e-02 -4.99604177e-03
 -2.10719742e-02 -4.02874686e-03 -9.81134176e-02 -3.04134041e-02
  3.13703232e-02  4.16479148e-02 -2.55477093e-02 -2.86491634e-03
 -3.03854793e-02 -8.75368565e-02 -3.67625691e-02 -2.38486595e-04
  4.01453581e-03  4.65903133e-02  2.62669176e-02  3.59656885e-02
 -2.63025854e-02  3.99648584e-02  1.84161849e-02 -2.59410730e-03
  5.57693988e-02 -2.74163764e-02  3.71934772e-02 -1.01994965e-02
 -1.30807068e-02 -4.35900688e-02  1.66019192e-03 -5.78813115e-03
 -7.64992461e-03  2.54251622e-02  1.90265123e-02  4.01000865e-02
 -5.75838564e-03  2.50195041e-02  6.48298040e-02 -5.80571070e-02
 -4.26309966e-02  7.61469826e-02  7.24729374e-02 -1.69831980e-02
 -7.71347284e-02 -6.49410114e-03 -1.41222849e-02  8.75142813e-02
 -5.37474379e-02 -5.95480064e-03  5.47857881e-02  4.84635569e-02
 -1.08955028e-02 -1.65046453e-02 -4.64675725e-02  1.09244033e-03
 -6.37872964e-02  1.14630245e-01  1.81639157e-02 -5.23793311e-08
  1.11411735e-02 -5.75302774e-03 -4.43481188e-03  3.60670546e-03
 -3.00124846e-02  4.99902554e-02 -3.69564653e-03  2.05831248e-02
  1.60942581e-02  6.44353628e-02 -8.24911818e-02  8.47936049e-02
 -3.19630504e-02  7.14786397e-03 -5.71859293e-02  7.37132207e-02
  3.06474455e-02  3.61247659e-02 -3.17622498e-02 -2.69342475e-02
  1.15705527e-01  2.72341315e-02 -2.18342599e-02  5.35328835e-02
  5.76995462e-02 -4.00511688e-03  2.16449574e-02  4.63385172e-02
  5.90911247e-02  5.50297052e-02  7.82057643e-02 -3.85851264e-02
 -5.34229958e-03 -3.70767005e-02 -3.31528299e-02  9.15784538e-02
 -3.26850861e-02  1.91223007e-04  1.43986896e-01  1.71401631e-02
 -1.95771549e-02  1.51654119e-02  4.14105877e-03  4.50546816e-02
  1.92453545e-02 -3.41611356e-02 -9.62813422e-02 -5.24138734e-02
 -6.07256629e-02 -3.38700563e-02 -6.10501356e-02  1.53515972e-02
 -8.44625235e-02  6.29118606e-02 -4.65284884e-02  1.08491797e-02
  4.29747365e-02 -1.29512586e-02  1.05582848e-02 -1.07885143e-02
 -1.19646750e-02  3.94547954e-02  6.24574348e-03 -3.17227691e-02]"
62,../models/Simple Tests/EnumerationTest.sysml,"package EnumerationTest {
	
	attribute def Color {
		attribute val : ScalarValues::Natural;
	}
	
	enum def ColorKind :> Color {
		doc
		/*
		 * An EnumerationDefinition can contain only EnumerationUsages. However,
		 * it can specialize an AttributeDefinition in order to inherit
		 * common features for its enumeration values.
		 */
	
		enum red {
			:>> val = 0;
		}
		enum blue {
			:>> val = 1;
		}
		enum green {
			:>> val = 2;
		}
	}
	
	enum color : ColorKind;
	enum color1 = ColorKind::blue;	// Implicitly typed by ColorKind.
	attribute color2 : ColorKind = color1;
	
	enum def E1 { a; b; c; 
		doc
		/*
		 * The ""enum"" keyword is optional for EnumerationUsages used to define the
		 * enumerated values of an EnumerationDefinition.
		 */
	}
	
	enum def E2;
	
	attribute def Size :> ScalarValues::Real {
		doc
		/*
		 * An EnumerationDefinition can also be used to restrict a supertype to
		 * specific values.
		 */
	}		
	enum def SizeChoice :> Size {
		= 60.0;
		= 70.0;
		= 80.0;
	}	
	enum size: SizeChoice = 60.0;
	
}","Generate a SysML v2 model for a package named ""EnumerationTest"" that encapsulates several enumeration definitions and their attributes. The model should define an attribute ""Color"" with a natural scalar value, and an enumeration ""ColorKind"" inheriting from ""Color,"" containing specific colors: red, blue, and green, each linked to distinct values. Also, implement two color enumerations, ""color"" and ""color1,"" with ""color1"" defaulting to blue, and define another attribute, ""color2,"" set to ""color1."" Additionally, create two more enumerations, ""E1"" and ""E2,"" with ""E1"" containing values a, b, and c. Finally, introduce a ""Size"" attribute derived from real scalars, restricting choices to specific values defined in ""SizeChoice"" (60.0, 70.0, and 80.0), with a default enumeration ""size"" set to 60.0. This concise structure will support organized and reusable definitions for colors and sizes, maximizing clarity and efficiency in model design.","[ 2.74495166e-02  1.61923710e-02 -2.35559735e-02  1.34167885e-02
 -3.77246700e-02  2.72780117e-02  4.73359413e-02 -1.99019760e-02
 -8.19777027e-02  2.68714689e-02  2.63183713e-02 -9.76816714e-02
  9.90917608e-02  4.75630611e-02  3.87675464e-02  5.95682301e-02
  1.40295615e-02  2.75968127e-02 -1.21762857e-01 -2.41937824e-02
  3.48683260e-02 -6.42884076e-02 -1.54640442e-02  4.11995724e-02
 -7.43995234e-02 -8.84669274e-03  1.16319712e-02  1.26503939e-02
  7.54174264e-03 -1.01275668e-01  1.62035339e-02  1.42808240e-02
  6.66685775e-02  5.22638075e-02  7.10986629e-02 -7.69716203e-02
  3.20536010e-02 -2.47202497e-02 -8.14170912e-02  3.70710716e-02
 -4.80091125e-02 -2.08393019e-02 -1.03776027e-02 -2.22260877e-02
  1.34990644e-02  9.39603616e-03  1.08503802e-02  3.23056355e-02
 -5.52347228e-02 -4.97725271e-02  2.15676147e-02  2.31098551e-02
 -7.24944994e-02 -1.24399150e-02  2.44613253e-02  3.91980074e-02
 -1.13396812e-02 -9.63982046e-02 -6.02939837e-02 -2.18846090e-02
 -7.12914169e-02 -3.33001688e-02 -3.84203084e-02 -3.90560948e-04
 -2.71637384e-02  7.39115849e-02 -8.35665502e-03  6.78612443e-04
  3.14446539e-02  6.90049231e-02 -1.08093238e-02  1.73715558e-02
  3.02797295e-02  7.01305419e-02  3.47131677e-02  5.06111048e-02
  1.02430031e-01  1.40791349e-02 -3.62825282e-02 -7.84390718e-02
 -1.05962701e-01  7.77629809e-03 -8.59239623e-02  4.67612110e-02
  1.00993372e-01 -1.33645581e-02  3.54976356e-02  2.46760063e-02
  3.63609195e-02  7.40934834e-02 -7.35781388e-03  7.16741830e-02
  5.66808768e-02 -2.48478185e-02  9.14418921e-02  3.64140980e-02
  4.51656021e-02 -6.34311885e-02  2.47607734e-02 -2.92690825e-02
 -1.49387610e-03 -1.17867878e-02  9.52679887e-02  8.46480601e-04
 -1.25012314e-02 -6.42081425e-02 -5.89833362e-03  7.21012009e-03
 -1.97168030e-02 -8.40468481e-02  2.36914959e-02  2.41551851e-03
 -1.84302113e-03 -4.14887406e-02  3.36682759e-02  3.04773040e-02
  5.40586598e-02 -8.15471634e-04  4.75062504e-02 -6.03807904e-02
  7.34090880e-02  2.04232079e-03  3.25741321e-02 -3.72599624e-02
  3.82785946e-02  2.64507215e-02 -8.16469267e-02  3.46491947e-33
 -1.83003284e-02 -4.75177206e-02 -2.38826703e-02  1.19851485e-01
  5.07014692e-02  1.00624666e-01  2.33544176e-03  2.35569552e-02
 -5.84012941e-02 -1.91331003e-02 -1.78560130e-02  1.01502292e-01
 -2.14157626e-02  5.02641238e-02  8.04399401e-02 -3.40480097e-02
  3.00471578e-02  1.16084740e-01 -5.43245859e-02 -2.83248071e-02
 -1.40043683e-02 -1.25724142e-02 -2.00208090e-02 -3.10581177e-02
  1.19668562e-02 -2.44202395e-03  3.82408127e-02  3.97172049e-02
 -4.85659279e-02 -3.63980494e-02  4.92459163e-02  5.47033595e-03
  1.73318610e-02  5.25105894e-02  1.85822994e-02 -3.41558829e-02
 -2.68404167e-02  3.24923098e-02  9.59255174e-02 -2.63430905e-02
  2.70829592e-02  8.79284963e-02 -2.05941740e-02  9.06922296e-02
 -3.21197212e-02 -3.55873303e-03  2.50016786e-02  1.83600988e-02
  1.07788108e-02 -3.90014686e-02  8.18800554e-02  8.13917443e-03
  4.65905927e-02  2.38325819e-03 -3.67801078e-02 -2.98440475e-02
  2.42962260e-02  3.28054056e-02 -1.69961397e-02  3.14457938e-02
 -6.26440570e-02  8.28451887e-02  1.46280322e-02 -6.27747551e-03
  3.36982943e-02  2.04975251e-02 -6.95830435e-02 -9.10792276e-02
  4.90015931e-02 -2.60656457e-02 -9.71408840e-03  6.40498102e-02
 -9.88536049e-03  1.03092855e-02  4.85982141e-03 -9.59772989e-02
  3.42617817e-02 -7.17140585e-02 -4.87459302e-02 -3.20306085e-02
 -9.27590951e-02  3.87402363e-02 -2.71156132e-02  1.15845893e-02
 -1.23807425e-02 -1.13679595e-01 -3.13074910e-03 -1.05626313e-02
 -6.04044907e-02 -1.73720658e-01  4.60912054e-03 -1.38559118e-02
  3.01706083e-02 -9.61921141e-02  2.24812757e-02 -3.55788418e-33
 -5.32667211e-04  2.71162558e-02  1.76203605e-02  1.27053767e-01
  6.01995587e-02 -6.06426559e-02  2.93658432e-02  7.52552692e-03
  1.33584319e-02 -3.03169601e-02  1.24129914e-02  5.80963977e-02
  2.41454337e-02  1.04772532e-03  3.72919836e-03  4.09969641e-03
 -5.92774786e-02 -3.23355012e-02  1.71479341e-02  1.02984020e-02
 -7.36433789e-02  9.17050838e-02 -3.67136598e-02  1.83742139e-02
 -3.25195938e-02  3.84787731e-02 -4.08366062e-02 -3.60654034e-02
 -9.88898240e-03 -1.64675601e-02 -1.96284475e-03 -1.78753268e-02
  2.49746032e-02 -3.24957930e-02  6.45274436e-03 -1.01128928e-01
  6.93092719e-02 -9.08357352e-02 -3.47182527e-02  1.45393103e-01
 -1.86031256e-02 -4.78598177e-02 -1.59387887e-02 -1.35136377e-02
  5.24648186e-03  1.66383944e-02  1.93521976e-02  1.23584671e-02
 -9.26570073e-02 -6.58245832e-02  2.57266834e-02  2.59024883e-03
 -2.22241040e-02  5.81888109e-02  1.51538989e-02 -4.15805057e-02
 -6.29477203e-02  5.55006461e-03  3.59331630e-02  7.41463602e-02
  3.93479178e-03 -2.37026177e-02  1.97038110e-02  2.60653440e-02
 -2.00960971e-02 -3.19164209e-02 -2.60996278e-02 -5.37492558e-02
 -6.10612445e-02 -3.42223085e-02 -6.57190452e-04 -1.84646752e-02
  3.53900390e-03  1.76834187e-03  2.26326827e-02 -9.77242813e-02
 -7.98253343e-03  3.40121128e-02  7.69450888e-02  8.40681642e-02
 -9.82980058e-02  1.38868000e-02  6.30419552e-02  1.13317609e-01
 -5.89604937e-02 -2.91341953e-02  2.39589084e-02  9.50082615e-02
  4.91232723e-02  3.69142331e-02 -4.19115201e-02  3.02724801e-02
  6.34759739e-02  1.86787218e-01 -1.61941890e-02 -5.13153431e-08
 -3.97995822e-02 -5.47372140e-02  4.96290391e-03  5.38202524e-02
 -1.74397863e-02  1.92618873e-02 -6.64799511e-02 -2.28028055e-02
  2.15892978e-02  5.84051833e-02 -2.00728420e-02  5.56425601e-02
 -5.86113743e-02  2.70570219e-02 -2.08058525e-02 -2.42737047e-02
  3.38998362e-02  6.69464876e-04 -4.52805907e-02  4.12614159e-02
  3.93129475e-02  5.09087928e-02 -3.17646638e-02  5.58363572e-02
  1.75483916e-02 -5.74523583e-02 -3.70103605e-02  3.09793931e-02
  3.64621393e-02  7.67461583e-02  7.81525001e-02 -8.32297094e-03
  1.74397361e-02  5.15641719e-02 -2.67897416e-02  9.38502792e-03
 -1.54912621e-01  8.56351182e-02  1.54859768e-02  2.22921241e-02
 -6.57438710e-02 -4.52015996e-02 -1.10557400e-01  6.20067725e-03
  4.89574224e-02 -4.73774821e-02 -1.47840068e-01 -7.05838725e-02
 -5.73251024e-02  6.03802167e-02 -3.99421565e-02  8.38029385e-03
 -2.59613208e-02  1.91279463e-02 -8.32069740e-02  1.22231408e-03
 -1.78193897e-02  2.46648081e-02  5.20570762e-02 -3.86559889e-02
  1.86288301e-02 -4.11576480e-02 -6.95375130e-02  4.64682728e-02]"
63,../models/Simple Tests/FeaturePathTest.sysml,"package Q {
  part def F {
  	part a : A;
  }
  
  part f : F;
  
  part def A {
    part g = f.a;
  }
  
  part def B {
  	part f : F;
  	part a : A;
  }
  
  part def C {
	part b : B {
	  connect f.a to a.g;
	  bind f.a = a.g;
	}
  
	part c subsets b.f {
	  	part aa subsets a;
	}
	
	flow b.f.a to c.aa;
  }
  
  part e1 {
  	attribute x : E;
  	// Ensure that ""e1"" resolves correctly.
  	bind e1.x = E::e2;
  }
  
  enum def E {
  	enum e1;
  	enum e2;
  }
  
  part g = A().g.g.g;
	
}
","Generate a SysML v2 model that defines a package named Q, which encompasses various interconnected parts and their relationships. The model features a hierarchical structure with part definitions for F and nested parts A, B, and C. F contains a part a of type A, while part A references the a component from F. Part B comprises its own instances of F and A. The Model includes part C, which elaborates on B by connecting components and creating subsets, including a subset aa of A. Additionally, part e1 has an attribute x of an enumerated type E, with a binding that ensures e1 resolves correctly. Enum E consists of two enumerated values, e1 and e2. Lastly, the model concludes with a derived part g, demonstrating a deep reference into part A’s hierarchy by accessing the g components in a chain.","[-5.40443696e-02 -3.25388499e-02  1.89190395e-02 -1.26765920e-02
 -1.77503414e-02 -1.80946086e-02  8.80129728e-03  1.05246361e-02
  1.32197784e-02  2.28243917e-02  2.30033044e-02 -3.56051512e-02
  6.22130558e-02  3.40685584e-02  4.86694388e-02  5.04947938e-02
 -2.29100846e-02 -1.90219039e-03 -7.73819461e-02 -5.44629134e-02
  5.24862446e-02 -2.09808466e-03 -3.89742926e-02  2.83360053e-02
 -4.75944616e-02  5.64280478e-03 -2.80358102e-02  5.35778962e-02
  5.25414310e-02 -1.03366561e-01 -4.01566690e-03  1.05867498e-01
  9.20659397e-03  2.84984373e-02  5.63600659e-02  6.26404062e-02
  2.31019519e-02 -4.35305461e-02 -9.69934836e-03 -2.94916835e-02
 -7.97081832e-03  2.36123353e-02 -1.75640162e-03 -7.40799494e-03
  4.78125475e-02 -3.68506350e-02 -4.03214013e-03  3.53346691e-02
 -1.00379534e-01 -5.06385565e-02 -1.77338831e-02  2.07994529e-03
 -5.35409190e-02  1.64476372e-02  3.46898325e-02  7.75419176e-02
  3.80342901e-02 -8.82456824e-02 -1.15814686e-01  1.42864576e-02
 -3.76616642e-02 -1.55232865e-02 -9.77761894e-02 -2.92607751e-02
  3.83741297e-02  4.31705453e-02 -3.46848778e-02 -2.33599190e-02
  2.13540276e-03  5.11223748e-02 -7.70243332e-02 -4.23833020e-02
 -2.69676782e-02  5.29560633e-02  3.57779898e-02  1.14809871e-02
  7.99327865e-02  2.51357388e-02  9.78117716e-03 -8.57081562e-02
 -3.38531174e-02  7.25511685e-02 -5.79419620e-02  6.94338093e-03
  5.00879288e-02 -2.71953121e-02  7.67351091e-02 -9.92736407e-03
  6.32333681e-02  8.72358978e-02 -1.72575954e-02 -6.71874806e-02
  1.15199700e-01  1.42088765e-03  8.13300461e-02  4.74320538e-02
  5.54758795e-02 -2.19963118e-02  2.94359010e-02  1.94085967e-02
 -8.49942584e-03  8.85078534e-02  7.86264688e-02 -5.29390089e-02
 -4.31137830e-02 -2.11904012e-02 -2.03034766e-02  1.28229586e-02
 -6.02022745e-02 -1.06289051e-01 -9.16201174e-02 -1.29094310e-02
 -1.84968312e-03 -6.30498379e-02 -2.35910080e-02 -4.62819561e-02
  8.77515078e-02  1.59566682e-02  4.83313613e-02 -7.87671730e-02
  6.39015883e-02 -7.99412280e-03  7.90162832e-02  3.86466905e-02
  3.37528661e-02  5.62742166e-03 -1.66356325e-01  4.33562173e-33
  1.16916643e-02 -2.80395988e-02  1.31319435e-02  1.27389565e-01
  4.81118411e-02  7.72435442e-02  4.64331023e-02  5.73853683e-03
 -6.94461763e-02  2.58660745e-02 -6.03777692e-02  6.63730055e-02
 -3.45917535e-03  5.29840440e-02  4.69431318e-02  2.20661191e-03
 -6.28979877e-02  8.49341601e-02 -4.57198732e-02 -1.14758154e-02
 -6.79438468e-03  5.64112104e-02 -6.20163046e-02 -6.51231175e-03
  6.65500313e-02  4.45568934e-02  5.80234639e-02 -2.42250152e-02
 -3.36490497e-02 -1.06814541e-02  2.03004181e-02  1.43900570e-02
 -3.91045697e-02  1.92163829e-02  3.72757688e-02 -2.91248987e-04
  6.38357922e-02 -2.23894846e-02  8.17269534e-02 -9.66024473e-02
  8.23676735e-02  7.39555582e-02  4.77879420e-02  2.69514490e-02
 -6.79119378e-02 -4.69537079e-02 -7.81040499e-03  1.22148525e-02
  2.71430425e-02 -8.25663134e-02  8.16445574e-02 -1.05903083e-02
  4.12774011e-02 -2.68692151e-02 -3.74912769e-02 -2.03257450e-03
  1.97338145e-02  9.96814147e-02 -4.39971648e-02  1.10855274e-01
  1.40108550e-02  2.43234038e-02 -4.84055933e-03  2.09808964e-02
  3.47145721e-02  3.47700790e-02 -8.64785761e-02 -8.22736248e-02
  1.15402676e-01  4.42594960e-02 -4.19465192e-02  6.87629730e-02
 -1.54889300e-02  4.84588929e-02  1.58763339e-03 -5.48191592e-02
 -8.52604136e-02 -7.77535737e-02 -5.53877018e-02  2.58592963e-02
 -1.21834539e-01  6.63196146e-02 -1.58930980e-02  4.74832319e-02
  7.60284439e-03 -1.16035573e-01 -3.85923721e-02 -8.00101534e-02
 -3.04749943e-02 -1.01414993e-01 -3.65572460e-02 -4.32036556e-02
  6.95434883e-02 -1.88659807e-03  3.31188105e-02 -4.85133131e-33
 -7.86400773e-03  8.31564981e-03  5.41705526e-02  2.51943562e-02
 -3.05546634e-02 -9.10262167e-02 -2.40263548e-02 -3.07438374e-02
  2.06329161e-03  5.82850315e-02  5.22341467e-02  5.23980856e-02
  6.45387322e-02 -2.35645846e-03  6.18112758e-02 -8.76292214e-03
 -6.31463714e-03 -1.37932584e-01  3.21459980e-03  5.45150526e-02
 -3.26168500e-02  6.35961518e-02  1.03912763e-02 -1.04736658e-02
  6.20056167e-02  5.04632667e-02 -1.95562281e-02  2.99273022e-02
 -5.26228221e-03  2.34440737e-03 -2.40180213e-02 -8.27466547e-02
 -7.09129032e-03 -4.59607169e-02 -7.62807950e-02 -2.76858527e-02
  2.72444054e-03 -9.37981457e-02 -8.76821857e-03 -3.78402397e-02
 -1.12082381e-02  2.88598407e-02 -7.80709134e-03  1.52835352e-02
  1.51151791e-02 -3.51955816e-02 -1.15818088e-03  3.57708409e-02
 -5.45486920e-02 -3.84112187e-02 -9.35157202e-03 -2.09134966e-02
  2.29260996e-02  3.13110766e-03 -1.23242000e-02  2.25430485e-02
 -2.73431819e-02 -1.91287547e-02  2.58450583e-02  8.82837176e-03
  4.14072946e-02 -2.74055898e-02  3.00637018e-02  4.17285226e-03
  1.66838579e-02 -7.20533729e-02 -6.59061372e-02 -6.53648525e-02
 -1.98534061e-03 -7.28475973e-02  2.44870353e-02 -7.92664383e-03
 -6.09579980e-02  2.74079479e-03  7.04147592e-02 -4.02201265e-02
 -5.03515638e-02  3.36018838e-02  4.91759442e-02 -4.07594517e-02
 -1.27228558e-01 -1.99925271e-03  8.38278420e-03  8.75801593e-02
 -2.39607748e-02 -7.15211853e-02  6.23184890e-02  6.86766729e-02
  3.82626317e-02  1.30775885e-03 -1.77219640e-02  1.38014182e-02
  8.39245506e-03  1.99231133e-01 -3.57531197e-02 -5.22588799e-08
 -3.37580144e-02 -4.79183570e-02 -4.39864807e-02  3.31978034e-03
  2.67862808e-02  6.79948227e-03 -6.21333905e-02  1.81499273e-02
  7.84791540e-03  4.82444949e-02 -1.83050651e-02  4.50008810e-02
 -6.04801588e-02  4.18621078e-02  3.75412940e-03  4.11421768e-02
  4.97851633e-02  5.35855368e-02 -7.01250136e-02 -3.13697904e-02
  3.37779261e-02  3.03803124e-02 -1.74983386e-02  8.97863880e-02
  2.66911536e-02 -7.46663362e-02 -1.02360137e-02  6.02991180e-03
  5.92775829e-02  6.36439398e-02  5.01227789e-02 -1.65973641e-02
  1.81670915e-02  3.45548950e-02 -1.06369192e-02  6.16636686e-02
 -5.38781248e-02  2.89022137e-04  1.01634469e-02 -8.97657650e-04
  2.68572792e-02 -3.41589265e-02 -6.45733848e-02  4.75519225e-02
  3.39374207e-02 -2.94532604e-03 -1.21549703e-01 -6.85207322e-02
 -2.34088898e-02  5.28638698e-02 -6.48539811e-02  1.88248456e-02
 -3.23045217e-02 -3.04356962e-02 -1.00569151e-01  3.38172633e-03
 -6.68244855e-03 -2.39715930e-02  9.79037359e-02 -6.18124977e-02
  6.49466366e-03  2.39840057e-02  2.32820455e-02  5.13468012e-02]"
64,../models/Simple Tests/ImportTest.sysml,"package ImportTest {
    package Pkg1 {
    	private import Pkg2::Pkg21::Pkg211::P211;
    	private import Pkg2::Pkg21::*;
    	private import Pkg211::*::**;
        part p11 : Pkg211::P211;
        part def P12;
    }

    package Pkg2 {
        private import Pkg1::*;
        package Pkg21 {
        	package Pkg211 {
        		part def P211 :> P12;
        	}
        }
    }
}","Generate a SysML v2 model that defines a package named ImportTest. The model contains two main packages: Pkg1 and Pkg2. In Pkg1, I will establish private imports from the nested structures of Pkg2, specifically targeting Pkg211, Pkg21, and all elements within Pkg211. I will define a part named p11 of the type Pkg211::P211 and a part definition for P12. In Pkg2, I will implement private imports from Pkg1, and within it, I will create a nested package structure named Pkg21 containing another nested package Pkg211. Inside Pkg211, I will define a part that links the element P211 to the previously defined P12, establishing important relationships and portions for future modeling.","[-7.98468664e-02 -1.11032380e-02 -2.94564245e-03 -2.20627128e-03
  3.46859992e-02 -1.90336555e-02  1.05166947e-03  5.39879967e-03
 -5.81220873e-02 -5.54260425e-03  5.65220527e-02 -3.68083492e-02
  1.66829489e-02  5.45823500e-02  4.78487946e-02 -6.19941810e-03
 -3.03957928e-02  8.71613808e-03 -3.09297964e-02  3.21705490e-02
  2.03565182e-03 -2.83990428e-02  5.11136372e-03  3.53266150e-02
 -8.19392055e-02  2.23820079e-02  3.60081941e-02  6.47290647e-02
  7.48694390e-02 -7.32357875e-02  3.35594416e-02  6.61474764e-02
 -4.41713706e-02  1.65986083e-02  1.22645721e-01  9.19399336e-02
  8.96137860e-03 -2.12482456e-02 -2.35142689e-02 -1.17091246e-01
  1.10230580e-01 -1.66279152e-02  1.85506186e-04 -3.66910473e-02
 -1.58263966e-02 -4.25513685e-02  1.31671969e-02  2.31547840e-03
 -5.27715497e-02 -6.69035986e-02 -1.91787276e-02 -5.60699068e-02
 -2.97395792e-02  5.28597692e-03 -2.70878477e-03  7.60382935e-02
  4.76174131e-02 -6.95615113e-02 -9.19053927e-02  1.72965936e-02
 -2.38007959e-02  1.13140605e-02 -7.65046403e-02 -4.69186343e-02
 -5.41665293e-02  8.03759918e-02 -2.70457435e-02  3.67120095e-02
  3.46240066e-02  3.99796702e-02 -7.83128291e-02  3.94816734e-02
  1.84767488e-02  2.73357108e-02  1.58469956e-02  4.81065437e-02
  3.35407890e-02  4.74453792e-02 -2.26939730e-02 -1.69573754e-01
 -9.43109579e-03 -7.11807515e-03 -6.38163388e-02 -4.10900377e-02
 -1.59430895e-02 -6.06713630e-03  8.06403756e-02 -5.37692830e-02
  3.89701426e-02  5.00359796e-02  4.97986339e-02 -7.38160983e-02
  6.07802197e-02  2.95379981e-02  6.98080584e-02  3.43442783e-02
  2.77359039e-02  1.13197323e-02  4.19597179e-02  2.60867216e-02
 -3.93568464e-02  5.52720129e-02  9.41887125e-02 -3.61909494e-02
 -3.31750722e-03  6.71639070e-02 -5.43208607e-02 -1.01239420e-01
 -1.41637009e-02 -4.10929099e-02 -5.20216376e-02  9.19763148e-02
  4.03376902e-03 -2.21827440e-02  2.25206111e-02  1.04966229e-02
  2.17142329e-02 -4.04871767e-03  2.72913389e-02 -2.27518789e-02
  3.53670493e-03 -2.29879073e-03  1.03986017e-01  2.15260368e-02
  6.50150701e-03 -1.21806609e-02 -1.47081047e-01  8.31584524e-33
 -7.57517200e-03 -1.67551599e-02 -6.65511657e-03  9.72073302e-02
  2.20860727e-02  5.90485372e-02  7.80856311e-02  1.64304208e-02
 -8.16445872e-02  1.74507243e-03 -7.94784576e-02 -5.02940789e-02
 -4.90068793e-02  5.11386339e-03  4.14117165e-02  3.87082575e-03
 -8.58118236e-02  1.21754132e-01  3.93066369e-02  1.12407990e-02
  1.88345220e-02  6.46316679e-03 -6.70825616e-02 -4.07342836e-02
  7.51005113e-02  8.27919692e-02  6.28901720e-02 -4.70277891e-02
 -4.76351492e-02  1.52372643e-02  2.23385356e-02  2.10502353e-02
 -3.68828699e-03  9.06026736e-02 -1.90065522e-02  1.84096545e-02
  8.15316942e-03 -5.42213432e-02  2.93075964e-02 -6.38145208e-02
  4.93929498e-02 -2.68227719e-02  3.62948957e-03  8.07112455e-02
 -4.60987948e-02 -6.96435124e-02 -6.66991994e-02  6.29999936e-02
 -1.20420521e-02 -7.48812705e-02  5.31297326e-02  1.39120836e-02
  1.60328578e-02 -1.89524610e-02 -1.07417196e-01 -2.46437099e-02
  4.15131859e-02  2.04265174e-02  3.50362547e-02  4.58886139e-02
  5.04390262e-02  4.78001721e-02 -2.55329590e-02  9.70868766e-02
  6.16577379e-02  4.45999391e-02 -1.27415270e-01 -7.07405433e-02
  2.11835634e-02 -9.61363409e-03 -4.51339185e-02  4.04494703e-02
 -7.05027953e-02  3.56867574e-02  3.76009531e-02 -8.30423310e-02
  7.26210512e-03  6.25006631e-02 -7.95644615e-03  1.64793117e-03
 -5.92370220e-02  5.21470159e-02 -4.84381393e-02  5.90932136e-03
 -6.67999685e-02 -5.32270521e-02 -2.38167141e-02 -8.02780166e-02
 -3.28937061e-02 -6.01586141e-02 -3.85379215e-04 -6.19723909e-02
 -3.02413967e-03 -2.74947453e-02  3.89020443e-02 -7.63141071e-33
  4.94586043e-02  6.59852475e-02  9.04850289e-02 -2.08715050e-04
  7.21613131e-03 -7.04930276e-02  3.50062139e-02 -3.13866488e-03
 -1.59587283e-02  6.84951246e-02  3.88387823e-04 -7.15432037e-03
  3.85724045e-02 -6.85942471e-02  3.50595191e-02 -4.68563521e-04
  2.32077278e-02 -6.84264377e-02  4.39216457e-02  2.71756202e-02
  1.09679652e-02  9.51515213e-02 -1.41148381e-02  3.83067206e-02
  1.92666110e-02  1.20084146e-02 -2.60835141e-02  8.70185047e-02
  2.55508930e-03  5.67198955e-02  1.74667910e-02  7.30250552e-02
 -3.32806669e-02 -9.04682055e-02 -7.30748177e-02 -6.49237186e-02
 -6.18532933e-02 -6.14400394e-02  5.92203885e-02 -1.72940977e-02
  1.02696922e-02  5.38241118e-02 -1.10770553e-01  2.44247504e-02
  2.16501430e-02  1.63508467e-02  6.39459416e-02 -1.99710447e-02
 -6.19251840e-02 -7.09727854e-02 -8.67074206e-02  6.16071075e-02
  9.09336749e-03  1.89387091e-02 -2.42545940e-02  7.31308609e-02
  6.65155146e-03  1.00039300e-02  3.14875729e-02 -2.97996718e-02
  5.56004643e-02  3.25125363e-03  3.27785425e-02  9.91734094e-04
  5.81395673e-03 -9.80644375e-02  5.21676522e-03 -5.46757802e-02
  3.33834998e-02 -7.06464378e-03 -9.39969812e-03  4.82716523e-02
 -1.72643326e-02  3.25407982e-02  6.19525686e-02  5.57742780e-03
 -4.67952713e-02  8.46834257e-02  6.92533925e-02 -2.30405554e-02
 -7.59386495e-02 -4.81000543e-02  1.40386531e-02  1.84231233e-02
  5.63279400e-03 -6.16251417e-02  1.01394944e-01  6.07318580e-02
  1.11295851e-02 -1.03017325e-02 -4.40019667e-02 -4.07459121e-03
 -9.75764240e-04  1.24542624e-01  5.66598866e-03 -4.92901790e-08
 -2.10386571e-02 -3.64086069e-02 -4.60727960e-02  5.25197051e-02
 -1.86559092e-03 -2.19778018e-03 -1.04921266e-01  2.49242038e-02
 -3.35235596e-02 -8.90569761e-04 -1.15635008e-01  5.11159822e-02
 -7.01485053e-02 -3.14233126e-03 -7.35095814e-02  5.65572269e-02
 -6.38883794e-03  9.85664688e-03 -6.82382956e-02 -1.12213679e-02
  4.63890703e-03  4.76238690e-02  3.76641527e-02  1.16984099e-01
  1.36843827e-02  2.78980508e-02  4.31806482e-02 -3.10455691e-02
  1.09630004e-01  6.61330996e-04  5.73823415e-02  2.30361545e-03
 -4.00226712e-02  5.78875951e-02 -1.30651682e-03  9.90583599e-02
 -2.81883217e-02  4.61176820e-02  5.16768247e-02  1.10287843e-02
 -1.94085501e-02 -7.62365758e-02 -4.08276729e-02  1.28608868e-02
 -1.74118597e-02 -5.05602080e-03 -1.27167434e-01 -9.27522033e-02
  3.46489041e-03  2.81775389e-02 -1.57540776e-02  4.09936272e-02
 -9.26354751e-02 -5.55236032e-03 -7.07017109e-02  5.12399450e-02
 -2.88128536e-02 -8.11951887e-03  3.06920465e-02 -6.45482168e-02
 -1.48207238e-02 -2.81161945e-02  1.61400100e-03  3.92395770e-03]"
65,../models/Simple Tests/ItemTest.sysml,"package ItemTest {
	
	item f: A;

	public item def A {
		item b: B;
		protected ref part c: C;
	}
	
	abstract item def B {
		public abstract part a: A;
	}
	
	private part def C {
		private in ref y: A, B;
	}
	
	port def P {
		in item a1: A;
		out item a2: A;
	}
	
}","Generate a SysML v2 model named 'ItemTest' containing several elements that demonstrate the structure and relationships among items and parts. The model includes a public item 'A' with a component 'B' and a protected reference to part 'C'. 'B' is defined as an abstract item with an abstract part 'A', establishing a hierarchy for future extensions. 'C' serves as a private part with a private connection to items 'A' and 'B'. Additionally, a port 'P' is defined, facilitating input and output of items 'a1' and 'a2', both of type 'A'. This model encapsulates encapsulation, abstraction, and inter-object communication within its framework.","[-2.02824343e-02 -9.75985918e-03 -6.13062866e-02  4.06527929e-02
 -2.11036839e-02 -3.39104123e-02  4.03717905e-02 -1.11790998e-02
 -3.03687323e-02  3.62309963e-02  5.52298762e-02 -3.30709778e-02
  5.52630648e-02  2.08955687e-02  7.35252798e-02  1.77752785e-02
  8.03337321e-02 -2.83908378e-02 -6.43133074e-02  7.26419408e-03
  4.17972989e-02 -5.53379720e-03 -5.18638082e-03 -2.55469186e-03
 -8.88862535e-02 -5.72234625e-04  1.05610201e-02  1.68240722e-02
  6.92733526e-02 -9.75197554e-02  5.21649197e-02  2.16584299e-02
  4.40260337e-04  9.01304930e-02  4.95830104e-02 -4.96703619e-03
  1.06938668e-01 -7.08551705e-02 -8.33168551e-02 -9.54634622e-02
  1.25157339e-02 -3.30219269e-02 -6.83800131e-02 -2.42583062e-02
  4.15818254e-03 -1.06978538e-02  1.98971722e-02 -2.33069379e-02
 -7.30977803e-02 -1.21970819e-02 -1.01178907e-01 -3.43742520e-02
 -1.82822030e-02  1.28138112e-02 -2.94999704e-02  8.32941458e-02
  6.27078116e-02 -1.83084607e-02 -1.25615284e-01  2.22156174e-03
 -1.31076369e-02  7.81948154e-04 -7.52321631e-02  1.61546934e-02
  2.01946646e-02  2.51949113e-02 -3.71403359e-02  4.62086871e-03
  2.49974839e-02 -5.90098277e-03 -7.45364800e-02 -3.84715199e-02
  2.74799839e-02  6.62155151e-02  7.18711242e-02 -9.04154684e-03
  3.17451954e-02 -8.72337595e-02  5.67804137e-03 -5.03178984e-02
 -5.38436435e-02  3.36609669e-02 -9.16266441e-02  1.34969782e-03
 -4.46972437e-03  4.86353040e-02  6.77682385e-02 -3.36336368e-03
 -2.44193487e-02  3.54934148e-02 -2.73119956e-02 -5.93095683e-02
  5.12350947e-02  2.32128408e-02  9.42794681e-02  3.77704427e-02
  4.31963801e-02 -3.88891920e-02  3.74352699e-03  3.46344635e-02
 -5.10634272e-04  8.96026865e-02  5.30109480e-02 -3.34663913e-02
 -2.41786093e-02 -9.28610843e-03 -5.39942645e-02 -1.12644777e-01
 -2.97137890e-02 -3.15856077e-02 -4.13957164e-02  6.88583702e-02
 -8.34951922e-02 -7.91732967e-02 -1.92487091e-02 -6.65342957e-02
  2.12996453e-02  3.69319543e-02  2.05169339e-02 -5.57011776e-02
  6.44658059e-02  2.63103358e-02  2.64344327e-02  3.72475833e-02
  1.22662503e-02  1.42236799e-02 -7.94917941e-02  2.38082697e-34
 -2.67410446e-02 -4.35724780e-02 -2.28367615e-02  1.29907683e-01
  6.45237565e-02  8.26361477e-02  5.88997006e-02  4.53080162e-02
 -1.31378463e-02  6.63187653e-02 -2.76000835e-02  1.17577408e-02
  2.24557538e-02  3.52659635e-02  7.79863223e-02  1.68435625e-03
 -1.20320711e-02  1.18315004e-01  3.83224748e-02 -6.87444481e-05
 -4.07511787e-03 -2.85330950e-03 -6.23099059e-02 -3.37897204e-02
  6.19740523e-02  3.67334709e-02  4.52772267e-02  6.45684917e-03
 -4.08273600e-02  1.44310528e-02  2.63654087e-02  5.41478321e-02
 -2.61162724e-02  5.50582148e-02  4.52856608e-02  1.76327359e-02
 -1.42457802e-02 -4.69066650e-02  5.54272756e-02 -8.64753574e-02
  1.49331735e-02 -4.19216827e-02 -2.85989661e-02  4.61970605e-02
 -6.98728412e-02 -1.00321122e-01 -8.97063836e-02  2.14983523e-02
  1.32543547e-02 -7.07012936e-02  3.86117101e-02  2.89377049e-02
  3.09261568e-02  2.55009755e-02 -6.10787123e-02 -2.18169466e-02
  6.08286029e-03  2.90438756e-02 -2.97082271e-02  1.04178764e-01
  4.07403847e-03  8.49963948e-02  1.03630926e-02  8.36233795e-02
 -4.89468127e-03  3.92420664e-02 -3.38204056e-02 -1.25121087e-01
  1.27935573e-01 -1.23797646e-02 -4.61769737e-02  8.53046477e-02
 -4.29600216e-02  4.88485843e-02 -1.94719024e-02 -7.10000694e-02
 -4.51629385e-02 -2.10836716e-02  1.79026332e-02  1.08149461e-02
 -9.05182734e-02  3.46250534e-02 -2.56761611e-02  5.55929765e-02
 -3.10569722e-02 -5.21450043e-02 -6.24862388e-02 -6.62609190e-02
 -1.78344902e-02 -1.41380638e-01 -2.07394026e-02 -1.12446034e-02
 -1.41795713e-03 -4.49018367e-02  7.54041970e-02 -2.18639470e-33
  2.53749043e-02  2.19117142e-02 -2.98183300e-02  2.24427674e-02
  5.60397189e-03 -1.30027264e-01  1.15160178e-02 -3.10362298e-02
 -9.31891426e-02  8.16064104e-02  2.97025568e-03 -2.09024977e-02
  4.75379229e-02 -4.30077091e-02  2.81552263e-02  1.63167547e-02
 -3.77664417e-02 -1.34804413e-01  7.25885257e-02 -4.79024043e-03
 -3.37722227e-02  1.34751841e-01  4.68758307e-02 -1.51134245e-02
 -5.73775880e-02 -4.80298251e-02 -2.96874736e-02 -2.78524179e-02
  6.16702326e-02  3.44316326e-02  3.60783599e-02  2.22936012e-02
  4.08006199e-02 -6.18723668e-02 -2.96635889e-02 -6.63345605e-02
  2.04799697e-02 -5.03280871e-02  4.09396514e-02 -1.01271151e-02
  6.15737587e-03  6.70340508e-02 -1.88892689e-02  1.78814158e-02
  2.05851234e-02  9.08551365e-03 -3.81455608e-02 -1.93506964e-02
  1.29086693e-04 -3.96674983e-02 -5.36745694e-03 -2.07226090e-02
  3.05275843e-02 -1.40036596e-02 -1.27755916e-02  7.11939260e-02
 -7.08619133e-02 -5.76226115e-02  2.37171743e-02  2.98245028e-02
  7.06853792e-02 -5.54470695e-04  3.14943679e-02  6.56228289e-02
  4.72255833e-02 -4.16218303e-02 -1.81859564e-02 -2.55157016e-02
  9.26926080e-03 -2.79824715e-02  4.18910123e-02  4.26022299e-02
 -2.13445574e-02  5.45439571e-02  7.91532472e-02 -6.07838742e-02
 -4.35328670e-02  3.82209048e-02  6.52411282e-02  1.49705019e-02
 -9.36107561e-02 -1.09550059e-02 -2.59772521e-02  6.35038316e-02
 -8.26555118e-03 -9.71296504e-02  4.92317677e-02  6.46535531e-02
 -3.13632190e-02 -7.48146884e-03 -6.20334521e-02  5.39419334e-03
 -2.74147671e-02  1.57710314e-01 -5.01451008e-02 -5.04135649e-08
 -6.28038719e-02 -3.15836221e-02  2.09800359e-02  3.70064415e-02
 -2.77742185e-02  4.50520627e-02 -5.96192367e-02 -3.81498858e-02
 -1.46898143e-02  2.80752238e-02 -7.46396482e-02  9.54391900e-03
 -6.54732212e-02 -1.07454776e-03  1.64045040e-02  6.20821714e-02
  1.63595546e-02 -4.60665580e-03 -3.93987782e-02 -2.67591290e-02
  9.61633623e-02  1.23923924e-02  3.07824137e-03  8.90063345e-02
 -2.77527096e-03  2.34245341e-02 -2.32561212e-03  6.39347434e-02
  2.44609769e-02  5.45316972e-02  6.31167665e-02 -6.94557093e-03
  3.25103253e-02  4.43082117e-02 -3.04643922e-02  9.61756855e-02
 -6.02972321e-02  1.30531313e-02  1.87100004e-02  3.20149623e-02
  1.22085875e-02 -6.84072003e-02 -4.54597957e-02  6.61444440e-02
  3.57895419e-02 -9.36529040e-03 -1.31148577e-01 -9.40766633e-02
 -6.00284413e-02  2.90754884e-02 -3.50409001e-02  3.87413874e-02
 -5.17426580e-02  1.80646703e-02 -7.73409307e-02  5.06002642e-02
  3.15502696e-02 -1.39140068e-02  5.22428490e-02 -1.46304332e-02
  6.05599098e-02  9.25833806e-02 -2.32894439e-03  5.12244590e-02]"
66,../models/Simple Tests/MetadataTest.sysml,"package MetadataTest {
	private import 'User Defined Extensions'::*;
	
	library package 'User Defined Extensions' {
		
		#Security enum def ClassificationLevel :> ScalarValues::Natural {
			uncl : ClassificationLevel = 0;
			conf : ClassificationLevel = 1;
			#Security enum secret : ClassificationLevel = 2;
		}
		
		metadata def Classified {
			ref :>> annotatedElement : SysML::Usage;
			ref classificationLevel : ClassificationLevel;
		}
		
		metadata def Security;
	}
	
	ref x {
		metadata Classified {
			classificationLevel = ClassificationLevel::conf;
		}
	}
	
	ref y {
		@Classified {
			classificationLevel = ClassificationLevel::conf;
		}
		@Security;
	}
	
	private ref #Classified #Security z1;
	abstract #Classified z2;
	
	ref z {
	    #Security #Classified metadata Classified {
	        classificationLevel = ClassificationLevel::secret;
	    }
	}	
	
}","Generate a SysML v2 model that encompasses a package named MetadataTest, which includes a nested library for user-defined extensions. Within this library, define an enumerator called ClassificationLevel to represent various security classifications, namely ""uncl,"" ""conf,"" and ""secret."" Create a metadata definition, Classified, that references an annotated element and includes a classification level. Additionally, define a metadata element called Security. Illustrate the usage of this metadata by creating references x and y, where x uses Classified with a ""conf"" level, and y incorporates both Classified and Security metadata. Introduce private references z1 (for both Classified and Security) and an abstract reference z2, and encapsulate the reference z with a Classified metadata featuring the ""secret"" classification level. This model structure aims to facilitate a comprehensive representation of security classifications and metadata in a SysML context.","[-4.51287031e-02 -2.45309863e-02 -1.29322752e-01 -2.45419722e-02
  6.34042621e-02 -1.83292981e-02  9.26821753e-02  1.06489547e-02
 -5.07950149e-02 -2.67996415e-02 -1.00499867e-02 -3.85069177e-02
  8.38809386e-02 -1.11485766e-02  4.05269116e-02  5.09251542e-02
  7.13153218e-04  3.77675220e-02 -3.11870594e-02  2.73008104e-02
  1.04970075e-01  9.91926808e-03  6.96591451e-04  1.97252594e-02
 -8.79033580e-02 -2.23827586e-02 -4.32703122e-02  4.38886471e-02
 -6.21209759e-03 -5.37208505e-02  1.99622754e-02  1.12260886e-01
  1.14433058e-02  2.93572042e-02  4.46790867e-02  6.64240727e-03
  6.92399740e-02  1.98550802e-02 -4.49449383e-02 -4.65289168e-02
 -8.94508287e-02 -3.42547707e-02 -6.38083667e-02  4.41611670e-02
 -1.01267673e-01 -1.35827940e-02  3.31570841e-02 -1.55407004e-02
 -5.25810607e-02  2.15951968e-02 -2.30337791e-02 -9.99659766e-03
 -6.56982139e-02  2.14604121e-02 -1.48284473e-02  4.33748513e-02
 -1.22209862e-02 -7.41516128e-02 -9.59253684e-02  1.40375206e-02
 -6.11885525e-02  1.48989318e-03 -5.87531179e-02  2.01524887e-02
  8.94407835e-03  3.36946510e-02 -2.93328911e-02 -1.10726245e-02
  8.63930807e-02 -3.55793051e-02 -8.09489936e-02 -4.90471721e-03
  2.63526142e-02  3.25702727e-02  1.35708950e-03  3.15682217e-02
  1.47670116e-02  2.23167706e-02  2.29397342e-02 -1.52127504e-01
 -3.48944520e-03  7.37358034e-02  2.65185591e-02  5.52285723e-02
  4.87306677e-02  3.43544036e-02  6.57555014e-02 -1.09152384e-02
  1.19414106e-02  1.12805426e-01  4.94954996e-02 -3.62703763e-02
  9.78299528e-02 -3.32562886e-02  3.68029661e-02  1.48283839e-02
  3.09936423e-02 -5.44075482e-02 -5.29978350e-02  3.72939967e-02
 -1.78583711e-02  1.33108264e-02  1.16701750e-02 -5.30933551e-02
  2.39945799e-02  4.72926861e-03  1.73264891e-02 -5.63229695e-02
 -5.64985648e-02 -1.01916995e-02 -6.86040968e-02  5.83467931e-02
 -7.77148902e-02 -1.42901242e-01  8.34520534e-03  1.46386167e-02
 -1.55761475e-02  2.00881194e-02  2.34111659e-02 -6.66588396e-02
 -6.56968262e-03  4.88491468e-02  4.25324365e-02  2.71465890e-02
  8.55879160e-04  1.35005349e-02 -1.63301945e-01  6.14565941e-34
 -1.45594720e-02 -4.10715380e-04 -6.45942762e-02  1.26354665e-01
 -1.98642742e-02  3.64138968e-02  1.07120741e-02  2.84569003e-02
 -7.17008114e-02  3.95937264e-02  9.34816804e-03  6.76433593e-02
  3.66381519e-02  2.54469942e-02  7.84361511e-02  3.02729607e-02
 -2.37325002e-02  1.09545730e-01  3.73281203e-02 -2.79716700e-02
  2.80791502e-02  1.45626406e-03  5.46325743e-03 -2.10845750e-02
  8.60667676e-02  7.43891820e-02 -2.81599052e-02 -3.68879512e-02
  2.48599388e-02  4.68610525e-02  5.24784885e-02 -2.67531183e-02
  6.22190982e-02 -1.27048045e-03  1.09865136e-01  1.83185078e-02
 -9.08724684e-03  1.84216630e-02  8.42375606e-02 -8.23777094e-02
  4.65269648e-02 -2.30362127e-03 -6.66653784e-03  3.97205800e-02
 -1.05806999e-02 -6.09009340e-02 -6.51701763e-02  4.08212245e-02
  5.27589917e-02 -5.97864985e-02  4.90468703e-02 -2.50209752e-03
 -1.32050663e-02  6.18820405e-03 -4.18702103e-02 -4.87138852e-02
 -8.20479169e-03  2.05323678e-02 -6.52073622e-02  7.49597400e-02
 -3.65804285e-02  6.60490394e-02 -1.88299734e-02  2.56974958e-02
 -6.95007807e-03 -3.02248783e-02 -7.16105849e-02 -5.28680943e-02
  9.30187553e-02  1.90303288e-02 -6.16164990e-02  6.17826730e-02
  1.70496535e-02  1.09473519e-01 -3.73097844e-02 -3.50639187e-02
 -1.49611989e-02 -9.86805744e-03 -1.99091043e-02  2.94627044e-02
 -7.99755976e-02  5.37922941e-02 -4.85173240e-03  1.02670118e-01
 -8.35644007e-02 -5.68037592e-02 -4.59580496e-02 -4.25002649e-02
 -7.80664831e-02 -6.50060251e-02  9.81619861e-03 -8.02524462e-02
 -2.66942326e-02  1.39260916e-02 -2.63172220e-02 -2.65297742e-33
 -2.56378334e-02 -7.55974906e-04 -1.39951371e-02  5.13338763e-03
 -4.19500247e-02 -5.33045456e-03 -3.01664546e-02 -8.67137592e-03
 -5.58949709e-02  7.23871142e-02  3.13026831e-02  3.11922282e-02
 -2.09849258e-03 -4.82943617e-02  5.82924411e-02 -3.64869311e-02
 -7.39605278e-02 -4.43669595e-02 -1.53352525e-02  7.71371201e-02
  1.11101186e-02  1.23742096e-01 -2.47037448e-02  2.95422077e-02
  4.96165939e-02 -3.73418472e-04 -1.06723411e-02  3.16071175e-02
  9.57566053e-02  2.35338379e-02 -1.62977334e-02  5.99600859e-02
  1.40584707e-02 -1.15656205e-01 -2.16524936e-02 -1.12624764e-01
  2.39949338e-02 -1.04371205e-01 -3.47571028e-03  2.21448764e-02
  2.06656549e-02  5.62056974e-02 -7.41942525e-02 -6.06704168e-02
 -1.46388877e-02 -6.30864874e-02 -9.12022032e-03  3.97601873e-02
  4.56552207e-03 -7.40522444e-02 -9.42535698e-03 -8.74657035e-02
  2.10547857e-02 -2.08865898e-03  1.48301693e-02  3.23624909e-02
 -6.97784722e-02  1.50175462e-03  4.40664552e-02  7.40953609e-02
  6.37230650e-02  2.17853710e-02 -4.35168343e-03  4.94303703e-02
 -1.84781309e-02 -9.36340466e-02 -6.50454536e-02  1.17205810e-02
 -6.58520609e-02 -1.51125249e-02  7.14259371e-02 -1.01537453e-02
 -6.55348375e-02 -2.21208250e-03  1.08165383e-04 -8.53324905e-02
 -4.01555514e-03 -3.64680663e-02 -3.21842246e-02  5.14479652e-02
 -4.80110534e-02  5.93500072e-03 -1.13344379e-02  6.72836155e-02
  4.04862016e-02 -5.21770269e-02  7.99194649e-02  8.31080526e-02
 -6.98749255e-03 -8.23897216e-03 -5.22085726e-02 -1.93164498e-02
 -6.81595206e-02  1.74519613e-01 -2.80858371e-02 -4.26889066e-08
 -3.20481509e-02  1.49418786e-02  2.89856307e-02  4.76362780e-02
  3.63944918e-02  9.11302939e-02 -9.65741649e-02 -2.32440978e-02
 -2.75976527e-02 -1.10241175e-02  5.93023896e-02  2.67258789e-02
 -8.93730000e-02 -1.77157391e-02 -1.72496252e-02  6.91448748e-02
  1.52040776e-02  1.55277252e-02 -2.86197960e-02  1.74185410e-02
  3.69429472e-03  3.00762663e-03 -2.88202614e-02  1.36850625e-02
  5.63822389e-02 -4.13489006e-02  3.85243148e-02  3.27134021e-02
  7.68074989e-02  6.70262128e-02  9.41033941e-03  2.98135797e-04
  1.98645703e-02  1.34601444e-03 -1.46158244e-02  1.50661021e-01
 -5.92448488e-02 -2.48588696e-02  4.16352274e-03  3.12590711e-02
  1.53254652e-02 -2.98453458e-02 -2.66824346e-02  4.88625653e-02
 -9.48631484e-03 -4.54536825e-02 -7.15847537e-02 -9.18376669e-02
  1.63117964e-02 -1.80066787e-02 -4.23774049e-02  3.56965922e-02
 -2.19189059e-02  7.67138153e-02 -6.81999177e-02  7.33544081e-02
 -3.69147398e-02 -1.32714007e-02  3.53866108e-02 -1.44878589e-03
  3.68317775e-02  5.25894389e-02 -3.44502158e-03  3.99040394e-02]"
67,../models/Simple Tests/MultiplicityTest.sysml,"package MultiplicityTest {
	
	part def P;
	attribute n : ScalarValues::Integer = 5;
	
	part a[1];
	part b[0..2] : P;
	part c : P[2..*];
	part d[*];
	
	part e[n];
	part f[n..*];
	part g[1..n];

	attribute def A {
		attribute i :ScalarValues::Integer;
		attribute x : A[i];
	}
}","Generate a SysML v2 model named ""MultiplicityTest"" that defines various parts and attributes to demonstrate multiplicity concepts. The model includes a part reference ""P"", with an integer attribute ""n"" initialized to 5. It declares several parts: ""a"" with a fixed multiplicity of 1, ""b"" allowing for between 0 and 2 instances of part ""P"", ""c"" specifying a minimum of 2 and unlimited instances of ""P"", and ""d"" which can have any number of instances of part ""P"". Additionally, part ""e"" is specified to have ""n"" instances, ""f"" allows for a range from ""n"" to unlimited instances, and ""g"" requires between 1 and ""n"" instances. The model also defines an attribute ""A"", which itself contains an integer and a recursive attribute referencing its own type indexed by ""i"". This setup aids in understanding and testing multiplicity applications within SysML structures.","[-2.50933808e-03 -5.29828779e-02  6.58554072e-03 -1.81024726e-02
 -2.58980133e-02 -2.94644684e-02  1.56836845e-02 -2.21991371e-02
 -2.39339620e-02  1.04859583e-02 -7.08817644e-03 -4.46958989e-02
  5.33509329e-02  4.98082153e-02  1.05068963e-02  3.57881654e-03
 -6.77672541e-03  9.13660415e-03 -5.98300844e-02 -5.42051010e-02
  1.14069700e-01 -4.72996943e-02 -2.15145061e-03 -1.35941692e-02
 -7.35329986e-02 -1.05042055e-01 -4.20734212e-02  6.07793145e-02
  9.20780078e-02 -7.15673491e-02  2.87596397e-02  7.31858835e-02
 -3.23578678e-02  5.88273108e-02  9.55268145e-02  3.30582075e-02
  2.55688466e-02  1.68014597e-02 -1.93440483e-03  4.94446084e-02
  4.10884432e-02 -2.92152278e-02 -1.18609471e-02 -1.99117046e-02
  4.25839126e-02  2.58082673e-02 -3.65017392e-02  3.46956700e-02
 -3.32695656e-02 -5.73543310e-02 -3.00070401e-02  1.82770602e-02
 -4.83870618e-02  2.61668786e-02 -4.89259921e-02 -6.98141754e-02
  6.37167040e-03 -7.12033883e-02 -1.14058867e-01 -1.67417098e-02
 -2.87320502e-02 -2.53102239e-02 -4.86429483e-02 -7.59903863e-02
  6.22939356e-02  7.29064718e-02 -2.51757372e-02 -7.13193342e-02
  1.83545984e-02  5.60232922e-02 -6.52905032e-02 -4.23363894e-02
 -9.64952167e-03  6.62561208e-02  1.54257389e-02  2.44247448e-02
  8.66640881e-02 -6.08519949e-02 -1.56856198e-02 -6.41904538e-03
 -4.89341021e-02  5.52876526e-03 -5.89704104e-02 -1.81787498e-02
  5.64910024e-02 -7.12456107e-02 -1.58259887e-02 -4.42444440e-03
  9.43421423e-02  8.07017609e-02 -3.19945440e-02  3.22785857e-03
  4.04094234e-02  3.87481935e-02  6.96046352e-02  7.28854313e-02
 -3.94712575e-03 -6.97209826e-03  6.46544024e-02  2.52963379e-02
 -1.66766699e-02  1.34647442e-02  1.20900109e-01 -3.55401523e-02
 -8.66393447e-02  3.63491513e-02 -1.79914571e-02 -6.87171891e-02
 -4.54210415e-02 -1.06996715e-01 -3.23059447e-02  4.82727513e-02
  3.14396061e-03 -2.28194352e-02  2.70739235e-02 -3.24183479e-02
 -3.75825427e-02  3.98889277e-03  2.26594675e-02 -4.02473398e-02
  3.70319448e-02 -2.36732941e-02  8.61761570e-02  5.84444031e-02
  3.59325320e-03  4.04297113e-02 -1.21064655e-01  2.93099745e-33
 -4.13992722e-03  2.23407592e-03  5.97181171e-02  7.97264427e-02
 -1.78978126e-02  7.09972903e-02  1.98856276e-02  8.78223106e-02
 -8.90595913e-02  3.82081270e-02 -1.29975146e-02 -1.62131619e-02
  4.08040732e-02  5.12642451e-02  3.39373993e-03  3.13992687e-02
  2.20478252e-02  6.89272285e-02 -2.11349688e-02 -2.20511984e-02
  8.05582553e-02 -4.81500011e-03 -8.73482600e-02 -4.60815942e-03
  5.95206395e-02  5.25444858e-02  4.69720960e-02 -9.80829168e-03
 -2.37546451e-02  1.34242466e-02 -1.72888618e-02  3.53254937e-02
 -3.83529700e-02  7.60207027e-02  4.91521731e-02  1.84880067e-02
 -4.06860895e-02  3.69657837e-02  9.65007767e-02 -4.27058078e-02
 -1.08199008e-03  1.39135728e-03  5.13425842e-02 -1.70786548e-02
 -4.06132303e-02 -6.35090470e-02 -6.41112179e-02  3.89561281e-02
 -7.75247142e-02 -7.63988448e-03  6.99311569e-02  2.42071077e-02
  3.48278251e-03  3.40137295e-02 -5.47460392e-02  3.19130644e-02
 -2.88251974e-02  5.95413372e-02 -2.33570416e-03  8.86260793e-02
 -1.28360437e-02  2.97464430e-02 -3.80714163e-02 -1.10431230e-02
 -3.93587686e-02  2.61795931e-02 -3.29189748e-02 -6.43968135e-02
  1.40259176e-01  9.73219797e-02 -4.36578616e-02  5.46216369e-02
 -3.83452959e-02  2.00362001e-02  1.26736341e-02 -9.79456827e-02
  4.92713861e-02 -1.47241205e-02 -1.54752489e-02  5.46528473e-02
 -9.76524577e-02  1.08427599e-01 -1.03180939e-02 -1.23518808e-02
 -2.19624899e-02 -7.00751022e-02 -3.67699265e-02 -8.82295966e-02
 -5.68295382e-02 -2.19916150e-01  6.03053011e-02 -2.42136996e-02
 -1.12212244e-02 -1.18577937e-02  2.24188324e-02 -3.53990352e-33
  3.41447964e-02  2.65250099e-04  5.23201376e-02  5.74946813e-02
  1.27200652e-02 -1.34039506e-01  2.92788111e-02 -2.17655934e-02
 -7.62429163e-02 -2.54648402e-02  1.04176514e-02  9.40914848e-04
  1.16661889e-02  8.25450104e-03  4.28499728e-02  5.14198095e-02
 -7.65845627e-02 -6.41078427e-02  8.33720490e-02  7.97544345e-02
 -6.94682915e-03  1.04477651e-01  5.27970903e-02 -1.87941212e-02
 -3.30756977e-02 -1.03591951e-02 -3.99722680e-02 -3.56572382e-02
  8.00457299e-02  3.88337933e-02  3.56836356e-02  1.05399089e-02
  6.10617315e-03 -5.10439537e-02 -1.04687419e-02 -8.80601853e-02
 -2.39590369e-03 -7.84221515e-02  3.78825590e-02  7.53344670e-02
  3.39978971e-02  3.37590873e-02  8.26333463e-02  4.76902612e-02
  1.79199949e-02  4.28788736e-02  5.24255298e-02 -1.47078570e-03
  1.00617558e-02 -3.00258305e-02 -3.21837775e-02 -4.40099873e-02
 -6.87933853e-03  4.79377881e-02  2.00234838e-02  3.60883563e-03
 -6.98101567e-03  2.50112289e-03  1.54053578e-02 -6.77317800e-03
 -1.11099230e-02 -3.10777742e-02  3.25831287e-02  6.71289042e-02
  2.21533291e-02 -3.43995094e-02 -4.56788354e-02 -9.82504562e-02
 -4.56290096e-02 -1.20249847e-02 -1.38837276e-02  1.77936386e-02
 -2.27435119e-02 -2.16892883e-02 -2.16132645e-02 -6.41990677e-02
 -1.04355395e-01  4.46390845e-02  3.20757516e-02  1.65593650e-04
 -1.12821631e-01 -2.19863635e-02 -3.17143723e-02  6.71242774e-02
 -5.68754375e-02 -1.13926888e-01  7.80312866e-02  1.28920078e-01
 -8.96850135e-04  5.44086518e-03 -1.13925962e-02  4.68045585e-02
  3.61241661e-02  1.16321057e-01 -3.14140730e-02 -5.26905986e-08
 -3.50683704e-02 -1.39639024e-02 -3.74150164e-02 -1.19041475e-02
  4.64980006e-02  1.76775549e-02 -7.99728930e-02 -1.84808671e-02
  4.47117351e-02  2.05367040e-02  1.54538648e-02  1.02469488e-03
 -2.11785957e-02  1.07340626e-02 -4.55592899e-03  1.50923589e-02
 -1.59377176e-02 -1.04044722e-02 -4.14270572e-02  4.51009721e-02
  7.85423035e-04  3.11208777e-02 -4.12125327e-02  5.95237426e-02
  7.69835617e-03 -4.26637183e-04  8.15830473e-03  2.33283602e-02
  3.80198751e-03 -3.85839902e-02  5.33817187e-02  1.81275290e-02
  3.06457262e-02 -2.10436638e-02 -2.86116004e-02  1.28100291e-01
 -5.60709313e-02  2.69014817e-02  2.35847346e-02 -3.28795873e-02
  3.07322703e-02 -2.33204812e-02 -1.69123672e-02  4.47493680e-02
  5.54866865e-02 -3.99428681e-02 -1.22145258e-01 -1.10714905e-01
 -4.42788415e-02  5.00890538e-02 -9.47896466e-02  3.40732113e-02
 -4.83750291e-02  3.65285948e-02 -9.10279080e-02  3.22687402e-02
 -7.35478988e-03 -7.57251121e-03  6.78030550e-02 -4.59460765e-02
  8.26799721e-02  1.48315486e-02 -4.22244258e-02 -4.46612015e-03]"
68,../models/Simple Tests/OccurrenceTest.sysml,"package OccurrenceTest {
	occurrence def Occ {
		attribute a;
		ref occurrence occ1 : Occ;
		occurrence occ2 : Occ;
		item x;
		part y;
		
		individual snapshot s : Ind;
		timeslice t;
	}
	
	occurrence occ : Occ {
		occurrence o1 : Occ;
		ref occurrence o2 : Occ;
		item z;
	}

	individual occurrence def Ind {
		snapshot s2;
		timeslice t2;
	}
	individual occurrence ind : Ind, Occ {
		snapshot s3;
		individual timeslice t3;
	}
	
	individual snapshot s4 : Ind;
	
	occurrence o1 {
	  occurrence o2;
	}
}","Generate a SysML v2 model to represent occurrences and their relationships within the OccurrenceTest package. Model the primary occurrence definition as ""Occ,"" which includes an attribute ""a,"" a reference to another occurrence (""occ1""), an internal occurrence (""occ2""), and two items (""x"" and ""y""). Additionally, this occurrence contains an individual snapshot ""s"" of type ""Ind"" and a timeslice ""t."" 

Create a secondary occurrence instance ""occ"" of type ""Occ,"" containing occurrences ""o1"" and ""o2,"" along with an item ""z."" For the individual occurrence type ""Ind,"" define it with a snapshot ""s2"" and a timeslice ""t2."" Also, establish an instance of ""Ind"" called ""ind,"" which has its own snapshot ""s3"" and a unique timeslice ""t3.""

Finally, include a standalone snapshot ""s4"" of type ""Ind"" and encapsulate additional occurrence ""o1"" that references ""o2"" within its context. This model effectively captures the essence of occurrences and their snapshots and timeslices.","[-5.62483557e-02 -1.97459925e-02 -1.88731086e-02 -2.23675333e-02
  1.46502312e-02  1.90249505e-03  4.77329865e-02 -1.56116625e-02
  4.00480442e-02 -2.95288637e-02  3.97280194e-02 -4.30768952e-02
  8.68940726e-02  2.33944990e-02  2.27834340e-02  4.21481878e-02
 -3.08161508e-02  6.66578487e-02 -3.23061869e-02 -4.41728830e-02
  8.83056596e-02 -4.09595184e-02 -1.06430352e-02  1.47085693e-02
 -2.08877306e-02 -4.03809967e-03  1.05740517e-04  7.49768913e-02
  6.22113720e-02 -5.92856742e-02  3.24290879e-02  9.56784710e-02
 -1.49238296e-02  5.48173524e-02  9.46865678e-02  3.79135250e-03
  6.96854666e-03  7.74441138e-02 -6.80820132e-03 -3.10372319e-02
  3.33756171e-02 -1.53501406e-02  2.13332977e-02 -4.16385829e-02
 -4.64364421e-03 -1.17066503e-02  1.57324728e-02  5.66513604e-03
 -6.19517006e-02  1.77498925e-02 -8.42128471e-02  5.27204713e-03
 -5.22579923e-02  2.25600377e-02  6.79881647e-02  1.68047231e-02
  1.40712401e-02 -5.17192259e-02 -1.16089262e-01 -6.32910654e-02
  7.41600897e-03 -1.41846621e-02 -7.31624961e-02 -2.10131239e-02
  3.67729366e-02  9.59004015e-02  8.80993810e-03  5.58787063e-02
  5.54650426e-02  5.94263151e-02 -8.43915790e-02  4.19248529e-02
 -4.77310792e-02  5.03527150e-02 -1.05256438e-02  3.78174484e-02
  6.55725375e-02 -2.96326540e-02 -4.66442183e-02 -5.84326237e-02
 -7.24861398e-02  1.71185974e-02 -3.20956819e-02  2.57580932e-02
  1.81150734e-02 -5.37317619e-02  3.67228314e-02 -1.40655590e-02
  4.05084416e-02  6.93347529e-02 -6.47038519e-02 -2.85367258e-02
  1.23822272e-01 -4.75156307e-02  1.23571344e-01 -1.50681648e-03
  6.22486211e-02  2.04860996e-02  1.10624239e-01  1.04011046e-02
 -5.32200821e-02  4.81652692e-02  3.16302367e-02 -3.84540148e-02
  8.41243716e-04 -1.65484939e-02 -8.34443569e-02 -1.37827426e-01
 -5.87727427e-02 -5.56185246e-02 -3.18224449e-03  3.72928604e-02
 -2.80543137e-03 -8.27869475e-02  2.42558829e-02 -4.11855280e-02
  1.28541235e-02 -4.24714992e-03  3.79147637e-03 -5.38024455e-02
  4.11894470e-02  1.26678441e-02  1.38238575e-02  2.81239878e-02
  9.89062153e-03  1.67621318e-02 -3.33693475e-02  9.38591281e-34
  2.50155237e-02 -1.69849005e-02 -1.50067387e-02  8.30366611e-02
  1.89611316e-02  5.94652928e-02 -1.82321575e-02  2.85409447e-02
 -2.06357893e-02  4.36051376e-02 -4.75778505e-02  2.58924589e-02
  2.20160093e-02 -7.35666901e-02 -1.15047833e-02 -1.92245003e-02
 -1.81077439e-02  5.15708253e-02 -6.85131457e-03  3.90645601e-02
 -1.22157121e-02  4.17929236e-03 -6.54338226e-02  8.21803510e-03
  2.24568620e-02 -1.07273436e-03  7.14238882e-02 -4.61090580e-02
 -5.71180806e-02 -2.09588762e-02  1.00362964e-01  1.52719691e-02
 -1.92513894e-02  9.50351916e-03  1.06440045e-01 -1.25478837e-03
 -7.79809663e-03  1.65464040e-02  1.17895193e-01 -3.50063369e-02
  1.40397456e-02  3.09750903e-02 -6.08596578e-02  7.32761715e-03
 -2.32480559e-02 -8.91532078e-02 -7.74992257e-02  1.96127295e-02
  1.04981996e-02 -3.66778411e-02  8.71782005e-02 -4.56800545e-03
  6.20611906e-02 -1.43475337e-02 -1.03551529e-01  1.56100728e-02
 -2.94243693e-02  4.93636413e-04  2.45443378e-02  1.34790197e-01
 -3.47347371e-03  2.73109842e-02  1.15063367e-02  5.34501225e-02
  7.18274042e-02  5.05568311e-02 -2.90484559e-02 -4.24016044e-02
  9.49360281e-02  5.77996410e-02  9.17848852e-03  1.61240026e-02
 -5.32453433e-02 -3.60060520e-02  5.00419848e-02 -7.85341710e-02
  6.50430694e-02 -5.78930788e-03 -4.27915622e-03  1.68062020e-02
 -1.32053792e-01  8.68929923e-03  1.20525993e-02 -2.41741519e-02
 -1.87200923e-02 -1.36888539e-02 -3.47361453e-02 -9.51594114e-02
 -7.03580230e-02 -1.21945515e-01  4.77064960e-02 -5.12962900e-02
  1.79037545e-02 -5.48703410e-02  8.11735168e-02 -1.45806134e-33
  3.68444696e-02  1.07244123e-02  5.99229001e-02 -8.64632311e-04
  4.49356064e-02 -1.09464265e-01 -4.68624756e-02  1.19838025e-02
 -4.68063839e-02  2.36500446e-02 -2.65417062e-02 -4.96343784e-02
  3.17439623e-02 -5.04416563e-02 -1.20275533e-02  1.71042662e-02
 -3.71383387e-04 -1.06247783e-01  6.60524704e-04  6.53972179e-02
  2.43141074e-02  2.06354540e-02  3.60651165e-02 -2.94427946e-02
  1.24092698e-02  2.90882625e-02  1.81883071e-02 -1.13968486e-02
  2.71586869e-02 -4.93468791e-02  1.49968243e-03 -9.98305529e-03
  4.30903547e-02 -8.39366168e-02 -1.14841862e-02 -9.04418603e-02
  2.38939859e-02 -7.65031129e-02 -8.13706405e-03  2.44986303e-02
  2.20434926e-03  3.89771126e-02 -2.10369918e-02 -1.85123715e-03
  3.00326347e-02  3.86523567e-02  2.74672126e-03  4.73087281e-02
  3.53402905e-02 -4.49577123e-02 -2.17518602e-02 -2.87570935e-02
 -3.36254090e-02  3.92360538e-02  6.24049734e-03 -1.44590857e-02
  2.60682194e-03 -6.59207329e-02 -5.02539724e-02 -1.86109974e-03
 -4.08452842e-03 -1.37992017e-02  2.30046324e-02  3.06845624e-02
  1.03315875e-01 -3.80405299e-02 -3.56837437e-02 -1.04430899e-01
 -1.20034844e-01 -3.64436954e-02  1.10542018e-03  4.17631529e-02
 -7.53866062e-02 -9.28368792e-02  5.00018783e-02 -1.99915487e-02
 -5.97330369e-02  3.31135280e-02  3.35765034e-02 -2.08570119e-02
 -1.37317985e-01 -2.83162277e-02  3.67505215e-02  1.23606697e-01
 -1.38341129e-01  2.64310464e-02  4.10957672e-02  1.08900830e-01
  4.22219150e-02  2.36898139e-02 -8.81439373e-02  4.63742800e-02
 -3.51891257e-02  1.57690868e-01  1.77028663e-02 -5.26896393e-08
 -7.92281404e-02 -3.76640968e-02 -1.16472207e-02  5.03628068e-02
  2.82296855e-02  4.11942676e-02 -7.04648495e-02  1.81471780e-02
 -4.21922095e-03 -6.27920702e-02 -6.18867669e-03  3.42054740e-02
 -4.12795916e-02 -5.15127070e-02  3.36498655e-02  2.22767517e-03
  1.93241723e-02 -3.74048650e-02 -6.50861710e-02  1.56471618e-02
  7.54443631e-02  1.38972672e-02  5.00685647e-02  9.50780958e-02
 -4.43869308e-02  1.87165365e-02 -1.84484608e-02  3.45353689e-03
  1.05560131e-01 -2.56232694e-02  8.01681206e-02 -1.09835975e-02
  3.88694741e-02 -4.04284932e-02 -5.88032641e-02  5.79391746e-03
 -1.68775003e-02  1.97269432e-02  2.71490868e-02 -4.81534144e-03
  2.50212736e-02 -1.25700198e-02 -5.14429510e-02  8.64049792e-02
  7.10220495e-03 -3.23619954e-02 -8.55503902e-02 -7.54955038e-02
 -3.52538750e-02  1.84797905e-02 -9.79054496e-02 -1.82429589e-02
  2.12727790e-03  4.64047082e-02 -6.87760562e-02  5.84812127e-02
  7.36741945e-02 -1.80635583e-02  1.16227008e-01 -7.12602437e-02
  5.53784333e-02 -5.64943347e-03  6.63515506e-03  4.99943085e-02]"
69,../models/Simple Tests/ParameterTest.sysml,"package ParameterTest {
	attribute def A {
		attribute x : ScalarValues::String;
		attribute y : A;
	}
	
	attribute a : A;
	
	calc def F { in p : A; in q : ScalarValues::Integer; return :  ScalarValues::Integer; }
	
	attribute f = F(a, 2);
	attribute g = F(q = 1, p = a);
	
	attribute b = A(y=a, x=""""); 
	attribute c = A(""test2"");
}","Generate a SysML v2 model encapsulated within the package named ParameterTest. This model contains an attribute definition for 'A' that comprises two attributes: 'x' of type ScalarValues::String and 'y' which is a reference to another instance of 'A'. The package also defines a recursive attribute 'a' of type 'A'. Additionally, a calculation definition 'F' is specified, which takes two inputs: 'p' of type 'A' and 'q' of type ScalarValues::Integer, returning a ScalarValues::Integer. The model includes attributes 'f' and 'g', which utilize the calculation F with specified arguments. Furthermore, an instance of 'A' named 'b' is created, referencing 'y' to 'a' and an empty string for 'x', while another instance 'c' is initialized with a String value ""test2"". This model serves to demonstrate recursive types and calculations based on those types.","[-3.52167264e-02 -3.49038690e-02 -2.29099300e-02  4.69917841e-02
 -9.71717909e-02 -2.44499333e-02  2.67878529e-02 -1.37024641e-03
 -3.12754028e-02  3.00214626e-02  3.49382609e-02 -4.30441089e-02
  2.64229160e-02  5.16367443e-02  1.79031957e-02  2.85692047e-02
 -1.90610122e-02 -7.19755131e-04 -3.69654149e-02 -4.83617485e-02
  6.90747499e-02 -5.95930917e-03 -2.43017655e-02  2.12454889e-02
 -1.45266363e-02 -8.23054984e-02 -5.07359058e-02  7.55444840e-02
  7.38819391e-02 -4.73587178e-02  1.76050477e-02  6.78230971e-02
 -2.45708460e-03  5.59846573e-02  3.96394543e-02  2.99088079e-02
  6.86861202e-02 -3.08519322e-02 -3.64271067e-02  1.54299848e-02
  3.10494192e-03 -2.41500326e-02  8.90247244e-03 -2.13278104e-02
  4.99457195e-02 -3.63998022e-03  2.87907235e-02  4.46697325e-02
 -6.44120201e-02 -5.67096053e-03 -5.37010022e-02  5.35986479e-03
 -5.77342957e-02 -6.74407650e-03 -1.99085809e-02  1.26334541e-02
  4.12226319e-02 -2.77129766e-02 -8.88503864e-02 -4.05568182e-02
 -1.01912677e-01 -1.82717722e-02 -5.21357618e-02 -4.68908921e-02
 -1.23499930e-02  5.36995940e-02 -5.40133240e-03 -5.24019301e-02
  3.37722562e-02  5.92652634e-02 -7.27868602e-02 -1.91856213e-02
 -1.17343673e-02 -6.99335849e-03  2.20794361e-02  4.51729121e-03
  9.15010124e-02 -2.76996451e-03  2.89102760e-03 -9.22492146e-03
 -4.38290723e-02 -7.17865536e-03 -9.97497886e-02  1.07422015e-02
  2.92340741e-02 -2.32771263e-02  8.46540928e-03 -5.67338779e-04
  9.19109434e-02  7.79945031e-02  1.86630022e-02 -2.79680174e-03
  2.18304787e-02 -1.32635012e-02  8.29677209e-02  5.23429960e-02
  1.24262627e-02 -1.62044950e-02  3.98969501e-02  1.40318228e-03
 -5.20678647e-02  3.91571410e-02  1.14637718e-01 -3.80264260e-02
 -2.62710061e-02  3.52233537e-02 -2.62165330e-02 -7.63798356e-02
 -2.54167523e-02 -1.15252070e-01 -3.73255908e-02  3.78689468e-02
  2.48549115e-02 -1.25072477e-02  1.15261823e-02  1.21888099e-02
  3.63980010e-02  2.81107612e-02  5.30595034e-02 -4.60279100e-02
  3.72846015e-02  1.80039797e-02  4.05015200e-02  2.64179502e-02
  1.42933121e-02  8.48468207e-03 -1.58358648e-01  4.59838843e-33
 -3.28121260e-02  4.16020006e-02  2.66936142e-02  1.20407343e-01
 -3.99005488e-02  5.77695929e-02  3.41997817e-02  9.20783542e-03
 -2.46098451e-02  2.52888761e-02 -8.51692632e-02 -2.09837221e-03
  1.49828121e-02 -2.11985391e-02  5.20668067e-02  1.42559158e-02
  2.27010902e-02  3.20895463e-02 -5.71155548e-02 -3.33550684e-02
  1.04422808e-01  4.06610221e-02 -4.79632095e-02 -3.83874737e-02
  1.72422603e-02  4.14349288e-02  8.37197974e-02 -1.46495802e-02
 -5.80220930e-02  1.24849156e-02  6.57711131e-03 -6.12635957e-03
 -1.82005633e-02  4.74811047e-02  3.07700913e-02  1.07561448e-03
  2.90052854e-02  7.23156007e-03  9.65116918e-02 -6.15155399e-02
  2.19849553e-02  1.16770668e-02  3.12048346e-02  5.01937792e-02
 -6.62601441e-02 -1.06301695e-01 -5.79877459e-02  4.60333750e-02
  5.58133572e-02 -8.21484439e-03  6.87404945e-02 -3.10478583e-02
  3.01353876e-02  5.55587560e-02 -2.51424145e-02  6.02341145e-02
 -2.41494551e-03  5.65185919e-02 -7.86190927e-02  1.12264365e-01
  7.58825941e-03  3.09538487e-02 -1.58988070e-02  4.13879170e-04
 -5.87234758e-02 -2.15290673e-03 -3.06884274e-02 -5.69644347e-02
  9.42667946e-02  6.95038512e-02  2.06437036e-02  8.05568621e-02
 -7.77233616e-02  4.14087102e-02  4.58176658e-02 -1.04254685e-01
 -2.12626699e-02 -9.66570675e-02 -4.85420832e-03  1.32538723e-02
 -1.01147890e-01  1.16254665e-01 -3.48730683e-02  6.63967356e-02
 -1.51177915e-02 -1.23734429e-01 -2.52038762e-02 -3.92241292e-02
 -3.21837403e-02 -2.03063041e-01 -3.67193036e-02 -3.32241654e-02
 -4.03353297e-05 -6.51425794e-02  4.77218889e-02 -5.25879622e-33
 -2.67255604e-02  1.70906633e-02 -1.33875767e-02  6.50559813e-02
 -2.66144071e-02 -1.23556651e-01  3.76190133e-02 -3.03832218e-02
 -2.73307115e-02 -1.77334882e-02 -6.98855370e-02  3.26001719e-02
  2.82469299e-03 -1.04081696e-02  5.05684800e-02 -4.18984098e-03
 -6.04580268e-02 -1.46693334e-01  8.71794019e-03  3.87038030e-02
 -3.71644981e-02  5.98422103e-02  4.51258607e-02 -1.69331674e-02
 -4.93363803e-03 -1.30427415e-02  3.49662565e-02  6.49681389e-02
  7.71715045e-02  2.11744476e-02  1.90115441e-02 -4.99218144e-03
  4.49009016e-02 -3.35869007e-02 -3.22847515e-02 -7.77130499e-02
  4.25923467e-02 -5.76451793e-02  8.35678726e-03  5.41765466e-02
  1.90984011e-02  8.28357711e-02  2.95450166e-02 -7.01380195e-04
  1.87199358e-02  7.55393431e-02  4.06141132e-02 -3.81188025e-03
  2.11005453e-02 -9.49682370e-02  1.54319732e-02 -4.09215987e-02
 -2.15544682e-02  6.69277832e-02 -5.00167273e-02 -8.07570294e-04
 -9.14561823e-02 -1.42387934e-02  4.38183034e-03  1.06418645e-02
  1.15540233e-02 -5.51877134e-02  3.41596305e-02  5.35106957e-02
 -1.94479749e-02 -4.50605042e-02 -4.87257726e-02 -8.36688653e-02
 -1.19259376e-02 -2.53092982e-02  1.85396653e-02  3.00917961e-02
 -3.41128558e-02  3.69502790e-02 -1.83408968e-02 -6.52733371e-02
 -7.02757537e-02  5.15121780e-02  8.42392668e-02 -5.24016507e-02
 -4.23842184e-02 -2.14201752e-02  5.77208493e-03  9.54059139e-02
 -5.70468791e-02 -9.06014070e-02  6.02992438e-02  1.44691989e-01
 -4.01353166e-02 -7.88856007e-04 -2.48287921e-04  3.38532552e-02
 -1.91057008e-02  1.84572175e-01 -2.84740943e-02 -5.64120519e-08
 -3.54655199e-02 -4.74696775e-04 -2.19109282e-02  4.90019880e-02
 -9.31644905e-03  5.36736622e-02 -6.47040009e-02 -4.91962843e-02
  2.69260053e-02 -2.70970054e-02 -9.28052813e-02  3.81562375e-02
  3.20399966e-04 -1.35475760e-02 -3.68916951e-02  8.70566368e-02
  3.26834768e-02 -7.28578671e-05 -5.69154397e-02 -9.43558291e-03
  4.81502414e-02  1.64804552e-02 -8.53023902e-02  6.56337738e-02
 -1.87903363e-02 -3.97642665e-02 -4.48653921e-02  2.96211839e-02
  6.62181973e-02  3.65940342e-03  6.66946247e-02  2.64792256e-02
  4.01073508e-02 -1.26994224e-02 -4.74073328e-02  9.74279493e-02
 -2.79492866e-02  8.91188160e-03  7.00972676e-02  6.16989844e-02
 -4.23052395e-03  2.11683512e-02 -4.17678058e-02  1.61354821e-02
  2.14323085e-02 -4.19428423e-02 -8.93938690e-02 -9.19209123e-02
 -3.04109342e-02  5.25469221e-02  1.87103562e-02  4.07310314e-02
 -7.07522407e-02  2.97129750e-02 -1.30997494e-01  2.65788361e-02
 -5.56967082e-03 -9.86827817e-03  1.64163765e-02 -4.06134501e-02
  3.47505324e-02  3.79512459e-02  1.87751967e-02  2.76292041e-02]"
70,../models/Simple Tests/PartTest.sysml,"package PartTest {
	
	part f: A;

	public part def A {
		part <'1'> b: B;
		protected port c: C;
		readonly attribute x[0..2];
		derived ref attribute y :> x;
		ref z : ScalarValues::Integer;
	}
	
	item def S;
	
	abstract part def <xx> B {
		public abstract part a: A[1..2];
		public abstract part b subsets a;
		public abstract part c[0..1] subsets a;
		port x: ~C {
		    port p;
		    ref port q;
		}
		package P { }
		
		succession flow x.p to a1.aa.receiver;
		
		action a1 {
			accept S via x;
			action aa accept S;
		}
		perform action a2;
		
		state s1;
		exhibit state s2;
	}
	
	private port def C {
		private in ref y: A, B;
		alias z1 for y;
		alias z2 for y;
		port c1 : C;
		ref port c2 : C;
	}
	
    part p1 :> p2;
    part p2 :> p3; 
    part p3 :> p1;
    
    part p4 :> p4;
	
}","Generate a SysML v2 model representing the package ""PartTest,"" which encapsulates components related to parts and their interactions. The model includes a part ""f"" of type ""A,"" which defines a subset ""B"" and a protected port ""C."" Additionally, it features a read-only attribute ""x"" with a defined range and a derived ref attribute ""y"" linked to ""x."" The model introduces an item ""S"" and an abstract part ""B,"" which outlines the relationships among parts with public and abstract declarations. Included are ports for communication, succession flows, and actions that capture interactions between elements. The state management is addressed via states ""s1"" and ""s2."" A private port ""C"" manages internal connections and references, ensuring data encapsulation. The relationships between parts are cyclically defined, establishing a comprehensive structure for complex interactions within the system. The model encapsulates versatile behavior, including accepting actions and executing defined actions within its components, completing the representation of the ""PartTest"" package.","[-5.20295352e-02 -2.15094294e-02 -1.39901415e-02 -2.17285415e-04
 -2.50899908e-03  1.84544572e-03  1.29996687e-02 -1.16442358e-02
 -2.20700298e-02  2.36275662e-02  1.29166460e-02 -3.30215134e-03
  3.94601226e-02 -5.01562189e-03  6.62761331e-02  6.15563244e-03
  5.02889790e-02 -9.25120562e-02 -3.95322479e-02  5.81695214e-02
  5.08659631e-02 -2.86662970e-02 -7.33283460e-02  2.28637087e-04
 -1.09881356e-01 -1.15014438e-03  1.65450200e-02  1.16877025e-02
  3.95161957e-02 -9.72987637e-02  1.93799660e-02  4.01489437e-02
 -2.51921713e-02  2.68279854e-02  1.95675325e-02  5.96718565e-02
  8.95742103e-02 -3.93796265e-02 -7.78647661e-02 -8.40390921e-02
  1.83144435e-02 -6.53196275e-02 -3.35769691e-02  4.34914753e-02
  2.32114410e-03 -4.61249566e-03  2.69294493e-02 -2.44119428e-02
 -8.63725170e-02 -4.70948964e-02 -6.20008446e-02  7.37414137e-03
 -3.45602352e-03  6.40937686e-02  1.96826067e-02  4.48261499e-02
  7.97677264e-02 -3.47869620e-02 -1.22989863e-01 -1.01219453e-02
 -1.92182511e-02  3.20863631e-03 -6.47873506e-02 -1.13600086e-04
  1.93876941e-02  2.65274309e-02 -2.21638684e-03 -1.68049838e-02
  6.03656434e-02 -3.22499089e-02 -1.03121139e-01 -4.48821485e-02
  1.73965022e-02  4.79710177e-02  2.35379506e-02 -1.93677731e-02
  2.36344971e-02 -5.34518203e-03  5.41796833e-02 -1.15612462e-01
 -5.31491637e-02  3.18490863e-02 -6.22055046e-02  2.50318814e-02
 -3.25776674e-02  4.47038002e-02  4.08868939e-02 -1.13511579e-02
  5.82059696e-02  6.58522770e-02 -3.88076305e-02 -4.94433828e-02
  8.61744583e-02 -2.11037658e-02  5.44708185e-02  5.00764139e-02
  3.57145816e-02 -1.94917824e-02  2.72297990e-02  3.92391831e-02
  2.29208283e-02  8.44153315e-02  8.25162008e-02 -5.05094640e-02
 -5.06386310e-02 -2.39898227e-02 -8.85814726e-02 -9.95188057e-02
 -5.23549393e-02 -2.97468677e-02 -3.07035316e-02  5.61884977e-02
 -2.51889471e-02 -4.37623337e-02 -1.27319116e-02 -8.21514800e-03
  2.04140972e-02  1.83337964e-02  4.41665836e-02 -4.18441519e-02
  4.02177311e-02  4.15514747e-04  7.09872544e-02  3.54894102e-02
  1.01906862e-02 -8.02550931e-03 -8.56182501e-02 -8.27950538e-34
 -4.09769900e-02 -5.84034435e-02 -7.20564947e-02  1.26304120e-01
 -6.23243861e-03  8.04147497e-02  8.37471485e-02 -4.77571692e-03
 -3.80288176e-02  3.46379913e-02 -4.96526547e-02  1.48787824e-02
  2.58783866e-02  6.00493066e-02  6.53163865e-02 -2.90657561e-02
 -3.49476039e-02  6.46687895e-02  2.62086242e-02 -1.31393848e-02
  2.15924764e-03  7.17445230e-03 -7.40237981e-02 -3.34189348e-02
  1.14349641e-01  6.49696775e-03  5.11512458e-02  2.15461180e-02
 -1.89775061e-02  1.26563506e-02  4.67144214e-02  6.17660917e-02
 -4.15100940e-02  7.38469735e-02  8.66884962e-02 -4.38207341e-03
 -1.55331083e-02 -3.36454920e-02  6.68252185e-02 -5.86616434e-02
  5.16762258e-03 -3.46889868e-02 -4.72160317e-02  2.70262007e-02
 -4.12078686e-02 -9.71163437e-02 -7.25868195e-02  2.38528904e-02
 -1.28684761e-02 -4.74854112e-02  4.90869731e-02 -4.19225544e-03
  4.42129858e-02 -1.18447747e-03 -4.47458997e-02 -5.44936908e-03
  9.21171065e-03  2.35544816e-02 -5.60348183e-02  1.12680629e-01
 -1.67197101e-02  5.64711541e-02 -6.18031807e-03  1.03698477e-01
  1.63445659e-02  5.16312011e-02 -9.08790529e-02 -7.59270191e-02
  1.01102449e-01 -1.92778148e-02 -7.14587569e-02  4.79595624e-02
  2.40082778e-02  4.73070107e-02 -1.07543292e-02 -4.03910540e-02
 -1.48369102e-02  1.29782110e-02 -1.17475027e-03  4.03673127e-02
 -9.87532586e-02  5.16274646e-02 -4.64240275e-02  1.07975192e-01
 -2.56634108e-03 -6.99983314e-02 -6.83431923e-02 -5.46807386e-02
 -6.45608008e-02 -7.95178860e-02 -1.03744259e-02 -6.07120730e-02
  3.20354141e-02  2.39749495e-02  5.99230342e-02 -1.23484451e-33
 -1.58882588e-02 -1.71965845e-02 -1.26716895e-02  4.59412765e-03
 -5.89898787e-02 -9.14707929e-02 -2.42524664e-03 -3.84079777e-02
 -1.21460520e-02  5.24344072e-02 -1.44745149e-02  1.96133386e-02
  7.46350437e-02  1.12751862e-02 -2.05814186e-02 -4.46224678e-03
 -1.17305014e-02 -1.05093040e-01  4.29276749e-02  5.97545803e-02
 -9.30166524e-03  9.70050022e-02  5.33567518e-02  1.97618362e-02
 -6.84991572e-03 -1.29607283e-02 -1.56736393e-02 -1.58174764e-02
  4.51062880e-02  2.61424854e-02  1.83223803e-02 -4.78140190e-02
  1.76242255e-02 -1.94925629e-02 -6.17345721e-02 -8.22016746e-02
 -2.26671202e-03 -5.13434336e-02  4.87180091e-02 -2.35243049e-02
  5.09079397e-02  1.55596249e-02 -3.65408882e-02  3.34403999e-02
  7.15595903e-03  4.96258214e-02 -3.81596275e-02 -1.05436724e-02
 -8.96329284e-02 -6.85720444e-02 -6.29346892e-02 -1.32919475e-03
  2.80345231e-02  8.13497789e-03 -1.93652734e-02  5.30987605e-02
  4.85731848e-02  1.01823406e-02  3.72299030e-02  2.71572303e-02
  1.19543001e-01 -2.23704465e-02  2.46730112e-02  3.99689339e-02
  2.23117638e-02 -5.12122139e-02 -1.80450138e-02 -3.58496010e-02
  4.18020077e-02 -3.50221246e-02  7.85860717e-02  7.05831544e-03
 -1.49214314e-02 -4.10303939e-04  8.93868655e-02 -6.89866841e-02
 -9.51436535e-02 -4.63042408e-02  1.66995749e-02  4.33517061e-02
 -1.14365317e-01  2.15693377e-02 -4.39681597e-02  4.17862125e-02
  7.12245889e-03 -4.37070392e-02  3.93764675e-02  3.35571542e-02
  4.01331950e-03 -5.00791483e-02 -6.95387125e-02  3.85651514e-02
 -8.61699581e-02  1.55678242e-01 -5.18113188e-02 -5.82857496e-08
  6.09449018e-03 -1.17074279e-02  4.09670286e-02  1.61238480e-02
  1.10398503e-02  3.34575027e-02 -7.87498578e-02 -7.63869360e-02
  4.40822635e-03  4.94798273e-02 -7.32780062e-03  3.02855372e-02
 -6.57391548e-02 -4.35088873e-02  1.50898769e-02  7.84229562e-02
  1.90414265e-02  8.24992917e-03 -8.48233029e-02 -2.97071021e-02
  6.39996454e-02 -2.74632368e-02 -2.73131765e-02  1.27808094e-01
  9.79276467e-03 -2.24091671e-02  4.97774445e-02  5.55013455e-02
  4.44142595e-02  3.15016396e-02  5.85730039e-02 -1.14396168e-02
  5.55898845e-02  6.69938475e-02 -4.97427210e-02  1.15356989e-01
 -3.94990556e-02 -2.07272032e-03  1.30321503e-01  5.57869859e-02
 -8.98442417e-03 -1.59520525e-02 -4.79006097e-02  7.67239109e-02
  2.86375862e-02 -1.27058402e-02 -1.31277055e-01 -8.46243724e-02
 -4.86732535e-02  3.57461255e-03 -1.66103989e-02  2.30246410e-02
 -4.78084907e-02  9.35223252e-02 -1.89918857e-02  9.38137844e-02
  1.00234542e-02 -1.46805607e-02  7.22854137e-02  1.60195529e-02
 -5.25461650e-03  1.20246731e-01  7.62077607e-03  4.97809937e-03]"
71,../models/Simple Tests/RequirementTest.sysml,"package RequirementTest {
	constraint def C;
	constraint c : C;
	private import q::**;
	requirement def R {
		assume constraint c1 : C;
		require c;
		doc /* */
    	requirement;
    	requirement def <'1'> A {
    		doc /* Text */
    		subject s;
    	}
	}
	requirement def R1 {
		require constraint c1 :>> c;
	}
	part p;
	part q {
		requirement r : R;
		satisfy r by p;
		assert satisfy r by q;
	}
	
	requirement r1 : R1;
	not satisfy r1 by p;
	assert not satisfy r1 by q;
	
}","Generate a SysML v2 model encapsulated within the package RequirementTest. The model defines a constraint C and imports relevant elements from namespace q. It includes a primary requirement R, which assumes the constraint c1 derived from C and has a document comment placeholder. Within R, there’s a sub-requirement A that specifies a subject s with an accompanying documentation comment. The model also defines a secondary requirement R1 that mandates the adherence of constraint c1 to c. Two parts, p and q, are defined, with part q formally linked to requirement R, demonstrating satisfaction through part p and asserting fulfillment via part q. Additionally, the model includes a requirement r1 linked to R1, where it explicitly states that part p does not satisfy r1 while asserting that part q also fails to satisfy r1. The structure emphasizes the relationships between requirements and their corresponding components in a clear hierarchical manner, supporting rigorous traceability and validation within the model.","[-5.67984246e-02 -1.27613535e-02  2.29203198e-02  1.27245989e-02
  2.00280361e-02 -1.58663914e-02  6.07963232e-03  1.21900793e-02
 -7.72078559e-02  1.98475737e-02 -2.62403544e-02 -7.72356391e-02
  8.46461132e-02  8.26389045e-02  5.09497039e-02 -2.25654636e-02
  2.99549960e-02 -5.46051450e-02 -6.51351959e-02  1.41362483e-02
  5.52916341e-02 -2.44363770e-02  2.23185718e-02  1.26100238e-02
 -1.01426117e-01 -3.22042815e-02 -1.09790508e-02  5.18193245e-02
  2.48333439e-02 -3.53316255e-02  6.25955462e-02  5.22766262e-02
  2.95870453e-02  3.93950604e-02  1.30773470e-01  4.91835587e-02
  2.14005850e-04 -8.32450539e-02 -2.19509881e-02 -1.12082846e-02
 -5.89316636e-02 -2.31803469e-02 -3.54753365e-03  1.09981680e-02
  3.31370123e-02 -4.29511704e-02 -2.33583134e-02  4.54773828e-02
 -8.32000524e-02 -3.93217914e-02 -8.53272304e-02 -1.46706617e-02
 -1.43304951e-02 -2.94422749e-02 -2.54832860e-02  7.01715574e-02
  7.93521032e-02 -4.79221344e-02 -1.22245744e-01 -1.61501858e-02
 -6.09521829e-02 -4.56292108e-02 -1.31029651e-01  4.29044710e-03
  1.52748404e-02  4.89550717e-02 -9.85968858e-02 -6.69846311e-03
  3.70566510e-02  1.41365752e-01 -1.56419411e-01 -3.81671116e-02
 -3.20832953e-02  2.70081069e-02  1.42926071e-02  3.40868607e-02
  7.68978149e-02  2.98583098e-02  3.23576517e-02 -9.40385088e-02
 -3.74678187e-02  1.79245211e-02 -7.71465376e-02  4.91640121e-02
  4.41307873e-02 -2.17002928e-02  7.27656633e-02 -3.15516405e-02
  3.01230550e-02  2.55390499e-02  7.91615173e-02 -8.12346116e-02
  5.26651256e-02  3.21534351e-02  8.06594118e-02  1.60764661e-02
  6.70238733e-02 -4.20970097e-02  1.08769154e-02  2.20648423e-02
 -3.43756415e-02  2.92198993e-02  1.02309868e-01 -4.56684791e-02
 -5.43214232e-02 -5.31693175e-03 -6.45192415e-02 -6.73243031e-02
 -2.88276412e-02 -7.25014731e-02 -1.32388400e-03  2.86651403e-02
  2.02091541e-02 -6.56810254e-02 -9.42117348e-03  7.15871248e-03
  9.18403491e-02  8.17010459e-03  3.95049416e-02 -5.96910045e-02
 -5.58233820e-03  5.37756039e-03  4.99847792e-02 -5.16960993e-02
  3.83648314e-02 -5.57239726e-02 -7.95042142e-02  5.21623965e-33
 -2.09220462e-02  2.56741722e-03 -4.79822531e-02  9.69793946e-02
 -7.44542573e-03  6.79820105e-02  2.13986598e-02  4.58312221e-02
 -5.50892800e-02 -3.82852159e-03 -3.34665664e-02 -3.19832936e-02
 -2.33749524e-02 -1.84015557e-02  4.65609208e-02  1.20416572e-02
 -4.19324040e-02  8.25090557e-02 -2.75444210e-04  4.42285314e-02
  7.44286785e-03 -5.12297414e-02 -5.14184088e-02 -6.96914829e-03
  5.68785593e-02  4.79456969e-02  1.04870580e-01 -3.05351522e-02
 -4.00017798e-02 -7.11011095e-03  2.14649718e-02  2.14970969e-02
  2.95453295e-02  4.85731252e-02  8.71463399e-03  2.04258505e-02
  9.95829236e-03 -2.87505686e-02  7.14588091e-02 -5.31112477e-02
  3.54478806e-02  3.10571156e-02  1.91109087e-02  8.03673565e-02
 -2.64543518e-02 -6.16683513e-02  1.92483030e-02  2.08254382e-02
  5.14192842e-02 -1.84736475e-02  5.12180477e-02  8.72586970e-04
  6.87722787e-02 -7.10978545e-03 -1.84212998e-02 -4.74702343e-02
  1.84992719e-02 -8.44873115e-03 -9.33924690e-03  6.09060265e-02
  2.87827216e-02 -2.35731862e-02 -2.28022505e-02  5.03081642e-02
  6.86029047e-02  5.14321513e-02 -1.06212169e-01 -6.74696341e-02
  6.46571219e-02  2.04689782e-02 -6.93434849e-02 -3.05381976e-02
 -5.94315119e-02  3.19984667e-02  3.61646190e-02 -3.28062624e-02
  3.66038131e-03  3.37751098e-02  3.97914909e-02 -2.55182032e-02
 -1.31745815e-01  5.52243292e-02  2.68260371e-02  4.12767986e-03
 -2.70344177e-03 -8.36436525e-02  9.38592851e-03 -4.53826338e-02
 -4.62151617e-02 -1.00387476e-01  4.31377031e-02 -7.18816891e-02
 -3.07048392e-02  3.80031355e-02  9.13522094e-02 -4.11551666e-33
  7.24771991e-03  2.32693441e-02 -1.10448862e-03  5.98799996e-02
  3.74878235e-02 -6.88169226e-02 -6.77859411e-03 -9.33482349e-02
  4.90108654e-02  5.92301004e-02  2.22663097e-02 -4.76445034e-02
  5.94864227e-02  3.26217338e-02 -1.80976000e-02 -2.47818548e-02
 -5.42733818e-02 -8.99242535e-02  6.91449037e-03  9.86698270e-02
  4.00417708e-02  4.45416644e-02 -1.95793174e-02 -3.11484444e-03
  2.35844869e-02  3.35892923e-02 -2.62776092e-02  4.06304700e-03
  1.58867799e-02  2.42094919e-02  5.26600666e-02 -7.44129065e-03
 -4.77135107e-02 -5.07231504e-02  8.28703679e-03 -7.78108984e-02
 -3.99382040e-02  2.96090171e-03 -2.74306517e-02  8.81701335e-02
  5.64147048e-02  3.75969410e-02 -6.37271553e-02  3.78958173e-02
 -1.00021968e-02  1.14969825e-02  5.68411425e-02 -5.51631302e-02
 -6.13947492e-03 -1.06832966e-01 -6.28189966e-02 -2.64773350e-02
  6.66532293e-02  2.93000285e-02 -2.01356765e-02  3.15045714e-02
 -5.76574132e-02  1.46889593e-04  5.62139340e-02  2.91664805e-03
  7.20702037e-02  6.22751229e-02  2.87685152e-02 -2.88173370e-02
  4.77989130e-02 -5.14680557e-02 -8.69751675e-04 -1.38355913e-02
  6.18202193e-03  1.20505188e-02 -2.64716111e-02  2.14042999e-02
  3.09104417e-02  2.38246042e-02  7.78230801e-02  2.58952640e-02
 -7.37473369e-02  2.09077522e-02  4.73813415e-02 -5.02649024e-02
 -8.07504654e-02  2.68458505e-03 -2.20229961e-02  1.21757835e-01
 -4.33433019e-02 -1.60058402e-03  6.02232628e-02  2.80315429e-02
  5.81376989e-05  3.47931385e-02  1.21584600e-02  1.20058255e-02
 -8.39719363e-03  1.25225484e-01 -1.51509074e-02 -5.29834807e-08
 -3.00799664e-02 -2.91318521e-02 -4.66728546e-02 -3.78589034e-02
  4.85516824e-02  7.49120638e-02 -2.77717244e-02 -7.55880624e-02
 -1.91805772e-02  7.57283047e-02 -5.03556952e-02  7.57189021e-02
 -3.59195322e-02  9.58511047e-03 -1.16787300e-01  6.48511574e-02
  6.39583124e-03  8.67300779e-02 -5.30434363e-02 -2.66661104e-02
  4.24176864e-02  3.29198763e-02 -8.34761653e-03  5.37812561e-02
  2.30111778e-02  4.54499735e-04  5.29095344e-02  7.66970664e-02
  4.43774462e-02 -6.21810695e-03  6.19649738e-02 -2.17223987e-02
  4.88641448e-02 -4.85829264e-02 -2.75048241e-02  8.90016854e-02
 -3.37838493e-02  1.58773381e-02  5.10718636e-02 -2.82684695e-02
 -2.20295731e-02  7.72826672e-02 -3.86532024e-02  5.66399395e-02
  1.99238607e-03 -1.94789656e-02 -1.70127630e-01 -9.34711397e-02
 -7.44872093e-02 -2.39442885e-02 -3.58554460e-02 -2.85702739e-02
 -8.01255628e-02  4.11525853e-02 -8.74362141e-02  2.42639724e-02
  2.51580146e-03  1.90857816e-02 -1.22097954e-02 -5.48659451e-02
  4.92445379e-02  8.48014876e-02  5.33420742e-02  4.12041042e-03]"
72,../models/Simple Tests/RootPackageTest.sysml,"package P1 {
	part def A;
}

package P2 {
	private import P1::*;
	part a : A;
}

private import P2::*;

package P3 {
	part b subsets a;
}","Generate a SysML v2 model encompassing three packages, P1, P2, and P3. Model P1 includes a definition for part A, establishing a reusable component. Package P2 privately imports elements from P1, enabling the creation of part a, which is an instance of A. This encapsulation supports modular design. Furthermore, P2 is privately imported into package P3, where part b is defined as a subset of part a. This hierarchical structure allows for clear relationships between the packages while facilitating part specialization and reuse, promoting efficient system design. By implementing these packages, the model strategically organizes components and their interdependencies, ensuring clarity and coherence in the overall architecture.","[-1.39607070e-02 -3.92637253e-02 -6.26810500e-03 -1.73256025e-02
  4.84063849e-02 -5.54253682e-02  4.14410084e-02  2.13696472e-02
 -1.59221888e-02  1.41952336e-02  3.57035361e-02  1.38064967e-02
  4.60098200e-02  3.17392638e-03  7.71100298e-02 -2.64130887e-02
  1.97303575e-02 -2.84559745e-02 -4.10154574e-02 -4.25264752e-03
  4.39632684e-02 -6.38908744e-02 -3.52233984e-02  4.03349288e-02
 -7.29216561e-02  6.21549711e-02  2.52466295e-02  4.13679667e-02
  5.40006198e-02 -9.73577276e-02  3.51134241e-02  5.49702905e-02
  2.85023218e-03  8.35002167e-04  3.73787507e-02  7.41529465e-02
  3.76434214e-02 -4.79615815e-02 -4.15759757e-02 -9.96997431e-02
 -2.62979120e-02 -4.72112074e-02 -7.22535625e-02  4.35052328e-02
  8.83491058e-03 -5.52098453e-02 -4.14680038e-03 -2.13085730e-02
 -8.74259323e-03 -6.05794713e-02 -9.68748890e-03 -4.29077707e-02
 -5.49239032e-02 -8.84423312e-03 -2.16216352e-02  9.75414068e-02
  7.05716833e-02 -3.75933573e-02 -1.37406558e-01 -1.98749751e-02
 -6.52087480e-02  4.69907094e-03 -7.94519410e-02  9.21762455e-03
 -2.65017757e-03  2.57080626e-02 -1.80804264e-02 -3.33614163e-02
  6.65747002e-02  1.40727009e-03 -1.06354788e-01  4.46025888e-03
  2.38933899e-02  3.93315665e-02 -2.79111918e-02 -5.81131782e-03
  5.81946112e-02 -4.83159162e-03 -1.05905775e-02 -8.42940584e-02
  1.35793006e-02  7.59247169e-02 -5.61559759e-02  4.13509272e-02
  2.84526199e-02 -3.31804976e-02  4.68531363e-02 -2.57931463e-02
  9.40238498e-03  1.92195177e-02 -6.25658548e-03 -7.73451338e-03
  1.17046408e-01  5.76152839e-03  2.40926184e-02  6.99798763e-02
  2.09734738e-02 -2.85990294e-02 -3.85277672e-03  5.35693876e-02
 -3.07260454e-02  7.61533529e-02  9.39940289e-02 -2.71576624e-02
 -8.01104680e-03  6.61569741e-03 -1.00137256e-01 -5.39995022e-02
 -5.43371178e-02 -5.14936335e-02 -9.04386118e-02  4.25113849e-02
 -3.54246013e-02 -8.11630115e-02  2.94657215e-03 -1.52662338e-03
  1.23422937e-02  2.13064719e-02  3.36190201e-02 -3.49120125e-02
  3.24954018e-02 -8.05320591e-03  1.12510204e-01 -4.71907668e-03
  5.77869415e-02 -1.28768776e-02 -1.16154872e-01  5.58892609e-33
 -5.78661822e-02  4.50825458e-03 -3.82676199e-02  1.48324907e-01
  3.49823497e-02  4.68758456e-02  5.68266883e-02 -7.75527861e-03
 -4.30238433e-02 -2.56162733e-02 -6.36778548e-02 -3.62633131e-02
 -1.82828978e-02  9.28080007e-02  1.16754055e-01 -3.32705975e-02
 -6.84119910e-02  1.32222250e-01  3.87506858e-02 -1.62644666e-02
 -2.11113058e-02 -7.12851994e-03 -6.73450390e-03  2.82814670e-02
  1.34522468e-01  6.96545988e-02  8.01843926e-02 -5.35271771e-04
 -3.20974886e-02  8.07461183e-05  6.26667589e-02  2.56818328e-02
 -2.05847970e-03  4.62642163e-02 -8.07660911e-03  1.16276927e-03
 -1.32589275e-02 -6.01825789e-02  1.02790281e-01 -4.75479364e-02
  1.64581351e-02  1.94197092e-02  7.77355069e-03  2.41963342e-02
 -4.76707742e-02 -1.96999665e-02 -2.96132527e-02  6.25208169e-02
  1.54396603e-02 -7.64568150e-02  7.44256601e-02  3.59075367e-02
  8.01534876e-02  7.60710165e-02 -2.95873210e-02 -7.62606785e-02
  4.05540988e-02  5.52696828e-03  3.54130901e-02  7.46113285e-02
  9.06611793e-03  2.29362268e-02 -2.76777651e-02  6.62110001e-02
  8.20600837e-02  6.55137300e-02 -4.80393581e-02 -3.15762535e-02
  8.80808160e-02  2.36685965e-02 -6.98028281e-02  4.14572172e-02
 -1.37939816e-02  5.87378219e-02 -3.09988093e-02 -5.87744974e-02
 -3.43612470e-02  1.25030922e-02 -1.71430036e-02  2.26083230e-02
 -1.28387526e-01  5.50035946e-02 -2.43586395e-02  4.16626334e-02
 -1.49307800e-02 -5.40464558e-02 -2.54112724e-02 -4.80409823e-02
 -3.77294645e-02 -5.79248033e-02 -6.30021514e-03 -6.38710856e-02
  2.13654600e-02 -5.77802723e-03  1.71981193e-02 -5.67356940e-33
  1.21346081e-03  7.31020584e-04  1.73735004e-02  3.50888958e-03
 -2.17222497e-02 -6.85434863e-02 -4.41336483e-02 -5.18450104e-02
 -5.31158522e-02  8.80997702e-02  9.82846133e-03  2.25540530e-03
  6.01229854e-02 -3.13194655e-02  2.02570464e-02  4.81374823e-02
 -3.43693867e-02 -1.26556754e-01  1.98116284e-02  1.22551275e-02
 -1.63722318e-02  8.62606913e-02  1.02362232e-02 -1.19203283e-03
  4.94678505e-02 -5.57217281e-03 -5.61170503e-02 -2.19381060e-02
  3.89610380e-02  7.63900625e-03 -1.71497010e-03 -1.80131197e-02
  1.51910745e-02 -9.71357599e-02 -8.59175343e-03 -6.28315005e-03
 -1.07572630e-01 -1.50601324e-02  4.92159911e-02  9.67407413e-03
  1.74361262e-02  2.39128189e-04 -6.54285848e-02  7.75183318e-03
 -1.40970945e-02 -1.63306110e-02 -3.08039244e-02 -3.25549580e-02
 -7.41849421e-03 -8.30901936e-02 -9.32409540e-02  5.81537792e-03
  5.96891940e-02 -3.06526031e-02  2.57352311e-02  3.12948860e-02
 -1.53272878e-02  1.21187689e-02  7.32375085e-02 -3.06817833e-02
  7.38129020e-02 -5.14862537e-02  5.24054915e-02 -1.82400569e-02
 -1.29438406e-02 -5.39462529e-02  4.24879650e-03 -8.70684162e-03
 -1.56406537e-02  1.85081214e-02  4.10283506e-02  3.44815105e-02
 -2.79334169e-02  3.69607732e-02  5.23277335e-02 -2.37238724e-02
 -2.72309016e-02  9.32976156e-02  2.93989256e-02  1.55820567e-02
 -9.82747078e-02 -2.78336443e-02  3.01847211e-03  4.95156273e-02
 -6.07397445e-02 -1.08171076e-01  4.83523384e-02  3.77893671e-02
 -7.72389816e-03 -1.99606512e-02 -4.63037044e-02  8.53045955e-02
  7.88051821e-03  1.76143348e-01  9.04565863e-03 -4.72102535e-08
 -9.82122216e-03 -1.42717287e-02 -1.22396764e-03  5.68937100e-02
  2.93193161e-02  3.80653329e-02 -8.70061219e-02  2.48425733e-02
 -2.36029327e-02  4.19450849e-02 -2.88706739e-02  8.98522325e-03
 -4.38702777e-02  1.98844937e-03 -2.43350714e-02  1.16140485e-01
 -2.96352636e-02  9.63928476e-02 -6.57817349e-02 -1.29141584e-01
  4.89459746e-02  3.94382775e-02  1.27775017e-02  8.66497904e-02
  2.46012378e-02 -1.05654681e-03  4.65764999e-02 -4.58005210e-03
  5.38513884e-02  4.08066064e-02  3.07693481e-02 -7.40704592e-03
  7.59190647e-03  3.94806564e-02  2.74552181e-02  6.89050704e-02
 -4.90539521e-02  2.77524572e-02  6.38677031e-02  1.19869234e-02
 -5.21964114e-03 -8.06269720e-02 -2.65598558e-02  4.14529890e-02
  3.30150835e-02 -9.78888478e-03 -1.54529855e-01 -9.29657221e-02
 -6.29085079e-02  1.75712015e-02 -5.13102114e-02  4.36781980e-02
 -9.55081806e-02  3.58547196e-02 -6.80681691e-02  5.15767075e-02
 -2.02648225e-03 -1.47501361e-02  1.06132597e-01 -4.94303964e-02
 -6.32776171e-02  9.73626040e-03  2.46991552e-02 -1.59863848e-03]"
73,../models/Simple Tests/StateTest.sysml,"package StateTest {
	attribute def Sig {
		x;
	}
	attribute def Exit;
	
	part p;
	
	action act;
	
	state def S {
		do action A;
		entry; then S1;
		
		state S1;
			accept s : Sig
			do action D
			then S2;
				
		state S2 {
			do send Sig(T.s.x) to p;
			state S3;
		}
		accept Exit then done;
		
		transition
			first S1
			accept s : Sig
			do action D
			then S2.S3;
		
		transition T
			first S2.S3
			accept s : Sig via p
			if true
			do send s to p
			then S1;
			
		exit act;
		
		state S3 {
			state S3a;
		}
		
		transition first S3.S3a then S1; 
	}
	
	state s0 {
  		state s1 {
    		state s2;
  		}
  		state s3 {
  			state s4;
  		}
  		transition t1 first s1.s2 then s3.s4;
	}
	
	state s parallel {
		state s1;
		state s2;
	}
	
	state s4 {
		do action a;
  		action c;
	}
	
	state s5 :> s4 {
  		do action b :>> c;
	}
	
}","Generate a SysML v2 model named ""StateTest"" to illustrate a complex state machine with multiple states and transitions. The model includes a signal attribute ""Sig,"" which carries an integer value ""x,"" and an ""Exit"" attribute to indicate termination. The main state ""S"" orchestrates actions and transitions through sub-states ""S1,"" ""S2,"" and ""S3,"" with defined entry behaviors and actions initiated on signal acceptance. The transitions consist of events that route signals across states and communicate with the part ""p."" Additionally, the model incorporates nested states and parallel states, with ""s0"" containing states ""s1,"" ""s2,"" and ""s3,"" further embellished with transition ""t1."" The design exhibits concurrency through state ""s parallel"" and outlines action-based transitions spanning to ""s4"" and ""s5,"" where actions are executed contingent upon defined conditions. Overall, the model encapsulates dynamic behavior through structured states, actions, and transitions, facilitating a comprehensive understanding of the interaction framework.","[-4.65291180e-02 -3.19728851e-02  1.43307634e-02 -1.19468349e-03
  3.64866876e-03 -1.21357730e-02  1.48954783e-02 -4.46175523e-02
  4.01338823e-02  4.36682627e-02 -1.70767345e-02 -1.42575661e-02
  1.90882012e-02  7.72497989e-03  5.25496565e-02 -2.71965191e-02
  1.08650327e-02 -3.47004905e-02 -3.55360396e-02 -2.27995217e-02
  1.01532049e-01 -6.25647455e-02 -4.80971076e-02 -6.24261657e-03
 -1.00511797e-01  4.18803804e-02 -1.08627826e-02 -1.93649009e-02
  6.37655407e-02 -6.81405365e-02  3.07417586e-02 -2.71456986e-04
  2.19489466e-02  2.47860420e-02  1.52242894e-03 -2.86091003e-03
  5.64671122e-02 -4.36152965e-02 -7.50227273e-02 -3.41706015e-02
  1.18600661e-02 -1.01769887e-01  5.66900615e-03 -3.23429424e-03
  1.62521191e-02 -3.42475511e-02 -4.48511206e-02 -4.77313288e-02
 -6.00315817e-02 -3.17109562e-02 -5.38001917e-02 -3.60747334e-04
  3.00071351e-02  4.14464511e-02 -2.41637286e-02  7.08872750e-02
  9.07115713e-02  1.26838135e-02 -1.09761849e-01 -6.93243295e-02
 -4.76782285e-02 -3.60792466e-02 -9.47089270e-02  5.33722481e-03
  7.72393197e-02  9.91176218e-02 -2.46320460e-02 -2.83808354e-02
  6.10125139e-02  2.87658870e-02 -9.57221612e-02 -7.58538470e-02
 -4.00514938e-02  4.76016216e-02 -1.40340114e-02 -4.41015176e-02
  4.53618914e-02 -1.91295370e-02  2.89773941e-02 -7.23413378e-02
 -3.73581015e-02 -5.86022958e-02 -7.85803720e-02 -5.51815238e-03
  4.79636854e-03 -2.20574858e-03 -4.03888263e-02 -2.32468843e-02
  5.75868562e-02  4.01001982e-02 -5.39863259e-02 -3.20407748e-02
  2.77811289e-02  1.00426702e-02  4.41714525e-02  6.55894578e-02
 -1.06793605e-02 -6.54971600e-02  6.51471093e-02  3.06115840e-02
  5.94897084e-02  8.26135129e-02  5.07512875e-02 -4.96958457e-02
 -1.88234970e-02 -1.96149852e-02 -7.95740783e-02 -6.11797087e-02
 -1.02941893e-01 -4.48296927e-02 -3.49703133e-02  2.87477355e-02
  8.13536718e-02  1.42644430e-02  2.76072454e-02  4.11463715e-02
 -7.01107457e-03  4.54619639e-02  5.19447513e-02  1.11149438e-02
  5.02671376e-02 -4.50674295e-02 -1.54011725e-02  6.09516278e-02
 -1.77632447e-03 -5.98141514e-02 -7.55339712e-02  1.71906902e-33
 -2.49193385e-02 -5.12544997e-02 -4.89181802e-02  1.04046203e-01
  8.04124959e-03  5.59386350e-02  3.78838815e-02 -3.22249047e-02
 -7.80774280e-02  5.40148877e-02 -6.29592538e-02 -8.91924463e-03
  3.73679288e-02  7.51338452e-02  4.42131236e-02 -4.07510065e-02
  1.24742249e-02  3.27174403e-02 -1.16507914e-02 -2.06658822e-02
  5.42477332e-02  3.13963704e-02 -6.93950206e-02 -4.84542130e-03
  7.84770995e-02  7.31364712e-02  7.75317941e-03  1.48521746e-02
 -6.40747771e-02  1.10013038e-02  5.64608444e-03  5.36446311e-02
 -5.44826053e-02  4.11198735e-02  5.94571829e-02  2.45860312e-02
  5.09163029e-02 -6.29826486e-02  8.54599774e-02 -7.63923153e-02
  3.07272980e-03 -5.14214784e-02 -5.88267334e-02  1.85032357e-02
 -7.55576864e-02 -7.48799518e-02 -1.83353014e-02 -1.72765031e-02
 -2.86618862e-02 -3.71264592e-02  9.95160043e-02 -1.18092429e-02
  4.44086008e-02  9.15306807e-03 -1.58307031e-02  1.72498599e-02
 -1.19863991e-02  3.55432294e-02 -2.33404264e-02  1.22973122e-01
 -3.97304120e-03  1.96102876e-02 -2.63735764e-02  6.60412982e-02
  2.92218439e-02  5.05227707e-02 -1.01551682e-01 -1.38728134e-02
  7.90117159e-02  3.70663367e-02 -4.61334065e-02  9.60468054e-02
  4.96470323e-03  3.26032154e-02  6.36914521e-02 -4.78160456e-02
  4.16084332e-03  3.38976993e-03  1.69774145e-03  7.32201487e-02
 -7.39897192e-02  9.74918134e-04 -9.60312560e-02  6.85190707e-02
 -6.34828210e-03 -7.02429265e-02 -5.57481237e-02 -1.13360018e-01
 -1.00073054e-01 -9.66781378e-02 -2.17062868e-02 -6.59344420e-02
  9.49884877e-02  1.07512780e-01  6.99833781e-03 -3.56116197e-33
 -2.29147030e-03 -5.81497792e-03  5.68041718e-03  1.34420767e-02
 -3.18619609e-02 -6.90156892e-02  3.51735875e-02 -4.27169278e-02
 -5.96448220e-02  2.21805386e-02  6.46919832e-02 -9.07080434e-03
  4.63067666e-02  4.17119414e-02 -1.58112589e-02 -2.46525295e-02
  4.37981822e-02 -9.44618583e-02  7.56994262e-02  3.77511233e-02
  3.34686711e-02  6.45296350e-02 -5.24720550e-02  1.80372375e-03
 -1.40441470e-02  1.14625013e-02 -9.67546646e-03 -2.49042287e-02
  3.13282236e-02  3.49562801e-02  1.37890717e-02 -4.72343564e-02
  7.63268247e-02  2.80950237e-02 -1.88640668e-03 -6.57704845e-02
  2.42903382e-02 -5.70130982e-02  2.12979992e-03 -3.66954058e-02
  6.66397214e-02  1.13082211e-02  1.32503221e-02  5.22550642e-02
  5.40003479e-02  3.96855325e-02 -4.62611504e-02  7.14800432e-02
 -8.99918303e-02 -1.00553364e-01 -9.65284277e-03  7.10278843e-03
  1.04960729e-03  1.22584514e-02 -4.14510854e-02  1.77866761e-02
  5.24927909e-03 -6.62270701e-03 -2.42283270e-02  1.60236266e-02
  4.60377149e-03 -1.69703439e-02  7.60885477e-02  1.95683017e-02
  7.83919543e-02 -3.32243624e-03 -1.54503426e-02 -3.09391990e-02
  3.49178798e-02 -4.58186828e-02  6.56417608e-02  2.41462383e-02
 -2.92120334e-02  1.05670923e-02  1.02326050e-01 -9.90025699e-02
 -8.63594338e-02 -3.83253768e-02  3.60319540e-02 -3.01776454e-02
 -1.18522823e-01  1.16722030e-03 -4.52395752e-02  7.05076158e-02
 -8.56069550e-02 -1.06877228e-03 -2.90182754e-02  1.21216372e-01
  3.83120403e-02 -2.64391508e-02 -6.24718890e-02  9.05869305e-02
  1.39971741e-03  1.31223321e-01 -3.39190103e-02 -5.60497746e-08
 -1.52807245e-02  2.35165842e-02  4.21862341e-02  3.85796949e-02
  5.33602498e-02  9.17509720e-02 -1.75819788e-02 -1.11679494e-01
  2.51509901e-02 -4.35132943e-02 -3.96339130e-03  1.26593551e-02
 -2.24943645e-02 -5.22757582e-02  1.56453215e-02  5.12202866e-02
  5.29645197e-02 -9.83902626e-03 -7.38413213e-03  9.55797918e-03
  9.84186009e-02  4.50728694e-03 -3.34416591e-02  8.39422643e-02
 -5.33035723e-03 -6.09622337e-03 -1.56666059e-03  8.63213837e-02
  2.04313416e-02 -2.15667579e-02  5.41085266e-02  2.07137875e-02
  5.22626191e-02  9.01321322e-02 -6.01612926e-02  8.39492530e-02
 -3.83144477e-03 -3.95761505e-02  1.08465843e-01  1.87448673e-02
  1.09247416e-02  1.14480276e-02 -4.78608944e-02  5.07670641e-02
 -3.51128876e-02  2.43550981e-03 -8.21871981e-02 -1.19148068e-01
 -1.43996542e-02 -5.31302160e-03 -5.62320054e-02 -2.15606801e-02
 -8.25287327e-02  6.10875376e-02 -2.80599631e-02  2.59500667e-02
  3.93572003e-02 -1.16654290e-02  3.36427800e-02  4.28344347e-02
  9.94041264e-02  8.01240187e-03 -6.47452250e-02 -6.44965051e-03]"
74,../models/Simple Tests/StructuredControlTest.sysml,"package StructuredControlTest {
	
	action {
		attribute i : ScalarValues::Integer := 0;
		attribute b : ScalarValues::Boolean;
		
		if i < 0 {
			assign i := 0;
		} else if i == 0 {
			assign i := 1;
		} else {
			assign i := i + 1;
		}
		
		if i > 0 {
			assign i := i + 1;
		}
		
		then action aLoop
		while i > 0 {
			assign i := i - 1;
		} until b;
		
		then while i > 0 {
			assign i := i - 1;
		}
		
		loop {
			assign i := i - 1;
		} until b;
				
		for n : ScalarValues::Integer in (1, 2, 3) {
			assign i := i * n;
		}
	}
}","Generate a SysML v2 model that defines a structured control package named ""StructuredControlTest"". The model includes an action block with attributes for an integer `i` initialized to 0 and a boolean `b`. Implement logic to first adjust `i`: if it is negative, set it to 0; if zero, increment to 1; otherwise, increase by 1. If `i` is greater than 0, add 1 again. Next, include a loop named `aLoop` that decrements `i` while it is positive, looping until the boolean `b` is true. Following this, create a second loop that again decrements `i` while `b` remains false. Additionally, construct an indefinite loop that reduces `i` until `b` is true. Finally, introduce a for-loop that multiplies `i` by a sequence of integers (1, 2, 3). This model encapsulates control structures to manipulate the integer `i` based on various conditions.","[-4.03952040e-02 -1.08145969e-02 -6.20666370e-02 -3.38311046e-02
 -1.07446626e-01 -2.35899091e-02  3.64415869e-02 -2.13137362e-02
 -3.28302048e-02  5.44236042e-02  2.87343003e-02 -4.95771505e-02
  5.10414727e-02  2.03943141e-02 -7.00139441e-04  4.58283201e-02
 -3.77358906e-02  5.58758005e-02 -3.69925424e-02 -4.74925078e-02
  1.69351678e-02 -7.14587560e-03 -3.71053256e-02  9.45926271e-03
 -4.79857959e-02 -3.34544964e-02 -4.64407913e-02 -2.69462559e-02
  9.45361108e-02 -9.23899189e-02  3.11406702e-02 -1.20140789e-02
  6.73316792e-02  4.77698632e-03  1.18825369e-01 -1.03584193e-02
  1.67679545e-02 -6.77855313e-02 -7.19811544e-02 -4.28425847e-03
 -2.32286993e-02 -3.55564468e-02 -3.79198678e-02 -6.07528575e-02
  4.35596593e-02  3.28288674e-02 -4.47918661e-02  6.06964938e-02
 -2.18844693e-02 -1.14298314e-02 -6.80410191e-02  1.03892023e-02
  3.23396437e-02 -5.32721542e-02  5.19635016e-03  9.84162185e-03
  3.98434177e-02  3.43129411e-02 -8.46318454e-02 -6.28688261e-02
 -1.38169033e-02 -1.42992791e-02 -6.59197643e-02 -5.86326197e-02
  3.15100737e-02  1.47230551e-01 -4.72921431e-02  1.40526029e-03
  8.07838812e-02  1.41627759e-01 -5.80314472e-02 -3.84332687e-02
 -5.43831149e-03  4.26588245e-02 -2.52744779e-02  7.93636602e-04
  7.78700560e-02 -4.47362214e-02 -3.33894864e-02  9.81610920e-03
 -5.04330210e-02 -1.18651558e-02 -5.55470586e-02  4.06317227e-03
  3.59676667e-02 -1.10715725e-01  1.79859195e-02  5.00718057e-02
  1.35922119e-01  9.76541713e-02 -2.74491888e-02  2.93214656e-02
  6.22037500e-02 -1.49936909e-02  4.62636091e-02  7.05334619e-02
  9.58279520e-03  2.28643194e-02 -3.09208240e-02  3.04817259e-02
 -2.64377873e-02  1.00633251e-02  1.23089310e-02 -4.67252992e-02
  1.36749623e-02 -2.78588831e-02  1.02547091e-02 -1.36892349e-02
 -5.89638613e-02 -1.20571405e-01  4.15316187e-02  4.82421704e-02
  6.69120476e-02 -2.53742579e-02  2.72860974e-02  4.01189551e-03
  7.17380345e-02  5.12839705e-02  1.03204911e-04 -6.25088438e-02
  7.51974657e-02  2.36571860e-02  1.23571381e-02  3.44699733e-02
 -1.06058794e-03 -1.78830344e-02 -9.19027850e-02  2.79386281e-33
 -3.34488750e-02 -4.45609167e-02  3.06636896e-02  4.43926416e-02
  1.11140981e-02  5.66741712e-02  1.38819579e-03 -2.13598789e-04
 -1.00009598e-01  8.83344337e-02  3.48736532e-02 -5.55038452e-02
 -2.24579200e-02  3.34433354e-02  1.62024554e-02 -1.11967824e-01
  4.27028798e-02 -7.11966446e-03 -8.41680355e-03 -4.55697663e-02
  5.08268364e-02 -5.32859378e-02 -8.67590830e-02 -2.96036173e-02
  6.88347444e-02 -9.00135189e-03  5.69664203e-02  6.33347547e-03
 -3.52540612e-02  8.74589570e-03  3.66412774e-02  1.54093169e-02
 -4.84566726e-02 -2.46198406e-03  3.73728573e-02  1.15666436e-02
 -5.43026291e-02 -4.78109531e-03  1.04435109e-01 -3.16598220e-03
 -3.97557281e-02 -2.57324632e-02 -4.72957380e-02  2.29284000e-02
 -3.76216099e-02 -4.63424064e-02  6.07320433e-03  4.70546372e-02
 -5.46245649e-02 -6.13087304e-02  9.67932269e-02  1.83837842e-02
 -2.45714299e-02  1.28846718e-02 -1.70012657e-02 -1.31469918e-02
 -2.94141215e-03  5.48366308e-02 -2.09157150e-02  1.39310658e-01
  1.89907700e-02  6.72785658e-03 -4.27427888e-02  3.64956148e-02
 -5.00554740e-02  6.35301843e-02 -2.53104828e-02 -5.62399738e-02
  3.23117189e-02  2.88744178e-02 -7.67790675e-02  5.21728732e-02
 -3.78412604e-02  4.85097133e-02  6.58911420e-03 -6.80719912e-02
  3.36403325e-02 -3.13038044e-02 -4.93218489e-02 -5.53420074e-02
 -1.39837041e-02  6.56683147e-02  6.83090650e-03  2.20296215e-02
  4.74707708e-02 -4.91118953e-02 -5.25792837e-02 -5.06239105e-03
 -9.57600772e-02 -1.30127802e-01 -8.18524137e-03 -8.16645622e-02
  1.21472508e-01 -2.15339498e-03  1.44972550e-02 -3.11707857e-33
  6.31758571e-02 -3.44233960e-02  4.83130664e-02  7.44007947e-03
 -5.13689592e-02 -6.64989203e-02  6.17194511e-02 -5.04533425e-02
 -1.67627782e-02 -2.98764575e-02  5.08037570e-04  2.00619884e-02
  1.64583270e-02  3.94965485e-02  2.17582267e-02  2.65073143e-02
 -8.81019922e-04 -1.15572669e-01  2.26363409e-02  5.23637794e-02
 -3.75979505e-02  8.29748064e-02  4.51545045e-03  6.39901729e-03
 -4.03447449e-02  1.54469749e-02 -3.78000177e-02  7.66352266e-02
  5.89616634e-02  1.81151628e-02 -1.61702000e-02 -2.80321762e-02
  2.44634748e-02 -9.21375826e-02 -1.83875561e-02 -7.54817501e-02
 -1.75011307e-02 -7.98340365e-02  5.94091695e-03  3.31666246e-02
  1.74892247e-02 -1.08696846e-02  3.82887525e-03  4.71196212e-02
  6.00837655e-02  3.37394364e-02 -1.98779386e-02  3.07892021e-02
 -7.79733136e-02 -5.46774529e-02 -8.10954273e-02 -1.46639468e-02
 -1.73558027e-03  6.75769821e-02  9.90774110e-03 -1.16861919e-02
 -3.73172238e-02 -7.76318833e-02  4.18608077e-02 -1.41079761e-02
 -6.74459562e-02 -1.59831904e-02  7.96331465e-02  3.18132862e-02
  5.15256338e-02  1.66490357e-02 -6.02518534e-03 -4.13453616e-02
 -6.90570008e-03 -2.58691739e-02  1.38413042e-01  5.68195470e-02
 -4.68056947e-02  5.16669229e-02  3.54483584e-03 -7.32490644e-02
 -7.86588341e-02  5.91762289e-02  4.89983596e-02 -1.31433969e-02
 -8.99854749e-02  3.93717363e-02  5.22857197e-02  6.52411431e-02
 -8.64532739e-02  1.31608266e-02  1.40686883e-02  1.00033827e-01
  3.82304974e-02  7.59965405e-02 -8.43801945e-02  4.94485907e-02
  8.52632672e-02  1.17790140e-01 -5.82731180e-02 -5.37912683e-08
 -8.29549972e-03 -7.37212086e-03  5.55753335e-03  6.10823333e-02
  3.89147215e-02  2.13002488e-02 -4.78608757e-02 -5.68100661e-02
  1.88750420e-02 -6.47671223e-02 -3.49592455e-02  6.27608746e-02
 -2.31150407e-02 -1.25856111e-02 -4.39577512e-02  5.68779260e-02
  3.71713899e-02 -5.78806177e-02 -6.04649028e-03  1.35311391e-03
  1.17903188e-01  3.66686322e-02  2.77756751e-02  1.25511765e-01
  5.04859053e-02 -3.77870873e-02 -1.54653266e-02  1.31997177e-02
  9.20636430e-02 -1.25900994e-03  4.09569554e-02 -4.80294228e-03
  6.05930276e-02  4.84930575e-02  6.43103430e-03  6.71429485e-02
 -2.55640186e-02  2.40593664e-02  2.75340676e-02 -3.55241857e-02
  2.88577727e-03  3.14961635e-02 -3.36812325e-02  1.32125188e-02
 -5.12392595e-02 -2.74089072e-02 -8.81166011e-02 -9.73264351e-02
 -2.96574682e-02  1.35080395e-02 -3.05858143e-02  4.70202193e-02
 -3.31945308e-02  1.11719780e-01 -5.07492982e-02  1.58258434e-02
 -1.41776949e-02  1.27432095e-02  3.29413116e-02  9.21220332e-02
 -2.15851958e-03 -1.73780024e-02 -8.20438266e-02 -2.55638026e-02]"
75,../models/Simple Tests/TextualRepresentationTest.sysml,"package TextualRepresentationTest {
	private import ScalarValues::Real;
	
	item def C {
	    attribute x: Real;
	    assert constraint x_constraint {
		    rep inOCL language ""ocl"" 
		        /* self.x > 0.0 */
	    }
	}
	
	action def setX {
		in c : C;
		in newX : Real;
		
	    language ""alf"" 
	        /* c.x = newX;
	         * WriteLine(""Set new x"");
	         */
	}
	
}","Generate a SysML v2 model for a package named `TextualRepresentationTest`. This package includes a private import of `ScalarValues::Real`. Within the package, define an item `C` that contains an attribute `x` of type `Real`. Introduce an assertion constraint named `x_constraint` that ensures `x` is always greater than 0.0 using OCL syntax. Furthermore, create an action definition called `setX` that takes two inputs: an instance `c` of type `C` and a new value `newX` of type `Real`. In this action, implement functionality in ALF to assign the value of `newX` to the attribute `c.x` and log the message ""Set new x"". This model encapsulates basic operations and constraints focused on numeric values, facilitating validation and mutation of the attribute in a structured manner.","[-1.70688182e-02 -1.52080143e-02 -3.69921774e-02  6.00127913e-02
 -3.79999131e-02 -2.43907627e-02  4.66435738e-02  2.97819544e-02
 -3.31064016e-02  1.59395356e-02  2.77538877e-02 -8.07121173e-02
  6.19901940e-02  4.41155508e-02  3.11304312e-02  1.34902317e-02
  6.55191531e-03 -2.54647247e-02 -6.51068687e-02  3.16466466e-02
  7.51871616e-02 -3.88907641e-02 -1.89275481e-02  4.66424674e-02
 -5.33351153e-02 -6.08609542e-02 -1.11158593e-02  5.70820784e-03
  6.33546561e-02 -7.68407881e-02  3.04024685e-02  9.15063471e-02
  3.52639891e-02  3.28066037e-03  1.06913097e-01  9.03455839e-02
  3.50823775e-02 -6.56852946e-02 -5.38812131e-02 -2.07359865e-02
 -5.18341213e-02 -4.87401448e-02 -1.64174028e-02  1.39367366e-02
 -1.64607354e-02 -4.16847840e-02  6.63440302e-02  3.23703215e-02
 -5.18272370e-02  8.01689643e-03 -9.21283513e-02 -2.07981225e-02
 -2.22407468e-02 -4.02368270e-02  6.47439482e-03  5.57774454e-02
  2.48435489e-03 -7.72139803e-03 -6.11977428e-02 -5.06437942e-02
 -3.60364728e-02 -1.31560490e-02 -2.58512106e-02  1.85985444e-03
 -4.33249399e-02  7.54985958e-02 -5.92121035e-02 -4.25374135e-02
  4.18328829e-02  7.37905353e-02 -8.72285962e-02 -3.65449935e-02
 -6.83478452e-03  4.77455966e-02  5.59383333e-02  5.23413792e-02
  8.53061751e-02 -4.46998402e-02  2.06878800e-02 -2.38309372e-02
 -6.93323016e-02  2.98530795e-04 -7.69097283e-02  1.25629092e-02
  2.63402071e-02 -4.60958900e-03  5.82846701e-02 -1.64738894e-02
  8.90801549e-02  1.33051962e-01 -1.64295733e-02 -5.68848625e-02
  4.20692153e-02  2.69791111e-02  7.99731463e-02  3.85951847e-02
  5.74683659e-02  2.13083755e-02  3.74953039e-02  5.34933731e-02
  1.78531162e-03  5.09583429e-02  7.78528973e-02  1.84567776e-04
  6.52351324e-03 -3.54297459e-02 -7.50242593e-03 -9.87890959e-02
 -1.09570540e-01 -9.39340740e-02  3.72480415e-02  1.76266581e-02
  1.41406152e-02 -9.94160399e-02  5.48565900e-03  3.60182896e-02
  4.79887538e-02  2.33141221e-02 -5.94437905e-02 -6.02947809e-02
  2.71692462e-02 -4.86811064e-02  6.86726421e-02  6.17392510e-02
  5.79621568e-02  3.29295099e-02 -6.99708834e-02  1.80675263e-33
 -6.10968284e-02  1.46929398e-02  1.18062329e-02  6.49431571e-02
 -2.56609581e-02  5.67088462e-02  4.13963385e-03  5.69135062e-02
 -8.46252367e-02  2.53847742e-04  4.47827019e-03 -2.09862683e-02
  1.03037953e-02 -4.32984717e-02  7.88650662e-02 -3.68034877e-02
 -2.47039907e-02  4.59249541e-02 -3.78472172e-03  2.90112104e-03
  3.78486738e-02 -5.22674881e-02 -7.59135932e-02 -5.04764169e-02
  4.34732549e-02  5.74317537e-02  6.56200722e-02 -5.96145280e-02
 -5.31587191e-02 -8.78762268e-03  5.22112008e-03  1.01932278e-02
  3.28899100e-02  1.05596378e-01  3.21057998e-02  2.54069120e-02
 -5.91203012e-02 -1.93517338e-02  6.35743663e-02 -6.78279251e-02
  2.46415175e-02  7.23708468e-03  1.02402363e-02  3.37738954e-02
  5.47713973e-03 -8.15441310e-02 -5.20631522e-02  7.82751143e-02
 -1.19662229e-02 -9.25150216e-02  7.39758760e-02  5.48780300e-02
 -3.41064227e-03  4.29753624e-02 -1.35724433e-03  3.50079592e-03
 -2.49257348e-02  3.92045639e-02 -1.75177231e-02  8.39969292e-02
  3.19153592e-02  6.56364937e-05  3.89350429e-02  5.24999574e-02
 -1.95681471e-02  1.44321956e-02 -6.45145476e-02 -1.14651412e-01
  7.73795247e-02  5.31897545e-02 -2.79889274e-02  4.54136729e-02
 -8.51584300e-02  6.39718473e-02 -1.12458477e-02 -6.20609075e-02
  4.57203202e-03 -2.95667676e-03  1.34246433e-02 -2.10122438e-03
 -7.14596137e-02  4.62406725e-02  1.61552991e-04  6.83955327e-02
  3.35509866e-03 -8.63320455e-02 -5.36922887e-02  2.77002226e-03
 -4.99961860e-02 -1.08577795e-01 -4.00516001e-05 -6.09767698e-02
 -2.27533411e-02 -2.80477628e-02  4.01866958e-02 -1.29118311e-33
 -1.54637909e-02  1.61414722e-03 -9.08670202e-03  5.62973283e-02
 -4.40494604e-02 -9.99634713e-02 -6.04358455e-03  3.15009244e-03
 -3.44530120e-02  1.95747465e-02  5.58297336e-03 -3.78533872e-03
 -2.73303874e-02 -2.13261805e-02 -1.82528107e-03 -2.97499280e-02
 -9.62947756e-02 -1.15119703e-01  7.09987991e-03  7.85109922e-02
  2.53836550e-02  7.47753382e-02 -2.14593690e-02  4.02570702e-02
  3.79034765e-02  2.25697266e-04  3.23618539e-02  9.21376795e-02
  7.26591749e-03  1.36006102e-02 -1.71721242e-02  2.30767224e-02
 -5.37857264e-02 -4.65178490e-02  2.73417123e-02 -1.17691979e-01
  4.83461693e-02  1.19914217e-02  1.44627849e-02  8.49538445e-02
  4.89333384e-02  3.25967558e-02 -9.92873013e-02  4.05128188e-02
  2.18012929e-02  5.21355718e-02  2.50471439e-02 -2.66339369e-02
  3.80311944e-02 -6.49498105e-02 -1.73285604e-02 -9.55646113e-02
  5.60796373e-02  3.85289788e-02 -9.80924629e-03  1.44964159e-02
 -8.22460502e-02 -8.93686619e-03  3.68705653e-02  2.57776193e-02
 -1.48769422e-02 -1.01285288e-02  9.00755823e-02  3.64960320e-02
  2.54771356e-02 -6.80849776e-02 -6.74616918e-02 -3.49612832e-02
 -8.82623419e-02 -2.69352533e-02  9.30948630e-02 -3.49207409e-03
 -7.81386867e-02  6.77920878e-03  2.74419598e-02 -5.81789985e-02
 -1.59831140e-02  2.12861151e-02  6.69671893e-02  1.29913976e-02
 -4.60448377e-02  2.77078096e-02  6.72642887e-02  1.54535621e-01
 -3.65438014e-02  2.01207716e-02  5.62221520e-02  1.27574041e-01
 -2.04106625e-02  4.87711914e-02 -6.40268028e-02  5.22409528e-02
 -1.96753163e-02  9.00151134e-02 -7.87638947e-02 -4.86306639e-08
 -1.26348436e-01 -5.96990287e-02 -1.42720528e-02  2.67470684e-02
  3.75341326e-02  8.35528523e-02 -1.03083640e-01 -9.41047743e-02
 -1.19888429e-02 -2.38817800e-02 -1.53268855e-02  4.96542305e-02
 -3.69491912e-02 -2.55413987e-02 -3.74544598e-02 -1.61952265e-02
  1.48157002e-02  1.81540940e-02 -5.31939939e-02 -2.92563234e-02
  5.71399890e-02  5.42517453e-02  2.09673792e-02  8.05675313e-02
  3.24003883e-02 -6.44504204e-02  3.75307016e-02  6.46495074e-02
  6.24479279e-02  3.76569256e-02  4.93455231e-02 -1.13697434e-02
  7.16892183e-02  6.04740009e-02 -5.43709658e-02  9.70873609e-02
 -5.22235706e-02  3.80770043e-02  1.65005773e-02 -2.19649673e-02
 -2.25671977e-02  2.86937840e-02 -8.05301964e-02 -5.63113904e-03
 -1.97858014e-03 -8.06010421e-03 -8.68694633e-02 -1.04298413e-01
  5.80587378e-03  1.62030216e-02 -2.63166986e-02  6.29628897e-02
 -4.54873890e-02  5.23568839e-02 -6.09937012e-02  3.11872475e-02
  2.57770102e-02  2.28024907e-02  4.65509221e-02 -5.68992225e-03
 -2.62871990e-03  1.49862915e-02  2.12041624e-02  6.67072320e-03]"
76,../models/Simple Tests/TradeStudyTest.sysml,"package TradeStudyTest {
	private import ScalarValues::Real;
	private import TradeStudies::*;
	
	part def Engine;
	part engine1: Engine;
	part engine2: Engine;
	
	analysis engineTradeStudy : TradeStudy {
		subject : Engine[1..*] = (engine1, engine2);
		objective : MaximizeObjective;

		calc :>> evaluationFunction {
			in part : Engine;
			return : Real;
		}
		
		return part : Engine;
	}
	
}","Generate a SysML v2 model encapsulated in the package TradeStudyTest. The model imports essential scalar values from the ScalarValues library and references components from the TradeStudies package. It defines a part called Engine and initializes two instances: engine1 and engine2. The core analysis, named engineTradeStudy, focuses on evaluating trade-offs between the engine instances. It defines the subject as a collection of Engine parts (engine1 and engine2), aiming to maximize an objective. The calculation, specified through an evaluationFunction, takes an Engine part as input and returns a Real value, which reflects the performance metric of the trade study. The analysis ultimately returns an Engine part as the result of the trade study evaluation.","[-6.75044060e-02 -2.90414505e-02 -4.34179492e-02  3.29720341e-02
 -1.66523121e-02  2.87194247e-03 -1.97239313e-02  5.72341792e-02
 -7.85319507e-02 -5.88807240e-02 -1.98477879e-02 -3.22577357e-02
  1.07456716e-02  1.32221337e-02 -4.19769585e-02 -1.94657817e-02
  3.41306739e-02 -2.49255039e-02 -6.58247918e-02 -8.25202540e-02
  4.10249457e-02 -8.24143458e-03 -3.36751454e-02 -2.82174051e-02
 -9.84963728e-04 -3.88532504e-02 -8.83278400e-02  8.13082680e-02
  4.47671786e-02 -6.84194565e-02 -1.35063957e-02  7.07893893e-02
 -8.09029303e-03  7.18970820e-02  3.06829484e-03  1.94548350e-02
 -1.83399674e-02 -4.39675078e-02 -3.54756066e-03 -4.74200659e-02
 -1.10326735e-02 -4.20593917e-02 -6.01069741e-02 -2.23467126e-02
  2.91692410e-02 -5.08840606e-02 -1.38127878e-02 -7.79318623e-03
 -3.24632344e-03 -8.75066314e-03 -1.41256377e-01 -2.81564165e-02
 -3.42958942e-02 -2.91198790e-02 -3.39405686e-02  6.87803626e-02
  3.06582116e-02 -4.45524603e-02 -9.54573154e-02  6.51178198e-05
 -1.04545811e-02 -3.85443009e-02 -8.01166892e-02  1.57893766e-02
  1.92146599e-02 -3.67824547e-02 -4.02351990e-02 -1.37337288e-02
 -6.83624297e-02 -2.07502255e-03 -4.21510227e-02 -7.42277130e-02
 -8.90417770e-02 -1.00871101e-02 -1.87931396e-02 -2.43302621e-03
  4.43375781e-02 -1.60521287e-02  6.31262437e-02 -7.30559602e-02
 -2.80264039e-02 -1.81261692e-02 -9.88006070e-02 -2.50205901e-02
  3.05864494e-02 -2.27219216e-03  1.00235850e-01 -2.78360881e-02
  9.89073440e-02  9.44595113e-02 -3.07385135e-03 -4.04101945e-02
  5.85670546e-02  2.89318785e-02  1.04566991e-01  9.63849723e-02
  3.49842124e-02  3.24856527e-02  7.09864646e-02  2.57671978e-02
  2.28964500e-02  6.17132299e-02  1.28557421e-02 -5.16044572e-02
 -8.23125765e-02  3.18395421e-02 -2.50015985e-02 -2.81899218e-02
  1.23371724e-02 -9.27780569e-02 -1.94667634e-02  8.25890228e-02
 -4.59815422e-03 -3.59908715e-02 -3.41159441e-02  6.76919939e-04
 -1.34458216e-02  8.74063093e-03  5.84759079e-02  4.76861745e-03
  1.19236885e-02 -7.28259236e-03  7.99919292e-02  1.44119922e-03
  3.41719314e-02  9.68617969e-04 -7.28080273e-02  1.79828981e-33
 -1.14724830e-01 -5.80553971e-02 -3.59143242e-02  8.66091773e-02
 -4.37556133e-02  7.41478354e-02 -4.08271104e-02  3.22309323e-02
 -4.96234968e-02  4.67946418e-02 -1.58780724e-01  1.44316927e-01
 -3.74052711e-02  2.32939962e-02  8.13969374e-02  3.67220398e-03
 -3.08314487e-02  6.67578578e-02  3.55305858e-02 -1.67936981e-02
  6.58816174e-02 -4.46944870e-02 -3.78497764e-02 -2.31374782e-02
  2.36602779e-02  2.37193871e-02  4.19140756e-02 -2.51701064e-02
 -7.91234970e-02  6.14191368e-02  2.91668251e-02  3.45244743e-02
 -4.82764766e-02  6.77018687e-02 -2.22824980e-02  3.73484679e-02
 -1.44851962e-02 -3.79589908e-02  5.83116189e-02  1.98051203e-02
 -2.21438967e-02  2.87080277e-02 -5.74247874e-02 -3.43094841e-02
 -1.12348832e-01  1.72507670e-03 -3.86811160e-02  7.14352960e-03
  8.47802758e-02  9.89959762e-03 -9.78094339e-03 -2.09857710e-02
  1.16995715e-01  5.87657443e-04 -2.21917331e-02  7.82141313e-02
  5.83494790e-02 -3.07764728e-02 -3.23359445e-02  9.25243571e-02
 -9.10412595e-02  5.96816279e-02  3.67078185e-02  7.67635787e-03
  3.15035768e-02  7.72993118e-02 -4.92787212e-02 -1.88901685e-02
 -1.29287960e-02  8.05600807e-02 -1.62932277e-02  3.23613808e-02
  1.34414732e-02  5.14541529e-02  7.88611993e-02 -7.60224760e-02
  7.21756788e-03  4.16273735e-02  4.58373316e-03 -8.10422376e-03
 -8.04027691e-02  1.03553303e-01  1.71542633e-02 -3.60542350e-02
  2.21776403e-02 -2.42394619e-02 -4.77992967e-02 -6.42543882e-02
  3.81107740e-02 -3.24014351e-02 -6.33004382e-02 -3.55382040e-02
 -6.31515607e-02  2.44251378e-02  3.96340713e-02 -3.19632269e-33
 -4.56076562e-02  3.23016644e-02 -1.00411475e-02  1.24156974e-01
 -4.01098169e-02 -7.10589290e-02  3.85908931e-02 -1.82427857e-02
  1.26714455e-02  1.00920908e-01  4.96251732e-02  8.69761035e-03
  2.53331289e-02  6.53913477e-03  3.94746065e-02 -3.44001018e-02
 -5.11783315e-03 -1.84024945e-01 -2.43036728e-03 -4.06358112e-03
  4.81919684e-02  5.13285846e-02 -4.17132378e-02  1.57735497e-02
 -3.87134729e-03 -1.71689242e-02 -6.00421838e-02 -1.09538157e-02
  2.19228528e-02 -3.12514231e-02  8.37882832e-02  1.98715199e-02
  3.99835929e-02  1.06312251e-02 -4.11544181e-02 -7.56121846e-03
  2.91903690e-02 -5.65654300e-02  3.43247764e-02  8.40511322e-02
  3.14011164e-02  3.68408971e-02 -2.47512385e-02  2.78974865e-02
  3.28934528e-02  5.76568469e-02  1.39954425e-02 -6.55298233e-02
  4.91514914e-02 -7.39401057e-02  6.08785637e-02  8.61329660e-02
  3.42027210e-02 -1.18813412e-02 -8.76560286e-02  4.09616381e-02
  2.78105512e-02 -4.81726527e-02 -2.38090847e-02  5.34340367e-02
  1.01566240e-01  1.12350453e-02  2.17047706e-02  4.17959876e-02
 -4.16886322e-02 -1.99805181e-02 -1.06192259e-02 -3.31047177e-02
 -5.95800765e-03 -3.08959205e-02  1.43293226e-02 -2.83259404e-04
  2.44715996e-02 -1.53267663e-03 -3.58942263e-02 -2.19959784e-02
 -3.19491401e-02  9.86560155e-03  1.14423186e-01 -9.65718739e-03
 -5.14813103e-02  2.11357325e-02  7.82153308e-02  2.35852674e-02
 -2.30237078e-02 -1.07409889e-02 -3.58695202e-02  7.95223638e-02
 -4.33879858e-03 -3.90328914e-02 -7.67127648e-02  1.34357726e-02
 -2.69269068e-02  4.05460298e-02 -2.92584468e-02 -4.78658535e-08
  4.07228293e-03 -5.01126386e-02  4.89082150e-02  8.55431780e-02
 -3.14938948e-02  2.71546710e-02 -7.49415159e-02  4.89563979e-02
 -1.45136341e-02  5.00348136e-02 -5.53630246e-03  1.28786201e-02
 -8.65991563e-02  5.08398898e-02 -3.77882533e-02  8.15000609e-02
  4.34426367e-02  4.52011116e-02 -3.92648801e-02 -7.53613636e-02
  1.22577846e-01  9.02599916e-02 -4.73032892e-03  2.70520593e-03
  9.68838017e-03 -7.19143078e-02  2.33030487e-02  9.03320909e-02
  4.45046015e-02 -3.19692902e-02 -2.47917045e-02  7.49162883e-02
  4.33394201e-02 -9.14859027e-03  3.75350155e-02  4.97164391e-02
 -4.43443358e-02  6.33273423e-02  5.14398701e-02  3.92853878e-02
 -5.19862771e-02  2.45673973e-02 -1.32157980e-02  1.70588177e-02
  2.66859848e-02  2.85152439e-02 -1.52253374e-01 -7.99834356e-02
 -3.94354993e-03 -3.90162021e-02  4.47298624e-02  2.29428597e-02
 -2.76714340e-02  1.24823429e-01 -2.23916676e-02  2.78436113e-02
 -6.94863824e-03 -7.58071318e-02 -3.21706124e-02 -4.75442111e-02
 -3.29924710e-02 -1.28143942e-02 -4.97579109e-03 -1.81579706e-03]"
77,../models/Simple Tests/UseCaseTest.sysml,"package UseCaseTest {

	part def System;	
	part def User;
	
	use case def UseSystem {
		subject system : System;
		actor user : User;
		
		objective  { 
			/* Goal */
		}
		
		include use case uc1 : UC1;	
		include use case uc2 {
			subject = system;
			actor user = UseSystem::user;
		}
	}
	
	use case def UC1;
	
	part user : User;
	
	use case uc2 {
		actor :>> user;
	}
	
	use case u : UseSystem;
	
	part system : System {
		include uc2;
		perform u;
	}
	
}","Generate a SysML v2 model representing a Use Case Test scenario. Model the main components, starting with a package named 'UseCaseTest', which encompasses the parts 'System' and 'User'. Define a primary use case called 'UseSystem' that involves the 'System' as the subject and 'User' as the actor, including the sub-use cases 'UC1' and 'uc2'. For 'UC1', designate it as a separate use case. In 'uc2', the actor will be linked to 'User' and referenced from the 'UseSystem'. Additionally, establish a part for 'System' that includes 'uc2' and performs the actions outlined in 'UseSystem'. Ensure all relationships and objectives clearly define the interaction between the system and the user to demonstrate the functional requirements of the use case test effectively.","[-1.02695106e-02 -3.68041471e-02 -7.37507418e-02 -4.52006347e-02
 -7.49249607e-02 -2.27335170e-02  4.64711636e-02  6.28622025e-02
 -6.95198327e-02  5.08681051e-02  4.34454866e-02 -5.63947409e-02
  7.69345239e-02  6.80423230e-02  5.95498569e-02 -1.43823884e-02
  6.98108226e-02 -4.27825488e-02  1.11830765e-02  3.96289639e-02
  5.04373237e-02 -7.32310116e-02 -6.23381659e-02  7.54209096e-03
 -1.34614468e-01 -3.87085751e-02  5.18619940e-02 -3.77577581e-02
  4.21779975e-03 -2.94581149e-02  8.30287710e-02  2.09829826e-02
 -8.17434583e-03 -2.64072344e-02  5.67203574e-02  9.48546082e-03
  4.12050486e-02 -3.87030803e-02 -6.03006631e-02 -6.13596700e-02
 -3.51703353e-02 -2.07126439e-02  1.05017992e-02  5.46641760e-02
 -1.08882058e-02 -7.06399605e-02  1.87393546e-03 -2.84177978e-02
  1.91831458e-02  4.33594920e-02 -4.06186283e-02 -3.08294762e-02
  9.31947082e-02 -1.91015359e-02  2.00858731e-02 -3.82446777e-03
  1.43401727e-01  1.37937739e-02 -1.09547049e-01 -6.43229857e-02
 -5.94673418e-02  2.87431180e-02 -8.23617429e-02 -1.21311899e-02
  1.21781770e-02  1.02875844e-01 -9.76112708e-02 -2.99811717e-02
  2.67792754e-02  2.39839181e-02 -1.38894588e-01 -3.89904752e-02
  9.38868988e-03 -8.90114345e-03 -2.79272292e-02 -3.88992876e-02
 -7.08412728e-04 -1.09498249e-02  6.51633069e-02 -1.02083556e-01
  5.25539219e-02  5.20754792e-02 -1.09369628e-01 -5.15884114e-03
 -2.64723394e-02  1.37872472e-01  6.05091304e-02 -5.34380190e-02
  5.16774617e-02 -8.02127551e-03  7.19748661e-02  9.45827458e-03
  6.31036386e-02 -8.29080939e-02  7.72574171e-02  1.33886549e-03
  1.81262325e-02  6.57443563e-03  2.66953167e-02  4.54223640e-02
 -4.60086465e-02  9.89716034e-03  7.79657811e-02  1.51876090e-02
 -4.90777753e-02  6.99298233e-02 -2.88458727e-02 -4.52217571e-02
 -2.42713653e-02 -2.03552153e-02 -2.57662814e-02  4.72343974e-02
 -1.03177782e-02 -2.33278591e-02  7.76468068e-02 -3.00236698e-02
  5.74419275e-02  1.90176480e-02 -2.96115540e-02 -4.67675272e-03
  1.32750757e-02 -1.00332405e-03  4.14331332e-02  4.72736284e-02
  1.39681343e-02  2.66924426e-02 -9.19091403e-02 -7.46597467e-34
 -2.69234125e-02 -6.19205087e-02 -1.29323024e-02  1.53091192e-01
 -1.80796487e-03  1.14761582e-02  2.63596866e-02  1.92024950e-02
 -4.94050235e-02 -4.55170833e-02  6.22861274e-03  5.00588305e-02
 -1.40958335e-02  3.93048581e-03  5.60205840e-02 -3.58972186e-03
 -2.06718291e-03  1.28562143e-02  1.47215426e-02  5.18011674e-02
  1.62278041e-02  2.86745559e-02 -3.96526046e-02 -3.93120572e-03
  5.19744568e-02 -4.99043241e-03  2.43351925e-02  3.87944169e-02
  5.43981530e-02  1.31376721e-02  5.82807548e-02  1.08946497e-02
 -7.31932297e-02  1.08332261e-01  2.68492312e-03  5.61149977e-02
  1.69273559e-02  6.73207864e-02  4.67068590e-02 -3.31596434e-02
  3.60823190e-03 -1.31548718e-02  5.39803766e-02  1.02413129e-02
 -5.53680733e-02 -9.54398215e-02 -5.57894334e-02 -1.71010743e-03
  5.27853444e-02 -3.34560685e-02  7.51103312e-02  7.96131324e-03
  2.15146802e-02  1.12593146e-02 -2.66540125e-02 -8.25534612e-02
 -7.65192322e-03 -7.08328038e-02  2.84084678e-02  5.69505244e-02
  3.31018027e-03  1.07949311e-02 -7.77496817e-03  1.02343984e-01
 -3.79991829e-02 -7.02651143e-02 -5.52901663e-02 -1.01610027e-01
  7.02668652e-02  3.13715935e-02 -6.63005337e-02  1.11541171e-02
 -5.32126799e-03  9.24229771e-02 -4.90782335e-02 -5.51154986e-02
  8.09564721e-03  5.05592525e-02 -1.02760583e-01  6.65618330e-02
 -5.61499335e-02 -2.76960358e-02 -2.37463918e-02  4.12482535e-03
  9.05754790e-03 -4.93613780e-02 -8.75918195e-02 -9.12849158e-02
 -6.78803399e-02 -7.56126419e-02 -6.67705713e-03 -2.14681365e-02
 -2.07151193e-03  1.17950484e-01  7.71072283e-02 -1.15386048e-33
  2.61475034e-02 -2.82455105e-02  2.94467062e-02 -4.15319530e-03
  7.14410050e-03 -6.65948763e-02  2.49812678e-02 -6.27844185e-02
 -1.10046886e-01  2.03547347e-02 -3.55687551e-02 -2.62155626e-02
  1.31667806e-02  2.14485936e-02  3.80401649e-02 -1.20958649e-02
 -3.72415804e-03 -9.46305841e-02 -9.20104235e-03  3.02542970e-02
 -4.84701525e-03  1.07410990e-01 -3.34128104e-02 -3.75720188e-02
 -2.69082608e-03 -3.64973359e-02 -1.96776912e-02 -2.38958281e-03
  4.13447954e-02 -2.36750338e-02  1.08510479e-02 -2.14649774e-02
  2.75973864e-02 -2.67751403e-02 -3.96868512e-02 -2.78186165e-02
 -2.34286860e-02 -3.12044043e-02 -3.50169912e-02  3.39143239e-02
  4.18776348e-02  6.07065298e-03 -6.01776168e-02  2.66267769e-02
  2.70488691e-02  7.02028051e-02 -3.19083631e-02 -7.98791125e-02
 -1.18208844e-02 -4.19448689e-02  7.34547013e-03 -6.36464432e-02
  1.10973381e-02 -3.50859053e-02 -3.41880023e-02 -5.17629506e-03
  7.81390965e-02 -4.33938056e-02 -3.04629374e-03  1.00642387e-02
  7.36397058e-02 -1.65672638e-02  3.16764973e-02  5.21834865e-02
 -3.62439044e-02 -7.15829656e-02  1.61883037e-03  2.27189567e-02
 -4.20992002e-02  4.84015420e-02 -4.19015922e-02  8.86834320e-03
  2.95854872e-03  1.81706212e-02  1.31220877e-01 -3.38954553e-02
 -1.21092014e-01 -3.54144932e-03  5.99374063e-02  9.04913247e-03
 -9.73342732e-02 -1.37515320e-02 -7.91846216e-03  6.42382279e-02
 -8.43516141e-02  5.67030609e-02  4.49721739e-02  6.43834770e-02
 -2.86816489e-02  1.47534851e-02 -9.81419161e-02  2.44560260e-02
  1.72279831e-02  9.09416750e-02 -2.34186668e-02 -5.08635978e-08
 -6.70299530e-02 -2.84980796e-02  8.25478956e-02  2.13266723e-02
 -8.33271965e-02  1.09911017e-01 -6.55107275e-02 -2.43707001e-02
  2.18872260e-02  3.12881358e-02 -1.22965433e-01  4.89815846e-02
 -2.87253540e-02  2.70866160e-03 -2.37553734e-02  8.51941258e-02
  1.38172749e-02  6.10807054e-02 -2.28989292e-02 -6.85752835e-03
  2.50708852e-02  5.17200716e-02  2.25062612e-02  8.58044848e-02
 -3.68897319e-02  4.46249358e-02  1.66951753e-02  5.10364473e-02
 -2.20991783e-02  3.18510234e-02  5.82105070e-02 -1.89302803e-03
 -3.63882780e-02 -1.93675328e-02 -7.10994080e-02  3.37524898e-02
 -4.03825194e-02  2.97971014e-02  9.99479666e-02  2.23994330e-02
  4.78563644e-03  3.73709276e-02  1.47227850e-03  5.42158596e-02
  3.27302925e-02 -2.14284118e-02 -8.11465159e-02 -4.23621833e-02
  2.19421554e-03 -6.33406744e-04 -5.98455183e-02 -1.19247250e-02
 -8.27245340e-02  1.06277213e-01 -1.60015468e-02  1.20598068e-02
  7.71784633e-02  3.73483114e-02  4.27038297e-02 -6.53319061e-03
  3.74980122e-02  6.19484894e-02  2.16860324e-02  3.05213742e-02]"
78,../models/Simple Tests/VariabilityTest.sysml,"package VariabilityTest {
	part def P {
		attribute a;
	}
	
	part def Q :> P;
	attribute def B;
	variation part def V :> P {
		variant part x : Q {
			attribute b : B :>> a;
		}
	}
	
	part q : Q;
	variation part v : P {
		variant q {
			attribute b : B :>> a;
		}
	}
	
	part y : P = v::q;
	
	variation action def A {
		variant action a1;
		variant action a2;
	}
	
	variation use case uc1 {
    	variant use case uc11;
    	variant use case uc12;
    }

    variation analysis a1;
    
    variation verification v1;
    
    variation requirement r {
    	variant requirement r1;
    }
	
}","Generate a SysML v2 model encapsulated in the package named VariabilityTest. This model defines a part P with an attribute a and a part Q that extends P. An attribute B is also defined. The model includes a variation part V that extends P, containing a variant part x that utilizes part Q, where attribute b maps to attribute a. Additionally, a part q of type Q is declared, and a variation part v of type P is defined, featuring a variant for q which similarly maps attribute b to attribute a. The part y is instantiated from v::q. The model incorporates a variation action definition A with two variants, a1 and a2. Furthermore, a variation use case uc1 with variants uc11 and uc12 is presented. The model includes variation analysis a1, variation verification v1, and a variation requirement r featuring variant r1. Overall, this structure supports robust variability analysis and verification.","[ 3.63524780e-02  2.52527054e-02  8.61465484e-02 -4.94552869e-03
 -2.61914209e-02 -7.97287002e-03  3.32157947e-02  1.19125033e-02
 -7.22310320e-02 -1.33389160e-02  3.08526624e-02 -4.27139774e-02
  5.07113300e-02  2.90553831e-02  8.38290993e-03 -3.05727515e-02
  1.24650011e-02  1.04903793e-02 -5.36319204e-02 -6.34312164e-03
  3.85728888e-02  1.46786701e-02 -6.75211698e-02  4.42446135e-02
 -5.24564758e-02 -6.15970083e-02 -7.21000228e-03  7.62283579e-02
  1.59988012e-02 -7.98834115e-02  7.71968588e-02  7.76528642e-02
  1.16106076e-02 -4.89324071e-02  8.84700343e-02  2.66901962e-02
 -5.16208783e-02  1.50247477e-02 -1.56676013e-03 -4.55663837e-02
 -5.41163310e-02 -3.58796641e-02  3.95544320e-02  9.87021402e-02
  7.73019949e-03 -3.87346186e-02 -1.71008762e-02 -3.91604565e-02
 -8.58415216e-02  5.27571812e-02  1.12758810e-02  4.02004225e-03
 -3.83626968e-02 -7.33292550e-02  2.82733398e-03 -9.77204926e-03
  2.75960588e-03 -3.93984579e-02 -7.62116984e-02 -1.37649318e-02
 -6.10052906e-02 -3.05454042e-02 -3.32068615e-02 -4.68475446e-02
 -4.49183723e-03  6.36618137e-02  5.58494451e-03 -2.27545109e-02
  8.92385617e-02  1.76619906e-02 -1.10424682e-01  1.24648996e-02
 -5.18309586e-02  3.57021056e-02 -4.92207408e-02  8.13808888e-02
  4.07837182e-02 -3.53547209e-03 -1.32866483e-02 -7.91149586e-02
 -3.73519473e-02  4.06974461e-03 -1.00689322e-01  9.83075239e-03
  7.10266307e-02 -1.07438127e-02  7.60786012e-02 -1.06472140e-02
  8.03033262e-02  4.94042449e-02 -5.14950044e-03  1.63872465e-02
  1.03904583e-01  5.12398221e-03  4.90694046e-02  5.86472126e-03
  2.53443755e-02 -3.75909545e-02  1.05541572e-01  7.02614114e-02
  9.88113228e-03  3.75618301e-02  7.25512505e-02 -1.34298205e-02
  2.51310449e-02 -4.78384132e-03 -1.24983937e-02 -9.17408466e-02
 -6.15380071e-02 -9.60327163e-02 -1.69005487e-02  4.41809669e-02
 -4.14583012e-02 -5.26536629e-02  4.82348725e-02 -3.41533497e-02
  1.74997910e-03 -6.70695771e-03 -6.91643497e-03  2.93265432e-02
  4.31541428e-02 -9.13874507e-02  4.12617773e-02  6.61377162e-02
  4.63181585e-02 -2.46922616e-02 -7.92940706e-02  5.05788146e-33
 -1.10276183e-02 -5.08075804e-02 -1.55342305e-02  1.30447879e-01
  4.33603153e-02  2.92253885e-02  2.24804264e-02 -2.88765058e-02
 -8.72177258e-02 -4.83213272e-03 -2.84383167e-02 -4.85901907e-02
 -7.89107084e-02  1.00422576e-02  1.21737584e-01  2.51866654e-02
 -4.96780425e-02  3.47800329e-02 -2.72183865e-02 -4.95688021e-02
  4.97224517e-02 -2.77233571e-02 -5.34976572e-02  2.26541273e-02
  5.86339198e-02 -9.36159678e-03  7.81096369e-02  2.68892832e-02
 -4.52929288e-02  6.97202561e-03  3.40307280e-02 -2.80702505e-02
 -8.22864298e-04  6.92232102e-02  1.96004938e-02 -3.85256335e-02
  2.42777430e-02  3.34913507e-02  1.01804882e-01 -5.57575142e-03
  1.02151237e-01  3.04535013e-02  4.53585684e-02 -2.95783598e-02
 -6.60170317e-02 -1.81393307e-02  1.11575127e-02  4.87770736e-02
  2.85877008e-03 -5.83966747e-02  2.48918012e-02  2.96341106e-02
  8.17999989e-02  2.42060330e-02 -1.77278928e-02 -5.79816140e-02
 -1.66655071e-02  3.89465056e-02 -4.13688384e-02  1.31791621e-01
 -1.85298566e-02  3.72450687e-02 -1.48970475e-02 -3.11741512e-02
 -1.34172365e-02  2.91473977e-02  1.30019672e-02 -7.36131445e-02
  9.33891907e-03  6.50264472e-02 -3.78009453e-02 -2.37707067e-02
 -3.44336852e-02  3.12506743e-02 -3.36095281e-02 -4.20314334e-02
  2.07348820e-02  4.84425277e-02 -1.54966805e-02 -2.02393383e-02
 -1.35330662e-01  9.06771123e-02 -1.09165469e-02  4.36981060e-02
 -5.04208803e-02 -9.99110341e-02 -3.01682148e-02 -4.89505790e-02
 -6.82248920e-02 -9.77544710e-02  4.63617034e-02  1.02963140e-02
  9.19712614e-03  4.09129821e-02  4.09036502e-02 -5.02945617e-33
 -6.38477802e-02  2.62461994e-02  4.62543815e-02  4.92269881e-02
 -3.62888798e-02 -8.71658474e-02  5.74912503e-02  3.17720845e-02
 -4.28434461e-02  2.19633486e-02 -3.78486291e-02  4.83152689e-03
 -2.09294748e-03 -3.00174952e-02 -1.24575105e-02  4.33599949e-02
 -4.55606505e-02 -6.52927533e-02  1.77337173e-02  1.10445544e-01
 -6.62445836e-03  9.58976522e-02  2.67542340e-03 -4.91530374e-02
  2.82546561e-02  4.09044102e-02 -2.92092320e-02  7.08538443e-02
  2.93501131e-02 -3.56856920e-02 -2.37178467e-02  3.76792327e-02
  9.02072061e-03 -3.37864682e-02 -3.82364765e-02 -1.04187250e-01
 -3.61942351e-02 -2.96118911e-02  2.94444170e-02  1.10571489e-01
 -8.80393572e-03  3.41651663e-02  7.48732826e-03  2.55426709e-02
  6.02228604e-02  3.16517316e-02  8.22834894e-02 -4.75816838e-02
  2.62506437e-02 -8.25255737e-02 -2.81362850e-02  5.08169876e-04
  3.94228734e-02  2.12430563e-02 -4.07641530e-02 -4.09827419e-02
 -1.69024349e-03 -5.81347905e-02 -6.44078478e-02  3.35384756e-02
  4.85781692e-02 -5.61612435e-02  4.87361364e-02 -1.14883045e-02
 -3.07705090e-03 -4.95804809e-02 -1.88726373e-02 -7.82256052e-02
 -3.90229858e-02 -5.36802318e-03  4.31518517e-02 -2.33533550e-02
 -2.57649664e-02 -1.95112620e-02  9.14368555e-02 -1.20054834e-01
 -3.73348556e-02  5.49947843e-02  4.75544855e-02 -8.36400688e-03
 -1.08855724e-01  2.69232616e-02  2.24422440e-02  8.93979818e-02
 -5.74521050e-02  7.93452114e-02 -1.35918763e-02  7.64896944e-02
  4.87880521e-02  3.03367246e-02 -4.85281274e-02  5.76072037e-02
  2.03949152e-04  1.15012027e-01 -3.73847336e-02 -5.03407733e-08
 -5.10099530e-02 -1.62355080e-02  9.15305223e-03  4.13381793e-02
  4.62072380e-02  8.06456357e-02 -1.16604425e-01 -3.35898660e-02
  5.22955991e-02  3.27118747e-02  8.38010386e-03  1.76907275e-02
 -5.35877869e-02 -8.78258515e-03 -8.75054151e-02  1.19366854e-01
 -4.41993959e-02  6.77614659e-02 -3.71250100e-02  1.82059593e-02
  9.65927786e-04  5.17731532e-02 -1.84784122e-02  3.71087492e-02
  3.79068814e-02 -4.31500785e-02 -3.98181230e-02  5.56949712e-02
  6.96664751e-02 -7.28347711e-03  6.30999580e-02 -3.42968851e-02
  7.13676363e-02  2.84580258e-03 -4.16842066e-02  1.45222887e-01
  8.99650995e-03 -1.48866710e-03 -3.49100330e-03  2.02097129e-02
  4.88673337e-02 -1.48726348e-02 -5.28125577e-02  4.83618006e-02
  1.50426356e-02 -4.21501622e-02 -6.02523871e-02 -1.51219383e-01
 -2.10332274e-02 -1.13555714e-02  4.21757326e-02 -2.15114206e-02
 -8.86607319e-02  6.93914890e-02 -5.08596040e-02  3.96598782e-03
  2.06871759e-02 -1.28772780e-02  7.63891339e-02 -4.17290777e-02
  4.41321954e-02  2.20315475e-02 -8.99577141e-02 -1.95687208e-02]"
79,../models/Simple Tests/VerificationTest.sysml,"package VerificationTest {

	part def V {
		m : ScalarValues::Integer;
	}
	
	part vv : V;
	
	requirement def R {
		doc /* ... */
	}
	
	requirement r : R;

	verification def VerificationCase {		
		subject v : V;	
		objective {
			verify requirement : R;
		}
		
		VerificationCases::PassIf(v.m == 0)
	}
	
	verification def VerificationPlan {
		subject v : V;
		
		objective {
			verify r;
		}
		
		verification verificationCase : VerificationCase;
	}
	
	part verificationContext {
		verification verificationPlan : VerificationPlan {
			subject v = vv;
		}
	}
}","Generate a SysML v2 model titled ""VerificationTest"" that encapsulates a verification context for a specific requirement. The model consists of a defined part ""V"" featuring an integer scalar value ""m."" This part is instantiated as ""vv."" The requirement ""R"" outlines specific documentation, which is linked to an instance ""r."" The verification process is structured around ""VerificationCase,"" which specifies a subject ""v"" of type ""V"" and aims to verify requirement ""R"" through a condition that passes if ""m"" equals zero. Additionally, the ""VerificationPlan"" outlines how to achieve the same objective with an instance of ""VerificationCase."" Furthermore, the ""verificationContext"" encapsulates the ""VerificationPlan,"" associating the subject ""v"" directly with the part ""vv."" This model aims to ensure the consistency and correctness of the defined requirement through systematic verification.","[-2.07862686e-02  1.63174570e-02 -4.62135635e-02  1.63741957e-03
  1.64490081e-02 -2.22353153e-02  6.22903667e-02 -2.26133000e-02
 -7.20509514e-02  1.53162153e-02  4.96736728e-02 -7.61018619e-02
  8.50435272e-02  8.45909193e-02  2.61055939e-02 -2.63570305e-02
  6.45437539e-02  1.67430565e-02 -5.57551011e-02  8.35994445e-03
  2.63692252e-02  2.53443769e-03  3.44145223e-02 -4.00948897e-03
 -7.07737207e-02 -6.25835136e-02  1.75018646e-02  4.22247946e-02
  7.96265528e-02 -2.93090194e-02  6.38075769e-02  1.01298496e-01
 -1.07575664e-02  4.70777377e-02  7.92303085e-02  2.50080246e-02
  3.22339162e-02 -6.84123114e-02 -3.14896703e-02 -1.05221281e-02
 -6.36372864e-02 -6.85828179e-02 -1.81093756e-02 -3.18314717e-03
  2.09277868e-02  1.63779277e-02  3.72398756e-02  3.67215574e-02
 -6.43414855e-02 -1.20797390e-02 -2.16749478e-02 -1.52059114e-02
 -1.89633667e-02 -1.93475671e-02 -8.10515061e-02  7.21786618e-02
  7.84673393e-02  8.69519450e-03 -9.18347761e-02 -9.30762012e-03
 -3.16869989e-02 -2.34274752e-02 -1.28326207e-01 -2.34121643e-02
  2.91655362e-02  6.10051788e-02 -4.29152697e-02 -5.19156083e-02
  4.84195240e-02  7.18689114e-02 -7.43992701e-02 -3.20626795e-02
  1.66299809e-02  4.35119346e-02 -2.47022323e-02  2.62784399e-02
  6.24384359e-02 -2.03307327e-02  8.54712576e-02 -5.94170764e-02
 -7.43697584e-02  2.89580803e-02 -9.57646593e-02 -2.40267371e-03
  1.78457964e-02 -2.87401993e-02  4.93696816e-02  1.62473321e-02
  6.16494790e-02  8.33455697e-02  2.86973566e-02 -1.81503706e-02
  3.57056819e-02 -1.75014790e-02  1.03837810e-01  1.22336326e-02
  9.17721633e-03 -2.11828258e-02  5.60422540e-02  9.56160389e-03
 -2.76813544e-02 -3.88073828e-03  6.55253753e-02 -4.36857268e-02
  3.70560922e-02  2.21663434e-02 -1.92609411e-02 -3.51631157e-02
 -2.41274554e-02 -8.36214274e-02  2.40331478e-02  6.90660328e-02
  7.63344243e-02 -2.18695793e-02 -1.33686941e-02  1.85871404e-03
  6.09655492e-02  3.17903049e-02  3.15850377e-02 -4.12819386e-02
 -2.75169015e-02 -1.87213775e-02  4.11584973e-02 -1.80001892e-02
  3.58004682e-02 -4.02076431e-02 -7.91141465e-02  2.48228554e-33
 -2.10368074e-02  2.78041679e-02  1.06454585e-02  1.16705313e-01
 -2.20345948e-02  8.11148062e-02  5.42208087e-03  1.11693994e-03
 -5.18466979e-02 -5.49634593e-03 -5.17409705e-02 -3.87979709e-02
 -1.75481625e-02  2.55911760e-02 -9.32061858e-03 -1.01936003e-02
  1.53219858e-02  4.66875844e-02 -3.82760540e-02  3.26727964e-02
  6.28434420e-02 -2.75501478e-02 -4.83052619e-02 -4.63446788e-02
  2.62020044e-02  4.24871258e-02  7.19956234e-02  3.54261957e-02
 -6.16897419e-02  2.64807744e-03  2.06910148e-02  2.10910700e-02
 -5.23603056e-04  9.78185982e-02  1.40795493e-02  3.77181657e-02
  5.17070852e-02 -3.26640010e-02  7.08951354e-02 -8.71606395e-02
  5.38043492e-02  7.59976637e-03  3.31844352e-02  6.10050261e-02
 -4.81031910e-02 -6.12509176e-02 -6.41435245e-03  7.09221512e-02
  5.64600267e-02 -1.00199087e-02  7.33804181e-02  1.81293916e-02
  1.38660679e-02 -2.46881740e-03 -4.01948243e-02 -9.33123194e-03
 -2.21548527e-02  5.96726164e-02 -1.52068110e-02  6.47152215e-02
 -9.53629334e-03  1.27635840e-02 -3.07191908e-02  3.41238081e-02
  8.67385976e-03  4.76905033e-02 -7.78151602e-02 -1.00815065e-01
  8.97436365e-02  2.17530783e-02 -5.43863513e-02  2.41807159e-02
 -6.47024140e-02  6.25554845e-02  2.28421781e-02 -8.68871883e-02
  1.93972699e-02  2.10997253e-03 -4.74026650e-02  1.40430313e-02
 -9.73959416e-02  1.63682014e-01 -5.79692237e-02  2.24435912e-03
  3.12889647e-03 -8.28693956e-02 -1.90699399e-02 -5.32765202e-02
 -2.59406269e-02 -1.51574016e-01  1.32556362e-02 -6.78414777e-02
 -2.10483000e-02  5.38735799e-02  6.29133359e-02 -1.72878797e-33
  3.15463310e-03 -1.83210429e-02 -1.16532790e-02  1.09231956e-01
 -4.28456590e-02 -1.15925036e-01  3.70469615e-02 -3.31071690e-02
 -7.69958571e-02 -2.05949023e-02  2.29787063e-02 -6.92204535e-02
 -3.44960275e-03  1.70752574e-02 -2.21298635e-02 -1.97218638e-02
 -7.67611265e-02 -1.27314314e-01  1.90668721e-02  9.91712213e-02
  4.86756228e-02  8.35951194e-02 -3.08342744e-02  7.44608603e-03
  4.45167199e-02 -1.03827259e-02 -2.25612763e-02  2.11138651e-02
  5.15405163e-02  5.23479804e-02  8.35231990e-02  1.04208672e-02
 -1.47631681e-02 -3.56206000e-02 -1.37217036e-02 -1.06015228e-01
  6.52655363e-02 -1.77225806e-02  1.58352423e-02  8.09042305e-02
 -5.46042807e-03  2.31735222e-02 -7.39796460e-02  3.63961905e-02
 -4.75369953e-03  1.30863972e-02  7.45979846e-02 -1.76560469e-02
 -1.38900671e-02 -8.32978338e-02  4.13697166e-03 -5.96739389e-02
  3.24660987e-02  6.75382167e-02  2.73887180e-02  6.94347592e-03
 -4.72811684e-02 -7.04274792e-03  2.42934488e-02  2.84591434e-03
  2.51378063e-02  2.02554800e-02  4.79264595e-02  3.24565507e-02
  2.67297681e-02 -6.51670853e-03 -1.33771182e-03 -2.87896954e-02
  2.85913888e-02 -8.32227245e-03  2.78801974e-02 -1.79020576e-02
 -3.45945433e-02  1.50532657e-02  6.91933110e-02 -4.11510691e-02
 -3.22570130e-02  3.18816863e-02  5.01599759e-02 -1.34364620e-03
 -6.04406446e-02 -1.09988190e-02 -1.60480551e-02  1.37346014e-01
 -6.26597553e-02 -4.73839603e-02  2.24964544e-02  7.99292624e-02
 -4.51144278e-02  3.75544578e-02 -4.17979136e-02 -2.67076045e-02
 -2.44677067e-02  1.13172330e-01 -7.19073415e-02 -5.61353488e-08
 -7.99201205e-02 -2.22069230e-02 -1.60104055e-02 -5.20498632e-03
  1.93952210e-02  7.19178319e-02 -8.64778832e-02 -1.26035303e-01
  3.58013771e-02 -5.07000275e-03 -7.10253939e-02  2.91126710e-03
 -7.35118315e-02 -5.43840826e-02 -6.73184767e-02  3.34235020e-02
  2.45149266e-02  4.75820601e-02 -3.13942097e-02  4.00449634e-02
  6.50794804e-02  1.51406247e-02 -6.75747022e-02  8.76253769e-02
  4.71015275e-02  4.93749417e-03  2.08331998e-02  1.08617477e-01
  1.26146395e-02 -1.41006634e-02  1.10333143e-02  1.24529644e-04
  5.51449843e-02 -3.10871396e-02 -4.05344553e-02  1.17770165e-01
 -2.99002766e-03  2.45901644e-02  7.77058601e-02 -3.36774886e-02
  1.96465440e-02  4.04081866e-02 -5.30036911e-02 -7.38982926e-04
 -2.66119819e-02  3.93975154e-03 -7.47276545e-02 -1.06557354e-01
 -8.82394686e-02 -2.20289864e-02 -3.91108803e-02  5.17685153e-03
 -5.87314367e-02  6.16220161e-02 -1.39849365e-01  3.52100879e-02
  6.72259694e-03 -2.70079909e-04  3.06658167e-02  1.04809944e-02
  5.10238446e-02  1.03552438e-01  1.39017804e-02 -7.29639903e-02]"
80,../models/Simple Tests/ViewTest.sysml,"package ViewTest {
	package P {
		public part p1;
		private part p2;
	}
	
	part def S;
	
	concern def C {
		stakeholder s : S;
	}
	
	concern c : C {
		stakeholder s1;
	}
	
	viewpoint def VP {
		frame c;
	}
	
	rendering def R;
	
	rendering r : R;
	
	view def V {
		viewpoint vp: VP {
			frame concern c1;
			concern c2;
		}
		render rendering r1: R[0..1]; 
		
		view v: V[0..*] {
			expose P::*;
			render r;
			
			rendering r2;
			
			alias vp1 for p1;
			// Note: ""expose"" imports all.
			alias vp2 for p2;
		}
	}

}","Generate a SysML v2 model named ""ViewTest"" that encapsulates various components within packages and concerns. The model contains a package ""P"" with public part ""p1"" and private part ""p2"". Define a part ""S"" that serves as a reference across the model. Introduce a concern ""C"" that includes a stakeholder ""s"" of type ""S"", and a nested concern ""c"" with stakeholder ""s1"". Establish a viewpoint ""VP"" that frames concern ""c"". 

Include a rendering ""R"" with an instance ""r"". The main view ""V"" should reference viewpoint ""VP"" and frame two concerns: ""c1"" and ""c2"". Inside ""V,"" allow rendering of the instance ""r1"" and the main rendering ""r"". Additionally, create subviews of type ""V"" and expose all elements from package ""P"". Ensure that rendering encompasses a ""r2"" and create aliases ""vp1"" for ""p1"" and ""vp2"" for ""p2"". This model effectively organizes concerns, stakeholders, and views for comprehensive analysis and visualization.","[-1.14520630e-02 -4.66891006e-02 -6.41600862e-02 -1.29748378e-02
  6.20965846e-02  4.00630161e-02  1.11987283e-02  3.25346030e-02
 -1.05202775e-02  4.27030511e-02 -1.60347926e-03 -6.62280619e-02
  3.93939391e-02  6.54221326e-02  2.15194374e-02 -1.16854692e-02
  5.44984899e-02 -3.13313045e-02 -2.45104413e-02  7.03034252e-02
  4.17425260e-02 -7.59470314e-02 -4.99601662e-03  2.43879221e-02
 -7.55749941e-02  4.68498431e-02  2.24047247e-02  3.72397155e-02
  4.13694717e-02 -8.02697614e-02  4.86136004e-02  6.37077317e-02
 -1.27813201e-02  3.71043906e-02  6.54028952e-02  3.76187228e-02
  1.98468119e-02 -3.44848372e-02 -4.64705862e-02 -6.69237375e-02
 -3.07712704e-02 -1.24931773e-02 -4.49889824e-02 -2.04955637e-02
  3.71530652e-02 -5.96480705e-02  3.79933789e-02 -3.92270721e-02
 -3.07070580e-03 -7.44326189e-02 -7.03230649e-02 -7.86929429e-02
 -1.48281185e-02 -6.65477142e-02 -6.72168732e-02  5.63079230e-02
  3.15786488e-02 -8.99533480e-02 -9.15045664e-02 -1.71411000e-02
 -2.00744253e-02  1.04147624e-02 -6.05845116e-02  2.85697188e-02
 -5.85056841e-02  5.09413853e-02 -2.36427709e-02  1.14395907e-02
  7.32875243e-02  2.65240557e-02 -1.38662502e-01  3.57902311e-02
  3.81023921e-02 -7.32277930e-02 -2.88159698e-02 -8.09093192e-03
  5.80755547e-02 -2.38324087e-02  6.07544482e-02 -1.96318835e-01
  7.63902292e-02  6.59904033e-02 -8.18231329e-02  1.48525182e-02
  2.26799678e-02  3.34130116e-02  6.47441000e-02 -2.54300535e-02
  3.34075689e-02  3.92206237e-02 -2.51411414e-03 -4.35738340e-02
  9.72319171e-02  1.42023657e-02  7.28354007e-02  1.46368504e-04
  2.92916391e-02 -2.95688584e-02  3.29148099e-02  4.12073545e-02
 -1.15437899e-02 -5.55891776e-04  7.55274817e-02 -3.48140076e-02
 -1.81577429e-02  1.83032788e-02 -7.40496367e-02 -4.29793224e-02
 -5.69536127e-02 -4.33434956e-02 -5.55633046e-02  8.20257664e-02
 -2.72150990e-02 -4.47356105e-02  2.41659954e-02 -1.66101772e-02
  6.64845929e-02  6.63415762e-04  2.79599912e-02 -4.74568494e-02
  2.44596601e-02  1.72805116e-02  5.98483756e-02  1.11340554e-02
  8.08404163e-02 -2.32079756e-02 -7.47439638e-02  2.23266491e-33
 -1.68746139e-03 -8.58109724e-03 -2.48090420e-02  9.37808454e-02
  7.19029382e-02  1.29177690e-01  2.43670158e-02  5.46887368e-02
 -4.54869904e-02  1.73437763e-02 -2.82927547e-02 -4.69922796e-02
  5.15205041e-02  3.39498408e-02 -3.39728557e-02 -4.91471067e-02
 -6.39776215e-02  1.15011401e-01 -8.69830027e-02 -1.50204031e-02
 -4.20880876e-02  3.37484293e-03 -6.59981370e-02  1.69533882e-02
  3.91621590e-02  5.32366186e-02  8.57723728e-02  7.36112520e-02
 -7.96555206e-02 -1.29827671e-02  4.89808880e-02  1.55089470e-02
 -1.59510840e-02  5.03955074e-02 -1.48577569e-02  1.33650852e-02
  2.31829844e-02 -1.02802739e-02  8.72403234e-02 -3.54019627e-02
  4.90029622e-03 -7.98368652e-04 -2.73754522e-02  3.09939608e-02
 -8.20844099e-02 -2.50291033e-03 -3.26031595e-02  8.79942924e-02
 -3.45585942e-02 -6.10585287e-02  5.57757281e-02 -1.37897097e-02
  2.09793970e-02  1.84074808e-02 -4.97095659e-02 -4.42026965e-02
 -4.46483726e-03  1.34071438e-02  1.78199094e-02 -4.33129957e-03
 -1.55473463e-02  4.56313156e-02 -6.74935430e-02  1.62022840e-02
 -2.86117233e-02  5.85241243e-02 -7.98593313e-02 -7.51278251e-02
  7.47821778e-02 -4.64118691e-03 -7.34628662e-02  4.12702933e-02
  5.62123358e-02  4.97910418e-02  2.04607509e-02 -4.14715670e-02
 -7.93130100e-02  5.40231317e-02  4.92576230e-03  1.11392789e-01
 -1.60936832e-01  4.54241484e-02  2.75760610e-02  2.27050055e-02
  3.75083392e-03 -9.66003686e-02 -3.06579042e-02 -5.33171892e-02
 -3.27982530e-02 -1.01920255e-01 -4.10016552e-02 -1.01777874e-01
  4.87980060e-02 -4.44547012e-02  7.57011250e-02 -2.99613637e-33
 -5.06337441e-04  1.63216647e-02 -1.52857648e-02  4.39716643e-03
 -2.15353048e-03 -8.04540887e-02 -6.92186318e-03 -5.24188615e-02
 -5.42890988e-02 -2.14037448e-02 -1.57371052e-02  9.21273232e-03
  8.63035023e-03  1.14792893e-02  4.48983070e-03 -1.78975128e-02
  1.86811313e-02 -9.50315967e-02 -4.66057882e-02  7.83907995e-02
 -5.14386408e-03  5.38375564e-02 -2.61959918e-02  4.66595404e-03
  4.06933427e-02  3.95098105e-02  8.27257782e-02 -2.25832704e-02
  6.02820516e-02  2.24362016e-02  3.31480019e-02 -3.13884318e-02
 -1.83535367e-02 -8.76098201e-02 -1.62672400e-02 -1.22499410e-02
 -4.10911106e-02 -8.82548913e-02 -2.13782564e-02  4.82990481e-02
  1.56218335e-02  1.77131034e-02 -8.23632069e-03  3.82088758e-02
 -1.78797878e-02  2.86168046e-02  4.15897295e-02  5.09167789e-03
 -5.32257780e-02 -6.94483668e-02 -1.43430352e-01 -2.09704861e-02
  2.54327413e-02  1.23694520e-02  1.15236305e-02  1.16439955e-03
 -1.28661534e-02 -1.13821554e-03  5.87434098e-02  2.54553161e-03
  1.14570275e-01 -2.21615322e-02  7.63738621e-03  2.43472196e-02
 -1.14800679e-02 -8.16378146e-02 -6.29490092e-02  3.03302822e-03
  2.59025078e-02  1.90624921e-03 -2.57655028e-02  1.25665525e-02
 -7.21252188e-02 -5.58548383e-02  9.55128148e-02 -5.48230857e-03
 -6.78609824e-03  6.90465644e-02  9.30734277e-02  9.03416798e-03
 -2.16874387e-02 -6.01716526e-02  4.52971496e-02  5.87242953e-02
  5.71280019e-03 -9.60946549e-03  1.56358294e-02  2.48429384e-02
  1.93562098e-02 -9.60492436e-03 -9.23633575e-02  1.46803204e-02
  1.67258959e-02  1.51163891e-01  4.20627147e-02 -5.83078403e-08
 -2.72903480e-02  1.69498380e-02  4.26988304e-02 -7.51218013e-03
 -9.06219892e-03 -2.08363961e-03 -7.01355860e-02 -4.21245024e-02
 -5.38070798e-02  5.61970770e-02 -7.60861859e-02  2.39080451e-02
 -3.94481421e-02 -5.16392197e-03 -1.62009727e-02  6.50646240e-02
 -1.68609880e-02  9.53787044e-02 -4.87357490e-02  1.22806504e-02
  3.89804132e-02  1.82404406e-02 -9.62354243e-03  7.38827437e-02
  4.77877297e-02  1.10204583e-02  4.58622206e-04 -2.77332794e-02
  8.78217220e-02 -2.08854713e-02  9.90929976e-02  4.33191173e-02
  6.76635932e-03  3.02599892e-02  2.62972768e-02  3.86969149e-02
 -2.77028996e-02  5.16451374e-02  1.12225980e-01  5.38840890e-02
 -1.65810937e-03 -2.85178684e-02  5.39816730e-03  5.66154458e-02
  1.57016143e-02  2.33389754e-02 -8.63243937e-02 -9.93562862e-02
 -2.69663781e-02  6.42813742e-03 -6.19660653e-02  2.88472306e-02
 -9.74219665e-02  8.26070309e-02 -3.64625677e-02  7.13212192e-02
  4.09668908e-02 -3.54350451e-03  6.63884655e-02 -1.74222514e-02
 -1.38624329e-02  5.18709607e-02 -5.40391468e-02  2.75473092e-02]"
81,../models/State Space Representation Examples/CartSample.sysml,"// State Space Representation cart example

package CartSample {
    private import StateSpaceRepresentation::*;
    part def Cart {
        attribute mass :> ISQ::mass;

        attribute def CartInput :> Input {
            attribute force :> ISQ::force;
        }

        attribute def CartOutput :> Output {
            attribute velocity :> ISQ::speed;
        }

        attribute def CartState :> StateSpace {
            attribute velocity :> ISQ::speed;
        }

        attribute def CartStateDerivative :> StateDerivative {
            ref :>> stateSpace : CartState;
            attribute accel :> ISQ::acceleration;
        }
    }

    part def Pusher {
        attribute def PusherOutput :> Output {
            attribute force :> ISQ::force;
        }
    }

    part context {
        part cart : Cart {
            action cartBehavior : ContinuousStateSpaceDynamics {
                in input : CartInput;
                out output : CartOutput;
                :>> stateSpace : CartState;

                calc :>> getDerivative { 
                	in input: CartInput; 
                	in stateSpace: CartState;
                    CartStateDerivative(input.force / mass)
                }
                calc :>> getOutput {
                	in :>> stateSpace : CartState;
                    CartOutput(stateSpace.velocity)
                }
            }
        }
        part pusher : Pusher {
            attribute pusherForce :> ISQ::force;

            action pusherBehavior : ContinuousStateSpaceDynamics {
                in input;
                out output : PusherOutput;
                calc :>> getOutput {
                    PusherOutput(pusherForce)
                }
            }
        }

        flow pusher.pusherBehavior.output.force to cart.cartBehavior.input.force;
    }
}
","Generate a SysML v2 model for a state space representation of a cart system. Model the ""CartSample"" package, which includes a ""Cart"" component defined with attributes for mass, input for force, output for velocity, and state for velocity in a state space context. Define a state derivative to calculate acceleration based on the force input and mass. Additionally, incorporate a ""Pusher"" part, which outputs force and influences the cart's input. Implement behaviors using continuous state space dynamics for both the cart and the pusher. The ""cartBehavior"" action calculates the state derivative and output based on the input and current state, while the ""pusherBehavior"" provides the output force. Ensure to model the flow from the pusher's output to the cart's input force, enabling interaction between both components within the defined context.","[-6.81685805e-02 -9.26855728e-02 -4.60825302e-02  4.56246026e-02
 -7.39985928e-02  1.86570920e-03 -7.25653991e-02  6.23960979e-02
 -4.27059643e-02  2.72154231e-02  7.98741207e-02 -1.34191057e-02
 -7.22451182e-03  1.21581266e-02 -2.69968919e-02  5.05729904e-03
  2.55856123e-02  4.46509048e-02 -1.12593882e-02 -2.16296967e-02
  1.07971512e-01 -2.51650605e-02  5.29601537e-02  1.64024550e-02
 -1.30427048e-01 -2.19676481e-03 -4.02802862e-02  6.24949634e-02
 -1.04799382e-02 -6.43101111e-02  4.44717743e-02 -2.69162301e-02
  5.04946485e-02 -3.12089380e-02 -5.47587760e-02 -2.47820374e-02
  8.75438377e-02 -5.69126606e-02 -4.50587235e-02 -1.39928415e-01
  2.62074936e-02 -8.84412676e-02 -3.11144697e-03  3.73510309e-02
  8.41703266e-02  2.60040313e-02  1.71737056e-02 -3.09563009e-03
 -1.88214909e-02  7.20156431e-02 -8.74750130e-03 -8.63955298e-04
  1.17423393e-01 -3.89967822e-02 -3.02873570e-02  5.70157096e-02
  1.07976876e-01  4.13678214e-02  7.10744550e-03 -1.13317527e-01
 -2.99261673e-03  2.04053801e-02  2.35059019e-03  6.63257553e-04
 -5.29961810e-02  6.47456646e-02 -6.81747422e-02  9.32756625e-03
  4.69573215e-03  6.27053669e-03 -2.79456121e-03 -5.26757129e-02
  4.40869154e-03 -6.19008541e-02  2.18101661e-03 -1.23409308e-01
 -1.29725952e-02 -3.92958857e-02  5.98155661e-03  3.34746353e-02
 -2.02054586e-02 -4.05481458e-02 -1.01681404e-01 -3.44043300e-02
 -8.07624608e-02  1.26418816e-02  4.35400242e-03  2.24273950e-02
  3.76278870e-02 -8.84176325e-03 -6.18980676e-02 -3.49933654e-02
 -2.34608818e-02 -2.11566277e-02  3.61278094e-02 -1.52498260e-02
 -3.47608626e-02 -7.23101292e-03  1.79940257e-02 -1.12305051e-02
 -3.42283696e-02  4.21433747e-02  1.09013123e-02 -4.91292076e-03
 -3.28390917e-04  5.69022354e-03 -5.40667921e-02 -3.21245603e-02
 -5.49776889e-02 -1.40171153e-02 -7.45247258e-03  7.65456855e-02
  4.06732373e-02  1.04528572e-02  2.15408038e-02 -3.96120958e-02
  3.34849290e-04 -4.59805131e-02  4.19403836e-02  2.26917099e-02
  4.08851914e-02 -3.61050963e-02 -1.14535242e-02  1.02363736e-03
  4.47627492e-02 -4.14428376e-02 -9.74514987e-03  1.67391277e-33
 -1.26732498e-01 -9.75725055e-02  2.92877597e-03  4.86504287e-02
  3.96940932e-02  4.85592112e-02  5.93001507e-02  1.23435389e-02
  3.30688991e-02  3.15037258e-02  3.86112183e-03  1.99019145e-02
  2.38978714e-02  6.90298751e-02 -6.01044446e-02 -6.37174174e-02
 -4.03642468e-02  3.24823186e-02 -1.30900368e-02 -3.94194312e-02
  2.24608779e-02  3.87806222e-02 -5.96444830e-02 -2.59418599e-02
  4.82012853e-02  1.03996858e-01  4.01619971e-02  1.02763981e-01
 -3.29385921e-02 -4.59139748e-03  8.12277570e-02  9.88691766e-03
  1.00142071e-02  2.17082836e-02 -1.15476046e-02 -3.88933299e-03
 -2.88473591e-02 -1.96677633e-02  1.75287109e-02 -4.94550169e-02
 -1.12645859e-02 -5.77666797e-02 -2.65754033e-02  5.06589450e-02
 -1.39455095e-01 -3.47316414e-02 -1.69660468e-02 -5.03833592e-02
  2.10580714e-02  1.76572818e-02  4.16189060e-02 -1.58104915e-02
  2.47934628e-02  5.41311130e-02  1.81047935e-02 -1.06088236e-01
  1.11441696e-02  5.17538674e-02 -6.22877665e-02  1.85740553e-02
 -5.32632582e-02  1.85737107e-02  5.90742864e-02 -6.14926256e-02
  1.29909022e-02  1.89130083e-02 -8.43612030e-02 -3.51153724e-02
  1.47270784e-02  3.59170139e-02  6.96681149e-04  8.94731954e-02
 -7.74092227e-02  2.08467059e-02  5.28121665e-02  1.96906794e-02
  3.34923938e-02  2.13876702e-02 -8.00967887e-02 -7.79839046e-03
 -1.27288327e-01  1.67234417e-03 -1.35495886e-02  2.84846798e-02
  2.91289072e-02 -6.90459162e-02 -1.18292429e-01 -3.54568288e-02
 -4.19788025e-02 -5.53106070e-02 -4.47865836e-02 -7.44937873e-03
 -1.90300569e-02  5.54918647e-02  8.88217390e-02 -2.84674628e-33
  2.22596079e-02  1.01550065e-01  1.79316811e-02  9.29025039e-02
 -5.26515115e-03 -5.12959845e-02 -2.55953311e-03 -5.24405204e-02
  3.86585644e-03 -3.83786820e-02 -9.61735621e-02  2.46522541e-04
  3.44033837e-02  1.01911768e-01  8.02740902e-02  8.23522881e-02
  1.30744549e-02 -1.24822795e-01  8.73705465e-03  9.60718282e-03
 -1.50532927e-02  9.02735591e-02 -2.64930930e-02  3.08395568e-02
  8.78786482e-03 -2.46755686e-02 -3.98424678e-02  1.69412903e-02
  1.44934710e-02  2.96918023e-03  1.44210570e-02 -6.32959977e-02
  5.85783273e-02  1.67942718e-02 -8.89699832e-02 -4.42407094e-02
 -1.43389581e-02  3.23788188e-02  2.76210885e-02 -1.73040908e-02
  5.06386869e-02  1.21632777e-02 -3.76114883e-02  2.65939943e-02
  6.20108889e-03  2.28562970e-02 -1.65091380e-02 -1.18146995e-02
 -3.09124086e-02 -4.28305054e-03 -4.57775816e-02  3.02323159e-02
 -4.05907966e-02 -2.02063676e-02  6.25876039e-02  8.21261406e-02
  7.32331648e-02 -6.34411648e-02  8.41510668e-03 -6.71266541e-02
  1.35850804e-02 -6.86970577e-02  9.05802101e-02  1.66611020e-02
 -1.34046180e-02 -1.71178132e-02  2.56382208e-02 -4.39388119e-02
  6.99202344e-02 -1.90812610e-02  7.85921812e-02  1.13022715e-01
  7.21071661e-02  1.16326727e-01  5.31265400e-02 -9.29157343e-03
  1.11252228e-02 -1.41492598e-02  4.84411083e-02 -5.59345335e-02
 -8.71255100e-02  1.06614167e-02  1.06812924e-01  8.08593556e-02
 -7.35185295e-02  6.15531094e-02 -9.66152698e-02  1.23792337e-02
  6.60661384e-02  3.28281857e-02 -3.06745153e-02  8.88634846e-02
  1.24257589e-02  6.61514327e-02 -6.24728240e-02 -4.86682659e-08
 -5.93197495e-02 -3.72861959e-02  3.00968215e-02  1.87690426e-02
 -7.34466463e-02  8.30647573e-02 -3.05743497e-02 -1.91071443e-02
 -3.82159576e-02 -3.14078182e-02  1.86041184e-02  4.03755791e-02
  2.50829775e-02  7.04325177e-03  2.70719472e-02  5.23815565e-02
  9.47672203e-02  4.62414436e-02 -4.47695293e-02  2.97289100e-02
  5.62532432e-02 -5.74525213e-03  1.18106632e-02  8.25573355e-02
  2.50910074e-02 -7.64698088e-02 -2.67976243e-02  7.39346966e-02
  1.23998169e-02 -2.70102266e-02  6.76454529e-02  2.62857173e-02
  7.53857475e-03  6.59156293e-02  9.85620264e-03  5.80239967e-02
 -8.33236501e-02  1.58718936e-02 -7.95760716e-04  1.20676786e-01
  1.50790671e-02  4.45156209e-02 -5.92888705e-02 -1.18327215e-02
 -3.50387990e-02  2.30263174e-02 -1.17641531e-01 -9.86219719e-02
  1.39684388e-02  2.96732131e-02 -4.89268117e-02  1.93072204e-02
 -6.11878932e-02  1.05651252e-01  2.31780577e-02  3.83074097e-02
 -9.27314255e-03 -1.08228121e-02  9.33563560e-02  2.49418803e-03
 -2.52581155e-03  1.77354570e-02 -1.16887372e-02 -7.81780481e-03]"
82,../models/State Space Representation Examples/EVSample.sysml,"// State Space Representation EV example
package EVSample {
    private import SI::*;
    private import StateSpaceRepresentation::*;

    attribute <'A⋅h'> 'ampere hour'  : ElectricChargeUnit = A*h;

    part def Vehicle {
        attribute mass :> ISQ::mass;

        attribute def VehicleInput :> Input {
            attribute force :> ISQ::force;
        }

        attribute def VehicleOutput :> Output {
            attribute accel :> ISQ::acceleration;
            attribute velocity :> ISQ::speed;
            attribute distance :> ISQ::distance;
        }

        attribute def VehicleState :> StateSpace {
            attribute velocity :> ISQ::speed;
            attribute distance :> ISQ::distance;
        }
    }

    part def Battery {
        attribute baseVoltage :> ISQ::electricPotential;
        attribute socInit: ScalarValues::Real;
        attribute capacity :> ISQ::electricCharge;
        attribute internalResistance :> ISQ::resistance;

        attribute def BatteryInput :> Input {
            attribute current :> ISQ::electricCurrent;
        }

        attribute def BatteryOutput :> Output {
            attribute voltage :> ISQ::electricPotential;
        }

        attribute def BatteryState :> StateSpace {
            attribute soc: ScalarValues::Real;
        }

    }

    part def Motor {
        torquePerCurrent :> Quantities::scalarQuantities = ISQ::torque / ISQ::electricCurrent;

        attribute motR :> ISQ::resistance;
        attribute motL :> ISQ::inductance;

        attribute def MotorInput :> Input {
            attribute voltage :> ISQ::electricPotential;
            attribute friction :> ISQ::torque;
        }

        attribute def MotorOutput :> Output {
            attribute current :> ISQ::electricCurrent;
            attribute torque :> ISQ::torque;
        }

        attribute def MotorState :> StateSpace {
            attribute current :> ISQ::electricCurrent;
        }
    }

    part def Tire {
        attribute radius :> ISQ::length;
        attribute moment :> ISQ::momentOfInertia;

        attribute def TireInput :> Input {
            attribute torque :> ISQ::torque;
            attribute accel :> ISQ::acceleration;
        }

        attribute def TireOutput :> Output {
            attribute force :> ISQ::force;
            attribute outTorque :> ISQ::torque;
        }
    }

    requirement def VehicleRequirement {
        in vehicle : Vehicle;
    }

    analysis def VehicleAnalysis {
        subject vehicle : Vehicle;
        requirement vehicleRequirement : VehicleRequirement;
    }


    requirement def RangeRequirement :> VehicleRequirement {
        doc /* The range of EV must be longer than the required spec under the flat road. */
        attribute actualRange : LengthValue;
        attribute requiredRange : LengthValue;

        require constraint { actualRange >= requiredRange }
    }

    analysis def RangeAnalysis :> VehicleAnalysis {
    	return simulatedRange : LengthValue;
    	
        requirement rangeRequirement :>> vehicleRequirement : RangeRequirement;

        objective rangeAnalysisObjective {
            doc /* This analysis is to estimate the range of
                 * the EV by simulating the vehicle driving under the compact vehicle regulation.
                 */
            require rangeRequirement {
                :>> actualRange = simulatedRange;
            }
        }
    }

    requirement def EfficiencyRequirement :> VehicleRequirement {
        doc /* The efficiency of EV must be better than the required spec. */
        attribute actualEfficiency;
        attribute requiredEfficiency;

        require constraint { actualEfficiency >= requiredEfficiency }
    }

    analysis def EfficiencyAnalysis :> VehicleAnalysis {
    	return simulatedEfficiency;
    	
        requirement efficiencyRequirement :>> vehicleRequirement : EfficiencyRequirement;

        objective efficiencyAnalysisObjective {
            require efficiencyRequirement {
                attribute :>> actualEfficiency = simulatedEfficiency;
            }
        }
    }

    requirement def MaxSpeedRequirement :> VehicleRequirement {
        doc /* The maximum speed of EV must be larger than the required spec. */
        attribute actualMaxSpeed :> ISQ::speed;
        attribute requiredMaxSpeed :> ISQ::speed;
    }

    analysis def MaxSpeedAnalysis :> VehicleAnalysis {
    	return simulatedMaxSpeed;
    	
        requirement maxSpeedRequirement :>> vehicleRequirement : MaxSpeedRequirement;

        objective maxSpeedAnalysisObjective {
            require maxSpeedRequirement {
                attribute :>> actualMaxSpeed = simulatedMaxSpeed;
            }
        }
    }


    part vehicle : Vehicle {
        attribute :>> mass default 1000[kg];

        /* airFrictionCoefficient [kg / m] = 1/2 * rho[kg/m^3] * Cd * S[m^2],
         * where rho is air density, S is front projected area. */
        attribute airFrictionCoefficient = 0.2;

        attribute efficiency;

        action vehicleBehavior : ContinuousStateSpaceDynamics {
            in input : VehicleInput;
            out output : VehicleOutput;
            :>> stateSpace : VehicleState;
        }
        
        part battery: Battery {
            :>> baseVoltage = 300[V];
            :>> capacity = 50['A⋅h'];
            :>> socInit = 0.8;
            :>> internalResistance = 1.8['Ω'];
            action batteryBehavior : ContinuousStateSpaceDynamics {
                in input : BatteryInput;
                out output : BatteryOutput;
                :>> stateSpace : BatteryState;
            }
        }

        flow battery.batteryBehavior.output.voltage to motor.motorBehavior.input.voltage;
        flow motor.motorBehavior.output.current to battery.batteryBehavior.input.current;

        part motor: Motor {
            :>> motR = 4['Ω'];
            :>> motL = 0.2[H];

            action motorBehavior : ContinuousStateSpaceDynamics {
                in input : MotorInput;
                out output : MotorOutput;
                :>> stateSpace : MotorState;
            }
        }

        flow motor.motorBehavior.output.torque to tire.tireBehavior.input.torque;
        flow vehicleBehavior.output.accel to tire.tireBehavior.input.accel;

        part tire: Tire {
            :>> moment default 300['kg⋅m²'];
            :>> radius default 0.7[m];
            action tireBehavior : ContinuousStateSpaceDynamics {
                in input : TireInput;
                out output : TireOutput;
            }
        }

        flow tire.tireBehavior.output.outTorque to motor.motorBehavior.input.friction;
        flow tire.tireBehavior.output.force to vehicleBehavior.input.force;
    }

    part vehicle_compact :> vehicle {
        attribute :>> mass = 800[kg];
        part :>> tire {
            :>> moment = 200['kg⋅m²'];
            :>> radius = 0.5[m];
        }
    }

    part smallEVRangeContext {
        requirement smallEVRequirement : VehicleRequirement {
            doc /* The small EVs must be ligher than 900[kg] */
            in :>> vehicle = vehicle_compact;
            /*  To comform with the regulation and the battery mass will impact it. */
            assume constraint { vehicle.mass < 900[kg] }
        }

        analysis smallEVAnalysis : VehicleAnalysis {
            subject :>> vehicle :> vehicle_compact;
            requirement :>> vehicleRequirement = smallEVRequirement;
        }

        requirement <C1> rangeRequirementSmall :> smallEVRequirement : RangeRequirement {
            doc /* The small EVs must run longer than 130km */
            attribute :>> requiredRange = 130[km];
        }

        analysis rangeAnalysisSmall :> smallEVAnalysis : RangeAnalysis {
            requirement :>> rangeRequirement = rangeRequirementSmall;
            return simulatedRange = vehicle.vehicleBehavior.output.distance;
        }

        requirement <C2> efficiencyRequirementSmall :> smallEVRequirement : EfficiencyRequirement {
            doc /* The target efficiency of small EVs is 0.9. */
            attribute :>> requiredEfficiency = 0.9;
        }

        analysis efficiencyAnalysisSmall :> smallEVAnalysis : EfficiencyAnalysis {
            requirement :>> efficiencyRequirement = efficiencyRequirementSmall;

            return simulatedEfficiency = vehicle.efficiency;
        }

        requirement <C3> maxSpeedRequirementSmall :> smallEVRequirement : MaxSpeedRequirement {
            doc /* The target maximum speed of small EVs is 130 [km/h]. */
            attribute :>> requiredMaxSpeed = 130 [km/h];
        }

        analysis maxSpeedAnalysisSmall :> smallEVAnalysis : MaxSpeedAnalysis {
            requirement :>> maxSpeedRequirement = maxSpeedRequirementSmall;
            out voltage :> ISQ::electricPotential = vehicle.battery.batteryBehavior.output.voltage;
            return simulatedMaxSpeed = vehicle.vehicleBehavior.output.velocity;
        }
    }

    part vehicle_large :> vehicle {
        attribute :>> mass = 1100[kg];
        part :>> tire {
            :>> moment = 300['kg⋅m²'];
            :>> radius = 0.7[m];
        }
    }

    part largeEVRangeContext {
        requirement largeEVRequirement : VehicleRequirement {
            doc /* The large EVs must be ligher than 900[kg] */
            in :>> vehicle = vehicle_large;
            /*  To comform with the regulation and the battery mass will impact it. */
            assume constraint { vehicle.mass < 1200[kg] }
        }

        analysis largeEVAnalysis : VehicleAnalysis {
            subject :>> vehicle :> vehicle_large;
            requirement :>> vehicleRequirement = largeEVRequirement;
        }

        requirement <L1> rangeRequirementLarge :> largeEVRequirement : RangeRequirement {
            doc /* The large EVs must run longer than 200km */
            attribute :>> requiredRange = 200[km];
        }

        analysis rangeAnalysisLarge :> largeEVAnalysis : RangeAnalysis {
            requirement :>> rangeRequirement = rangeRequirementLarge;
            return simulatedRange = vehicle.vehicleBehavior.output.distance;
        }

        requirement <L2> efficiencyRequirementLarge :> largeEVRequirement : EfficiencyRequirement {
            doc /* The target efficiency of large EVs is 0.8. */
            attribute :>> requiredEfficiency = 0.8;
        }

        analysis efficiencyAnalysisLarge :> largeEVAnalysis : EfficiencyAnalysis {
            requirement :>> efficiencyRequirement = efficiencyRequirementLarge;

            return simulatedEfficiency = vehicle.efficiency;
        }

        requirement <L3> maxSpeedRequirementLarge :> largeEVRequirement : MaxSpeedRequirement {
            doc /* The target maximum speed of large EVs is 140 [km/h]. */
            attribute :>> requiredMaxSpeed = 140 [km/h];
        }

        analysis maxSpeedAnalysisLarge :> largeEVAnalysis : MaxSpeedAnalysis {
            requirement :>> maxSpeedRequirement = maxSpeedRequirementLarge;
            out voltage = vehicle.battery.batteryBehavior.output.voltage;
            return simulatedMaxSpeed = vehicle.vehicleBehavior.output.velocity;
        }
    }
}
","Generate a SysML v2 model for an electric vehicle (EV) system focusing on state space representation. Model contains a package named EVSample, which includes parts like Vehicle, Battery, Motor, and Tire. Each part defines its attributes, inputs, outputs, and states using standard units of measure. The Vehicle part integrates mass and dynamics, whereas the Battery part tracks state-of-charge and energy flow. The Motor handles torque and resistance parameters, while the Tire captures force and moment of inertia. 

Requirements for performance metrics such as range, efficiency, and maximum speed are established under distinct contexts for both compact and large EVs. Analyses are conducted to validate these requirements, with connections defined across parts to facilitate data flow among battery, motor, and vehicle systems. Simulations yield outputs for distance, efficiency, and speed, ensuring compliance with specifications. The overall structure supports performance analysis and system optimization within defined constraints.","[-8.66824761e-03  7.35073760e-02 -4.31460701e-02 -1.77459996e-02
  1.78384576e-02 -3.17377858e-02 -4.52878363e-02  6.30192682e-02
 -3.34219541e-03 -3.07256589e-03  7.80826882e-02  6.48009637e-03
  7.70295933e-02  1.11161545e-02 -1.13280825e-02  3.15290913e-02
  4.06973585e-02  2.04945039e-02 -4.14384268e-02  2.45012138e-02
  1.44504324e-01  1.81999858e-02  8.36569294e-02 -5.09572029e-02
 -1.27576115e-02  2.71637011e-02 -3.08119040e-02  8.48553926e-02
 -7.37028793e-02 -1.10682845e-01 -2.40063202e-02 -4.40866724e-02
  2.98150945e-02 -7.22138062e-02  3.13148908e-02 -8.45515076e-03
  8.05549044e-03 -4.86967824e-02  3.04368394e-03 -8.69882628e-02
 -3.69017273e-02 -6.35466054e-02  1.67995710e-02 -2.21666582e-02
  2.21704580e-02  3.23479138e-02  6.43544421e-02 -1.05142323e-02
  3.62060107e-02 -4.04338315e-02  5.84470900e-03  9.92893148e-03
  4.04545888e-02 -6.31736293e-02 -5.73150180e-02  2.56162640e-02
  4.54769805e-02  1.51113970e-02 -8.87069777e-02 -7.10917488e-02
  3.59600708e-02 -1.75475217e-02 -1.88250560e-03  1.92661975e-02
 -1.02227300e-01 -2.80932598e-02  3.51053812e-02  1.53492512e-02
 -1.70407034e-02  1.37323197e-02 -5.81354685e-02  5.53113269e-03
 -1.17427185e-02  2.27704477e-02 -5.66876642e-02 -1.73153933e-02
  8.38400722e-02 -1.31433047e-02 -3.79290357e-02 -5.65575659e-02
 -4.50418107e-02  1.93703510e-02 -2.92797014e-02 -1.46460375e-02
  4.23124172e-02 -2.17912775e-02  5.78613132e-02  1.09221805e-02
  4.65278178e-02  7.16438517e-02  2.14216579e-03  2.71878392e-03
  1.40598426e-02 -1.32606747e-02  5.22434600e-02  7.57701918e-02
  2.32244525e-02 -7.22512882e-03 -1.51132727e-02 -9.25615244e-03
  3.15772407e-02  6.48554489e-02  5.43071888e-02 -2.12397613e-02
 -2.77917031e-02  3.86859365e-02 -2.58689113e-02 -3.83998230e-02
 -1.04761701e-02 -4.31065001e-02  9.46904048e-02  5.86012471e-03
 -3.18981558e-02  5.51565690e-03 -1.92843471e-02  4.09339787e-03
 -2.23336294e-02 -1.46050248e-02  1.03672668e-01  6.18260987e-02
 -8.14230442e-02 -3.28889042e-02  6.82191849e-02  9.62983593e-02
  9.97008979e-02 -1.86394602e-02 -1.60831201e-03  1.73553843e-34
 -2.03886047e-01 -2.66813859e-02  4.51438222e-03  4.63688187e-02
 -3.25887427e-02  6.30012900e-02 -1.00700799e-02  4.54690941e-02
  1.20944595e-02  6.31318465e-02 -5.16320616e-02 -1.87536571e-02
  6.01960383e-02  5.54931071e-03  5.21957465e-02 -2.32766625e-02
 -4.01101448e-02 -2.08687875e-02 -3.55261192e-02 -2.09915452e-02
 -6.18319958e-03 -3.62785608e-02  5.75883407e-03 -1.95452552e-02
  7.60581270e-02  2.79641189e-02  1.00439735e-01  2.40294356e-02
 -4.16224748e-02  3.96871604e-02  1.74741708e-02  2.15851981e-02
 -1.48724709e-02  2.18974948e-02  1.84406508e-02  2.45133657e-02
  2.57313680e-02 -2.69821547e-02  2.77524050e-02 -2.18854919e-02
  5.29260300e-02 -2.61695813e-02 -8.77376646e-02 -1.09727997e-02
 -1.56421453e-01  1.67283416e-02  5.34462482e-02 -7.47667719e-03
 -9.18471068e-03  1.90371033e-02 -5.56209460e-02 -1.89828984e-02
  6.02914467e-02  2.31100735e-03 -2.27835681e-02  1.74776372e-02
 -1.98098291e-02  8.99594184e-03 -2.86064334e-02  1.11879088e-01
 -1.66628107e-01  3.62217277e-02 -1.41755063e-02 -6.35935441e-02
 -7.37037696e-03  1.13880048e-02 -7.24081770e-02 -6.33942559e-02
 -1.59462560e-02  2.33016629e-02  3.68882380e-02 -7.03485534e-02
  1.24719953e-02  5.86883500e-02  3.38578001e-02 -1.03155989e-02
  4.03134003e-02  5.52005731e-02 -7.67390579e-02 -6.78978488e-03
 -1.30347058e-01  8.23841020e-02 -3.48403789e-02 -5.09247705e-02
  9.51386690e-02 -7.37865567e-02 -3.02962773e-02 -3.51702049e-02
 -4.18419659e-04 -7.17410967e-02  3.51007506e-02 -5.74284745e-03
 -6.28251359e-02  1.08065363e-02 -2.05009189e-02 -2.41230396e-33
 -2.87500373e-03  3.50285619e-02  7.91592672e-02  5.00184186e-02
  5.59090599e-02 -2.80410498e-02 -1.22303581e-02  2.55746525e-02
 -2.42874902e-02  3.45211364e-02 -2.11254936e-02 -6.14134520e-02
  1.27163157e-02  3.61752808e-02  8.14323798e-02  4.78439368e-02
 -5.18488549e-02 -1.51998550e-01  4.52385731e-02  4.06970382e-02
  1.75900590e-02  5.66817820e-02  1.68426409e-02 -2.71197986e-02
  5.47433421e-02 -1.39630148e-02 -4.48596030e-02 -6.90579563e-02
 -8.29437748e-03 -4.89344969e-02  2.02272702e-02 -5.64508745e-03
  3.75419743e-02  7.24842995e-02 -7.34060705e-02 -9.57999527e-02
 -2.82205697e-02 -4.73051704e-02  3.51229161e-02  2.43073814e-02
  4.25826572e-02 -4.82345521e-02 -2.92692948e-02 -2.07403209e-02
 -9.89522878e-03 -3.17724198e-02 -4.22204882e-02 -1.71910152e-02
  8.45601503e-03 -1.21551389e-02 -1.17522469e-02 -7.59576680e-04
  2.69076489e-02  2.05362663e-02  4.34193723e-02 -7.80446306e-02
  1.14940677e-03  3.26295123e-02 -3.11616268e-02 -2.73164138e-02
  5.03502898e-02 -1.80365909e-02  4.62293886e-02 -2.63045002e-02
 -4.44374643e-02 -1.02375224e-01 -7.07101030e-03 -1.13855265e-02
 -4.06735623e-03  7.88108725e-03 -5.77335097e-02  7.45019084e-03
  3.52931465e-03  9.04151518e-03 -5.54807447e-02 -5.78522757e-02
  4.03922983e-02 -5.55149168e-02  8.94818753e-02 -8.97817686e-02
 -7.22978488e-02  4.67507392e-02  1.49310762e-02  5.18868119e-02
 -7.01298788e-02  3.26802358e-02 -8.44979882e-02  6.09685779e-02
  5.39502911e-02  2.99366284e-02  5.07872179e-02  7.43804350e-02
 -1.11009292e-02  1.83745235e-01 -9.99389663e-02 -4.37232650e-08
 -1.97362397e-02  6.24339469e-02  4.18104939e-02 -1.01765031e-02
  5.15683033e-02  6.13339059e-02  1.49127760e-03  1.03861932e-02
 -1.01938313e-02  3.60027254e-02  8.94369185e-02 -2.60014124e-02
  4.21149731e-02 -3.52449156e-03 -8.26788098e-02  5.04564457e-02
  5.52066453e-02  7.14370385e-02 -2.17205696e-02  1.83346048e-02
  4.04713638e-02  5.22609837e-02 -1.17136776e-01  8.88746381e-02
  1.11438572e-01 -9.29898769e-02 -2.06322428e-02  3.39960144e-03
  2.52822358e-02 -8.41236189e-02 -6.67658299e-02  4.53900769e-02
  9.40930471e-02  3.17751020e-02 -5.99167719e-02 -2.55110878e-02
 -2.03905534e-02  1.62917171e-02  5.14228009e-02  6.23858310e-02
  6.66818246e-02  9.41172056e-03  3.43110748e-02 -7.93932285e-03
 -6.40587583e-02  2.06678398e-02 -6.89195022e-02 -1.08407602e-01
 -3.54696177e-02  3.59244384e-02 -4.26952653e-02  2.24820245e-02
 -6.78964406e-02  1.04421929e-01 -8.55270214e-03  3.38682532e-02
 -5.29122688e-02 -7.37354672e-03  3.56887281e-02 -3.72567587e-02
  8.25302396e-03 -1.63806565e-02 -3.17592919e-02  6.78739510e-03]"
83,../models/v1 Spec Examples/8.4.1 Wheel Hub Assembly/Wheel Package - Updated.sysml,"package 'Wheel Package - Updated' {
	doc
	/*
	 * Example from the SysML 1.6 spec, subclause 8.4.1 Wheel Hub Assembly.
	 */

	private import ISQ::*;
	
	// Quantities
	
	pressure = force / length^2; 
	
	// Blocks
	
	part def WheelHubAssembly;
	part def WheelAssembly {
		inflationPressure :> pressure;
	}
	
	part def Tire {
		tireSpecification : ScalarValues::String;		
		action mountTire; // Should be operation
	}
	
	part def TireBead;
	
	connection def PressureSeat {
		end : TireBead[1];
		end : TireMountingRim[1];
	}
	
	part def Wheel {
		diameter :> length;
		width :> length;		
	}
	
	connection def BandMount {
		end : Wheel[1];
		end : WirelessTirePressureMonitor[1];
	}
	
	part def WirelessTirePressureMonitor {
		action transmitPressure; // Should be operation
	}
	
	part def TireMountingRim;
	
	part def InflationValve;
	
	part def BalanceWeight;
	
	part def LugBoltMountingHole {
		lugBoltSize :> length;
	}
	
	part def LugBoltJoint {
		torque :> ISQ::torque;
		boltTension :> force;
	}
	
	part def Hub;
	
	part def LugBoltThreadableHole {
		lugBoltSize :> length;
		threadSize :> length;
	}
	
	// Parts
	
	part wheelHubAssembly: WheelHubAssembly {
		part wheel: WheelAssembly[1] {
			part t: Tire[1] {
				part bead : TireBead[2];			
			}
			part w: Wheel[1] {
				part rim : TireMountingRim[2];
				part v : InflationValve[1];
				part weight : BalanceWeight[0..6];
				part mountingHoles : LugBoltMountingHole[5];
			}						
			connection : PressureSeat connect t.bead to w.rim;		
		}
		part lugBoltJoints: LugBoltJoint[5] {					
			ref mountingHole: LugBoltMountingHole[1] subsets wheel.w.mountingHoles;
			ref threadedHole: LugBoltThreadableHole[1] subsets hub.h;
		}
		part hub: Hub[1] {
			part h: LugBoltThreadableHole[5];
		}
	}
	
}","Generate a SysML v2 model encapsulated in the package 'Wheel Package - Updated'. This model represents a detailed Wheel Hub Assembly, illustrating various components of a wheel's structure and their connections. Define key parts such as WheelHubAssembly, WheelAssembly, Tire, and supporting elements like TireBead, TireMountingRim, and WirelessTirePressureMonitor. Establish the relationships between components through connections like PressureSeat and BandMount to convey interactions, e.g., between the tire bead and mounting rim. Specify essential properties including dimensions of the wheel (diameter, width), and functionality of elements (e.g., action methods for mountTire and transmitPressure). Include structural components like InflationValve, BalanceWeight, and LugBoltJoint, detailing attributes like torque and lug bolt sizes. Assemble these parts hierarchically, indicating the relationship of the Tire to the Wheel and the LugBoltJoint to the hub while ensuring correct multiplicity and references throughout the model. This representation aids in understanding the assembly dynamics and performance factors of the wheel system.","[-4.63598408e-02 -1.70543864e-02 -5.61852492e-02  2.33310107e-02
 -7.20819319e-03 -4.84193452e-02 -7.11391168e-03  1.35181308e-01
  1.23901470e-02  5.94668603e-03  5.14904596e-02  9.55411699e-03
  6.95374385e-02 -1.65047869e-03 -6.50889724e-02  3.18561271e-02
 -1.02307124e-03  6.66781068e-02 -1.13141865e-01 -1.69305727e-02
  9.22845155e-02 -2.27075424e-02  4.45902422e-02  2.20672856e-03
 -3.99945267e-02  2.06439067e-02 -1.59916971e-02  1.22368723e-01
  1.95816197e-02 -4.66547608e-02  3.78837362e-02  6.44742921e-02
  5.36205545e-02 -5.23579642e-02 -6.90992270e-03  6.60191476e-03
  1.65245477e-02 -4.83886003e-02 -7.01432377e-02 -1.05501227e-01
 -1.86509006e-02 -3.65924686e-02  4.05624211e-02 -5.07604051e-03
  3.12478002e-02 -2.99371779e-02  3.43002491e-02 -1.11767845e-02
 -5.05490564e-02  1.17751239e-02 -2.96980958e-03 -2.45574340e-02
  7.33567923e-02 -3.22345272e-02 -4.42174822e-02  1.00705691e-01
  1.26450732e-02  3.82383503e-02 -5.46891578e-02 -1.04728580e-01
  9.11004990e-02 -1.20151620e-02 -2.10564882e-02 -2.46551782e-02
 -3.01297605e-02  2.17106007e-02  5.64746894e-02 -6.44964650e-02
  8.57718196e-03  2.62511689e-02 -4.83344421e-02 -6.22750595e-02
 -5.38129658e-02  4.26686853e-02  2.06973627e-02 -4.52545434e-02
  3.49969678e-02 -1.43441288e-02 -2.54257116e-02 -8.86445120e-03
 -6.36812299e-02  6.72922805e-02  1.04867630e-01 -2.22534910e-02
  5.26317628e-03 -3.48767452e-02  6.40610829e-02  5.67869283e-02
 -2.68019177e-02  3.99590731e-02 -5.53667992e-02 -2.28022654e-02
 -6.73955604e-02 -3.85983139e-02  4.74163629e-02  8.26893523e-02
  1.52271716e-02 -3.84933576e-02  1.13478787e-02  4.10533100e-02
 -9.18543618e-03  1.01649435e-02  2.65285689e-02 -2.22667437e-02
 -8.08746219e-02  3.99260074e-02 -2.19375603e-02 -2.00306401e-02
 -1.05680503e-01  4.30951174e-03  1.23554340e-03  4.16640379e-02
 -1.99792664e-02 -1.42568285e-02 -1.60194188e-02 -2.26512793e-02
 -4.28640321e-02  7.58906528e-02  5.36089651e-02  3.64755765e-02
  4.48433682e-02  1.70984154e-03 -3.08213476e-03  5.92698976e-02
  6.91458136e-02 -5.27972728e-02 -7.69057125e-02  4.33832647e-33
 -1.19676411e-01 -6.99490122e-03  6.57295715e-03  1.03165649e-01
 -5.31535000e-02 -2.19290145e-02  3.98286432e-02 -7.81910215e-03
  3.67936343e-02  5.57807423e-02 -4.33611013e-02  1.21840071e-02
  1.29970470e-02 -5.95190041e-02 -6.59303623e-04 -9.46635455e-02
 -2.05853898e-02  3.66678014e-02 -5.45253344e-02  1.41024003e-02
 -1.88794918e-02  1.42711157e-03 -8.29574000e-03  1.39900176e-02
  1.07651979e-01  5.04713319e-02  8.78165290e-02  2.51254085e-02
 -2.09380244e-03  1.27494046e-02  1.55289304e-02 -2.73038703e-03
 -1.29989646e-02  1.20925456e-02  1.43438745e-02 -3.00781075e-02
 -7.93683305e-02 -5.52208573e-02  4.19947281e-02 -4.92460877e-02
  9.67786014e-02 -2.62247492e-02 -5.62522709e-02  1.91435553e-02
 -8.73420686e-02  3.67042311e-02  1.00676753e-02  2.29605772e-02
  4.15767506e-02 -3.81308757e-02  3.09326071e-02 -7.95781787e-04
  1.09218061e-02  5.88574149e-02 -1.15885502e-02 -1.46146677e-02
  2.29101698e-03 -3.28547247e-02 -4.30050269e-02  1.11554839e-01
 -1.04806893e-01  3.86415259e-03  1.07642030e-02 -2.35700775e-02
  1.50755681e-02  4.17777663e-03 -3.78827155e-02 -6.73346967e-02
 -3.94126289e-02 -9.42170341e-03 -2.87649725e-02  1.89621858e-02
 -1.67234782e-02  1.31455630e-01 -4.02138010e-02 -2.41878368e-02
  1.32932942e-02  1.99361462e-02 -8.54095817e-02  1.11429989e-02
 -1.26693159e-01  3.02997772e-02 -3.51996608e-02 -7.99390003e-02
 -1.88292321e-02 -1.01206668e-01 -5.47151379e-02 -9.12873968e-02
  1.81856391e-03 -7.02974051e-02 -5.17683662e-03 -4.14734706e-02
 -6.79517016e-02 -1.15804495e-02 -5.69251273e-03 -4.48218347e-33
  1.98848322e-02  3.33940051e-02  3.71575467e-02  6.04697876e-02
 -3.78134148e-03 -5.38457837e-03 -6.75824098e-03 -1.00113966e-01
 -3.45374979e-02 -1.76642984e-02  3.39715406e-02  7.92345870e-03
 -4.60793562e-02  2.53935102e-02  3.25714685e-02  5.68510927e-02
  2.63643228e-02 -1.19815506e-01  2.92720608e-02 -1.57105569e-02
  8.38839449e-03  8.23428482e-02 -1.43238064e-03 -6.06633574e-02
  1.26475161e-02 -4.66568880e-02 -2.65122205e-02  2.93025058e-02
 -1.01221763e-02  9.32453275e-02 -2.85577178e-02 -3.72991264e-02
  5.57681769e-02  7.47977123e-02 -3.01863793e-02 -5.02471328e-02
 -4.86585982e-02 -9.67593715e-02  1.05882064e-02 -1.98673569e-02
  6.36861920e-02 -2.12126896e-02 -4.48508896e-02 -2.01974325e-02
 -9.35256481e-03 -6.58072159e-02  2.31693853e-02 -5.57018667e-02
  2.42974032e-02 -6.05195463e-02  6.81843758e-02  2.59900764e-02
  6.99399188e-02 -6.78712316e-03  3.30234692e-02  3.05028707e-02
  3.76307890e-02 -3.84247191e-02  2.58329269e-02 -5.61484322e-02
  9.28149745e-02 -1.31142624e-02  6.52742833e-02  7.65476096e-03
 -2.05500573e-02 -8.20004344e-02  6.63046679e-03 -6.88812286e-02
 -6.45709634e-02  7.35621229e-02 -6.70566224e-03  1.48743754e-02
  1.30260989e-01  7.28470013e-02  5.49559556e-02 -3.81690226e-02
  2.94101834e-02  3.95487025e-02  7.35597759e-02 -9.36004147e-02
 -5.70230559e-02  2.71859374e-02  7.18779936e-02  7.96243474e-02
 -3.71265374e-02  2.91437786e-02 -3.60826552e-02  9.95547175e-02
  3.21864150e-02  2.57693809e-02  3.25619020e-02  5.29136248e-02
  1.56691801e-02  1.84332341e-01  2.77128369e-02 -5.59728974e-08
 -3.54740433e-02  7.47320373e-05 -4.86804657e-02 -1.35897705e-02
  1.95954274e-02  4.45567332e-02  1.57182384e-02  1.51316794e-02
 -6.44886717e-02  5.19917868e-02  1.49245700e-03 -7.54626375e-03
 -1.45906787e-02  1.70057733e-02  3.68776433e-02  9.39525664e-02
  2.40966352e-03  5.59379496e-02 -3.83364111e-02 -8.95030946e-02
  4.65569012e-02 -2.85253371e-03  1.80922784e-02  3.85595597e-02
  6.78083748e-02 -5.31822927e-02 -3.31199467e-02  1.34977140e-02
  3.13885659e-02 -7.39256060e-03  2.47272570e-02 -6.90353278e-04
  5.40327094e-02 -8.41897633e-03 -1.80380046e-02  5.64841367e-02
 -1.03031151e-01  3.27789411e-02  9.54685137e-02  9.63269472e-02
  3.36546032e-03  1.19184308e-01 -2.83671934e-02  4.19946760e-03
  4.31080163e-02  2.83075515e-02 -1.41269445e-01 -1.80741940e-02
 -6.94570541e-02  2.54673604e-03 -1.24511290e-02  3.37000825e-02
 -6.16493858e-02  8.75941515e-02 -7.00324103e-02  7.47438446e-02
 -6.74231630e-03  2.97178570e-02  5.57965226e-02 -2.66701113e-02
 -9.19852406e-02  4.97934632e-02 -6.01048232e-04 -3.02332323e-02]"
84,../models/v1 Spec Examples/8.4.1 Wheel Hub Assembly/Wheel Package.sysml,"package 'Wheel Package' {
	doc
	/*
	 * Example from the SysML 1.6 spec, subclause 8.4.1 Wheel Hub Assembly.
	 */

	private import ISQ::*;
	
	pressure = force / length^2; 
	
	part def WheelHubAssembly {
		part wheel: WheelAssembly[1];
		part lugBoltJoints: LugBoltJoint[5] {
			ref redefines threadedHole subsets hub.h;
			ref redefines mountingHole subsets wheel.w.mountingHoles;
		}
		part hub: Hub[1];
	}
	
	part def WheelAssembly {
		inflationPressure :> pressure;
		
		part t: Tire[1] {
			part bead redefines Tire::bead;
		}
		part w: Wheel[1] {
			part rim redefines Wheel::rim;
		}		
				
		connection : PressureSeat connect t.bead to w.rim;		
	}
	
	part def Tire {
		tireSpecification : ScalarValues::String;
		
		part bead : TireBead[2];
		
		action mountTire;
	}
	
	part def TireBead;
	
	connection def PressureSeat {
		end : TireBead[1];
		end : TireMountingRim[1];
	}
	
	part def Wheel {
		diameter :> length;
		width :> length;
		
		part rim : TireMountingRim[2];
		part v : InflationValve[1];
		part weight : BalanceWeight[0..6];
		part mountingHoles : LugBoltMountingHole[5];
	}
	
	connection def BandMount {
		end : Wheel[1];
		end : WirelessTirePressureMonitor[1];
	}
	
	part def WirelessTirePressureMonitor {
		action transmitPressure;
	}
	
	part def TireMountingRim;
	
	part def InflationValve;
	
	part def BalanceWeight;
	
	part def LugBoltMountingHole {
		lugBoltSize :> length;
	}
	
	part def LugBoltJoint {
		torque :> ISQ::torque;
		boltTension :> force;
		
		ref mountingHole: LugBoltMountingHole[1];
		ref threadedHole: LugBoltThreadableHole[1];
	}
	
	part def Hub {
		part h: LugBoltThreadableHole[5];
	}
	
	part def LugBoltThreadableHole {
		lugBoltSize :> length;
		threadSize :> length;
	}
	
}","Generate a SysML v2 model for the 'Wheel Package' which includes a detailed representation of a Wheel Hub Assembly based on SysML 1.6 specifications. Model components such as WheelHubAssembly, which comprises one WheelAssembly that integrates a single Tire and Wheel, and five LugBoltJoints with redefined references to threaded and mounting holes, are central to this structure. Inflation pressure is represented as a derived parameter in the WheelAssembly. The Tire includes a specification and two TireBeads, while the Wheel features attributes like diameter, width, and multiple parts including rims and mounting holes. Additionally, connections such as PressureSeat and BandMount facilitate interactions among components, emphasizing the relationships between the tire, rim, and a Wireless Tire Pressure Monitor. The model encapsulates specifications and actions, such as mounting tires and transmitting pressure, while ensuring comprehensive definitions for LugBoltJoints and other associated parts, showcasing the complexities of the wheel system.","[-7.79296905e-02 -1.33932773e-02 -9.18519869e-02  7.70640268e-04
  1.12121543e-02 -4.87204678e-02  3.82445082e-02  8.29568580e-02
  2.49680039e-02 -1.21726999e-02  6.99550956e-02 -1.17888385e-02
  5.15739582e-02  8.64902418e-03 -4.44189496e-02  1.43715302e-02
 -1.76775195e-02 -3.00611136e-03 -7.59458244e-02  8.72208271e-03
  8.58422890e-02 -5.00911251e-02 -1.34976245e-02 -9.02710203e-03
 -3.12697440e-02  2.64078379e-03 -8.01726896e-03  1.03867970e-01
  2.65542492e-02 -4.20433097e-02  2.55649462e-02  6.71964362e-02
  2.75005996e-02 -4.26007062e-02  3.21050473e-02 -2.42186524e-03
  4.57371101e-02 -4.60059121e-02 -6.53422773e-02 -8.65840912e-02
  1.69684198e-02 -6.45479485e-02  4.14377004e-02  1.97848212e-02
  3.66008282e-02 -8.98427423e-03  2.74572931e-02 -2.42407690e-03
 -7.08604455e-02 -7.62174278e-03  9.16394871e-03 -3.50802019e-02
  5.58499098e-02  1.37979975e-02 -3.70017290e-02  8.06422532e-02
 -2.80885026e-02  3.76813151e-02 -5.86493723e-02 -1.06699929e-01
  5.03158271e-02 -9.73104686e-03 -2.50061452e-02 -5.38113585e-04
  6.03574375e-03  4.03075926e-02  6.72880141e-03 -1.13656446e-01
  1.01075219e-02  3.28726470e-02 -8.51287246e-02 -3.04626804e-02
 -2.36470811e-02  3.11071705e-02  1.87495928e-02 -5.52623570e-02
  2.21909955e-02 -3.72549333e-02 -8.72040819e-03 -1.16147408e-02
 -7.51967505e-02  2.35671457e-02  1.03946306e-01 -3.70543674e-02
 -3.07435729e-03 -6.57401308e-02  5.86818829e-02  1.90240424e-02
 -2.77018547e-02  2.24147122e-02 -5.17219864e-02 -4.36689034e-02
 -5.99688925e-02 -1.28441863e-02  4.69984785e-02  1.11191630e-01
 -4.15142998e-03 -3.90304439e-02 -1.51056731e-02  4.65013497e-02
 -2.85720900e-02 -2.49258727e-02  3.82862948e-02 -1.85613260e-02
 -4.63602655e-02  3.99644338e-02 -3.16537842e-02 -4.77757007e-02
 -8.77733752e-02  1.60143077e-02  1.54331769e-03  4.12799641e-02
  9.41663701e-03 -6.10884130e-02 -4.82975803e-02 -4.17911299e-02
 -4.21835966e-02  8.85418281e-02  5.20023182e-02  4.66036052e-02
  2.48829480e-02  2.45282184e-02  2.66092829e-02  6.96181208e-02
  8.53305236e-02 -6.59026206e-02 -6.87772110e-02  2.87830298e-33
 -8.08741003e-02 -3.15239429e-02  1.29202092e-02  5.92229031e-02
 -5.47210425e-02  2.90155374e-02  7.63988495e-02  1.07060315e-03
  5.32829836e-02  5.69782853e-02 -4.89473194e-02  3.03757680e-03
  1.22930901e-02 -4.15269285e-02  1.11918645e-02 -5.85121848e-02
 -3.88556570e-02  5.82354777e-02 -2.17853040e-02  5.22660371e-03
 -7.19687575e-03 -1.20016262e-02 -1.30175119e-02  1.76548827e-02
  7.44798332e-02  7.48258308e-02  1.15723848e-01  1.25570782e-02
  2.81462595e-02  4.46076095e-02 -1.17492713e-02  4.66710441e-02
  8.00955947e-03  2.89586708e-02 -4.97565828e-02  1.97962876e-02
 -6.57991990e-02 -5.59629723e-02  6.40170574e-02 -6.81496039e-02
  8.52878019e-02 -2.84324326e-02 -1.10471984e-02 -5.38765965e-03
 -9.28793401e-02  3.20716873e-02  2.64112838e-02  4.96300263e-03
  4.76853251e-02 -2.52444390e-02  1.53521160e-02 -3.64800170e-02
 -4.71520890e-03  7.78116435e-02  2.90041906e-03 -3.48562524e-02
 -3.84261943e-02 -1.48116006e-02 -5.31898327e-02  1.19585201e-01
 -6.70602545e-02  3.49745788e-02 -1.33908968e-02 -6.29395852e-03
 -1.03429845e-03  7.40700634e-03 -2.57318281e-02 -5.94846867e-02
 -5.55884838e-02 -5.08750184e-03 -6.86797649e-02  2.17221640e-02
 -2.37231478e-02  1.25430822e-01 -4.95694913e-02 -1.46324961e-02
  2.91771647e-02  1.91273615e-02 -5.31966090e-02 -2.80963015e-02
 -1.13798723e-01 -1.41023542e-03  1.30380448e-02 -7.50920698e-02
 -2.75001377e-02 -7.49270096e-02 -8.64511132e-02 -8.89524668e-02
 -1.61871556e-02 -1.13085009e-01  1.31841553e-02 -5.68229286e-03
 -8.02732483e-02 -2.69992650e-02 -3.06212660e-02 -3.26687990e-33
 -1.84108261e-02  3.08826715e-02 -9.79245175e-03  9.40312818e-02
  3.04063521e-02  3.68873067e-02  9.11716651e-03 -1.07185043e-01
 -2.81240921e-02 -5.96407009e-03  4.45170663e-02  1.35704121e-02
 -4.49978448e-02  2.90542617e-02  4.81566116e-02  4.95348200e-02
 -2.11564135e-02 -1.23297103e-01  1.93933733e-02 -3.67409200e-03
 -1.01066362e-02  5.72013147e-02 -3.48426588e-02 -2.36665439e-02
 -1.45504726e-02 -4.22304645e-02 -1.92906447e-02  3.24604288e-02
 -1.57667100e-02  1.41632557e-01 -3.42091210e-02 -4.04394465e-03
  5.11436164e-02  6.11989535e-02 -3.97617407e-02 -7.18617514e-02
 -6.25407696e-02 -8.26239660e-02 -2.72803567e-02 -2.96815298e-02
  4.45518978e-02 -6.23015128e-03 -1.01474551e-02 -1.71092208e-02
 -4.04215381e-02 -2.93829944e-02  4.11844850e-02 -8.13100860e-02
  3.03839389e-02 -9.69211608e-02  3.73849906e-02  3.26043405e-02
  7.09687620e-02  2.17034463e-02 -3.64451557e-02  4.84992042e-02
 -1.15331840e-02 -6.01343298e-03  1.21944556e-02 -3.06793675e-02
  1.19564012e-01  1.08401692e-02  8.30609128e-02 -1.05545605e-02
  8.68639816e-03 -8.43483433e-02  4.00800928e-02 -6.29115477e-02
 -5.15751429e-02  8.93680528e-02  4.43720259e-02  2.57545151e-02
  1.02007709e-01  5.52425496e-02  4.41507958e-02  1.64705459e-02
  5.30531220e-02  1.37961693e-02  6.00669980e-02 -8.13494772e-02
 -6.22242466e-02  2.11788435e-02  9.58493128e-02  8.57272372e-02
  1.95456799e-02 -1.28028980e-02 -2.61597019e-02  7.02621564e-02
  1.36493407e-02  7.18010068e-02  2.93524750e-02  8.62315372e-02
  3.70857446e-03  1.75869778e-01  4.37836088e-02 -4.48603785e-08
 -4.80306447e-02  1.96124185e-02 -7.36025274e-02 -3.50823067e-02
 -1.93704553e-02  3.52887958e-02  4.23183963e-02  1.50423273e-02
 -4.44438979e-02  4.41141352e-02 -7.97047513e-04 -6.62025856e-03
  2.10061343e-03  2.30793729e-02  3.64740901e-02  7.81807750e-02
 -8.58025998e-03  7.03720078e-02 -4.14267108e-02 -3.24365795e-02
  4.32433747e-02  8.24816432e-03 -7.14858342e-03  1.27786293e-03
  8.54999945e-02 -2.33495329e-02  3.51711619e-03  8.05922747e-02
  5.02571948e-02 -4.07329571e-06  1.46719506e-02  1.63698271e-02
  5.21128625e-02  1.02988223e-03 -4.85767536e-02  8.65298286e-02
 -1.14949048e-01  1.93975046e-02  8.22694525e-02  1.24892645e-01
 -2.07981635e-02  5.24602532e-02 -3.41919214e-02  7.91733619e-03
  3.06848958e-02  4.08180729e-02 -1.45573243e-01 -2.83474475e-02
 -1.10922650e-01  2.03374811e-02 -4.08648029e-02  8.07516128e-02
 -6.71829358e-02  7.26849586e-02 -3.41262855e-02  5.95634580e-02
 -2.58975290e-02  2.77367029e-02  3.86755839e-02 -9.71974805e-03
 -7.16600046e-02  1.83798689e-02  1.80449020e-02  1.04862880e-02]"
85,../models/v1 Spec Examples/8.4.5 Constraining Decomposition/Vehicle Decomposition - Updated.sysml,"package 'Vehicle Decomposition - Updated' {
	doc
	/*
	 * Example from the SysML 1.6 spec, subclause 8.4.5 Constraining Decomposition,
	 * updated for usage-focused approach.
	 */
	
	// Blocks
	
	part def Vehicle;
	
	part def 'Chassis Assembly';
	
	part def Wheel;
	
	part def LugBolt;
	
	part def RollBar;
	part def HeavyRollBar :> RollBar;
	part def LightRollBar :> RollBar;
	
	part def Engine;
	
	part def Cylinder;
	
	// Parts
	
	part vehicle : Vehicle {
		part chs : 'Chassis Assembly'[1] {
			part rb : RollBar[0..1];
			part w : Wheel[4] {
				part lb : LugBolt[6..10];
			}
		}
		part eng: Engine[1] {
			part cyl : Cylinder[4..8];
		}
	}
	
	
	part 'vehicle model 1' :> vehicle {
		part redefines chs {
			part redefines rb : LightRollBar[0..1];
			part redefines w {
				part redefines lb;
			}
		}
		part redefines eng {
			part redefines cyl[4];
		}
		
		// Constrains total number of lugbolts.
		ref lugBolts[24] = chs.w.lb;
	}
	
	part 'vehicle model 2' :> vehicle {
		part redefines chs {
			part redefines rb[0];
			part redefines w {
				// Constrains number of lugbolts per wheel.
				part redefines lb[6..7];
			}
		}
		part redefines eng {
			part redefines cyl[6..8];
		}
	}
}","Generate a SysML v2 model to represent the decomposition of a vehicle, titled 'Vehicle Decomposition - Updated'. The model organizes various components into blocks and parts. Define parts such as 'Vehicle', 'Chassis Assembly', 'Wheel', 'LugBolt', and 'RollBar'—including specialized types like 'HeavyRollBar' and 'LightRollBar'. The main vehicle part includes a single chassis assembly equipped with roll bars and four wheels, each containing multiple lug bolts. Two derived vehicle models, 'vehicle model 1' and 'vehicle model 2', extend the base vehicle configuration. 'Vehicle model 1' modifies the chassis by redefining the roll bars to be of the light type and constrains the total number of lug bolts to 24. 'Vehicle model 2' further customizes the configurations, setting specific limits on lug bolts per wheel and altering cylinder counts. This structure emphasizes modularity and reusability of vehicle components while ensuring that constraints on part counts are clearly defined.","[-4.83078547e-02 -2.82935333e-02  1.44753316e-02  1.86428223e-02
  1.92621872e-02 -7.40748867e-02 -3.02190911e-02  7.35452026e-02
  1.55605376e-02 -1.38827274e-02  8.40336233e-02  4.61590849e-02
  2.57351380e-02 -2.61340253e-02 -2.41581947e-02  2.18597371e-02
 -2.60379119e-03  2.09267028e-02 -1.03075758e-01  4.01609577e-02
  8.90251473e-02 -8.94252434e-02  9.37904260e-05 -2.60315742e-02
 -1.06648743e-01 -1.08991042e-02 -3.41294482e-02  1.10992804e-01
  4.26113829e-02 -8.37274715e-02  8.92061442e-02  4.55483906e-02
 -8.09950521e-04  1.68366209e-02 -1.90209895e-02 -7.35392869e-02
  5.12688421e-02 -3.83899808e-02 -6.98831230e-02 -4.90457900e-02
 -1.20011019e-02 -3.38360071e-02 -7.39251962e-03 -9.32804309e-03
  1.16347633e-01  2.10383553e-02  8.67381506e-03 -3.48248780e-02
 -1.90802291e-02 -4.60624136e-02  3.56921069e-02 -3.88154224e-03
 -3.98925394e-02  5.27971797e-02 -6.12151660e-02  7.06932321e-03
 -3.40438113e-02 -6.58799987e-03 -4.53844406e-02 -1.84363350e-02
  3.53796519e-02  5.76301515e-02 -4.87140343e-02 -4.87886555e-02
  1.77027136e-02 -2.64454484e-02 -6.64968323e-03 -7.55294934e-02
  2.09093057e-02  8.82333592e-02 -5.95438965e-02 -4.59450185e-02
 -3.35914567e-02  4.01179418e-02 -3.73057425e-02 -7.42226765e-02
  1.00573584e-01 -2.59526763e-02 -4.58816811e-02 -5.20107634e-02
 -6.64307252e-02  4.76073697e-02  1.58189163e-02 -4.48569618e-02
  4.04927507e-02 -1.39120799e-02  1.15781249e-02  4.32953015e-02
 -1.44879008e-02  5.85859604e-02 -4.82100807e-02 -2.50856541e-02
  5.20333350e-02  2.30896566e-03 -8.93363357e-03  1.18233517e-01
  3.43051516e-02  1.02094682e-02  4.99346033e-02  2.76120864e-02
 -1.37111088e-02 -4.72261617e-03  1.27169982e-01 -2.23784521e-02
 -6.20301627e-02  1.01406639e-02 -1.75152384e-02  1.69019010e-02
 -1.02988765e-01 -7.05644265e-02  4.59127426e-02  5.18503338e-02
 -1.38958013e-02 -1.78458635e-02 -5.43712042e-02 -3.26747261e-02
 -8.97212606e-03  4.40724939e-02  3.26955989e-02  4.32729237e-02
  4.48386297e-02 -2.91332453e-02  9.09340680e-02  2.85996795e-02
  5.57312928e-02 -4.71195430e-02 -7.66823739e-02  4.38464609e-33
 -8.89955908e-02 -4.71916571e-02 -2.53319722e-02  1.36158764e-01
 -5.29218512e-03  4.80507128e-02  1.44051090e-02  2.98696905e-02
 -9.97307579e-05  8.78898278e-02 -2.58784480e-02 -3.28668170e-02
 -1.39577093e-03 -1.95167749e-03  7.51779526e-02 -1.18358247e-01
 -4.59773839e-02  1.38992984e-02 -3.38812135e-02 -3.89522798e-02
 -4.30380031e-02  1.10010589e-02  2.47668978e-02 -1.38660092e-02
  1.13825984e-01  1.08188316e-01  7.31827840e-02  1.01782689e-02
 -6.29410371e-02  2.60496885e-02 -1.39283584e-02  2.49597244e-02
 -1.81991216e-02  9.85216796e-02 -6.27175905e-03  9.44531336e-03
 -7.76722655e-02 -5.95812537e-02  4.86644283e-02 -2.19281130e-02
  6.33275956e-02 -2.21203342e-02 -7.07766041e-02  2.48956624e-02
 -6.36064336e-02  5.99460416e-02  6.94837347e-02  1.87035631e-02
 -2.97993352e-03  5.79284877e-03  1.27344942e-02  5.60028804e-03
  5.28002046e-02 -1.65053923e-02 -2.93753594e-02  8.01937655e-03
  3.33233811e-02 -2.81793270e-02  3.26886848e-02  4.43815216e-02
 -7.00849146e-02  2.32739989e-02  3.83864925e-03 -1.66569706e-02
  4.48694937e-02  4.34546508e-02 -2.03550630e-03 -4.25444096e-02
  2.19993070e-02  2.04547103e-02 -4.67486940e-02 -1.11615658e-02
  7.00507895e-04  1.04151964e-01  1.53377987e-02 -2.76402608e-02
  3.40547077e-02  2.24944577e-02 -7.51546845e-02  1.84831936e-02
 -1.05221547e-01  1.03606015e-01 -4.42946665e-02 -5.75797483e-02
  1.50264846e-02 -3.21221128e-02 -5.45062311e-02 -2.92536058e-02
 -4.35366705e-02 -9.06543508e-02 -2.03858446e-02 -6.79518953e-02
 -7.17059076e-02 -1.79589149e-02  1.37280868e-02 -4.43497084e-33
 -9.19564907e-03 -1.16600869e-02 -1.26582449e-02  2.91048735e-02
  2.78547499e-02 -3.63165624e-02 -2.18001660e-02 -7.86374882e-02
 -3.73803116e-02  3.46748121e-02  4.70852926e-02 -1.88710596e-02
 -5.48380986e-03  2.42066551e-02  2.94515770e-02  3.63452211e-02
 -2.24815402e-02 -1.32837638e-01 -3.80952097e-02 -8.21932405e-03
 -3.83854238e-03  9.04900506e-02  3.29112448e-03  2.69652531e-02
  7.26300105e-03 -6.19787211e-03 -5.39041460e-02  4.52548936e-02
  3.69168147e-02 -5.68728615e-03 -3.90433557e-02 -9.40530747e-02
  8.56398568e-02  7.45082856e-04 -5.91864735e-02 -7.70694241e-02
 -3.45412195e-02 -3.16641815e-02  1.75431278e-03  2.04820838e-03
  2.58951597e-02 -3.23111215e-03  1.17557067e-02  4.22310159e-02
 -2.53138673e-02 -7.61548895e-03  4.21475098e-02 -5.32659106e-02
  4.91307713e-02 -8.28805268e-02  3.91771682e-02 -1.24063948e-02
  1.19961631e-02  4.59040366e-02  1.88005678e-02 -1.91826690e-02
  7.72269741e-02 -2.58943066e-02  5.17483940e-03 -1.54945208e-02
  7.87832960e-02 -1.94479804e-02  5.96612580e-02 -2.45917663e-02
 -1.71344727e-02 -8.70810673e-02 -1.04020471e-02 -6.56213686e-02
 -7.97296166e-02  2.06255764e-02  2.44377796e-02 -1.63980164e-02
  3.74008939e-02 -1.67934727e-02  2.21008398e-02 -5.22069000e-02
  1.08391047e-02  1.20317126e-02  6.33441508e-02 -7.26897046e-02
 -8.40985849e-02 -1.19666941e-01  9.78551582e-02  1.03221610e-01
 -6.71074688e-02 -5.16255461e-02 -8.70481730e-02  7.64087811e-02
  3.47481817e-02  2.30279453e-02  3.76982912e-02  8.04624110e-02
  2.80931294e-02  1.80462494e-01 -5.90591542e-02 -5.13372385e-08
 -1.85761116e-02  1.16413655e-02 -3.25691747e-03 -4.67195958e-02
 -1.39306001e-02  2.34578550e-02 -1.54008372e-02  2.56210491e-02
 -4.79459092e-02  2.50536599e-03  4.21225578e-02 -1.37003241e-02
  2.68246210e-03  3.97363603e-02 -4.72975569e-03  7.39454776e-02
 -3.50904129e-02  9.53721106e-02 -3.33346091e-02 -7.29206949e-02
  3.16514559e-02 -1.16183683e-02  2.15241145e-02  7.81482384e-02
  4.96942252e-02 -2.30059456e-02 -3.57710384e-02  3.26149054e-02
  9.14750323e-02 -4.27938737e-02  3.98783684e-02  4.82258797e-02
  1.06344156e-01  3.31003405e-02  7.19691394e-03  1.67860128e-02
 -8.93007144e-02  3.28130536e-02  4.77366671e-02  6.27415851e-02
  8.21962208e-02  4.52405075e-03 -4.15664576e-02  4.90930043e-02
  3.15366276e-02  6.49544820e-02 -1.11705750e-01 -9.72639695e-02
 -8.86516720e-02  1.59543902e-02  3.51321958e-02 -3.23213032e-03
 -8.52626115e-02  5.98835796e-02 -6.85603544e-02  3.44578139e-02
  1.08735347e-02  2.12799776e-02  8.66815597e-02 -4.86036725e-02
 -1.58770904e-02  4.47437838e-02  3.06064431e-02  3.87723185e-02]"
86,../models/v1 Spec Examples/8.4.5 Constraining Decomposition/Vehicle Decomposition.sysml,"package 'Vehicle Decomposition' {
	doc
	/*
	 * Example from the SysML 1.6 spec, subclause 8.4.5 Constraining Decomposition.
	 */
	
	part def Vehicle {
		part chs : 'Chassis Assembly'[1] {
			part rb redefines 'Chassis Assembly'::rb;
			part redefines w {
				part redefines lb;
			}
		}
		part eng : Engine[1] {
			part cyl redefines Engine::cyl;
		}
		
		ref cylinderBR[*] = eng.cyl;
		ref rollBarBR[*] = chs.rb;
		ref lugBoltBR[24..32] = chs.w.lb;
	}
	
	part def 'Chassis Assembly' {
		part w : Wheel[4];
		part rb : RollBar[0..1];
	}
	
	part def Wheel {
		part lb : LugBolt[6..10];
	}
	
	part def LugBolt;
	
	part def RollBar;
	part def HeavyRollBar :> RollBar;
	part def LightRollBar :> RollBar;
	
	part def Engine {
		part cyl : Cylinder[4..8];
	}
	
	part def Cylinder;
	
	part def 'Vehicle Model 1' :> Vehicle {
		ref redefines cylinderBR[4];
		ref redefines rollBarBR : LightRollBar[*];
		ref redefines lugBoltBR[24];
	}
	
	part def 'Vehicle Model 2' :> Vehicle {
		ref redefines cylinderBR[6..8];
		ref redefines rollBarBR[0];
		ref redefines lugBoltBR[24..28]; // 6..7 per wheel
	}
}","Generate a SysML v2 model for a package named 'Vehicle Decomposition' that details the structure and components of vehicles. Model the main part 'Vehicle' to include a 'Chassis Assembly' and an 'Engine'. Under 'Chassis Assembly', define parts for 'Wheel' and 'RollBar', with 'Wheel' encompassing 'LugBolt' components. Create an 'Engine' composed of 'Cylinder' parts. Specify redefinitions to customize parts like the roll bars and cylinders to suit different vehicle models. Develop two derived vehicle models, 'Vehicle Model 1' and 'Vehicle Model 2', each with unique configurations for 'cylinderBR', 'rollBarBR', and 'lugBoltBR', ensuring to reflect variations in component numbers suitable for different designs while maintaining core structural integrity.","[-6.01857640e-02 -1.99194085e-02 -4.26613819e-03 -2.12713201e-02
 -1.36733716e-02 -6.66114688e-02 -2.87237857e-02  7.25604147e-02
 -2.21825521e-02 -2.24659462e-02  6.80612847e-02 -1.25477393e-03
  5.11734858e-02 -4.67550475e-03  3.49223521e-03  2.14599376e-03
 -5.72171900e-03  5.95584698e-02 -6.29889295e-02  3.30259576e-02
  3.94698903e-02 -3.52153964e-02  1.85543504e-02 -1.68741662e-02
 -1.01886787e-01 -4.27343277e-03 -1.19927665e-02  1.19114928e-01
  5.25545031e-02 -9.71700326e-02  8.72234255e-02  6.72790334e-02
 -5.24762133e-03 -1.35706915e-02  3.28313224e-02 -6.93931654e-02
  5.43350214e-03 -3.11928359e-03 -8.07789266e-02 -9.57582220e-02
 -2.05231458e-02 -5.68681806e-02 -3.08913160e-02 -6.70409948e-03
  1.23517051e-01 -4.57691541e-03 -7.40828284e-04 -6.83701225e-03
  2.46968232e-02 -2.93923840e-02 -1.02335354e-02 -2.56650634e-02
 -2.25081425e-02 -3.59985209e-03 -7.06751868e-02  3.48061919e-02
 -3.56108248e-02 -4.33267187e-03 -8.33387300e-02 -4.11833310e-03
  2.19206028e-02  4.93398532e-02 -5.15827611e-02 -3.79659012e-02
 -3.05986665e-02  2.23773681e-02 -1.07626496e-02 -4.06946056e-02
  2.85866056e-02  1.01601347e-01 -6.12151027e-02 -4.49324548e-02
 -7.18029961e-03  4.01273780e-02 -3.50090601e-02 -4.98455428e-02
  8.89873877e-02 -1.97780002e-02 -2.14646086e-02 -3.83810066e-02
 -8.02590698e-02  5.45562692e-02 -1.06985690e-02 -1.03824763e-02
  2.27442309e-02 -3.47340130e-03  6.00855723e-02  2.89156139e-02
 -1.73449684e-02  4.31454480e-02 -4.56234105e-02 -5.22819161e-03
  5.74892275e-02 -1.65139660e-02  5.54140517e-03  9.80972201e-02
  8.27164799e-02  1.62701700e-02  7.71615505e-02  1.71337798e-02
 -4.15714867e-02 -3.89088807e-03  1.09037317e-01  4.61130962e-03
 -9.39199403e-02  3.98948118e-02 -1.99660454e-02 -3.61516476e-02
 -7.81883970e-02 -8.29527527e-02  1.86106432e-02  4.57733460e-02
 -4.27356176e-02 -4.31071855e-02 -2.65245717e-02 -6.28070533e-02
 -1.69865619e-02  5.18440595e-03  4.75225933e-02 -1.79413762e-02
  3.73446308e-02 -2.60052383e-02  7.89668113e-02  2.16796249e-02
  3.83493751e-02 -5.01375906e-02 -6.35926798e-02  1.87101985e-33
 -9.31820348e-02 -2.27283072e-02 -8.43752827e-03  1.48540109e-01
 -1.38186896e-03  6.13420755e-02 -1.14347599e-02  3.81300151e-02
  1.92911495e-02  7.84796402e-02 -5.61819896e-02 -3.35790031e-02
 -5.39617240e-02 -1.21427076e-02  5.11449762e-02 -6.85932487e-02
 -6.53535947e-02  3.51234786e-02 -3.50036547e-02 -3.76343690e-02
 -4.10526730e-02  5.86659275e-03  1.60944443e-02 -6.56159967e-03
  1.07162639e-01  9.40613672e-02  7.73206875e-02 -1.73164383e-02
 -7.51415044e-02  3.09170056e-02  6.77406136e-03  1.85115635e-02
 -2.40540281e-02  9.25163925e-02 -3.10650710e-02 -7.27708917e-03
 -8.18822011e-02 -3.61912884e-02  2.68622655e-02 -6.62707753e-05
  6.62054792e-02 -1.47546753e-02 -6.76130205e-02  3.65762487e-02
 -6.48464113e-02  4.64641675e-02  4.85659689e-02  4.08670418e-02
  4.01767790e-02 -2.52824109e-02 -5.54273743e-03  8.61076824e-03
  4.26760018e-02 -3.54558006e-02 -4.34465483e-02  7.95242656e-03
  3.44651230e-02 -2.14815186e-03  1.41941666e-04  5.26728183e-02
 -8.44986439e-02  4.88937460e-02 -1.64736703e-03 -3.24856043e-02
  3.89018096e-02  3.04239430e-02 -1.20870806e-02 -5.33101074e-02
  4.44329642e-02  9.86818224e-03 -4.18912619e-02 -1.60952229e-02
  1.76487993e-02  1.04880817e-01  6.09901808e-02 -3.96590866e-02
  1.86138488e-02  2.13642567e-02 -6.39526621e-02  1.40362382e-02
 -1.14992142e-01  9.81070399e-02 -7.82485604e-02 -8.10923800e-02
  5.10512963e-02 -5.05322590e-02 -3.93643565e-02 -4.16644402e-02
 -4.83192541e-02 -6.72105774e-02 -4.62757833e-02 -5.52598760e-02
 -6.09277189e-02 -2.67863303e-04  2.03653760e-02 -3.76131780e-33
 -9.52647254e-03 -2.07997020e-02  3.68788317e-02  4.85829450e-02
 -7.67421955e-03 -5.52452914e-02 -6.71081990e-03 -6.56730533e-02
 -3.77310067e-02  5.99554591e-02  4.47670333e-02 -1.15302089e-03
  2.58720070e-02  1.68903992e-02  2.15517245e-02  3.58384177e-02
 -2.07449291e-02 -1.53332695e-01 -3.28304283e-02  2.20016744e-02
 -1.72317568e-02  7.74065480e-02 -2.08974238e-02  3.28862257e-02
  1.81028266e-02 -1.27340239e-02 -4.24021706e-02  2.96127647e-02
  4.95035760e-02 -1.72933619e-02 -3.94001976e-02 -6.86229393e-02
  6.88871369e-02 -2.68499739e-02 -6.62978590e-02 -8.99683908e-02
 -2.67105736e-02 -5.00196479e-02 -3.46202590e-02  1.68545172e-03
  1.10053792e-04 -2.46191006e-02 -2.52484325e-02  3.01720873e-02
  2.37823857e-04 -2.87159234e-02  2.66303252e-02 -4.45343852e-02
  4.45771776e-02 -7.70903006e-02  5.50357588e-02  6.46571256e-03
  1.54075874e-02 -2.14500842e-03  2.67519318e-02  1.34849455e-02
  6.50030077e-02 -4.21604551e-02  5.02732471e-02  1.73272770e-02
  8.53965506e-02 -3.79503258e-02  6.01869226e-02  3.13335680e-03
 -8.45822226e-03 -8.97843912e-02 -9.47926473e-03 -2.27216259e-02
 -5.14035225e-02  5.04707033e-03  9.84752737e-03  2.44767517e-02
  3.19232531e-02  3.14626168e-03  3.53666581e-02 -6.26136139e-02
 -2.57020388e-02  2.31852047e-02  7.41760135e-02 -4.67841364e-02
 -5.50658740e-02 -8.54413509e-02  8.80167931e-02  1.12296261e-01
 -7.82759339e-02 -4.67786305e-02 -6.70574680e-02  6.99325949e-02
  6.49399757e-02  2.19145119e-02  1.52805529e-03  1.15815908e-01
  5.01444191e-03  2.06259206e-01 -5.29479086e-02 -5.18589474e-08
 -1.06472000e-02  5.90271130e-03  2.79831979e-02 -1.47653455e-02
 -2.15599295e-02  1.11554926e-02 -5.47396690e-02  2.26848833e-02
 -3.91553380e-02 -1.96439680e-02  1.55250998e-02  7.55364308e-03
 -1.06858062e-02  6.16433769e-02 -3.46484419e-04  6.98853359e-02
 -2.59719398e-02  1.19250014e-01 -2.78108381e-02 -8.76620039e-02
  4.74737994e-02  2.77140830e-02  2.39968672e-02  6.13571852e-02
  4.79564704e-02 -6.43484965e-02 -3.10838018e-02  8.60657450e-03
  9.83480215e-02 -3.70954275e-02  2.25442592e-02  1.33071356e-02
  1.13669321e-01  3.88984345e-02  1.14649860e-02  1.06481314e-02
 -9.71471816e-02  3.36036161e-02  5.30816279e-02  2.41345614e-02
  6.36621416e-02  1.57217477e-02 -6.31332695e-02  2.63974126e-02
  3.86638008e-02  3.56685705e-02 -1.20889440e-01 -9.72292870e-02
 -7.89113417e-02  1.16526354e-02  3.71231511e-03 -5.24344435e-03
 -7.56629482e-02  7.47193620e-02 -5.62110730e-02  4.42749299e-02
  5.29359514e-03  1.91911068e-02  1.01803511e-01 -5.70519306e-02
 -4.94011156e-02  7.15312809e-02  3.40520851e-02  2.28893347e-02]"
87,../models/v1 Spec Examples/D.4.7.8 Dynamics/HSUVDynamics.sysml,"package HSUVDynamics {
	private import ScalarValues::*;
	private import SequenceFunctions::size;
	private import ControlFunctions::*;
	
	attribute def Horsepwr :> Real;
	attribute def Weight :> Real;
	attribute def Accel :> Real;
	attribute def Vel :> Real;
	attribute def Dist :> Real;
	attribute def Time :> Real;
	
	constraint def PowerEquation {
		attribute whlpwr : Horsepwr;
		attribute Cd : Real;
		attribute Cf : Real;
		attribute tw : Weight;
		attribute tp : Horsepwr;
		attribute v : Vel;
		
		tp == whlpwr - Cd * v - Cf * tw * v
	}
	
	constraint def PositionEquation {
		attribute dt : Time;
		attribute v : Vel[0..*] ordered;
		attribute x : Dist[0..*] ordered;
		
		(1..size(x)-1)->forAll {in n : Natural; x#(n + 1) == x#(n) + v#(n) * (5280/3600) * dt}
	}
	
	constraint def VelocityEquation {
		attribute dt : Time;
		attribute v : Vel[0..*] ordered;
		attribute a : Accel;
		
		(1..size(v)-1)->forAll {in n: Natural; v#(n + 1) == v#(n) + a * 32 * (3600/5280) * dt}
	}
	
	constraint def AccelerationEquation {
		attribute tw : Weight;
		attribute dt : Time;
		attribute tp : Horsepwr;
		attribute a : Accel;
		
		a == (550/32) * tp * dt * tw
	}
	
	constraint def StraightLineVehicleDynamics {
		attribute dt : Time;
		attribute whlpwr : Horsepwr;
		attribute Cd : Real;
		attribute Cf: Real;
		attribute tw : Weight;
		attribute a : Accel;
		attribute v : Vel[0..*] ordered;
		attribute x : Dist[0..*] ordered;
		
		constraint pwr : PowerEquation {
			attribute redefines whlpwr = StraightLineVehicleDynamics::whlpwr;
			attribute redefines Cd = StraightLineVehicleDynamics::Cd;
			attribute redefines Cf = StraightLineVehicleDynamics::Cf;
			attribute redefines tw = StraightLineVehicleDynamics::tw;
			attribute redefines v = vel.v;
			attribute redefines tp;
		}
		
		constraint acc : AccelerationEquation {
			attribute redefines tp = pwr.tp;
			attribute redefines tw = StraightLineVehicleDynamics::tw;
			attribute redefines dt = StraightLineVehicleDynamics::dt;
			attribute redefines a = StraightLineVehicleDynamics::a;
		}
		
		constraint vel : VelocityEquation {
			attribute redefines a = acc.a;
			attribute redefines v = StraightLineVehicleDynamics::v;
			attribute redefines dt = StraightLineVehicleDynamics::dt;
		}
		
		constraint pos : PositionEquation {
			attribute redefines v = vel.v;
			attribute redefines x = StraightLineVehicleDynamics::x;
			attribute redefines dt = StraightLineVehicleDynamics::dt;
		}
	}
		
}","Generate a SysML v2 model representing the dynamics of a high-speed vehicle in a straight line, encapsulated within the package HSUVDynamics. The model will include attributes defining crucial vehicle parameters: Horsepower, Weight, Acceleration, Velocity, Distance, and Time. Key constraints will be implemented to establish the Power, Position, Velocity, and Acceleration equations, allowing for the calculation of vehicle performance based on these attributes. 

The PowerEquation constraint will calculate the effective horsepower available for acceleration, factoring in drag coefficients and vehicle weight. The PositionEquation will derive the vehicle's distance over time given its velocity. Additionally, the VelocityEquation will define how velocity changes over time based on acceleration. Finally, the AccelerationEquation will relate acceleration to horsepower and weight. All constraints will work together in the StraightLineVehicleDynamics constraint to simulate the vehicle's behavior in a straight path, ensuring all redefined attributes consistently interact across the model.","[-4.95795645e-02  1.06992461e-02 -1.24922097e-02  3.19079086e-02
 -5.60472570e-02  5.89602534e-03 -1.04348816e-01  3.88216600e-02
 -8.18365216e-02 -4.59711030e-02  6.57614246e-02  2.43571750e-03
  6.06588461e-02 -4.37955977e-03 -5.89933991e-02  1.36234174e-02
  4.35854942e-02  8.44181105e-02 -5.69407530e-02  3.84200271e-03
  1.59218907e-01 -2.40133461e-02 -4.66682948e-03 -5.41120861e-03
 -6.52443394e-02 -3.45646255e-02 -6.06728978e-02  8.10651332e-02
 -1.87833253e-02 -6.71764910e-02  1.25359427e-02 -7.22114220e-02
  1.69513077e-02 -2.32935548e-02 -3.35075445e-02 -4.40177545e-02
  3.74926962e-02 -4.43875901e-02 -6.42040521e-02 -2.78223082e-02
 -6.62344396e-02 -1.03092477e-01 -2.44426914e-02  3.37092951e-02
  9.15357172e-02  1.17127746e-02  5.58278561e-02  1.85659472e-02
 -3.04141212e-02 -1.01163816e-02 -6.81679025e-02 -4.73110611e-03
 -1.55598279e-02 -8.02933723e-02 -3.52441892e-02  4.86943386e-02
  2.20336076e-02  4.24768813e-02 -4.28065844e-02 -6.98404759e-02
 -6.59957388e-03 -2.77291685e-02 -1.14337588e-02 -6.72832783e-03
 -7.33722523e-02 -1.61984265e-02 -2.09431946e-02  8.20030421e-02
  3.52578685e-02  9.29089859e-02 -7.81845301e-03 -3.53573188e-02
 -7.16520182e-04 -2.48350501e-02 -1.23053323e-02 -4.27607186e-02
  4.24191207e-02  3.53437141e-02  2.18423232e-02 -4.40822802e-02
 -1.57877500e-03 -1.38515402e-02 -7.81574473e-02 -9.21462756e-03
  1.76867470e-02  1.04066674e-02  3.61119658e-02  2.85398867e-02
  5.73965535e-02  6.10016771e-02  4.01644073e-02  1.20047545e-02
  5.56375347e-02 -6.88992664e-02  9.73832160e-02  5.23725748e-02
 -2.59925313e-02 -6.18625097e-02  5.38801439e-02 -2.20861528e-02
 -3.61561514e-02  3.71106602e-02  1.33454073e-02  5.56432009e-02
  9.68274567e-03  1.02876127e-01  4.89401678e-03 -4.32884134e-03
 -3.86314280e-02 -4.19748537e-02  6.85993209e-02  4.85837273e-02
  1.43828858e-02 -3.49861234e-02 -6.97272178e-03  5.07442951e-02
  1.56125461e-03 -4.78566177e-02  2.66476702e-02 -3.96782793e-02
 -7.76728243e-02 -8.23336244e-02  8.57535377e-02  3.22415233e-02
  1.00819238e-01 -6.88600168e-02 -1.51809137e-02  3.93533982e-33
 -1.49002686e-01 -1.27162159e-04  3.08278482e-02  8.57019648e-02
 -6.07146882e-02  1.46463234e-03 -6.68044388e-02  3.88183631e-02
  8.15686956e-03  7.94992074e-02 -7.40236938e-02 -3.06862034e-02
 -4.38452065e-02  6.27432168e-02  3.16075608e-02 -3.27922814e-02
  1.82014797e-03 -1.60347717e-03 -1.51756797e-02 -1.68077536e-02
  1.65363234e-02 -2.70156879e-02 -3.15650217e-02 -3.30099836e-02
  8.51434991e-02  5.66836335e-02  4.20110524e-02  1.81808826e-02
 -4.31092978e-02  2.34301351e-02  2.48444527e-02 -3.45530882e-02
 -5.59191443e-02  7.89077207e-03 -6.76019266e-02  1.83273312e-02
 -5.85760772e-02 -4.83423844e-02  9.37320217e-02  5.99708408e-02
  4.91783172e-02 -1.51936058e-02 -5.42218201e-02 -3.72837670e-03
 -1.45923898e-01  1.95388161e-02  4.08156067e-02  2.63745282e-02
 -2.58483719e-02  2.36758776e-02 -7.37790763e-02 -2.61077570e-04
  3.77193727e-02 -1.80586800e-02 -4.08670045e-02  3.46050523e-02
  6.30863160e-02  2.77331006e-02 -5.31581976e-02  1.04629271e-01
 -7.51460269e-02 -1.75960944e-03  3.46870236e-02 -9.89375189e-02
 -8.87200120e-04 -1.64479949e-02 -6.04932234e-02 -1.13373920e-02
  3.23418155e-02  6.55536726e-02  1.41140474e-02 -4.76945192e-02
 -1.52528826e-02 -2.02892851e-02  8.80163163e-02 -4.77426089e-02
 -3.02530034e-03 -2.37045367e-03 -3.61139402e-02 -3.13195959e-02
 -1.25586316e-01  1.16226897e-01 -1.74761638e-02 -5.35709225e-02
  6.92547709e-02 -1.06457639e-02 -6.02753274e-02 -4.80129160e-02
 -3.95605564e-02 -8.94093737e-02 -1.26512917e-02 -1.08729294e-02
 -1.51553284e-03  3.65627818e-02  1.00928135e-02 -5.44902243e-33
  2.04490647e-02 -7.09992414e-03  6.23431206e-02  8.17581788e-02
  5.22761717e-02  2.59229001e-02 -2.26649251e-02 -4.94502392e-03
  9.58190672e-03  1.47015471e-02  4.61646216e-03 -4.16915305e-02
  2.23353896e-02  5.08875400e-02  1.17979482e-01  4.56907712e-02
  1.53400032e-02 -1.58202410e-01 -4.09362726e-02  3.98528017e-02
  2.04069261e-02 -9.15538147e-03  3.47180739e-02 -1.84995923e-02
  4.92234044e-02 -4.74260747e-02  1.97476000e-02 -2.81788297e-02
  1.48695065e-02 -8.06074031e-03 -1.09756924e-02 -3.70412506e-02
  1.87843852e-02 -5.21469861e-03 -6.39139265e-02 -6.92809001e-02
 -5.40154986e-03 -3.02487612e-02  9.69117880e-03 -1.23968795e-02
  6.59473613e-02 -3.03302761e-02 -7.30530337e-06 -4.26680855e-02
  5.58273755e-02  5.99007197e-02  8.06122553e-03 -2.53560767e-02
  7.28683323e-02  4.12880536e-03  5.63015081e-02 -2.59685311e-02
  1.26726599e-02  1.04879618e-01  2.62350379e-03 -1.94041163e-03
  3.12595814e-02 -1.47850411e-02  1.35960104e-02 -1.28122065e-02
  1.50615303e-02 -7.95800611e-02 -6.12808799e-05  3.27325612e-02
 -7.72747770e-02 -1.06144622e-01 -2.74688452e-02 -4.00139429e-02
 -1.24676218e-02 -4.14534770e-02 -4.24712449e-02  2.39858907e-02
  3.37738395e-02  4.36774082e-02 -7.28623122e-02 -6.84835538e-02
  3.68945785e-02  4.82972935e-02  8.38851333e-02 -7.21622631e-02
 -4.06009965e-02  3.50358374e-02  9.80756730e-02  6.51500225e-02
 -1.45889416e-01  3.19443014e-03 -3.36795822e-02  3.97332162e-02
  6.35699630e-02  7.82810804e-03  9.36047081e-03  7.72215575e-02
 -2.24786680e-04  9.70689207e-02 -1.25431895e-01 -4.84064806e-08
 -4.55933623e-02 -1.54536013e-02  2.52055824e-02  1.53022725e-02
 -2.30343919e-02  9.83083397e-02 -2.06527561e-02  5.30571723e-03
 -9.17971320e-03 -5.26656210e-03  7.55918920e-02  1.95838865e-02
  3.24383043e-02  3.98162827e-02 -6.51733875e-02  6.04786798e-02
  2.67102104e-02  7.94045776e-02 -5.76795638e-03 -1.42230727e-02
  7.06717372e-02  5.01943231e-02 -4.28818651e-02  9.70936120e-02
  6.91159144e-02 -5.44050373e-02 -8.28853548e-02 -1.96696303e-04
  5.94516173e-02 -1.85630117e-02 -2.12847162e-03  3.55193838e-02
  3.98233496e-02  1.86759466e-03  3.72821726e-02  2.60988693e-03
 -7.21828490e-02  6.88616186e-02  6.22209683e-02  4.80039455e-02
  8.07418376e-02  4.33799736e-02 -2.15312317e-02 -1.08402167e-02
  7.85945579e-02  1.15937088e-02 -7.14616179e-02 -1.29075915e-01
 -6.21182062e-02  5.23935109e-02 -2.43528211e-03  4.68430445e-02
 -7.38799796e-02  5.90817742e-02 -1.79655794e-02  4.74849250e-03
 -1.45345069e-02 -3.51563320e-02  1.32298777e-02 -7.01868311e-02
  2.20235195e-02  1.63866940e-03  3.05095818e-02  4.03428217e-03]"
88,../models/Variability Examples/VehicleVariabilityModel.sysml,"package VehicleVariabilityModel {

	package DesignModel {
		public import PartDefinitions::*;
		public import PartsTree::*;
		public import ActionDefinitions::*;
		public import ActionTree::*;
	
		package PartDefinitions {
			part def Vehicle;
			
		    attribute def Diameter;
		    part def Cylinder {
		        attribute diameter : Diameter[1];
		    }
		
		    part def Engine;
		    part def Transmission;
		    part def Sunroof;
		
		    port def AutoPort;
	    }
	    
	    package PartsTree {
	    	part vehicle : Vehicle {
	    		part engine : Engine[1];
	    		part transmission : Transmission[1];
	    		part sunroof : Sunroof[0..1];
	    	}
	    	
		    part engine : Engine {
		        port autoPort : AutoPort;
		        part cylinder : Cylinder[2..*];
		    }
		    
		    part '4cylEngine' :> engine {
		    	part :>> cylinder[4];
		    }
		    
		    part '6cylEngine' :> engine {
		    	part :>> cylinder[6];
		    }
		
			part transmission : Transmission;
		    part manualTransmission :> transmission;
		    part automaticTransmission :> transmission;
	    }
	
		package ActionDefinitions {   
		    action def GenerateTorque;
		    action def AmplifyTorque;
		    action def ProvidePower;
	    }
	    
	    package ActionTree {    
		    action generateTorque4Cyl : GenerateTorque;
		    action generateTorque6Cyl : GenerateTorque;
		    
		    action amplifyTorqueManual : AmplifyTorque;
		    action amplifyTorqueAutomatic : AmplifyTorque;
	    }	
	}
		
	package '150% Model' {
		private import DesignModel::*;
	
		package PartsTree {
		
		    // Variation point definitions
		
		    variation attribute def DiameterChoices :> Diameter {
		    	variant attribute diameterSmall;
		    	variant attribute diameterLarge;
		    }
		
		    variation part def EngineChoices :> Engine {
		        variant '4cylEngine';
		        variant '6cylEngine' {
		        	variation port :>> autoPort {
		        		variant port autoPort1;
		        		variant port autoPort2;
		        	}
		        	
		        	part :>> cylinder {
		        		attribute :>> diameter : DiameterChoices;
		        	}
		        	
		          	assert constraint {
		            	(autoPort == autoPort::autoPort1 & cylinder.diameter == cylinder::diameter::diameterSmall) ^
		             	(autoPort == autoPort::autoPort2 & cylinder.diameter == cylinder::diameter::diameterLarge)
		        	}
		        }
		    }
		
		    // Part superset model
		    
		    abstract part vehicleFamily :> vehicle {
		    	// Variation point usage
		        part :>> engine : EngineChoices[1];
		        
		        // Variation point with embedded variant definitions
		        variation part :>> transmission : Transmission[1] {
		        	variant manualTransmission;
		        	variant automaticTransmission;
		        }
		        
		        assert constraint {
		            (engine == '4cylEngine' & transmission == transmission::manualTransmission) ^
		            (engine == '6cylEngine' & transmission == transmission::automaticTransmission)
		        }
		        
		        // Variation point on variant multiplicity (inherited multiplicity is [0..1]) 
		        variation part :>> sunroof {
		        	variant part withSunroof[1];
		        	variant part withoutSunroof[0];
		        }
		        
		        perform ActionTree::providePowerFamily;
		    }
		}
		
		package ActionTree {
		
		    // Action superset Model
		    
		    action providePowerFamily : ProvidePower {
		        variation action generateTorque : GenerateTorque {
		        	variant generateTorque4Cyl;
		        	variant generateTorque6Cyl;
		        }
		        
		        variation action amplifyTorque : AmplifyTorque {
		        	variant amplifyTorqueManual;
		        	variant amplifyTorqueAutomatic;
		        }
		        
			    assert constraint {
			        (generateTorque == generateTorque::generateTorque4Cyl & 
			        	amplifyTorque == amplifyTorque::amplifyTorqueManual
			        ) xor
			        (generateTorque == generateTorque::generateTorque6Cyl & 
			        	amplifyTorque == amplifyTorque::amplifyTorqueAutomatic
			        )
			    }		   
		    }		    
		}
	}
	
	package '100% Model' {
		private import '150% Model'::*;
		
		// Vehicle instance model
		
	    part vehicle4Cyl :> PartsTree::vehicleFamily {
	        part :>> engine = engine::'4cylEngine';
	        part :>> transmission = transmission::manualTransmission;
	        part :>> sunroof = sunroof::withoutSunroof;
	        
	        perform action :>> providePowerFamily {
	            action :>> generateTorque = generateTorque::generateTorque4Cyl;
	            action :>> amplifyTorque = amplifyTorque::amplifyTorqueManual;
	        }
	    }
	}
}","Generate a SysML v2 model to represent vehicle variability focusing on engine configurations and transmission types. The main package, VehicleVariabilityModel, encapsulates a DesignModel that defines parts like Vehicle, Engine, Transmission, and attributes such as Diameter. The PartsTree organizes instances of vehicles with specific configurations, allowing for variations in engine type (4-cylinder or 6-cylinder) and transmission choice (manual or automatic). The model includes ActionDefinitions for generating and amplifying torque, modeled variably by engine and transmission types. The '150% Model' introduces variation points for diameter choices and engine configurations, with constraints ensuring logical consistency. The '100% Model' creates a specific instance of a vehicle with a 4-cylinder engine and manual transmission, linking to predefined actions for power generation and torque amplification, ultimately showcasing the adaptability of the vehicle design while adhering to variability principles.","[ 2.04055253e-02  1.17329098e-02  2.38671396e-02  2.20497046e-02
 -1.33180665e-02 -3.00776977e-02 -1.99822485e-02  7.31457025e-02
 -2.65807156e-02 -2.77588554e-02  1.34104723e-02 -3.21431831e-02
  3.98001857e-02  5.07082883e-03 -3.92108224e-02  2.31047889e-04
  7.74929002e-02  1.80534013e-02 -9.29754153e-02  4.07375069e-03
  7.91861042e-02  1.62662435e-02  2.10636146e-02  1.61487069e-02
 -5.74752055e-02 -4.66924310e-02 -5.75983487e-02  1.00658350e-01
  3.03545985e-02 -1.07988954e-01 -1.87045839e-02  6.88257515e-02
 -2.27884818e-02 -2.48174332e-02 -2.29995251e-02 -1.35740042e-02
 -3.44731193e-03 -4.65566702e-02  1.57574806e-02  1.95162569e-03
 -2.11668364e-03 -5.01489788e-02 -5.99279394e-03  4.22736928e-02
  6.04532808e-02  1.20222317e-02 -2.74873916e-02 -1.52690439e-02
  6.71366695e-03 -4.11499776e-02 -3.83942313e-02 -3.33577208e-02
 -1.65947862e-02 -1.97030548e-02 -4.50524129e-02  1.96714886e-02
 -3.21443193e-02 -9.30090342e-03 -9.28489715e-02 -5.28732613e-02
  5.08035496e-02  7.39970524e-03 -8.13926011e-02 -2.92812306e-02
 -1.56821660e-03  3.57022695e-03 -3.15900631e-02 -1.64877754e-02
  4.67453450e-02  1.03905322e-02 -4.29838933e-02 -1.05153378e-02
 -3.59141789e-02  3.17007042e-02  1.30329048e-03 -1.54086752e-02
  8.30727518e-02  1.46806706e-02  1.05319610e-02 -4.73647751e-02
 -8.16211104e-02  5.43425977e-02 -1.10071860e-02 -3.52000743e-02
  2.03317422e-02 -3.35214399e-02  8.45472068e-02 -1.72615778e-02
  2.53060162e-02  4.21985909e-02 -8.97985101e-02  1.03482278e-02
  4.27608676e-02 -3.15875523e-02  4.70212549e-02  1.05925344e-01
  2.58208867e-02 -5.14832996e-02  8.38476345e-02  2.31955685e-02
  1.71007402e-02  6.59945086e-02  9.38945562e-02 -9.90136527e-03
 -3.90070640e-02 -2.95187254e-02 -4.18112241e-02  3.70596685e-02
 -6.08218610e-02 -6.71085045e-02 -4.18261014e-04  4.49056402e-02
 -6.23783050e-03 -6.79743066e-02 -1.64271761e-02 -8.50313082e-02
 -3.23745720e-02 -1.96593273e-02  4.35182378e-02 -2.13249237e-04
  4.90426924e-03 -6.00248538e-02  4.63775471e-02  3.71681452e-02
  1.08740941e-01 -4.58122678e-02 -3.25697400e-02  3.35519075e-33
 -6.18203767e-02 -3.26466486e-02  2.16342509e-02  1.54496416e-01
  8.75258539e-03  8.01727995e-02 -2.45455876e-02  1.79199073e-02
  2.47042831e-02  4.45080847e-02 -5.84351234e-02 -5.61420666e-03
 -5.11479452e-02  6.35340884e-02  1.02074362e-01 -3.59856598e-02
 -5.53106032e-02  4.23376821e-02 -2.92151030e-02 -6.26017079e-02
  7.07115047e-03  4.52982560e-02 -2.76529938e-02  7.09634274e-03
  7.14396536e-02  6.06939457e-02  6.18150905e-02  2.53440607e-02
 -1.37823209e-01  3.83380465e-02  2.37472309e-03  3.62325050e-02
 -3.37894931e-02 -1.93657354e-03 -3.57923396e-02 -3.60702276e-02
 -2.63283923e-02 -5.78455292e-02  6.84488490e-02 -1.95180848e-02
  4.61273678e-02  1.11640999e-02 -4.55081724e-02 -1.03777682e-03
 -1.19108051e-01  2.64516659e-02  8.56610909e-02  5.47485463e-02
 -5.22704003e-03  1.56558845e-02  6.41869905e-04  1.06364768e-03
  1.04252242e-01 -2.51990892e-02 -5.34352250e-02  2.86794417e-02
  1.85461510e-02  6.35377131e-03  2.69327918e-03  8.84225816e-02
 -9.86141413e-02  3.49676833e-02  3.18179950e-02 -3.66610028e-02
  6.06525987e-02  5.17959259e-02 -4.84226551e-03 -1.09792627e-01
  3.03648170e-02  8.57792199e-02 -4.92953658e-02 -5.66000678e-02
 -4.01905812e-02  4.18890081e-02  1.69182811e-02 -5.04568070e-02
  3.29625867e-02  2.34796992e-03 -2.82599032e-02 -8.98794457e-03
 -1.77920744e-01  1.15654133e-01 -3.07287984e-02 -4.10816371e-02
  1.70447771e-02 -4.31878828e-02  2.77573969e-02 -2.79507264e-02
 -5.26134111e-02 -7.09281489e-02  3.10085528e-02 -3.46053205e-02
  5.89843467e-03  3.86593677e-02  2.47596260e-02 -4.21980542e-33
 -3.79626788e-02 -3.87624418e-03  1.44247501e-03  7.61328116e-02
  1.97556913e-02 -4.04172018e-02 -1.70424189e-02 -2.82696355e-03
 -1.44786388e-02  6.10504039e-02  5.28028533e-02 -9.10561252e-03
  2.74723899e-02  1.16529306e-02 -3.14892083e-02  2.90095601e-02
 -4.18071635e-03 -1.55613303e-01 -1.95751898e-02  6.29403815e-02
  4.92087118e-02  7.08006993e-02 -1.89353991e-02 -2.60151140e-02
  2.78714709e-02 -2.35475916e-02 -1.00627698e-01  8.48266948e-03
 -2.85478961e-02 -2.79570892e-02 -1.92394014e-02 -5.31304292e-02
  4.98067476e-02 -1.87456273e-02 -9.72504765e-02 -8.30666721e-02
 -2.45556999e-02  1.21276360e-02  3.65817025e-02  7.77171031e-02
 -2.02774629e-02 -3.32173519e-02 -4.05763462e-02  3.53109948e-02
  8.66251998e-03  1.00552225e-02  9.57954824e-02 -1.17485650e-01
  5.54655753e-02 -4.41242866e-02  8.07353631e-02  8.14500917e-03
  8.30137208e-02  4.18242104e-02 -2.09814385e-02 -1.48145854e-02
 -3.02881212e-03 -5.50898723e-02  4.49906215e-02  5.93784191e-02
  6.17128573e-02 -5.48543893e-02  5.55123128e-02 -4.60918844e-02
 -6.56472668e-02 -9.12574157e-02 -7.68313110e-02 -6.86087310e-02
  3.05067678e-03  3.84365837e-03  1.21718114e-02  1.08552305e-02
  4.76806723e-02 -8.93170293e-03 -2.85263769e-02 -6.85452968e-02
  8.37108400e-03  1.74910831e-03  6.70804977e-02 -2.59216633e-02
 -7.95622766e-02 -1.59571432e-02  2.68177688e-02  5.65538220e-02
 -6.71673566e-02 -4.94489372e-02 -2.95112114e-02  1.07237928e-01
  6.47788793e-02  2.56100926e-03  8.96608643e-03  6.73093647e-02
  4.69864532e-03  1.81416735e-01 -7.32911825e-02 -4.83501275e-08
  1.95571017e-02  2.76585426e-02  5.04999869e-02  8.35027173e-03
 -5.89459715e-03  6.38017952e-02 -4.13216054e-02  2.88888421e-02
 -3.06330193e-02  6.68787584e-02  7.49077275e-02 -2.71201134e-03
 -3.68273370e-02  1.91917159e-02  8.49291496e-03  2.63812281e-02
  9.58316401e-03  1.06719822e-01 -5.39012887e-02 -4.41497192e-02
  8.33320245e-02  3.15757981e-03 -5.27351350e-02  3.76932919e-02
  1.36062831e-01 -5.48740141e-02 -6.18989812e-03  4.90642227e-02
  1.87316667e-02 -1.56906378e-02  2.12955214e-02  3.14606167e-02
  6.85858503e-02  7.70467892e-02 -3.94223705e-02  8.63047838e-02
 -7.50868544e-02  3.17204371e-02 -1.71585381e-02 -4.26458754e-02
  7.05517679e-02 -4.50276136e-02 -3.30408737e-02  6.49091601e-02
 -1.95261035e-02  3.75996269e-02 -5.94653822e-02 -1.02837078e-01
 -4.03061211e-02  3.53902578e-02  1.17830243e-02  1.31759346e-02
 -5.59330396e-02  7.09267184e-02 -4.85029034e-02  6.19409122e-02
  2.40305420e-02 -4.04763967e-02 -5.26035612e-04 -7.06135035e-02
  1.02491090e-02  8.76350328e-02 -3.87183577e-03 -1.41383912e-02]"
89,../models/Vehicle Example/SysML v2 Spec Annex A SimpleVehicleModel.sysml,"package SimpleVehicleModel{
    // 2023-02 release
    public import Definitions::*;  
    public import ISQ::*;
    package Definitions{
        public import PartDefinitions::*;
        public import PortDefinitions::*;
        public import ItemDefinitions::*;
        public import SignalDefinitions::*;
        public import InterfaceDefinitions::*;
        public import AllocationDefinitions::*;
        public import ActionDefinitions::*;
        public import StateDefinitions::*;
        public import RequirementDefinitions::*;
        public import AttributeDefinitions::*;
        public import IndividualDefinitions::*;
        public import MetadataDefinitions::**;
        public import KeyWord_MetadataDefinitions::*;
        package PartDefinitions{
            part def Vehicle {
                attribute mass :> ISQ::mass;
                attribute dryMass:>ISQ::mass;
                attribute cargoMass:>ISQ::mass;
                attribute position:>ISQ::length;
                attribute velocity:>ISQ::speed;
                attribute acceleration:>ISQ::acceleration;
                attribute electricalPower:>ISQ::power;
                attribute Tmax:>ISQ::temperature;
                attribute maintenanceTime: Time::DateTime; 
                attribute brakePedalDepressed: Boolean;
                port ignitionCmdPort:IgnitionCmdPort;
                port pwrCmdPort:PwrCmdPort;
                port vehicleToRoadPort:VehicleToRoadPort;
                port statusPort:StatusPort;
                perform action providePower;
                perform action provideBraking;
                perform action controlDirection;
                perform action performSelfTest;
                perform action applyParkingBrake;
                perform action senseTemperature;
                exhibit state vehicleStates parallel {
                    ref controller : VehicleController;
                    state operatingStates {
                        entry action initial;
                        state off;                    
                        state starting;                    
                        state on {
                            entry performSelfTest;
                            do providePower;
                            exit applyParkingBrake;
                            constraint {electricalPower<=500[W]}
                        }

                        transition initial then off;

                        transition off_To_starting
                            first off
                            accept ignitionCmd:IgnitionCmd via ignitionCmdPort
                                if ignitionCmd.ignitionOnOff==IgnitionOnOff::on and brakePedalDepressed
                            do send StartSignal() to controller
                            then starting;
                        
                        transition starting_To_on
                            first starting
                            accept VehicleOnSignal
                            then on;
                        
                        transition on_To_off
                            first on
                            accept VehicleOffSignal
                            do send OffSignal() to controller
                            then off;
                    }

                    state healthStates {
                        entry action initial;
                        do senseTemperature{
                            out temp;
                        }

                        state normal;
                        state maintenance;
                        state degraded;                    

                        transition initial then normal;

                        transition normal_To_maintenance
                            first normal
                            accept at maintenanceTime
                            then maintenance;

                        transition normal_To_degraded
                            first normal
                            accept when senseTemperature.temp > Tmax 
                            do send OverTemp() to controller
                            then degraded;

                        transition maintenance_To_normal
                            first maintenance
                            accept ReturnToNormal
                            then normal;

                        transition degraded_To_normal
                            first degraded
                            accept ReturnToNormal
                            then normal;
                    }
                }
            }
            part def Engine{
                attribute mass :> ISQ::mass;
                attribute peakHorsePower:>ISQ::power;
                attribute fuelEfficiency:Real;
                attribute cost:Real;
                attribute displacement :> ISQ::volume;
                port engineControlPort: ~ControlPort;
                port fuelInPort: ~ FuelPort;
                port fuelCmdPort:FuelCmdPort;
                port drivePwrPort:DrivePwrPort;
                port ignitionCmdPort:IgnitionCmdPort;
                port flyWheelPort;
                perform action generateTorque;
                exhibit state engineStates{
                    state off;
                    state starting;
                    state on{
                        do generateTorque;
                    }
                }
            }
            part def StarterMotor{
                port gearPort:GearPort;
            }
            part def Cylinder;
            part def Transmission{
                attribute gearRatio:Real;
                port clutchPort:~DrivePwrPort;
                exhibit state transmissionStates;
            }
            part def Driveshaft;
            part def AxleAssembly;
            part def Axle{
                attribute mass:>ISQ::mass;
            }
            part def FrontAxle:>Axle{
                attribute steeringAngle:>ISQ::angularMeasure;
            }
            part def HalfAxle{
                port shankCompositePort:ShankCompositePort{
                }
            }
            part def Differential;
            part def Wheel{
                attribute diameter:LengthValue;
                port lugNutCompositePort:LugNutCompositePort;
            }
            part def Hub{
                port shankCompositePort:ShankCompositePort;
            }
            abstract part def Software;
            part def VehicleSoftware:>Software;
            part def VehicleController:>Software {
                port controlPort:ControlPort;
                exhibit state controllerStates parallel {
                    state operatingStates {
                        entry action initial; 
                        state off;
                        state on;    
                        transition initial then off;
                        transition 'off-on'
                            first off
                            accept StartSignal
                            then on;
                        transition 'on-off'
                            first on
                            accept OffSignal
                            then off;
                    }
                }  
            }
            part def CruiseController:>Software {
                port setSpeedPort:~SetSpeedPort;
                port speedSensorPort:~SpeedSensorPort;
                port cruiseControlPort:CruiseControlPort;
                exhibit state cruiseControllerStates;
            }
            part def SpeedSensor{
                port speedSensorPort:SpeedSensorPort;
            }
            part def FuelTank{
                attribute mass :> ISQ::mass;
                ref item fuel:Fuel{
                    attribute :>> fuelMass;
                }
                attribute fuelKind:FuelKind;
                attribute fuelMassMax:>ISQ::mass;
                assert constraint fuelConstraint {fuel.fuelMass<=fuelMassMax}
                port fuelOutPort:FuelPort;
                port fuelInPort:~FuelPort;
            }
            part def BodyAssy;
            part def Body{
                attribute color:Colors;
            }
            part def Thermostat;
            part def WaterHose;
            part def Road{
                attribute incline:Real;
                attribute friction:Real;
            }
            part def Engine4Cyl;
            part def Engine6Cyl;
            part def TransmissionChoices;
            part def TransmissionAutomatic;
            part def TransmissionManual;
            part def Sunroof;
            
            //logical Components
            part def ElectricalGenerator;
            part def TorqueGenerator;
            part def SteeringSubsystem;
            part def BrakingSubsystem;
        }
        package PortDefinitions{
            port def IgnitionCmdPort{
                in item ignitionCmd:IgnitionCmd;
            }
            port def StatusPort;
            port def GearPort;
            port def PwrCmdPort{
                in item pwrCmd:PwrCmd;
            }
            port def FuelCmdPort:>PwrCmdPort{
                in item fuelCmd:FuelCmd redefines pwrCmd;
            }
            port def FuelPort{
                out item fuel:Fuel;
            }
            port def DrivePwrPort{
                out torque:Torque;
            }
            port def ShaftPort_a;
            port def ShaftPort_b;
            port def ShaftPort_c;
            port def ShaftPort_d;
            port def DiffPort;
            port def AxlePort;
            port def AxleToWheelPort;
            port def WheelToAxlePort;
            port def WheelToRoadPort;

            port def LugNutCompositePort{
                port lugNutPort:LugNutPort [*];
            }
            port def ShankCompositePort{
                port shankPort:ShankPort [*];
            }
            port def LugNutPort{
                attribute threadDia;
                attribute threadPitch;
            }
            port def ShankPort{
                attribute threadDia;
                attribute threadPitch;   
                attribute shaftLength;
            }
            
            port def VehicleToRoadPort;
            port def ControlPort;
            port def CruiseControlPort:>ControlPort;
            port def SpeedSensorPort;
            port def SetSpeedPort;

            port def DriverCmdPort{
                out item driverCmd[*]:DriverCmd;
            }
            port def HandPort :> DriverCmdPort {
                out item ignitionCmd:IgnitionCmd subsets driverCmd;
                out item pwrCmd:PwrCmd subsets driverCmd;
            }  
        }
        package ItemDefinitions{
            item def PwrCmd{
                attribute throttleLevel:Real;
            }
            item def FuelCmd:>PwrCmd;
            item def Fuel{
                attribute fuelMass:>ISQ::mass;
            }
            item def SensedSpeed{
                attribute speed:>ISQ::speed;
            }
        }
        package SignalDefinitions{
            item def Cmd{
            }
            item def DriverCmd;
            item def IgnitionCmd:>DriverCmd{
                attribute ignitionOnOff:IgnitionOnOff;
            }
            item def EngineStatus;
            
            attribute def VehicleStartSignal;
            attribute def VehicleOnSignal;
            attribute def VehicleOffSignal;
            attribute def StartSignal;
            attribute def OffSignal;
            attribute def OverTemp;
            attribute def ReturnToNormal;
            attribute def SetSpeed:>Real;
        }
        package InterfaceDefinitions{
            interface def EngineToTransmissionInterface{
                end p1:DrivePwrPort;
                end p2:~DrivePwrPort;
                flow p1.torque to p2.torque;
            }
            interface def FuelInterface {
                end fuelOutPort:FuelPort;
                end fuelInPort:~FuelPort;
                flow of Fuel from fuelOutPort.fuel to fuelInPort.fuel;
            }
            
            interface def WheelFastenerInterface{
                end lugNutPort:LugNutPort;
                end shankPort:ShankPort;
                attribute maxTorque : Torque;
                constraint {lugNutPort.threadDia == shankPort.threadDia}
            }
            interface def WheelHubInterface{
                end lugNutCompositePort:LugNutCompositePort;
                end shankCompositePort:ShankCompositePort;
                interface wheelFastenerInterface:WheelFastenerInterface [5]
                    connect lugNutCompositePort.lugNutPort to shankCompositePort.shankPort;
            }
        }
        package AllocationDefinitions{
            allocation def LogicalToPhysical{
                end #logical logicalEnd;
                end #physical physicalEnd;
            }
        }
        package ActionDefinitions{
            action def ProvidePower {
                in item pwrCmd:PwrCmd;
                out wheelToRoadTorque:Torque[2];
            }
            action def GenerateTorque {
                in item fuelCmd:FuelCmd;
                out engineTorque:Torque;
            }
            action def AmplifyTorque {
                in engineTorque:Torque;
                out transmissionTorque:Torque;
            }
            action def TransferTorque {
                in transmissionTorque:Torque;
                out driveshaftTorque:Torque;
            }
            action def DistributeTorque {
                in driveshaftTorque:Torque;
                out wheelToRoadTorque:Torque[2];
            }
            action def PerformSelfTest;
            action def ApplyParkingBrake;
            action def SenseTemperature{
                out temp: ISQ::TemperatureValue;
            }
        }    
        package StateDefinitions {
            state def VehicleStates;
            state def ControllerStates;  
            state def CruiseControllerStates;
        }
        package RequirementDefinitions{
            requirement def MassRequirement{
                doc /*The actual mass shall be less than the required mass*/
                attribute massRequired:>ISQ::mass;
                attribute massActual:>ISQ::mass;
                require constraint {massActual<=massRequired}
            }
            requirement def ReliabilityRequirement{
                doc /*The actual reliability shall be greater than the required reliability*/
                attribute reliabilityRequired:Real;
                attribute reliabilityActual:Real;
                require constraint {reliabilityActual>=reliabilityRequired}
            }
            requirement def TorqueGenerationRequirement {
                doc /* The engine shall generate torque as a function of RPM as shown in Table 1. */
                subject generateTorque:ActionDefinitions::GenerateTorque;
            }
            requirement def DrivePowerOutputRequirement { 
                doc /* The engine shall provide a connection point to transfer torque to the transmission.*/
            }
            requirement def FuelEconomyRequirement {
                doc /* The vehicle shall maintain an average fuel economomy of at least x miles per gallon for the nominal 
                driving scenario */
                attribute actualFuelEconomy :> distancePerVolume;
                attribute requiredFuelEconomy :> distancePerVolume;
                require constraint {actualFuelEconomy >= requiredFuelEconomy}
            }
        }
        package AttributeDefinitions{
            public import ScalarValues::*;
            public import Quantities::*;
            public import MeasurementReferences::DerivedUnit;
            public import SIPrefixes::kilo;
            // Numerical Functions provides basic operators such as Sum expression
            public import NumericalFunctions::*;
            public import SI::*;
            public import USCustomaryUnits::*;
            alias Torque for ISQ::TorqueValue;
            
            enum def Colors {black;grey;red;}
            enum def DiameterChoices:>ISQ::LengthValue{
                enum = 60 [mm];
                enum = 80 [mm];
                enum = 100 [mm];
            }
            attribute cylinderDiameter: DiameterChoices = 80 [mm]; 
            enum def IgnitionOnOff {on;off;}
            enum def FuelKind {gas;diesel;}

            distancePerVolume :> scalarQuantities = distance / volume;
            timePerDistance :> scalarQuantities = time / distance;
            volumePerDistance :> scalarQuantities = volume / distance;
            volumePerTime :> scalarQuantities = volume / time;
            
            // kpl is approx .425 * mpg
            kpl : DerivedUnit = km / L;
            rpm : DerivedUnit = 1 / SI::min;
            kW : DerivedUnit = kilo * W;
            
        }
        package IndividualDefinitions{
            individual def VehicleRoadContext_1:>GenericContext::Context;
            individual def Vehicle_1:>Vehicle;
            individual def FrontAxleAssembly_1:>AxleAssembly;
            individual def FrontAxle_1:>FrontAxle;
            individual def Wheel_1:>Wheel;
            individual def Wheel_2:>Wheel;
            individual def RearAxleAssembly_1:>AxleAssembly;
            individual def Road_1:>Road;
        }
        package MetadataDefinitions { 
            public import AnalysisTooling::*;   
            metadata def Safety {
                attribute isMandatory : Boolean;
            }
            metadata def Security;
        }
        package KeyWord_MetadataDefinitions{
            public import Metaobjects::SemanticMetadata;
            
            // the following is used to define the key word failureMode
            state failureModes[*] nonunique;
            
            // with alias <fm>
            metadata def <fm> failureMode :> SemanticMetadata {
                :>> baseType = failureModes meta SysML::StateUsage;
            }
            
            occurrence logicalOccurrences [*] nonunique;
            
            metadata def <l> logical :> SemanticMetadata {
                :>> baseType = logicalOccurrences meta SysML::Usage;
            }
            
            occurrence physicalOccurrences [*] nonunique;
            
            metadata def <p> physical :> SemanticMetadata {
                :>> baseType = physicalOccurrences meta SysML::Usage;
            }  
        }
        package GenericContext {

            part def Context {
                attribute time:TimeValue;
                attribute spatialCF: CartesianSpatial3dCoordinateFrame[1] { :>> mRefs = (m, m, m); }
                attribute velocityCF: CartesianVelocity3dCoordinateFrame[1] = spatialCF/s;
                attribute accelarationCF: CartesianAcceleration3dCoordinateFrame[1] = velocityCF/s;
            }
        }
    }

    package VehicleLogicalConfiguration{
        package PartsTree{
            #logical part vehicleLogical:Vehicle{
                part torqueGenerator:TorqueGenerator{
                    action generateTorque;
                }
                part electricalGenerator:ElectricalGenerator{
                    action generateElectricity;
                }
                part steeringSystem:SteeringSubsystem;
                part brakingSubsystem:BrakingSubsystem;
            }
        }
    }
    package VehicleLogicalToPhysicalAllocation{
        public import VehicleConfigurations::VehicleConfiguration_b::PartsTree::**;
        public import VehicleLogicalConfiguration::PartsTree::*;

        allocation vehicleLogicalToPhysicalAllocation:LogicalToPhysical
            allocate vehicleLogical to vehicle_b{
                allocate vehicleLogical.torqueGenerator to vehicle_b.engine{
                    allocate vehicleLogical.torqueGenerator.generateTorque to vehicle_b.engine.generateTorque;
                }
                allocate vehicleLogical.electricalGenerator to vehicle_b.engine{
                    allocate vehicleLogical.electricalGenerator.generateElectricity to vehicle_b.engine.alternator.generateElectricity;
                }
            }
    } 
    package VehicleConfigurations{
        package VehicleConfiguration_a{
            package PartsTree{
                part vehicle_a:Vehicle{
                    attribute mass redefines Vehicle::mass=dryMass+cargoMass+fuelTank.fuel.fuelMass;
                    attribute dryMass redefines Vehicle::dryMass=sum(partMasses);
                    attribute redefines Vehicle::cargoMass=0 [kg];
                    attribute partMasses [*] nonunique :>ISQ::mass;
                    part fuelTank:FuelTank{
                        attribute redefines mass=75[kg];
                        ref item redefines fuel{
                            attribute redefines fuelMass=50[kg];
                        }   
                    }
                    part frontAxleAssembly:AxleAssembly{
                        attribute mass :> ISQ::mass=800[kg];
                        part frontAxle:Axle;
                        part frontWheels:Wheel[2];
                    }
                    part rearAxleAssembly:AxleAssembly{
                        attribute mass :> ISQ::mass=875[kg];
                        attribute driveTrainEfficiency:Real = 0.6;
                        part rearAxle:Axle;
                        part rearWheels:Wheel[2]{
                            attribute redefines diameter;
                        }
                    }
                }
            }
            package ActionTree{  
            }
            package Requirements{
            }
        }
        package VehicleConfiguration_b{
            //Shapes library for simple geometry
            public import ShapeItems::Box;
            public import ParametersOfInterestMetadata::mop;
            public import ModelingMetadata::*; // incudes status info
            
            package PartsTree{
                part vehicle_b : Vehicle{
                    #mop attribute mass redefines mass=dryMass+cargoMass+fuelTank.fuel.fuelMass;
                    attribute dryMass redefines dryMass=sum(partMasses);
                    attribute redefines cargoMass default 0 [kg];
                    attribute partMasses=(fuelTank.mass,frontAxleAssembly.mass,rearAxleAssembly.mass,engine.mass,transmission.mass,driveshaft.mass);
                    attribute avgFuelEconomy :> distancePerVolume;
                    port fuelCmdPort: FuelCmdPort redefines pwrCmdPort {
                        in item fuelCmd redefines pwrCmd;
                    }
                    port setSpeedPort:~SetSpeedPort;
                    port vehicleToRoadPort redefines vehicleToRoadPort{
                        port wheelToRoadPort1:WheelToRoadPort;
                        port wheelToRoadPort2:WheelToRoadPort;
                    }
                    perform ActionTree::providePower redefines providePower;
                    perform ActionTree::performSelfTest redefines performSelfTest;
                    perform ActionTree::applyParkingBrake redefines applyParkingBrake;
                    perform ActionTree::senseTemperature redefines senseTemperature;
                    exhibit state vehicleStates redefines vehicleStates;
                    
                    // Example vehicle with simple enveloping shape that is a solid 
                    item :> envelopingShapes : Box[1] {
                        length1:>> length = 4800 [mm];
                        width1:>> width = 1840 [mm];
                        height1:>> height = 1350 [mm];
                    }
                    
                    part fuelTank:FuelTank{
                        attribute redefines mass=75[kg];
                        ref item redefines fuel{
                            attribute redefines fuelMass=60[kg];
                        }
                        attribute redefines fuelMassMax=60 [kg];
                    }
                    part frontAxleAssembly:AxleAssembly{
                        attribute mass :> ISQ::mass=800[kg];
                        port shaftPort_d:ShaftPort_d;
                        part frontAxle:FrontAxle;
                        part frontWheels:Wheel[2];
                    }
                    
                    part rearAxleAssembly:AxleAssembly{
                        attribute mass :> ISQ::mass=875[kg];
                        attribute driveTrainEfficiency:Real = 0.6;
                        port shaftPort_d:ShaftPort_d;
                        perform providePower.distributeTorque;
                        part rearWheel1:Wheel{
                            attribute redefines diameter;
                            port wheelToRoadPort:WheelToRoadPort;
                            port lugNutCompositePort :>> lugNutCompositePort{
                                port lugNutPort :>> lugNutPort [5];
                            }
                        }
                        part rearWheel2:Wheel{
                            attribute redefines diameter;
                            port wheelToRoadPort:WheelToRoadPort;
                            port lugNutCompositePort :>> lugNutCompositePort{
                                port lugNutPort :>> lugNutPort [5];
                            }
                        }
                        part differential:Differential{
                            port shaftPort_d:ShaftPort_d;
                            port leftDiffPort:DiffPort;
                            port rightDiffPort:DiffPort;
                        }
                        part rearAxle{
                            part leftHalfAxle:HalfAxle{
                                port leftAxleToDiffPort:AxlePort;
                                port shankCompositePort :>> shankCompositePort{
                                    port shankPort :>> shankPort [5];
                                }
                            }
                            part rightHalfAxle:HalfAxle{
                                port rightAxleToDiffPort:AxlePort;
                                port shankCompositePort :>> shankCompositePort {
                                    port shankPort :>> shankPort [5];
                                }
                            }
                        }
                        
                        bind shaftPort_d=differential.shaftPort_d;
                        connect differential.leftDiffPort to rearAxle.leftHalfAxle.leftAxleToDiffPort;
                        connect differential.rightDiffPort to rearAxle.rightHalfAxle.rightAxleToDiffPort;
                        
                        interface wheelToleftHalAxleInterface:WheelHubInterface 
                            connect [1] rearWheel1.lugNutCompositePort to [1] rearAxle.leftHalfAxle.shankCompositePort;
                        interface wheelTorightHalAxleInterface:WheelHubInterface
                            connect [1] rearWheel2.lugNutCompositePort to [1] rearAxle.rightHalfAxle.shankCompositePort;
                        
                    }
                    part starterMotor:StarterMotor;
                    part engine:Engine{
                        perform providePower.generateTorque redefines generateTorque;            
                        part cylinders:Cylinder[4..6];
                        part alternator{
                            action generateElectricity;
                        }
                        satisfy Requirements::engineSpecification by vehicle_b.engine{
                            requirement torqueGenerationRequirement :>> torqueGenerationRequirement{
                                subject generateTorque redefines generateTorque = vehicle_b.engine.generateTorque;
                            }
                            requirement drivePowerOuputRequirement :>> drivePowerOutputRequirement{
                                port torqueOutPort redefines torqueOutPort=vehicle_b.engine.drivePwrPort;
                            }
                        } 
                    }
                    part transmission:Transmission{
                        attribute mass :> ISQ::mass=100[kg];
                        port shaftPort_a:ShaftPort_a;
                        perform providePower.amplifyTorque;
                    }
                    part driveshaft:Driveshaft{
                        attribute mass :> ISQ::mass=100[kg];
                        port shaftPort_b:ShaftPort_b;
                        port shaftPort_c:ShaftPort_c;
                        perform providePower.transferTorque;
                    }
                    part vehicleSoftware:VehicleSoftware{
                        part vehicleController: VehicleController {
                            exhibit state controllerStates redefines controllerStates;
                            part cruiseController:CruiseController;
                        }
                    }
                    part speedSensor:SpeedSensor;
                    
                    // parts in bodyAssy and interioer are marked as safety or security features
                    part bodyAssy:BodyAssy{
                        part body:Body{
                            attribute :>> color = Colors::red;  
                        }
                        part bumper {@Safety{isMandatory = true;}}
                        part keylessEntry {@Security;}
                    }
                    part interior {
                        part alarm {@Security;}
                        part seatBelt[2] {@Safety{isMandatory = true;}}
                        part frontSeat[2];
                        part driverAirBag {@Safety{isMandatory = false;}}
                    }
                    
                    //connections
                    bind engine.fuelCmdPort=fuelCmdPort;

                    interface engineToTransmissionInterface:EngineToTransmissionInterface
                        connect engine.drivePwrPort to transmission.clutchPort;
                
                    interface fuelInterface:FuelInterface
                        connect fuelTank.fuelOutPort to engine.fuelInPort;

                    allocate ActionTree::providePower.generateToAmplify to engineToTransmissionInterface;
                    
                    bind engine.ignitionCmdPort=ignitionCmdPort;
                    connect starterMotor.gearPort to engine.flyWheelPort;
                    connect vehicleSoftware.vehicleController.controlPort to engine.engineControlPort;
                    bind vehicle_b.setSpeedPort = vehicleSoftware.vehicleController.cruiseController.setSpeedPort;
                    connect speedSensor.speedSensorPort to vehicleSoftware.vehicleController.cruiseController.speedSensorPort;
                    bind vehicleSoftware.vehicleController.cruiseController.cruiseControlPort = vehicleSoftware.vehicleController.controlPort;
                    connect transmission.shaftPort_a to driveshaft.shaftPort_b; 
                    connect driveshaft.shaftPort_c to rearAxleAssembly.shaftPort_d;
                    bind rearAxleAssembly.rearWheel1.wheelToRoadPort=vehicleToRoadPort.wheelToRoadPort1;
                    bind rearAxleAssembly.rearWheel2.wheelToRoadPort=vehicleToRoadPort.wheelToRoadPort2;
                    
                    satisfy Requirements::vehicleSpecification by vehicle_b{
                        requirement vehicleMassRequirement:>>vehicleMassRequirement{
                            attribute redefines massActual=vehicle_b.mass;
                            attribute redefines fuelMassActual = vehicle_b.fuelTank.fuel.fuelMass;
                        }
                    }
                }
            }
            package ActionTree{
                action providePower:ProvidePower{
                    in item fuelCmd:FuelCmd redefines pwrCmd;
                    out wheelToRoadTorque redefines wheelToRoadTorque [2] = distributeTorque.wheelToRoadTorque;
                    action generateTorque:GenerateTorque {
                        in item = providePower.fuelCmd;
                    }
                    action amplifyTorque:AmplifyTorque;
                    action transferTorque:TransferTorque;
                    action distributeTorque:DistributeTorque;
                    
                    //named flow
                    flow generateToAmplify from generateTorque.engineTorque to amplifyTorque.engineTorque;
                    //unnamed flows
                    flow amplifyTorque.transmissionTorque to transferTorque.transmissionTorque;
                    flow transferTorque.driveshaftTorque to distributeTorque.driveshaftTorque;
                }
                action performSelfTest: PerformSelfTest;
                action applyParkingBrake: ApplyParkingBrake;
                action senseTemperature: SenseTemperature;
            }                   
            package DiscreteInteractions{
                package Sequence{
                    part def Driver{
                        port p1;
                        port p2;
                    }

                    part part0{
                        perform action startVehicle{
                            action turnVehicleOn send ignitionCmd via driver.p1{
                                in ignitionCmd:IgnitionCmd;
                            }
                            action trigger1 accept ignitionCmd:IgnitionCmd via vehicle.ignitionCmdPort;
                            flow of IgnitionCmd from trigger1.ignitionCmd to startEngine.ignitionCmd;
                            action startEngine{
                                in item ignitionCmd:IgnitionCmd; 
                                out item es:EngineStatus;
                            }
                            flow of EngineStatus from startEngine.es to sendStatus.es;
                            action sendStatus send es via vehicle.statusPort{
                                in es:EngineStatus;
                            }
                            action trigger2 accept es:EngineStatus via driver.p2;
                        }
                        part driver : Driver {
                            perform startVehicle.turnVehicleOn;
                            perform startVehicle.trigger2;
                            event occurrence driverReady;
                        }
                        part vehicle : Vehicle {
                            perform startVehicle.trigger1;
                            perform startVehicle.sendStatus;
                            event occurrence doorClosed;
                        }
                        first vehicle.doorClosed then driver.driverReady;
                        message of ignitionCmd:IgnitionCmd from driver.turnVehicleOn to vehicle.trigger1;  
                        message of es:EngineStatus from vehicle.sendStatus to driver.trigger2;
                    }
                }
                occurrence CruiseControl1{
                    part vehicle_b:>PartsTree::vehicle_b{
                        port redefines setSpeedPort{
                            event occurrence setSpeedReceived;
                        }
                        part redefines speedSensor{
                            port redefines speedSensorPort{
                                event occurrence sensedSpeedSent;
                            }
                        }
                        part redefines vehicleSoftware{
                            part redefines vehicleController{
                                part redefines cruiseController{
                                    port redefines setSpeedPort{
                                        //analagous to gate: event occurrence bound but may not need this since the port is bound
                                        event occurrence setSpeedReceived = vehicle_b.setSpeedPort.setSpeedReceived;
                                    }
                                    port redefines speedSensorPort{
                                        event occurrence sensedSpeedReceived;
                                    }
                                    port redefines cruiseControlPort{
                                        event occurrence fuelCmdSent;
                                    }
                                }
                            }
                        }
                        part redefines engine{
                            port redefines fuelCmdPort{
                                event occurrence fuelCmdReceived;
                            }
                        }
                        message sendSensedSpeed of SensedSpeed
                            from speedSensor.speedSensorPort.sensedSpeedSent to vehicleSoftware.vehicleController.cruiseController.speedSensorPort.sensedSpeedReceived;
                        message sendFuelCmd of FuelCmd
                            from vehicleSoftware.vehicleController.cruiseController.cruiseControlPort.fuelCmdSent to engine.fuelCmdPort.fuelCmdReceived;
                    }
                }
                occurrence CruiseControl2{
                    part vehicle_b:>PartsTree::vehicle_b{
                        port redefines setSpeedPort{
                            event occurrence setSpeedReceived;
                        }
                        part redefines speedSensor{
                            port redefines speedSensorPort{
                                event sendSensedSpeed.source;
                            }
                        }
                        part redefines vehicleSoftware{
                            part redefines vehicleController{
                                part redefines cruiseController{
                                    port redefines setSpeedPort{
                                        //analagous to gate: event occurrence bound but may not need this since the port is bound
                                        event occurrence setSpeedReceived = vehicle_b.setSpeedPort.setSpeedReceived;
                                    }
                                    port redefines speedSensorPort{
                                        event occurrence setSpeedReceived=setSpeedPort.setSpeedReceived;
                                        then event sendSensedSpeed.target;
                                    }
                                    port redefines cruiseControlPort{             
                                        event sendFuelCmd.source;
                                    }
                                }
                            }
                        }
                        part redefines engine{
                            port redefines fuelCmdPort{
                                event sendFuelCmd.target;
                            }
                        }
                        message sendSensedSpeed of SensedSpeed;
                        message sendFuelCmd of FuelCmd;
                    }
                }
            }
            package Requirements{
                public import RequirementDerivation::*;
                public import ModelingMetadata::*; // incudes status info
                item marketSurvey;
                dependency from vehicleSpecification to marketSurvey;
                
                requirement vehicleSpecification{
                    subject vehicle:Vehicle;
                    requirement <'1'> vehicleMassRequirement: MassRequirement {
                        doc /* The total mass of the vehicle shall be less than or equal to the required mass.
                        Assume total mass includes a full tank of gas of 60 kg*/
                        attribute redefines massRequired=2000 [kg];                     
                        attribute redefines massActual default vehicle.dryMass + fuelMassActual;
                        attribute fuelMassActual:>ISQ::mass;
                        attribute fuelMassMax:>ISQ::mass = 60 [kg];
                        assume constraint {fuelMassActual==fuelMassMax}
                    }
                    
                    allocate vehicleMassRequirement to PartsTree::vehicle_b.mass;
                    
                    requirement <'2'> vehicleFuelEconomyRequirements{
                        doc /* fuel economy requirements group */
                        attribute assumedCargoMass:>ISQ::mass;
                        requirement <'2_1'> cityFuelEconomyRequirement:FuelEconomyRequirement{
                            redefines requiredFuelEconomy= 10 [km / L];
                            assume constraint {assumedCargoMass<=500 [kg]}
                        }
                        requirement <'2_2'> highwayFuelEconomyRequirement:FuelEconomyRequirement{
                            redefines requiredFuelEconomy= 12.75 [km / L];
                            assume constraint {assumedCargoMass<=500 [kg]}
                            
                            //StatusInfo is contained in ModelingMetadata library
                            // StatusKind has values for open, closed, tbd, tbr, tbd
                            @StatusInfo {
                                status = StatusKind::closed;     
                                originator = ""Bob"";
                                owner = ""Mary"";
                            }
                        }
                    }
                }
                requirement engineSpecification {
                    subject engine1:Engine;
                    requirement <'1'> engineMassRequirement: MassRequirement {
                        doc /* The total mass of the engine shall be less than or equal to the required mass.*/
                        attribute redefines massRequired=200 [kg];                     
                        attribute redefines massActual = engine1.mass;
                    }
                    requirement torqueGenerationRequirement : TorqueGenerationRequirement{
                        subject generateTorque default engine1.generateTorque;
                    }

                    requirement drivePowerOutputRequirement : DrivePowerOutputRequirement{
                        port torqueOutPort{
                            out torque:Torque;
                        }
                    }
                }
                // the engine mass requirement is derived from the vehicle mass requirement
                #derivation connection {
                    end #original ::> vehicleSpecification.vehicleMassRequirement;
                    end #derive ::> engineSpecification.engineMassRequirement;
                }

            }
        }    
        package Engine4Cyl_Variant{
            public import ModelingMetadata::*; // incudes refinement
            part engine:Engine{
                part cylinders:Cylinder[4..8] ordered;
            }
            part engine4Cyl:>engine{
                part redefines cylinders [4];
                part cylinder1 subsets cylinders[1];
                part cylinder2 subsets cylinders[1];
                part cylinder3 subsets cylinders[1];
                part cylinder4 subsets cylinders[1];
            }
            #refinement dependency engine4Cyl to VehicleConfiguration_b::PartsTree::vehicle_b::engine;
        }
        package WheelHubAssemblies{
            // alternative 1 - w/o explicit nesxted interfaces
            part wheelHubAssy1{
                part wheel1:Wheel{
                    port :>>lugNutCompositePort:LugNutCompositePort {
                        port lugNutPort :>> lugNutPort [5];
                    }
                }
                part hub1:Hub{
                    port :>> shankCompositePort:ShankCompositePort {
                        port shankPort :>> shankPort [5];
                    }
                }
                interface wheelHubInterface:WheelHubInterface
                    connect [1] wheel1.lugNutCompositePort to [1] hub1.shankCompositePort;
            }
            // alternative 2 - w multiple nesxted interfaces
            part wheelHubAssy2{
                part wheel1:Wheel{
                    port :>>lugNutCompositePort:LugNutCompositePort {
                        port lugNutPort :>> lugNutPort [5];
                    }
                }
                part hub1:Hub{
                    port :>> shankCompositePort:ShankCompositePort {
                        port shankPort :>> shankPort [5];
                    }
                }
                interface wheelHubInterface:WheelHubInterface
                    connect [1] lugNutCompositePort ::> wheel1.lugNutCompositePort to [1] shankCompositePort ::> hub1.shankCompositePort {
                        interface wheelFastenerInterface1 :> wheelFastenerInterface
                            connect [5] lugNutPort ::> lugNutCompositePort.lugNutPort to [5] shankPort ::> shankCompositePort.shankPort;
                        }
            }
            // alternative 3 - w explicit nesxted interfaces
            part wheelHubAssy3{
                part wheel1:Wheel{
                    port lugNutCompositePort :>> lugNutCompositePort {
                        port lugNutPort [5] :>> lugNutPort {
                            attribute :>> threadDia = 14 [mm];
                            attribute :>> threadPitch = 1.5 [mm];
                        }
                        port lugNutPort1 [1] :> lugNutPort;
                        port lugNutPort2 [1] :> lugNutPort;
                        port lugNutPort3 [1] :> lugNutPort;
                    }
}
                part hub1:Hub{
                    port shankCompositePort :>> shankCompositePort {
                        port shankPort [5] :>> shankPort {
                            attribute :>> threadDia = 14 [mm];
                            attribute :>> threadPitch = 1.5 [mm];
                            attribute :>> shaftLength = 70 [mm];
                        }
                        port shankPort1 [1] :> shankPort;
                        port shankPort2 [1] :> shankPort;
                        port shankPort3 [1] :> shankPort;
                    }
}
                interface wheelHubInterface:WheelHubInterface
                    connect [1] lugNutCompositePort ::> wheel1.lugNutCompositePort to [1] shankCompositePort ::> hub1.shankCompositePort {
                        interface wheelFastenerInterface1 :> wheelFastenerInterface
                            connect lugNutPort ::> lugNutCompositePort.lugNutPort1 to shankPort ::> shankCompositePort.shankPort1 {
                                attribute :>> maxTorque = 90 * 1.356 [N*m];
                        }
                        interface wheelFastenerInterface2 :> wheelFastenerInterface
                            connect lugNutPort ::> lugNutCompositePort.lugNutPort2 to shankPort ::> shankCompositePort.shankPort2 {
                                attribute :>> maxTorque = 90 * 1.356 [N*m];
                        }
                        interface wheelFastenerInterface3 :> wheelFastenerInterface
                            connect lugNutPort ::> lugNutCompositePort.lugNutPort3 to shankPort ::> shankCompositePort.shankPort3 {
                                attribute :>> maxTorque = 90 * 1.356 [N*m];
                        }
                }
            }
        }
    }
    package VehicleAnalysis{
        public import RiskMetadata::*;
        public import RiskLevelEnum::*;
        // recursive public import uses double asterisk **
        public import VehicleConfigurations::VehicleConfiguration_b::**;
        package FuelEconomyAnalysisModel{
            public import SampledFunctions::SampledFunction;
              
            /*
            This analysis model was provided by Hisashi Miyashita on January 27, 2021
              We use the simplest fuel consumption analysis model introduced in:
              Akcelik, R. ""Fuel efficiency and other objectives in traffic system management."" Traffic Engineering and Control 22.2 (1981): 54-65. 

              Fuel consumption rate f can be decomposed to:
              f = f_a + f_b * tpd_avg,
              where tpd_avg is average interrupted travel time per unit distance, actually the inverse of the average velocity [t/km];
              f_a is the best fuel consumption per distance; and
              f_b is the additional fuel consumption per distance and average travel time, which can be regarded as the idling fuel consumption.
              Approximately, it is proportional to engine displacement and it ranges from 0.5 to 0.6 [l/hour/litre of engine displacement]
              according to:
              Review of the Incidence, Energy Use and Costs of Passenger Vehicle Idling; Gordon W. Taylor, P.Eng. Prepared for the Office of Energy Efficiency, Natural Resources Canada, 2003

              We assume f_a can be approximated to
              fuel_consumption / distance = BSFC * SGG * required_power_avg * tpd_avg,
              where required_power_avg is the required power, and it can be approximately derived from:
                  total_energy == P_req * tpd_avg * distance == 1/2 * mass / tpd_avg^2
              This part is computed with BestFuelConsumptionPerDistance calc def.

              BSFC means Brake-Specific Fuel Consumption, defined as gram/power.  SGG is the specific gravity of gasoline.
              The high octane gasoline is about 0.76[l/kg].
            */
            
            attribute def Scenario :> SampledFunction {
                attribute wayPoint[1..*] {
                    attribute elapseTime[1] :> ISQ::time;
                    attribute position[1] :> ISQ::distance;
                }
            }
            
            calc def FuelConsumption {
                in bestFuelConsumption: Real;
                in idlingFuelConsumption: Real; 
                in tpd_avg:>timePerDistance;
                attribute f = bestFuelConsumption + idlingFuelConsumption * tpd_avg;
                return dpv :> distancePerVolume = 1/f;
            }
            
            calc def AverageTravelTimePerDistance {
                in scenario: Scenario;
                return tpd_avg:>timePerDistance;
            }
            calc def TraveledDistance {
                in scenario: Scenario;
                return distance:> length;
            }
            calc def IdlingFuelConsumptionPerTime {
                in engine:Engine;
                attribute idlingFuelConsumptionPerDisplacement: Real = 0.5;
                return f_a : Real = engine.displacement * idlingFuelConsumptionPerDisplacement;
            }

            attribute specificGravityOfGasoline: Real = 0.76;
            calc def BestFuelConsumptionPerDistance {
                in mass: MassValue;
                in bsfc: Real;
                in tpd_avg:> timePerDistance;
                in distance:>length;
                attribute required_power_avg:> ISQ::power;
                constraint {required_power_avg == 1/2 * mass * tpd_avg **(-3) / distance}
                return f_b : Real = bsfc * specificGravityOfGasoline * required_power_avg * tpd_avg;
            }

            calc def ComputeBSFC{
                in engine: Engine;
                return : Real;
            }

            analysis fuelEconomyAnalysis  {    
                subject = vehicle_b; 
                
                objective fuelEconomyAnalysisObjective {
                    doc /*estimate the vehicle fuel economy*/
                    require vehicleSpecification.vehicleFuelEconomyRequirements;
                }
                
                in attribute scenario: Scenario;
                // define a series of waypoints
                
                attribute distance = TraveledDistance(scenario);
                attribute tpd_avg = AverageTravelTimePerDistance(scenario);
                attribute bsfc = ComputeBSFC(vehicle_b.engine);
                attribute f_a = BestFuelConsumptionPerDistance(vehicle_b.mass, bsfc, tpd_avg, distance);
                attribute f_b = IdlingFuelConsumptionPerTime(vehicle_b.engine);

                return attribute calculatedFuelEconomy:>distancePerVolume=FuelConsumption(f_a, f_b, tpd_avg);
            }
        }
        package ElectricalPowerAnalysis{
        }
        package ReliabilityAnalyis{
        }
        package VehicleTradeOffAnalysis{
            /* The following example provides the rationale for selecting the engine4cyl. 
            The rationale and risk are contained in a metadata library. */
            
            @Rationale about engineTradeOffAnalysis::vehicle_b_engine4cyl{
                explanation = VehicleAnalysis::VehicleTradeOffAnalysis::engineTradeOffAnalysis;          
                text = ""the engine4cyl was evaluated to have a higher objective function compared to the engine6cyl based on the trade-off analyiss""; 
            }
            
            // The following risk for the engine4cyl could have been included as part of the objective evaluaiton criteria
            
            @Risk about engineTradeOffAnalysis::vehicle_b_engine4cyl {
                totalRisk = medium;
                technicalRisk = medium;
                scheduleRisk = medium;
                costRisk = RiskLevelEnum::low;
            }
            @Risk about engineTradeOffAnalysis::vehicle_b_engine4cyl::engine::fuelEfficiency {
                technicalRisk {
                    probability = 0.3;
                    impact = 0.5;
                }
            }
            
                
            public import TradeStudies::*;
            //evaluation function with criterion engine mass, engine power, and engine cost
            calc def EngineEvaluation {
                in engineMass:>ISQ::mass;
                in enginePower:>ISQ::power; 
                in engineFuelEfficiency:Real;
                in engineCost:Real;
                return eval:Real;
            }
            calc def EngineEvaluation_4cyl {
                in engineMass:>ISQ::mass;
                in enginePower:>ISQ::power;
                in engineFuelEfficiency:Real;
                in engineCost:Real;
                return eval:Real;
            }
            calc def EngineEvaluation_6cyl {
                in engineMass:>ISQ::mass;
                in enginePower:>ISQ::power;
                in engineFuelEfficiency:Real;
                in engineCost:Real;
                return eval:Real;
            }
            analysis engineTradeOffAnalysis:TradeStudy{
                subject vehicleAlternatives[2]:>vehicle_b;   
                
                part vehicle_b_engine4cyl:>vehicleAlternatives{   
                    part engine redefines engine{
                        part cylinders :>> cylinders [4];
                        attribute mass redefines mass=180 [kg];
                        attribute peakHorsePower redefines peakHorsePower = 180 [W];
                        attribute fuelEfficiency redefines fuelEfficiency=.6;
                        attribute cost redefines cost = 1000;                     
                    }
                }
                part vehicle_b_engine6cyl:>vehicleAlternatives{   
                    part engine redefines engine{  
                        part cylinders redefines cylinders [6];
                        attribute mass redefines mass=220 [kg];
                        attribute peakHorsePower redefines peakHorsePower = 220 [W];
                        attribute fuelEfficiency redefines fuelEfficiency=.5;
                        attribute cost redefines cost = 1500;
                    }
                }
                
                objective :MaximizeObjective;
                    /*Select vehicle alternative with the engine whose evaluation function returns the max value*/
                
                calc :> evaluationFunction{
                    in part vehicle:>vehicle_b_engine4cyl;
                    return attribute eval:Real=EngineEvaluation_4cyl (vehicle.engine.mass, vehicle.engine.peakHorsePower, vehicle.engine.fuelEfficiency, vehicle.engine.cost); 
                }
                calc :> evaluationFunction{
                    in part vehicle:>vehicle_b_engine6cyl;
                    return attribute eval:Real=EngineEvaluation_6cyl (vehicle.engine.mass, vehicle.engine.peakHorsePower, vehicle.engine.fuelEfficiency, vehicle.engine.cost); 
                }                                                  
                return part selectedVehicle:>vehicle_b;
            }
        }
    }
    package VehicleVerification{
        public import VehicleConfigurations::VehicleConfiguration_b::**;
        public import VerificationCaseDefinitions::*;
        public import VerificationCases1::*;
        // the following is a model library which contains VerdictKind
        public import VerificationCases::*;
        public import VerificationSystem::*;
        package VerificationCaseDefinitions{
            verification def MassTest;
            verification def AccelerationTest;
            verification def ReliabilityTest;
        }
        package VerificationCases1{
            verification massTests:MassTest {
                subject vehicle_uut :> vehicle_b;
                actor vehicleVerificationSubSystem_1 = verificationContext.massVerificationSystem;
                objective {
                    verify vehicleSpecification.vehicleMassRequirement{
                        redefines massActual=weighVehicle.massMeasured;
                    }
                }     
                // method kinds are test, demo, analyze, should also include inspection, similarity
               @ VerificationMethod{
                    kind = (VerificationMethodKind::test, VerificationMethodKind::analyze);
                }
                action weighVehicle {
                    out massMeasured:>ISQ::mass;
                }
                then action evaluatePassFail {
                    in massMeasured:>ISQ::mass;
                    out verdict = PassIf(vehicleSpecification.vehicleMassRequirement(vehicle_uut));
                }
                flow from weighVehicle.massMeasured to evaluatePassFail.massMeasured;
                return :>> verdict = evaluatePassFail.verdict;
            }
        }
        package VerificationSystem{
            part verificationContext{
                perform massTests;
                part vehicle_UnitUnderTest :> vehicle_b;
                part massVerificationSystem{
                    part scale{
                        perform massTests.weighVehicle;
                    }
                    part operator{
                        perform massTests.evaluatePassFail;
                    }
                }
            }
        }
    }
    package VehicleIndividuals{
        individual a:VehicleRoadContext_1{
            timeslice t0_t2_a{
                snapshot t0_a {             
                    attribute t0 redefines time=0 [s];
                    snapshot t0_r:Road_1{
                        :>>Road::incline =0;
                        :>>Road::friction=.1;
                    }
                    snapshot t0_v:Vehicle_1{
                        :>>Vehicle::position=0 [m];
                        :>>Vehicle::velocity=0 [m];
                        :>>Vehicle::acceleration=1.96 [m/s**2];
                        // .2 g where 1 g = 9.8 meters/sec^2
                        snapshot t0_fa:FrontAxleAssembly_1{
                            snapshot t0_leftFront:Wheel_1;
                            snapshot t0_rightFront:Wheel_2;
                        }
                    }
                }
                snapshot t1_a{
                    attribute t1 redefines time=1 [s];
                    snapshot t1_r:Road_1{
                        :>>Road::incline =0;
                        :>>Road::friction=.1;
                    }
                    snapshot t1_v:Vehicle_1{
                        :>>Vehicle::position=.98 [m];
                        :>>Vehicle::velocity=1.96 [m/s];
                        :>>Vehicle::acceleration=1.96 [m/s**2];
                        // .2 g where 1 g = 9.8 meters/sec^2
                        snapshot t1_fa:FrontAxleAssembly_1{
                            snapshot t1_leftFront:Wheel_1;
                            snapshot t1_rightFront:Wheel_2;
                        }
                    }
                }
                snapshot t2_a{
                    attribute t2 redefines time=2 [s];
                    snapshot t2_r:Road_1{
                        :>>Road::incline =0;
                        :>>Road::friction=.1;
                    }
                    snapshot t2_v:Vehicle_1{
                        :>>Vehicle::position=3.92 [m];
                        :>>Vehicle::velocity=3.92 [m/s];
                        :>>Vehicle::acceleration=1.96 [m/s**2];
                        // .2 g where 1 g = 9.8 meters/sec^2
                        snapshot t2_fa:FrontAxleAssembly_1{
                            snapshot t2_leftFront:Wheel_1;
                            snapshot t2_rightFront:Wheel_2;
                        }
                    }
                }
            }
        }
    }
    package MissionContext{
        /* Define mission context with mission use cases for vehicle_b */
        public import VehicleConfigurations::VehicleConfiguration_b::**;
        public import ParametersOfInterestMetadata::moe;
        public import TransportPassengerScenario::*;
        package ContextDefinitions{
            part def MissionContext:>GenericContext::Context;
            part def Road;
            part def Driver{
                port handPort:HandPort{
                }
                exhibit state driverStates{
                    state initial;
                    state wait;
                    transition initial then wait;
                    //ignition on
                    transition 'wait-wait-1'
                        first wait
                        do send IgnitionCmd (ignitionOnOff=IgnitionOnOff::on) via handPort
                        then wait;
                    // ignition off
                    transition 'wait-wait-2'
                        first wait
                        do send IgnitionCmd (ignitionOnOff=IgnitionOnOff::off) via handPort
                        then wait;
                }
            }
            part def Passenger;
            
            requirement transportRequirements;
            use case def TransportPassenger{
                objective TransportObjective {
                    doc /*deliver passenger to destination safely, comfortably, and within acceptable time*/
                    require transportRequirements;
                }
                subject vehicle:Vehicle;
                actor environment;
                actor road;
                actor driver;
                actor passenger [0..4];
                include use case getInVehicle_a:>getInVehicle [1..5];
                include use case getOutOfVehicle_a:>getOutOfVehicle [1..5];
            }
            
            use case getInVehicle:GetInVehicle {
                action unlockDoor_in [0..1];
                then action openDoor_in;
                then action enterVehicle;
                then action closeDoor_in;
            }
            use case def GetInVehicle{
                subject vehicle:Vehicle;
                actor driver [0..1];
                actor passenger [0..1];
                assert constraint {driver != null xor passenger != null}
            }

            use case getOutOfVehicle:GetOutOfVehicle {
                action openDoor_out;
                then action exitVehicle;
                then action closeDoor_out;
                then action lockDoor_out;
            }
            use case def GetOutOfVehicle{
                subject vehicle:Vehicle;
                actor driver [0..1];
                actor passenger [0..1];
                assert constraint {driver != null xor passenger != null}
            }
        }
        package TransportPassengerScenario{
            public import ContextDefinitions::TransportPassenger;
            
            // this version uses nesting vs fork and join for concurrent actions
            use case transportPassenger:TransportPassenger{
                first start; 
                then action a{
                    action driverGetInVehicle subsets getInVehicle_a[1];
                    action passenger1GetInVehicle subsets getInVehicle_a[1];
                }
                then action trigger accept ignitionCmd:IgnitionCmd;
                then action b{
                    action driveVehicleToDestination;
                    action providePower;   
                }
                then action c{
                    action driverGetOutOfVehicle subsets getOutOfVehicle_a[1];
                    action passenger1GetOutOfVehicle subsets getOutOfVehicle_a[1];
                }
                then done;
            }
            
            
            //this version uses forks and joins
            use case transportPassenger_1:TransportPassenger{
                // declare actions
                action driverGetInVehicle subsets getInVehicle_a[1];
                action passenger1GetInVehicle subsets getInVehicle_a[1];
                action driverGetOutOfVehicle subsets getOutOfVehicle_a[1];
                action passenger1GetOutOfVehicle subsets getOutOfVehicle_a[1];
                action driveVehicleToDestination;
                action providePower;
                item def VehicleOnSignal;
                join join1;
                join join2;
                join join3;
                action trigger accept ignitionCmd:IgnitionCmd;
                
                // define control flow
                first start;               
                then fork fork1;
                    then driverGetInVehicle;
                    then passenger1GetInVehicle;
                first driverGetInVehicle then join1;
                first passenger1GetInVehicle then join1;
                first join1 then trigger;
                first trigger then fork2;
                //succession trigger if trigger.ignitionCmd.ignitionOnOff==IgnitionOnOff::on then fork2;
                
                fork fork2;
                    then driveVehicleToDestination;
                    then providePower;
                first driveVehicleToDestination then join2;
                first providePower then join2;
                first join2 then fork3;

                fork fork3; 
                    then driverGetOutOfVehicle;
                    then passenger1GetOutOfVehicle;
                first driverGetOutOfVehicle then join3;
                first passenger1GetOutOfVehicle then join3;

                first join3 then done;
            }
        }
        
        part missionContext:ContextDefinitions::MissionContext{
            #moe attribute transportTime :> ISQ::time;
            perform transportPassenger;
            // bind parts to actors of use case
            part road:ContextDefinitions::Road = transportPassenger.road;
            part driver:ContextDefinitions::Driver = transportPassenger.driver{
                perform transportPassenger.a.driverGetInVehicle.unlockDoor_in;
                perform transportPassenger.a.driverGetInVehicle.openDoor_in;
                perform transportPassenger.a.driverGetInVehicle.enterVehicle; 
                perform transportPassenger.a.driverGetInVehicle.closeDoor_in;
                perform transportPassenger.c.driverGetOutOfVehicle.openDoor_out;
                perform transportPassenger.c.driverGetOutOfVehicle.exitVehicle; 
                perform transportPassenger.c.driverGetOutOfVehicle.closeDoor_out;
                perform transportPassenger.c.driverGetOutOfVehicle.lockDoor_out;
                perform transportPassenger.b.driveVehicleToDestination;
            }
            part passenger1:ContextDefinitions::Passenger = transportPassenger.passenger {
                perform transportPassenger.a.passenger1GetInVehicle.unlockDoor_in;
                perform transportPassenger.a.passenger1GetInVehicle.openDoor_in;
                perform transportPassenger.a.passenger1GetInVehicle.enterVehicle; 
                perform transportPassenger.a.passenger1GetInVehicle.closeDoor_in;
                perform transportPassenger.c.passenger1GetOutOfVehicle.openDoor_out;
                perform transportPassenger.c.passenger1GetOutOfVehicle.exitVehicle; 
                perform transportPassenger.c.passenger1GetOutOfVehicle.closeDoor_out;
                perform transportPassenger.c.passenger1GetOutOfVehicle.lockDoor_out;
            }
            part vehicle_b_1:>vehicle_b = transportPassenger.vehicle{
                attribute :>> position3dVector = (0,0,0) [spatialCF];
                perform transportPassenger.b.providePower redefines providePower;
                perform transportPassenger.trigger;
            }
            connect driver.handPort to vehicle_b_1.ignitionCmdPort;
            connect road to vehicle_b_1.vehicleToRoadPort;
        }
    }
    package VehicleSuperSetModel{
        /* all of vehicleFamily is included in the superset model to enable subsetting a specific vehicle configuration*/
        package VariationPointDefinitions {
            variation part def TransmissionChoices:>Transmission {
                variant part transmissionAutomatic:TransmissionAutomatic;
                variant part transmissionManual:TransmissionManual;
            }
        }
        package VehiclePartsTree{
            public import VariationPointDefinitions::*;
            abstract part vehicleFamily {
                // variation with nested variation
                variation part engine:Engine{
                    variant part engine4Cyl:Engine4Cyl;
                    variant part engine6Cyl:Engine6Cyl{
                        part cylinder:Cylinder [6]{
                            variation attribute diameter:LengthValue{
                                variant attribute smallDiameter:LengthValue;
                                variant attribute largeDiagmeter:LengthValue;
                            }
                        }
                    }
                }
                // variation point based on variation of part definition
                part transmissionChoices:TransmissionChoices;
                // optional variation point
                part sunroof:Sunroof[0..1];
                // selection constraint
                assert constraint selectionConstraint{
                    (engine==engine::engine4Cyl and transmissionChoices==TransmissionChoices::transmissionManual) xor
                    (engine==engine::engine6Cyl and transmissionChoices==TransmissionChoices::transmissionAutomatic)
                }
                part driveshaft;
                part frontAxleAssembly;
                part rearAxleAssembly;
            }
        }
    }
    package SafetyandSecurityGroups {
        public import VehicleConfigurations::VehicleConfiguration_b::PartsTree::*;
        package SafetyGroup {
            /* Parts that contribute to safety. */
            public import vehicle_b::**;
            filter @Safety;
        }
        package SecurityGroup {
            /* Parts that contribute to security. */
            public import vehicle_b::**;
            filter @Security;
        }
        package SafetyandSecurityGroup {
            /* Parts that contribute to safety OR security. */
            public import vehicle_b::**;
            filter @Safety or @Security;
        }
        package MandatorySafetyGroup {
            /* Parts that contribute to safety AND are mandatory. */
            public import vehicle_b::**;
            filter @Safety and Safety::isMandatory;
        }
    }
    package Views_Viewpoints{
       package ViewpointDefinitions{
            viewpoint def BehaviorViewpoint;
            viewpoint def SafetyViewpoint{
                frame concern vs:VehicleSafety;
            }
            part def SafetyEngineer;
            concern def VehicleSafety {
                doc /* identify system safety features */
                stakeholder se:SafetyEngineer;
            }
        }
        package ViewDefinitions{
            //public import Views to access rendering method library 
            public import Views::*;
            view def TreeView{
                render asTreeDiagram;
            }
            view def NestedView; 
            view def RelationshipView;
            view def TableView;
            view def PartsTreeView:>TreeView {
                filter @SysML::PartUsage;
            }
            view def PartsInterconnection:>NestedView;
        }
        package VehicleViews{
            public import ViewpointDefinitions::*;
            public import ViewDefinitions::*;
            public import VehicleConfigurations::VehicleConfiguration_b::*;
            view vehiclePartsTree_Safety:PartsTreeView{
                satisfy requirement sv:SafetyViewpoint;
                expose PartsTree::**;
                filter @Safety;
            }
        }
    }
}

","Generate a SysML v2 model to represent a simple vehicle system, encapsulating various vehicle components, interfaces, and behaviors. The model includes a package called `SimpleVehicleModel`, which organizes sub-packages for definitions, ports, items, signals, interfaces, state definitions, and requirements. The vehicle comprises parts such as `Vehicle`, `Engine`, `Transmission`, and `Wheels`, each with specific attributes, ports, states, and actions, ensuring functional interactions through well-defined interfaces. The vehicle is modeled to exhibit states that manage the ignition, operational, and health states, supported by actions for power provision and torque generation. Various operational constraints and requirements are defined, along with performance metrics such as mass, reliability, and fuel economy. Additionally, packages manage logical-to-physical allocations, incorporate individual definitions for specific vehicle contexts, and support functional analyses, including safety and trade-off evaluations. Through careful definition and organization, the model captures a comprehensive view of vehicle dynamics, safety, and performance parameters, facilitating analysis and design.","[-3.65174413e-02  8.57169915e-04 -4.96882421e-04  2.51855850e-02
  6.92942238e-04 -8.70322157e-03 -6.39639376e-03  6.11445606e-02
 -4.08902839e-02  9.14792810e-03  4.78410982e-02 -3.86726782e-02
  5.01232818e-02 -4.07205056e-03 -1.84849966e-02  8.51584412e-03
  5.23657575e-02 -1.02300216e-02 -5.68201281e-02  3.78251635e-02
  1.30903646e-01  3.37210372e-02  2.80991253e-02 -7.49564962e-03
 -1.32247165e-01 -1.19314408e-02 -1.89464949e-02  5.80135398e-02
 -2.56316718e-02 -9.75447297e-02  3.36010493e-02 -2.34471215e-03
  2.32108161e-02 -7.98155833e-03  1.36293499e-02 -3.58272716e-03
  2.74391938e-02 -5.42765073e-02 -7.94276521e-02 -5.68904504e-02
 -7.10879564e-02 -1.22765809e-01 -3.07122655e-02 -6.10666629e-03
  2.34020241e-02  1.29652685e-02  3.44231948e-02 -3.59917283e-02
  3.41404765e-03 -5.97116724e-02 -2.54487358e-02  4.92114201e-02
  3.34545039e-02 -3.94009501e-02 -6.96981139e-03  4.34597507e-02
  5.82268275e-03 -8.55396222e-03 -1.12678230e-01 -8.00773278e-02
  4.60008010e-02 -8.85996409e-03 -3.46863084e-02 -1.85718806e-03
 -5.00648879e-02  1.19921556e-02 -2.61326265e-02 -3.66516486e-02
  1.67541094e-02  4.61838357e-02 -8.86626691e-02 -5.12445457e-02
 -4.91279503e-03  2.37693172e-02 -1.78527702e-02 -3.64393145e-02
  6.35899976e-02 -8.96612369e-03  3.66057362e-03 -5.45206442e-02
 -4.05979082e-02  4.53830250e-02 -5.98187223e-02 -1.36977071e-02
  4.69044447e-02 -2.39201151e-02  3.64656672e-02  6.39317930e-03
  5.51829115e-02  8.28595087e-02 -4.10330147e-02 -4.35025897e-03
  7.26809651e-02 -3.42644937e-02  7.94319212e-02  5.59811220e-02
  4.55326326e-02 -4.99436222e-02 -1.30399214e-02  1.02698812e-02
  6.91931043e-03  5.14654331e-02  4.79273610e-02 -1.01408036e-02
 -5.25535494e-02  1.58746056e-02 -4.72977608e-02 -2.23195571e-02
 -6.14447035e-02 -7.37265050e-02  3.19316238e-02  6.75638542e-02
 -1.66927762e-02 -4.92377877e-02 -6.38864003e-03  8.37573130e-03
 -5.05503006e-02 -1.22844493e-02  8.88832882e-02 -4.58552688e-03
 -5.99725284e-02 -6.59671202e-02  1.16009258e-01  7.12293386e-02
  9.88479033e-02 -3.83547843e-02 -1.00325951e-02 -1.10322624e-33
 -1.22645572e-01 -1.35568921e-02 -6.38190731e-02  1.48931250e-01
 -5.67481630e-02  5.36080599e-02 -2.33471952e-02 -3.08160554e-03
 -6.16343226e-04  5.21151163e-02 -5.59689775e-02  1.50690358e-02
 -3.34460326e-02  4.35543172e-02  1.06114969e-01 -3.98712121e-02
 -6.90644458e-02  3.97847034e-02  1.39885669e-04 -5.89455441e-02
 -9.65132657e-03 -2.28827866e-03 -2.78490521e-02 -1.09166168e-02
  7.67356753e-02  1.31840780e-01  5.06430194e-02  4.45482467e-04
 -4.85447273e-02  3.92000191e-02  1.05239479e-02  3.78402174e-02
 -2.38676202e-02  1.71578657e-02  1.51347974e-02  2.11640354e-02
 -8.17632079e-02 -2.98983417e-02  9.33584943e-03 -3.90863651e-03
  2.03115791e-02 -2.97124274e-02 -5.44825010e-02  1.39320511e-02
 -7.38619640e-02  4.47858684e-03  4.71100137e-02  5.41263185e-02
  1.07003804e-02 -1.14925597e-02 -1.58763602e-02 -2.40653940e-02
  7.83123523e-02  2.86410167e-03 -5.33108413e-02  3.79156694e-02
  4.48772684e-02  5.21676149e-03 -3.10435481e-02  8.35918039e-02
 -1.01851530e-01  3.05486359e-02  1.30984057e-02 -3.02667748e-02
  2.29351223e-02  5.21474443e-02 -5.81774376e-02 -6.91863894e-02
  5.21470197e-02  4.66028750e-02 -2.10797824e-02  1.12106558e-02
  2.20981296e-02  3.78718153e-02  6.06013201e-02 -4.71551670e-03
  5.27894013e-02 -3.73672284e-02 -9.30531248e-02  3.59049775e-02
 -1.10729910e-01  9.03661177e-02 -2.62871962e-02 -8.52939393e-03
  5.85329495e-02 -9.63450521e-02 -5.75834252e-02 -2.50337403e-02
 -5.36186248e-02 -2.47444995e-02 -4.05674875e-02 -5.10943495e-02
 -5.65262027e-02  3.45077589e-02  3.14392857e-02 -9.18267993e-34
  2.32501514e-02 -2.40404177e-02  2.76734475e-02  3.77543680e-02
  2.86931731e-02 -5.57405949e-02 -3.93759049e-02 -2.03282130e-03
 -2.92225350e-02  3.18311118e-02 -8.91694333e-03 -2.79367846e-02
  6.53996766e-02  4.97765727e-02  2.52473876e-02  2.80391723e-02
 -4.77428026e-02 -1.68986008e-01  1.39098454e-04  3.88892777e-02
  8.88812263e-03  7.42067099e-02  1.40735786e-02  1.07042547e-02
  2.12755594e-02  2.33186316e-03 -2.03018058e-02  8.68951436e-03
 -2.55330303e-03 -1.37061486e-02  5.37119731e-02 -4.01145332e-02
  4.50724810e-02  7.94505794e-03 -4.50326949e-02 -7.57408142e-02
 -1.38683869e-02 -2.24936809e-02 -2.28771046e-02  9.98632424e-03
  4.55434136e-02 -9.00037028e-03 -5.06131090e-02  1.51721258e-02
 -4.78558615e-03 -1.64908934e-02  2.57592984e-02 -6.64494708e-02
  9.73288342e-03 -3.17372791e-02  2.24637389e-02 -4.59600948e-02
  2.35434435e-02  3.44649032e-02  4.12310064e-02 -9.09626670e-03
  1.75330210e-02  6.05251826e-03  3.49642746e-02  6.61653001e-03
  8.92690122e-02 -8.69978312e-03  6.16942486e-03  7.03019230e-03
 -5.03067411e-02 -1.06793202e-01 -3.66793498e-02 -3.63835730e-02
  2.84236204e-03  3.16569358e-02  4.48650159e-02  1.55093111e-02
  2.85806376e-02  1.41894389e-02  1.08977929e-02 -4.36276644e-02
 -1.32408459e-02 -1.76986214e-02  6.83223829e-02 -6.00017384e-02
 -8.31793845e-02 -3.85220237e-02  4.25092131e-02  9.02311429e-02
 -4.20486592e-02 -2.03579925e-02 -3.63552943e-02  8.90880376e-02
  4.17619720e-02  2.17910837e-02 -2.59032305e-02  9.38411132e-02
 -7.71757811e-02  1.89728081e-01 -1.31062940e-01 -5.03523374e-08
 -2.08858820e-03  1.28500778e-02  2.59285327e-02 -2.42289733e-02
  1.89366136e-02  5.16892485e-02  1.01695722e-02 -5.38035482e-02
 -5.83474226e-02  3.66866812e-02  5.94708323e-02 -2.53764186e-02
  7.87270628e-03  1.98116843e-02 -2.45787594e-02  7.83706680e-02
  1.11032398e-02  1.01937510e-01 -5.51499762e-02 -6.14480339e-02
  9.39228386e-02  2.27984991e-02 -3.84881347e-02  9.72869396e-02
  8.27430040e-02 -7.90571868e-02  1.63627919e-02  1.61707383e-02
  5.74291609e-02 -3.36745046e-02 -4.51736094e-04  4.34494801e-02
  1.00678548e-01  9.09937397e-02 -1.96307395e-02  8.77028704e-02
 -8.83341879e-02  5.75887859e-02  6.00402504e-02  4.71373983e-02
  3.80418971e-02  2.85958499e-02 -1.66125651e-02  2.58340333e-02
 -2.41858214e-02  5.91934137e-02 -1.43250078e-01 -1.10820405e-01
 -4.71999757e-02  3.40264626e-02 -3.49201486e-02 -4.15939372e-03
 -6.57360107e-02  1.37029558e-01 -4.19193059e-02  5.20586297e-02
 -1.10189086e-02 -1.21069269e-03  6.79712892e-02 -6.25031963e-02
 -3.95776294e-02  8.20991173e-02 -1.21253682e-02  1.04642827e-02]"
90,../models/Vehicle Example/VehicleDefinitions.sysml,"package VehicleDefinitions {
	doc
	/*
	 * Example vehicle definitions model.
	 */

	private import ScalarValues::*;
	private import Quantities::*;
	private import MeasurementReferences::*;
	private import ISQ::*;
	private import SI::*;
	
	/* PART DEFINITIONS */
	
	part def Vehicle {
		attribute mass :> ISQ::mass;
	}
	part def Transmission;	
	part def AxleAssembly;
	part def Axle {
		port leftMountingPoint: AxleMountIF;
		port rightMountingPoint: AxleMountIF;
	}
	part def Wheel {
		port hub: WheelHubIF;
	}
	part def Lugbolt {
		attribute tighteningTorque :> ISQ::torque;
	}
	
	/* PORT DEFINITIONS */
	
	port def DriveIF { 
		in driveTorque :> ISQ::torque;
	}
	
	port def AxleMountIF { 
		out transferredTorque :> ISQ::torque;
	}
	
	port def WheelHubIF { 
		in appliedTorque :> ISQ::torque;
	}
	
	/* INTERFACE DEFINITIONS */
	
	interface def Mounting {
		doc /* The definition of the interface for mounting a Wheel to an Axle. */
		end axleMount: AxleMountIF;
		end hub: WheelHubIF;
		
		flow axleMount.transferredTorque to hub.appliedTorque;
	}
}","Generate a SysML v2 model that defines the structure and components of a vehicle with a focus on its dynamic elements. Model the package “VehicleDefinitions” to encapsulate various vehicle parts like Vehicle, Transmission, AxleAssembly, Axle, Wheel, and Lugbolt, while incorporating their relevant attributes and ports. The Vehicle part should include an attribute for mass using the ISQ::mass type. Each Axle contains ports for left and right mounting points (AxleMountIF), facilitating torque transfer. The Wheel part features a hub port (WheelHubIF) for torque application. Define a Drive interface for input torque and include the AxleMount interface for torque transfer to the wheel's hub. Ensure the Mounting interface details the relationship between the Axle and Wheel components, capturing the flow of torque between the axle and hub. This concise model should enable a foundational understanding of vehicle dynamics and component interactions.","[-2.09065359e-02 -4.09054011e-02 -3.50746303e-03  1.96582936e-02
 -1.99381765e-02  1.73268225e-02  5.53362351e-03  9.22511369e-02
 -4.53930907e-02  5.71821863e-03  6.60019964e-02 -2.59965044e-02
  1.00100167e-01 -5.53343259e-03 -5.27981631e-02  3.06840464e-02
  4.37306613e-02  4.42614704e-02 -3.85461375e-02  3.07644084e-02
  5.00430912e-02 -8.19460489e-03  2.88479943e-02 -2.27461495e-02
 -1.02165833e-01 -3.80806811e-02 -7.47762271e-04  7.50408322e-02
  1.68326274e-02 -7.19837099e-02  3.59268785e-02  4.43650000e-02
  4.35516238e-03 -3.13601941e-02 -2.15436984e-02 -9.11321957e-03
  3.95815074e-03 -7.22369626e-02 -9.80158374e-02 -1.04888506e-01
  1.36242649e-02 -5.58688864e-02  6.00093529e-02 -1.40279746e-02
  6.46302179e-02 -3.43355909e-02  3.81237362e-03 -3.04070693e-02
 -1.66749558e-03  9.21220460e-04 -5.69494627e-02  2.30665304e-04
  1.70384236e-02 -7.87103362e-03 -5.70844486e-02  4.22956273e-02
  3.61704640e-02  1.62163656e-02 -7.62694553e-02 -3.37571464e-02
  4.38938476e-02  9.44180135e-03  9.93894786e-03 -4.40539792e-02
 -2.80331671e-02  2.24813353e-02 -4.85592782e-02 -3.37966383e-02
  8.06890056e-03  6.20234571e-02 -7.03742802e-02 -6.81874007e-02
 -4.30504568e-02  2.34691575e-02  1.91107448e-02 -7.84367770e-02
  1.22397672e-04  2.69870553e-02  2.96914804e-04 -2.06510220e-02
 -9.77226347e-02  9.42180902e-02  2.15956345e-02 -2.54695751e-02
 -8.57461616e-03 -4.91104322e-04  2.45509110e-02  3.53352204e-02
 -3.51486765e-02  5.40141091e-02 -2.75205355e-02 -8.83821119e-03
  8.65907967e-03 -2.41180882e-02  8.06971565e-02  6.30483851e-02
  1.63219124e-02 -1.49141122e-02  3.32085192e-02  2.37832638e-03
 -3.00534908e-02  4.26767282e-02  1.08786114e-02 -3.05308662e-02
 -1.09593593e-01  6.48524910e-02 -2.44332775e-02 -9.11394134e-02
 -1.06970064e-01 -2.77815741e-02  3.05075143e-02  5.17654717e-02
 -5.71644977e-02 -5.06828427e-02 -4.77262493e-03 -2.59242691e-02
  3.06527894e-02  1.05411597e-02  3.71391624e-02 -1.18317287e-02
  3.08351200e-02 -3.60237844e-02  6.96541145e-02  6.36606365e-02
  7.00063929e-02 -6.14253841e-02 -4.17092703e-02  3.05475937e-33
 -1.36216119e-01 -2.14792863e-02  9.66194179e-03  1.47368133e-01
 -3.98039371e-02  1.65687762e-02  4.89070863e-02  1.03342999e-02
  2.76891142e-02  5.46369813e-02 -4.88995835e-02  1.29504818e-02
 -4.58411723e-02 -7.84746185e-03  3.93524533e-03 -8.27678069e-02
 -5.22287264e-02  3.61777395e-02 -1.29508032e-02 -1.19585944e-02
  5.16050961e-03  2.45432109e-02 -3.78441103e-02  1.53270178e-02
  6.13320172e-02  8.71965662e-02  5.59025444e-02  2.67789289e-02
 -1.10866148e-02  1.87896881e-02 -1.27222175e-02  1.05860215e-02
 -4.58397381e-02  1.69991963e-02 -1.03024105e-02 -6.16000816e-02
 -8.99595544e-02 -6.09980859e-02 -6.59279386e-03 -6.14919625e-02
  5.99841215e-02 -4.67610322e-02 -7.77066797e-02  1.46943182e-02
 -9.31724384e-02  5.51032200e-02  5.16968705e-02  1.08424490e-02
  5.07526398e-02 -3.18363421e-02  6.94285007e-03 -5.04457206e-02
  5.42980358e-02  1.10917771e-02 -6.65138289e-02  3.31797674e-02
  1.02677131e-02  1.89783648e-02 -4.31437381e-02  1.31813884e-01
 -1.21683463e-01  1.02146808e-02  7.23772720e-02 -3.67032401e-02
 -1.30535308e-02  3.20249870e-02 -4.73091193e-02 -8.10168907e-02
  1.48664815e-02  2.38267127e-02  1.13872979e-02 -4.13752627e-03
 -7.44196028e-03  1.12572804e-01  6.92886440e-03 -2.55858209e-02
  1.21391809e-03  6.79927738e-03 -8.44809115e-02  3.81186940e-02
 -1.39391661e-01  8.04313421e-02 -1.90200750e-02 -1.39345611e-02
  3.37476619e-02 -4.75716852e-02 -3.64038683e-02 -6.87767863e-02
 -1.23650506e-02 -4.56325784e-02 -2.78351549e-02 -3.30990031e-02
 -4.91447970e-02 -6.57131756e-03  3.15189175e-02 -4.90627134e-33
  1.90512985e-02  3.33193317e-02  2.39229146e-02  2.28698626e-02
  5.03797224e-03 -3.11193299e-02  1.31603200e-02 -5.30448370e-02
  1.18299155e-02  5.18648960e-02  2.37624943e-02 -3.49201001e-02
 -1.10981974e-03  1.62598249e-02  3.18682157e-02  4.62646969e-02
  1.30067822e-02 -1.51367739e-01  2.05615629e-02  4.83994260e-02
 -2.33231392e-02  6.69407472e-02  1.32438000e-02 -3.48752104e-02
  5.20055220e-02 -2.94422265e-02 -9.67765972e-03  5.32691628e-02
 -1.95947494e-02  5.79020306e-02 -2.72809081e-02 -4.59707603e-02
  7.48251230e-02  4.42789569e-02 -6.40402287e-02 -7.91975260e-02
 -4.93609570e-02 -5.80622070e-02  6.67163962e-03  6.18881965e-03
  1.09301936e-02 -5.93410246e-02 -2.45303847e-02  2.23508477e-02
 -5.65019622e-03 -5.58190979e-02 -2.33880654e-02  1.95418671e-02
  4.12995629e-02 -5.37101366e-03  1.69728883e-02  2.69665960e-02
  3.12974639e-02 -3.49734873e-02 -2.23986413e-02  5.69039658e-02
  8.62195641e-02 -3.99098545e-02  6.21893108e-02  3.74057284e-03
  5.71010560e-02 -4.06577736e-02  2.03495547e-02  1.09737888e-02
 -2.58138645e-02 -9.91450399e-02  9.67826881e-03 -9.47469473e-02
 -7.31882006e-02  1.61905661e-02  4.21329476e-02  4.90586758e-02
  1.19582109e-01  7.48357400e-02  5.24768867e-02 -2.44490840e-02
  2.72227619e-02  2.20799763e-02  8.17047507e-02 -8.66188854e-02
 -6.64421916e-02  9.73870140e-03  7.51146823e-02  8.99388194e-02
 -5.17890006e-02  2.16759890e-02 -6.25624955e-02  6.12799264e-02
  5.27011454e-02  3.75572667e-02 -3.51404995e-02  7.05286190e-02
 -1.69589967e-02  1.50261521e-01 -5.20578437e-02 -5.00684934e-08
 -2.40180083e-02 -1.81862079e-02 -1.86910955e-04 -1.39708733e-02
 -3.61483917e-02  3.66125219e-02 -3.43427993e-02 -3.58371902e-03
 -5.88350184e-02  5.93715534e-02 -8.30340479e-03  2.62522791e-03
 -2.85423920e-02  5.32867499e-02 -1.56071000e-02  8.27436149e-02
  4.05104831e-02  5.13871759e-02 -4.95360345e-02 -9.86188576e-02
  9.07670036e-02 -1.23766046e-02  1.84959546e-03  7.20176399e-02
  7.66540095e-02 -6.32524565e-02 -4.21987139e-02  4.62135226e-02
  6.50589615e-02 -2.92365290e-02  5.36171198e-02 -1.73804024e-03
  2.61407364e-02  5.59913851e-02  2.47325352e-03  5.37886210e-02
 -8.68779644e-02  3.80403548e-02  7.42601454e-02  5.09759486e-02
  3.19110788e-03  9.06918794e-02 -2.77806595e-02 -2.07677130e-02
 -7.78169651e-03  8.00207183e-02 -2.10508421e-01 -5.42443208e-02
 -1.97149552e-02  7.90824667e-02 -2.83932853e-02  1.57536648e-03
 -7.24985525e-02  9.28670019e-02 -1.72804669e-02  5.49491495e-02
  2.19092295e-02  1.34497797e-02  7.38195106e-02 -5.55634163e-02
 -6.48705140e-02  9.27961692e-02  3.07069626e-02  2.10134574e-04]"
91,../models/Vehicle Example/VehicleIndividuals.sysml,"package VehicleIndividuals {
	private import VehicleUsages::*;
	private import Time::DateTime;
	private import SI::kg;
	
	package IndividualDefinitions {

		individual part def Vehicle1 :> Vehicle {
			doc
			/*
			 * This is an individual Vehicle with a mass of 1800 kg.
			 */
			
			attribute redefines mass = 1800 [kg];
		}
		
		individual part def Vehicle2 :> Vehicle {
			doc
			/*
			 * This is an individual Vehicle with a mass of 1700 kg.
			 */
		
			attribute redefines mass = 1700 [kg];
		}
		
		individual part def AxleAssembly1 :> AxleAssembly;
		
		individual part def Wheel1 :> Wheel;
		individual part def Wheel2 :> Wheel;
	}
	
	package IndividualSnapshots {
		public import IndividualDefinitions::*;
	
		attribute t0: DateTime;
		attribute t1: DateTime;
		
		snapshot part vehicle1_t0: Vehicle1 {
			doc
			/*
			 * This is a snapshot of Vehicle1 at time t0;
			 */
		
			// Note: Timestamping of snapshots is not yet formalized.
			attribute t = t0;
		}
		
		timeslice part vehicle1_t0_t1: Vehicle1 {
			doc
			/*
			 * This is a time slice of Vehicle1 starting at snapshot vehicle1_t0 
			 * (time t0) and ending at time t1.
			 */
		
			snapshot :>> start = vehicle1_t0;
			snapshot :>> done {
				attribute t = t1;
			}
		}	
	}
	
	package IndividualConfigurations {
		public import IndividualSnapshots::*;
	
		individual part vehicle1_C2: Vehicle1 :> vehicle_C2 {
			doc
			/*
			 * This asserts that for some portion of its lifetime, Vehicle1 conforms
			 * to the configuration vehicle_C2;
			 */
		}	
			
		snapshot part vehicle1_C2_t0 : Vehicle1 :> vehicle1_C2, vehicle1_t0 {
			doc
			/*
			 * This is a snapshot of Vehicle1 in configuration vehicle1_C2 at time t0.
			 */
		
			snapshot axleAssembly1_t0: AxleAssembly1 :>> frontAxleAssembly {
				doc
				/*
				 * frontAxleAssembly is a feature of vehicle1_C2.
				 */
			
				snapshot leftFrontWheel_t0: Wheel1 :>> leftFrontWheel {
					doc
					/*
					 * This asserts that Wheel1 is the leftFrontWheel of vehicle_C2_t0
					 * (leftFrontWheel is a feature of vehicle_C2::frontAxleAssembly).
					 */
				}
			}
		}
		
		snapshot part vehicle1_C2_t1 : Vehicle1 :> vehicle1_C2, vehicle1_t0_t1.done {
			doc
			/*
			 * This is a snapshot of Vehicle1 in configuration vehicle_C2 at time t1.
			 */
		
			snapshot axleAssembly1_t1: AxleAssembly1 :>> frontAxleAssembly {
				snapshot rightFrontWheel_t1: Wheel1 :>> rightFrontWheel {
					doc
					/*
					 * This asserts that Wheel1 is the rightFrontWheel of vehicle_C2_t1.
					 */
				}
			}
		}	
	}
}","Generate a SysML v2 model structured within the package VehicleIndividuals, delineating various vehicle components and their attributes. The model encompasses an IndividualDefinitions section where distinct vehicles (Vehicle1 and Vehicle2) are defined with specific mass attributes; Vehicle1 is set at 1800 kg and Vehicle2 at 1700 kg. The IndividualSnapshots package captures the state of Vehicle1 at two specific times (t0 and t1), detailing time-stamped snapshots and timeslices to represent vehicle dynamics over time. Additionally, the IndividualConfigurations package asserts the configuration of Vehicle1 (vehicle_C2), including its axle assemblies and wheels at the specified time intervals. This model is comprehensive, showcasing vehicle configurations and attributes in a clear temporal framework while adhering to standardized imports for mass and datetime.","[-4.88644727e-02  3.64588737e-03  1.90997217e-02  1.83526892e-02
 -4.30772500e-03 -1.18787878e-03 -2.59502849e-04  6.48622140e-02
 -3.11115421e-02 -3.01576834e-02  1.01184204e-01 -3.70604992e-02
  4.65407707e-02  2.61823758e-02 -5.30526564e-02 -1.32712000e-03
 -2.07404997e-02  2.60649454e-02 -3.02022025e-02  1.27296606e-02
  7.28536323e-02 -4.19092774e-02  2.08373535e-02 -8.10467754e-04
 -5.60338534e-02 -1.11056855e-02 -6.40636384e-02  5.62115386e-02
 -2.61129491e-04 -8.11462849e-02  6.28306437e-03  4.25442345e-02
  1.03956861e-02  1.20619601e-02  2.67732907e-02 -4.56470847e-02
  7.49882450e-03 -2.38600969e-02 -8.29426199e-02 -7.33422488e-02
 -1.84358675e-02 -6.87081441e-02 -1.13863871e-02 -7.80784339e-03
  2.01490186e-02  1.97049379e-02  6.26120791e-02 -1.10774748e-02
  9.79367830e-03  8.03498644e-03  1.26877776e-03  5.10263955e-03
 -1.49304392e-02 -2.30893679e-02 -4.61550988e-02  4.63391840e-02
 -1.32199284e-02  1.06386626e-02 -6.61980584e-02 -4.84770425e-02
  2.20938865e-02 -5.06809389e-04 -4.77752015e-02  7.96114001e-03
 -4.56845295e-03  5.07583059e-02 -2.89516523e-02 -3.56939472e-02
  3.33142169e-02  4.20872681e-02 -4.74214815e-02 -5.23345917e-03
 -2.31025694e-03  4.02843691e-02  4.32951516e-03 -6.53362274e-02
  8.59640688e-02  1.02836685e-02  1.54397124e-02 -8.37063640e-02
 -4.08152416e-02  6.18386120e-02 -2.10886076e-02 -3.50285619e-02
  1.30268689e-02 -4.56033349e-02  4.63050641e-02  8.90221149e-02
  1.45347686e-02  6.71141818e-02 -7.07396865e-02 -1.14379115e-02
  5.84408715e-02 -1.59164686e-02  8.03628564e-03  6.44312873e-02
  2.75848676e-02  2.28923019e-02  7.23702461e-02 -6.49225386e-03
  1.90042495e-03  4.25779447e-02  9.54056233e-02  5.63400611e-02
 -5.12822419e-02  3.50957587e-02 -3.15272100e-02 -7.10458457e-02
 -5.66392578e-02 -3.41067761e-02  3.50776389e-02  6.03316836e-02
 -1.62097998e-02 -6.26349375e-02 -4.06374484e-02 -2.67850086e-02
 -3.90244946e-02  7.52657931e-03  7.30607137e-02 -4.67051603e-02
  2.59962329e-03 -7.52340108e-02  1.12725273e-01  1.55975949e-02
  8.73062834e-02  6.00050343e-03  3.69868577e-02  5.65026412e-33
 -1.51056632e-01 -2.43761335e-02 -3.18960808e-02  1.22948341e-01
 -3.19823399e-02  2.00265273e-03 -3.18061188e-02 -4.97741019e-03
  1.79188978e-02  1.46038039e-02 -1.03444897e-01 -2.32142843e-02
 -5.65121025e-02  3.49415303e-03  2.65813973e-02 -3.55511494e-02
 -4.75996584e-02  8.10145438e-02  1.61398239e-02 -6.60229882e-04
 -1.75651833e-02  4.14331406e-02 -2.22890601e-02 -4.42460179e-02
  1.08749695e-01  8.01892355e-02  5.98787442e-02  3.25077847e-02
 -2.91968584e-02  1.86795443e-02  5.87749155e-03  4.67848480e-02
 -6.88665956e-02  2.71281172e-02  3.36417444e-02 -4.13580332e-03
 -5.48749119e-02 -4.88984399e-02  5.53733818e-02 -1.06745288e-02
  8.90181288e-02 -2.03526728e-02 -7.03088120e-02  1.31297568e-02
 -9.53569263e-02  2.12121289e-03  3.36368047e-02  5.60575835e-02
 -1.79714784e-02 -1.88283212e-02 -3.34066339e-02 -5.26930718e-03
  5.35945445e-02 -5.97962029e-02 -6.99336827e-02  1.65119208e-02
  6.32562265e-02 -2.79846266e-02 -5.42796440e-02  8.55359361e-02
 -5.34708649e-02  1.92909464e-02  4.37283851e-02 -6.38934523e-02
  1.69847663e-02  2.73909513e-02 -5.13953827e-02 -1.01199821e-02
  8.45131576e-02  6.88667670e-02  8.42733774e-03 -2.55720895e-02
  2.67515294e-02  3.84457111e-02  7.25592151e-02 -2.70982049e-02
  9.54491571e-02  2.87250690e-02 -1.01156294e-01  8.20398405e-02
 -1.44657925e-01  7.16336519e-02 -4.04167511e-02 -4.41260897e-02
  1.80119351e-02 -5.99936694e-02 -4.05997075e-02 -5.50865643e-02
  8.73826258e-03 -3.66748385e-02 -4.68584672e-02 -3.50573994e-02
 -4.92293015e-02  2.26352829e-02  9.56869591e-03 -6.46463706e-33
  4.55913246e-02  2.00531408e-02  4.75463755e-02  2.29958314e-02
  5.97983263e-02 -5.21629080e-02 -1.94222610e-02  2.38570552e-02
 -1.64889824e-03  7.53656328e-02  1.48064941e-02 -6.18198216e-02
  2.32179165e-02 -3.49727608e-02  4.42291796e-02  2.02111118e-02
  3.60530913e-02 -1.57475069e-01 -2.46366560e-02 -8.31694249e-03
 -1.04413675e-02  1.40625332e-02 -9.33749974e-03  1.33323818e-02
  6.02065064e-02 -1.83852874e-02 -2.39182333e-03 -9.15357203e-04
  6.25723682e-04 -1.81107111e-02 -1.60865404e-03 -9.48225260e-02
  5.16145229e-02 -7.09635671e-03 -3.99187803e-02 -6.63026646e-02
 -6.15864508e-02 -3.26673873e-02 -3.84335546e-03  2.80165859e-02
  2.34154407e-02 -1.56092383e-02 -4.73620743e-02  3.54423262e-02
  1.23717878e-02 -1.64781511e-02  3.04160789e-02 -4.10940163e-02
  2.19832771e-02 -2.83718538e-02  1.00129116e-02  6.48732111e-03
 -7.90935196e-03 -2.34248452e-02  3.71567123e-02  3.79919000e-02
  8.27251226e-02 -3.93749140e-02  2.57236063e-02 -1.76471937e-02
  5.09367660e-02 -5.71573973e-02  1.91676356e-02  5.48973214e-03
 -6.47379756e-02 -8.89399052e-02  3.51450359e-03 -9.55382809e-02
 -7.97459632e-02 -1.95852872e-02  5.52772619e-02 -4.16374318e-02
  1.42285107e-02 -5.76981762e-03 -1.66643858e-02 -6.58539981e-02
  3.97528186e-02  7.18849525e-02  1.04927577e-01 -1.29106551e-01
 -8.70343149e-02 -3.64919454e-02  5.72315603e-02  1.34223267e-01
 -7.07869753e-02  1.14655243e-02 -4.83775623e-02  5.66682629e-02
  5.82748465e-02  6.49445504e-02 -1.52293323e-02  1.13170847e-01
 -3.42364199e-02  1.86322868e-01 -8.12168419e-02 -4.83860454e-08
  3.81377735e-03  7.78618678e-02 -2.08613765e-03  4.05507907e-03
 -2.63842428e-03  3.40893455e-02  1.11778744e-03  1.14115737e-02
 -4.98350076e-02  5.20148054e-02  7.54007548e-02 -9.37301375e-04
  1.74196623e-02  1.35230541e-04 -3.11156847e-02  5.99792637e-02
 -2.67186631e-02  2.47597229e-02 -6.24950454e-02 -7.07191601e-02
  6.59838840e-02  2.97607817e-02 -4.59127175e-03  8.30316395e-02
  2.33298596e-02 -2.66544428e-02 -4.46264446e-02  5.31058833e-02
  9.81921628e-02 -2.85120290e-02  5.80582116e-03  5.42076193e-02
  5.61203249e-02  2.72547100e-02  1.77379120e-02 -9.38603841e-03
 -1.14135414e-01  1.14378758e-01  5.80799580e-02  1.25301387e-02
  4.67790626e-02  6.21406641e-03 -3.68679613e-02  3.39668617e-02
  1.55572752e-02  5.23283593e-02 -1.58387765e-01 -8.39881226e-02
 -7.28396922e-02  5.05285002e-02 -8.36723763e-03 -1.00680394e-02
 -8.16036761e-02  1.34887099e-01 -6.01931661e-03  1.43497093e-02
  1.84190262e-03 -4.90352176e-02  8.41013193e-02 -5.18876240e-02
 -8.23544264e-02  2.52521131e-03 -2.88790017e-02 -1.11149671e-02]"
92,../models/Vehicle Example/VehicleUsages.sysml,"package VehicleUsages {
	doc
	/*
	 * Example usages of elements from the vehicle definitions model.
	 */

	private import SI::N;
	private import SI::m;
	private import ScalarFunctions::*;

	public import VehicleDefinitions::*;

	/* VALUES */	 
	T1 = 10.0 [N * m];
	T2 = 20.0 [N * m];
	
	/* PARTS */	
	part narrowRimWheel: Wheel {
		doc /* Narrow-rim wheel configuration with 4 to 5 lugbolts. */

		part lugbolt: Lugbolt[4..5];
	}
	
	part wideRimWheel: Wheel {
		doc /* Wide-rim wheel configuration with 4 to 6 lugbolts. */	

		part lugbolt: Lugbolt[4..6];
	}

	part vehicle_C1: Vehicle {
		doc /* Basic Vehicle configuration showing a part hierarchy. */

		part frontAxleAssembly: AxleAssembly {
			part frontWheel[2] subsets narrowRimWheel {
				part redefines lugbolt[4] {
					attribute redefines tighteningTorque = T1;
				}
			}
			part frontAxle: Axle;
		}		
		part rearAxleAssembly: AxleAssembly {
			part rearWheel[2] subsets wideRimWheel {
				part redefines lugbolt[6] {
					attribute redefines tighteningTorque = T2;
				}
			}
			part rearAxle: Axle;			
		}
	}
	
	part vehicle_C2 subsets vehicle_C1 {
		doc /* Specialized configuration with part-specific ports. */

		part redefines frontAxleAssembly {
			part leftFrontWheel subsets frontWheel = frontWheel#(1);
			part rightFrontWheel subsets frontWheel = frontWheel#(2);
			
			interface leftFrontMount: Mounting connect 
				frontAxle.leftMountingPoint to leftFrontWheel.hub;
				
			interface rightFrontMount: Mounting connect 
				frontAxle.rightMountingPoint to rightFrontWheel.hub;
		}
		
		part rearAxleAssembly redefines vehicle_C1::rearAxleAssembly {
			part leftRearWheel subsets rearWheel = rearWheel#(1);
			part rightRearWheel subsets rearWheel = rearWheel#(2);

			interface leftRearMount: Mounting connect 
				rearAxle.leftMountingPoint to leftRearWheel.hub;
				
			interface rightRearMount: Mounting connect 
				rearAxle.rightMountingPoint to rightRearWheel.hub;
		}		
	}
	
	part vehicle_C3 subsets vehicle_C2 {
		doc /* Further specialized configuration with a connection to a deeply-nested port. */

		
		part transmission: Transmission {
			port drive: ~DriveIF;
		}
		
		part redefines rearAxleAssembly {
			part redefines rearAxle {
				port drive: DriveIF;
			}
		}
		
		interface driveShaft connect 
			transDrive ::> transmission.drive to axleDrive ::> rearAxleAssembly.rearAxle.drive {
			flow transDrive.driveTorque to axleDrive.driveTorque;
		}		
	}
}","Generate a SysML v2 model that encapsulates vehicle usage scenarios, showcasing various configurations of vehicle components. The model, contained within the `VehicleUsages` package, defines two types of wheels—narrow-rim and wide-rim—each characterized by varying numbers of lugbolts and associated tightening torques. Additionally, it includes a basic vehicle configuration (`vehicle_C1`) featuring front and rear axle assemblies with specialized wheel parts.

Expand on this foundation with a specialized configuration (`vehicle_C2`) that redefines the front and rear axle assemblies, incorporating specific mounting interfaces for the left and right wheels. Finally, develop a further refinement (`vehicle_C3`) that introduces a transmission component connected to the rear axle via a drive port, completing the hierarchical part structure. This model effectively illustrates the relationships and dependencies among the various parts and their configurations while adhering to the defined torque values for optimal performance.","[-5.18323705e-02 -3.15303504e-02  1.59116406e-02  2.78806351e-02
 -2.78063156e-02  6.45732181e-03  2.53999531e-02  9.27868709e-02
 -1.10216960e-02 -7.61144469e-03  6.14343993e-02  3.05871293e-02
  3.21651734e-02 -1.03171533e-02 -3.27154845e-02  2.68890467e-02
  5.71852364e-02  9.20844451e-02 -3.03953011e-02  2.34059263e-02
  3.64522710e-02 -3.52230594e-02  4.27027866e-02 -1.09599913e-02
 -8.53011385e-02 -3.67559157e-02 -3.09209526e-02  7.74889961e-02
  1.16067156e-02 -9.87041295e-02  5.52061945e-03  6.01201355e-02
 -3.62547748e-02 -4.69116913e-03 -6.52986020e-02 -3.66563573e-02
  6.27677375e-03 -5.73852547e-02 -4.96078059e-02 -8.46970305e-02
 -1.60401203e-02 -4.01880890e-02  3.39848362e-02  4.35674936e-02
  2.28555743e-02 -2.16846839e-02  6.49224445e-02 -1.61078256e-02
  3.60926278e-02 -2.98125129e-02  1.11785540e-02 -1.57688954e-03
 -7.91504513e-03  3.53153124e-02 -7.51048177e-02  7.60844126e-02
 -3.87054193e-03  3.06748375e-02 -4.32251059e-02 -1.69166755e-02
  7.06603453e-02 -2.46101432e-02 -3.58781870e-03 -5.88790178e-02
 -5.62251098e-02 -2.68128328e-02 -3.03872470e-02 -7.97481015e-02
 -4.37327055e-03  6.41910881e-02 -5.64590693e-02 -4.75776009e-02
 -2.50972137e-02  1.29259899e-02  5.07579651e-03 -5.30951433e-02
  7.47348964e-02 -2.23663216e-03 -2.34689899e-02 -5.95198795e-02
 -7.43751898e-02  6.91431463e-02  5.78971691e-02 -2.30944958e-02
  2.33366005e-02 -6.60273433e-02  3.63257676e-02  2.57875957e-02
 -3.37392115e-03  4.36214767e-02 -3.19364928e-02 -2.19945107e-02
  2.04517506e-02 -2.20464692e-02  1.95782185e-02  9.47053805e-02
  1.36228921e-02 -1.48904631e-02  3.35896239e-02  3.01009919e-02
  7.93185458e-03  6.12082854e-02  6.38554320e-02 -4.58570793e-02
 -8.88951421e-02  6.52313232e-02 -5.83711788e-02 -1.51457712e-02
 -1.27114952e-01 -3.63467485e-02  1.70650985e-02  5.51538728e-02
 -6.69990480e-02 -5.78936897e-02 -7.10551366e-02 -4.14415188e-02
 -2.98029035e-02  1.42287621e-02  5.37187420e-02 -2.08924501e-03
  6.26860326e-03 -3.76729704e-02  6.66703358e-02  7.22897500e-02
  1.10194229e-01 -9.08966586e-02 -4.96797338e-02  3.77399184e-33
 -1.38550967e-01  9.53843538e-03 -1.72789358e-02  1.44506916e-01
 -4.26058508e-02  5.30603044e-02  2.12611128e-02  1.06108654e-03
  3.27443555e-02  5.15112616e-02 -4.00357693e-02 -1.81493675e-03
 -3.23040523e-02 -1.12982290e-02  5.81991337e-02 -6.10737838e-02
 -4.51937281e-02  1.93698872e-02 -2.28881314e-02 -6.02680072e-02
 -2.05898304e-02  6.37222379e-02 -3.55483554e-02 -2.77362335e-02
  7.94807225e-02  2.78030708e-02  8.98285285e-02  1.23328315e-02
 -7.11067580e-04  2.35908329e-02 -8.21607560e-03  3.69032212e-02
  3.48127331e-03  2.62521002e-02  2.09309775e-02 -2.07502078e-02
 -1.01569958e-01 -7.43184909e-02  3.86810601e-02  1.01944590e-02
  7.70209357e-02  8.12679296e-04 -7.46026412e-02  3.31205805e-03
 -9.93721038e-02  1.42435636e-03  3.26942392e-02  6.32401630e-02
  4.41583022e-02 -2.60292143e-02  2.53040181e-03 -1.49040855e-02
  8.34485888e-02  5.65470420e-02 -3.01325414e-02 -6.28798921e-03
  2.36362740e-02  3.80354598e-02 -3.99523787e-02  1.05577804e-01
 -9.37843323e-02  8.04511551e-03  2.18458436e-02 -1.95981599e-02
 -3.19002382e-02  3.87374870e-02 -1.77049953e-02 -4.49198671e-02
  2.88154259e-02  4.33812663e-02 -2.59402581e-02  3.86375119e-03
  3.55898999e-02  1.17126636e-01  4.64545842e-03 -2.44130399e-02
 -3.14873718e-02  1.21532641e-02 -4.63004000e-02 -5.30713145e-03
 -1.69379637e-01  1.10133126e-01 -5.50083332e-02  1.58713460e-02
  2.26202887e-02 -8.48183483e-02 -5.91452457e-02 -5.93584776e-02
  1.10628270e-02 -3.98990251e-02 -3.02336738e-02 -5.87277971e-02
 -5.42364679e-02  4.11674380e-03 -1.23896757e-02 -4.21246262e-33
  9.27196536e-03  2.80598514e-02  1.54521391e-02  2.01221425e-02
 -8.24963488e-03 -4.22193483e-02  4.36606109e-02 -4.07398492e-02
 -3.30621600e-02  8.19104388e-02  7.11422414e-02 -4.28014211e-02
  1.28319776e-02  4.86305133e-02  3.12052574e-02  5.17654158e-02
  1.03429332e-03 -1.29199892e-01 -4.29652818e-03 -1.40538183e-03
  3.49750519e-02  6.08132370e-02  1.63879693e-02  1.00579653e-02
  4.13731374e-02 -3.32416072e-02 -4.31849845e-02  6.71995133e-02
 -3.56861763e-02  4.34298553e-02 -4.40529473e-02 -6.08946644e-02
  9.27899778e-02  9.87363514e-03 -2.11612117e-02 -8.94457921e-02
 -6.86776191e-02 -3.75754833e-02  2.43382063e-02  8.00564792e-03
  3.74128595e-02 -4.19053622e-02 -5.59987128e-03  3.90569232e-02
 -2.33651977e-03 -2.95438357e-02  1.20153874e-02 -3.77650037e-02
  3.19388695e-02 -6.08517230e-02  3.64642181e-02 -4.11336869e-02
  5.07559814e-02 -1.04947593e-02  3.88811789e-02 -7.42959266e-04
  1.45172735e-03 -1.81717370e-02  6.58157319e-02  1.31154777e-02
  1.04259767e-01 -3.68086211e-02  3.54739018e-02 -6.82876706e-02
 -2.10223850e-02 -1.29712909e-01 -2.49223132e-02 -6.88648671e-02
 -4.02922258e-02  2.19058003e-02  3.44453789e-02  8.14027525e-03
  8.84704739e-02  6.43454818e-03  3.85998413e-02 -2.63030417e-02
  6.51745275e-02  1.61575414e-02  1.09960854e-01 -5.37712537e-02
 -1.02909610e-01 -3.94701883e-02  6.21941648e-02  9.45998430e-02
 -5.30595742e-02  6.74855476e-03 -7.32065588e-02  6.54866546e-02
  5.11119999e-02  7.01650791e-03  1.31396009e-02  7.06492737e-02
  1.44523913e-02  1.79526016e-01 -1.94694903e-02 -5.10808675e-08
  1.13944337e-02  1.84459947e-02  2.86088302e-03 -5.71785495e-03
 -1.45608010e-02  1.69942342e-02 -3.35702263e-02  1.75035428e-02
 -1.01098418e-01  4.92537618e-02  1.44526875e-02  1.20680709e-03
  2.79159844e-02  1.02553591e-02 -3.04375160e-02  1.21128552e-01
 -3.28119695e-02  2.35080142e-02 -4.07805666e-02 -9.57362056e-02
  6.66116178e-02  3.20801465e-03  2.90066823e-02  8.22953060e-02
  4.84026819e-02 -4.34453078e-02 -8.39889608e-03  1.97284427e-02
  4.61451598e-02 -4.54753973e-02  3.80812548e-02 -1.02425239e-03
  8.69298726e-02  6.09434843e-02  9.29243211e-03  5.24494834e-02
 -8.17394778e-02  6.62161484e-02  6.27615154e-02  5.48941605e-02
  7.04318359e-02  2.69821249e-02 -4.88117198e-03  5.05862795e-02
  1.78448502e-02  4.08839509e-02 -1.67650789e-01 -2.66846996e-02
 -7.51603693e-02 -1.34752933e-02 -1.20501593e-02  2.57694349e-02
 -9.03844833e-02  7.47923627e-02 -2.19673570e-02  1.17026446e-02
 -1.69496424e-02  1.88217424e-02 -6.32116862e-04 -2.88762599e-02
 -3.76867019e-02  6.39148429e-02 -1.29600428e-03  2.32868940e-02]"
