,file_path,raw_content
0,../models/Analysis Examples/AnalysisAnnotation.sysml,"package AnalysisAnnotation {
	private import ScalarValues::Real;
	private import AnalysisTooling::*;
	private import ISQ::*;
	
	action def ComputeDynamics {
		metadata ToolExecution {
			toolName = ""ModelCenter"";
			uri = ""aserv://localhost/Vehicle/Equation1"";
		}
			
		in dt : TimeValue             { @ToolVariable { name = ""deltaT""; } }
		in whlpwr : PowerValue        { @ToolVariable { name = ""power""; } }
		in Cd : Real                  { @ToolVariable { name = ""C_D""; } }
		in Cf: Real                   { @ToolVariable { name = ""C_F""; } }
		in tm : MassValue             { @ToolVariable { name = ""mass""; } }
		in v_in : SpeedValue          { @ToolVariable { name = ""v0""; } }
		in x_in : LengthValue         { @ToolVariable { name = ""x0""; } }
		
		out a_out : AccelerationValue { @ToolVariable { name = ""a""; } }
		out v_out : SpeedValue        { @ToolVariable { name = ""v""; } }
		out x_out : LengthValue       { @ToolVariable { name = ""x""; } }
			
	}

}"
1,../models/Analysis Examples/Dynamics.sysml,"package Dynamics {
	private import ScalarValues::Real;
	private import ISQ::*;
	
	// Function definitions
	
	calc def Power {
		in whlpwr : PowerValue; in Cd : Real; in Cf : Real; in tm : MassValue; in v : SpeedValue;
		return tp : PowerValue = whlpwr - Cd * v - Cf * tm * v;
	}
	
	calc def Acceleration { in dt : TimeValue; in tm : MassValue; in tp: PowerValue; 
		return a : AccelerationValue = tp * dt * tp;
	}
	
	calc def Velocity { in dt : TimeValue; in v0 : SpeedValue; in a : AccelerationValue;
		return v : SpeedValue = v0 + a * dt;
	}
 	
	calc def Position { in dt : TimeValue; in x0 : LengthValue; in v : SpeedValue; 
		return x : LengthValue = x0 + v * dt;
	}

	// Analysis action def
	
	action def StraightLineVehicleDynamics {
		
		in attribute dt : TimeValue;
		in attribute whlpwr : PowerValue;
		in attribute Cd : Real;
		in attribute Cf: Real;
		in attribute tm : MassValue;
		in attribute v_in : SpeedValue;
		in attribute x_in : LengthValue;
		
		out attribute a_out : AccelerationValue;
		out attribute v_out : SpeedValue;
		out attribute x_out : LengthValue;
			
		assert constraint {
			attribute tp : PowerValue;
			
			tp == Power(whlpwr, Cd, Cf, tm, v_in) &
			a_out == Acceleration(dt, tm, tp) &
			v_out == Velocity(dt, v_in, a_out) &
			x_out == Position(dt, x_in, v_in)
		}
	}
	

	// Analysis actions
	
	action dyn1 : StraightLineVehicleDynamics {
        in attribute dt : TimeValue;
        in attribute whlpwr : PowerValue;
        in attribute Cd : Real;
        in attribute Cf: Real;
        in attribute tm : MassValue;
        in attribute v_in : SpeedValue;
        in attribute x_in : LengthValue;

		attribute tp : PowerValue = Power(whlpwr, Cd, Cf, tm, v_in);
		
		out attribute :>> a_out : AccelerationValue = Acceleration(dt, tm, tp);
		out attribute :>> v_out : SpeedValue = Velocity(dt, v_in, a_out);
		out attribute :>> x_out : LengthValue = Position(dt, x_in, v_in);
	}	
	
	action dyn2 : StraightLineVehicleDynamics {
		calc acc : Acceleration {
			in dt = dyn2::dt;
			in tm = dyn2::tm;
			in tp = Power(whlpwr, Cd, Cf, tm, v_in);
		}
		bind a_out = acc.a;
		
		calc vel : Velocity {
			in dt = dyn2::dt;
			in v0 = dyn2::v_in; 
			in a = acc.a;
		}
		bind v_out = vel.v;
		
		calc pos : Position {
			in dt = dyn2::dt;
			in x0 = dyn2::x_in;
			in v0 = vel.v;
		}
		bind x_out = pos.x;
	}
}"
2,../models/Analysis Examples/Turbojet Stage Analysis.sysml,"package 'Turbojet Stage Analysis' {
	private import Quantities::ScalarQuantityValue;
	private import MeasurementReferences::DimensionOneValue;
	private import ISQ::*;
	
	package 'Thermodynamic Functions' {
	    calc def 'Ideal Gas Law' { in rho; in R_bar; in T;
	    	return p = rho * R_bar * T;
	    }
	    
	    calc def 'Reversible Adiabatic Compression Density' { in rho_1; in p_1; in p_2; in gamma;
	    	return rho_2 = rho_1 * (p_2 / p_1)^(1/gamma);
	    }
	    
	    calc def 'Reversible Adiabatic Compression Temperature' { in T_1; in p_1; in p_2; in gamma;
	    	return T_2 = T_1 * (p_2 / p_1)**((gamma - 1) / gamma);
	    }
	    
	    calc def 'Total Pressure' { in P_static; in rho; in V;
	    	1/2 * rho * V^2 + P_static
	    }
	    
	    // Showing explicit parameter typing
	    calc def 'Total Temperature' { in T_static : TemperatureValue; in Cp : DimensionOneValue; in V : VolumeValue;
	    	return : TemperatureValue = 1/(2 * Cp) * V^2 + T_static;
	    }
	    
	    calc def 'Total Enthalpy' { in h_total; in h_static; in V;
	    	return H_total = 1/2 * V^2 + h_static;
	    }
	}
	
	package 'Thermodynamics Structure' {
	    part def 'Ideal Gas Parcel' {
	        comment
	            /*
	            The parcel is an infinitesimal volume used to analyze points in a flow
	            */
	        attribute 'Molar Mass';
	        attribute 'Density';
	        attribute 'Pressure';
	        attribute 'Temperature';
	        attribute 'Enthalpy';
	        attribute 'Specific Gas Constant';
	    }
	    
	    part def 'Moving Ideal Gas Parcel' specializes 'Ideal Gas Parcel' {
	        comment about 'Stagnation Pressure'
	            /*
	            Stagnation pressure is the pressure of the parcel if the kinetic energy defined by its
	            velocity in a given coordinate frame is converted to gas internal energy through deceleration
	            to a velocity that matches the current frame.
	            */
	        attribute 'Stagnation Pressure';
	        attribute 'Stagnation Temperature';
	        attribute 'Stagnation Enthalpy';
	        
	        comment about 'Static Pressure'
	            /*
	            Static pressure is the pressure of the parcel as it moves
	            */
	        attribute 'Static Pressure' redefines 'Ideal Gas Parcel'::'Pressure';
	        attribute 'Static Temperature' redefines 'Ideal Gas Parcel'::'Temperature';
	        attribute 'Static Enthalpy' redefines 'Ideal Gas Parcel'::'Enthalpy';
	    }
	    
	    action def 'Thermodynamic Process'; // need start and end shots to show beginning and end attributes
	    
	    action def 'Adiabatic Process' specializes 'Thermodynamic Process' {
	        /*
	        Thermodynamic process typically have their states defined at beginning and end
	        of the process (since these starts are path-independent)
	        */
	        action 'Stage 1' :>> start;
	        action 'Stage 2' :>> done;
	    }
	    
	    action def 'Reversible Adiabatic Process' specializes 'Adiabatic Process';
	}
	
	package 'Low-Pressure Compressor Analysis' {
	    
	    part 'Analysis Context' {
	        private import 'Thermodynamic Functions'::*;
	        
	        part 'Inlet Gas' : 'Thermodynamics Structure'::'Moving Ideal Gas Parcel' {
	        	// Explicit binding notation
	        	calc 'Solve for Pressure1' : 'Ideal Gas Law';
	        	bind 'Density' = 'Solve for Pressure1'.rho;
	        	bind 'Specific Gas Constant' = 'Solve for Pressure1'.R_bar;
	        	bind 'Static Temperature' = 'Solve for Pressure1'.T;
	        	bind 'Static Pressure' = 'Solve for Pressure1'.p;	        	
	        	
	        	// Shorthand parameter binding notation
	            calc 'Solve for Pressure2' : 'Ideal Gas Law' {
	                in rho = 'Density';
	                in R_bar = 'Specific Gas Constant';
	                in T = 'Static Temperature';
				}				
				            
	            // Invocation expression notation
	            attribute :>> 'Static Pressure' = 'Ideal Gas Law'('Density', 'Specific Gas Constant', 'Static Temperature');

	            // Equation as a constraint (note ""=="")
	            constraint { 'Static Pressure' == 'Ideal Gas Law'('Density', 'Specific Gas Constant', 'Static Temperature') }
	        }
	    }
	}	
	
}"
3,../models/Analysis Examples/Vehicle Analysis Demo.sysml,"package 'Vehicle Analysis Demo' {
    private import ScalarValues::*;
    private import ISQ::*;
    private import USCustomaryUnits::*;
	    
    private import VehicleQuantities::*;
    private import VehicleModel::*;
    private import FuelEconomyRequirementsModel::*;
    private import DynamicsModel::*;
    private import FuelEconomyAnalysisModel::*;	
	
	package VehicleQuantities {
    	private import Quantities::*;
    	private import MeasurementReferences::*;

	    attribute def DistancePerVolumeUnit :> DerivedUnit {
	    	private attribute distancePF: QuantityPowerFactor[1] { :>> quantity = isq.L; :>> exponent = 1; }
	        private attribute volumePF: QuantityPowerFactor[1] { :>> quantity = isq.L; :>> exponent = -3; }
	        attribute :>> quantityDimension { :>> quantityPowerFactors = (distancePF, volumePF); }
	    }

	    attribute def DistancePerVolumeValue :> ScalarQuantityValue {
	        :>> num : Real;
	        :>> mRef : DistancePerVolumeUnit;
	    }
	    
	    attribute gallon : VolumeUnit = 231.0 * 'in' ** 3;
	    attribute mpg : DistancePerVolumeUnit = 'mi' / gallon;
	}
	
	package VehicleModel {	    
	    item def Fuel;
	        
	    port def FuelPort {
	        out item fuel: Fuel;
	    }
	    
	    part def FuelTank {
	        attribute volumeMax : VolumeValue;
	        attribute fuelVolume : VolumeValue;
	        attribute fuelLevel : Real = fuelVolume / volumeMax;
	        
	        port fuelInPort : ~FuelPort;
	        port fuelOutPort : FuelPort;
	    }
	    
	    part def Wheel {
	        attribute diameter : LengthValue;
	    }
	
	    part def Vehicle {
	        attribute mass : MassValue;
	        attribute cargoMass : MassValue;
	        
	        attribute wheelDiameter : LengthValue;
	        attribute driveTrainEfficiency : Real;
	        
	        attribute fuelEconomy_city : DistancePerVolumeValue;
	        attribute fuelEconomy_highway : DistancePerVolumeValue;
	
	        port fuelInPort : ~FuelPort;
	    }
	    
	    part vehicle_c1 : Vehicle {
	        port :>> fuelInPort {
	            in item :>> fuel; 
	        }
	
	        part fuelTank : FuelTank {
	            port :>> fuelInPort {
	                in item :>> fuel;
	            }
	        }
	
	        bind fuelInPort.fuel = fuelTank.fuelInPort.fuel;
	
	        part wheel : Wheel[4] {
	            :>> diameter = wheelDiameter;
	        }
	    }
	}
	
	package FuelEconomyRequirementsModel {
	    requirement def FuelEconomyRequirement {
	        attribute actualFuelEconomy : DistancePerVolumeValue;
	        attribute requiredFuelEconomy : DistancePerVolumeValue;
	
	        require constraint { actualFuelEconomy >= requiredFuelEconomy }
	    }
	
	    requirement cityFuelEconomyRequirement : FuelEconomyRequirement {
	        :>> requiredFuelEconomy = 25 [mpg];
	    }
	
	    requirement highwayFuelEconomyRequirement : FuelEconomyRequirement {
	        :>> requiredFuelEconomy = 30 [mpg];
	    }
	}
	
	package DynamicsModel {
	    calc def Acceleration { in p : PowerValue; in m : MassValue; in v : SpeedValue;
	    	return : AccelerationValue = p / (m * v);
	    }
	    
	    calc def Velocity { in v0 : SpeedValue; in a : AccelerationValue; in dt : TimeValue;
	    	return : SpeedValue = v0 + a * dt;
		}
		    
	    calc def Position { in x0 : LengthValue; in v : SpeedValue; in dt : TimeValue;
	    	return : LengthValue = x0 + v * dt;
	    }
	    
	    constraint def StraightLineDynamicsEquations {
	        in p : PowerValue;
	        in m : MassValue;
	        in dt : TimeValue;
	        in x_i : LengthValue;
	        in v_i : SpeedValue;
	        in x_f : LengthValue;
	        in v_f : SpeedValue;
	        in a : AccelerationValue;
	    
	        attribute v_avg : SpeedValue = (v_i + v_f)/2;
	
	        a == Acceleration(p, m, v_avg) &
	        v_f == Velocity(v_i, a, dt) &
	        x_f == Position(x_i, v_avg, dt)
	    }
	    
	    action def StraightLineDynamics {
	        in power : PowerValue;
	        in mass : MassValue;
	        in delta_t : TimeValue;
	        in x_in : LengthValue;
	        in v_in : SpeedValue;
	        out x_out : LengthValue;
	        out v_out : SpeedValue;
	        out a_out : AccelerationValue;
	    
	        assert constraint dynamics : StraightLineDynamicsEquations {
	            in p = power;
	            in m = mass;
	            in dt = delta_t;
	            in x_i = x_in;
	            in v_i = v_in;
	            in x_f = x_out;
	            in v_f = v_out;
	            in a = a_out;
	        }
	    }
	}
	
	package FuelEconomyAnalysisModel {
	    private import SequenceFunctions::size;
	    private import SampledFunctions::SampledFunction;
	    private import SampledFunctions::SamplePair;
	    private import ControlFunctions::forAll;
	
		attribute def ScenarioState {
			position : LengthValue;
			velocity : SpeedValue;
		}
		
		attribute def NominalScenario :> SampledFunction {
			attribute def TimeStateRecord :> SamplePair {
				t : TimeValue :>> domainValue;
				s : ScenarioState :>> rangeValue;
			}
			:>> samples : TimeStateRecord;
			n : Natural = size(samples);
		}
		
		analysis def FuelEconomyAnalysis { 
			subject vehicle: Vehicle;
			in attribute scenario : NominalScenario;
			in requirement fuelEconomyRequirement : FuelEconomyRequirement;
			return calculatedFuelEconomy : DistancePerVolumeValue;
			
			objective fuelEconomyAnalysisObjective {
				doc 
				/*
				 * The objective of this analysis is to determine whether the
				 * current vehicle design configuration can satisfy the fuel
				 * economy requirement.
				 */
				
				assume constraint {
					vehicle.wheelDiameter == 33 ['in'] &
					vehicle.driveTrainEfficiency == 0.4
				}
				
				require fuelEconomyRequirement { 
					:>> actualFuelEconomy = calculatedFuelEconomy;
				}
			}
		
			action dynamicsAnalysis {
				in sc: NominalScenario;
				out power : PowerValue[*];
				out acceleration : AccelerationValue[*];
				/*
				 * Solve for the required engine power as a function of time
				 * to support the scenarios.
				 */
				assert constraint straightLineDynamics {
					(1..sc.n-1)->forAll {in i: Integer;
						private thisSample : NominalScenario::TimeStateRecord = 
							sc.samples#(i);
						private nextSample : NominalScenario::TimeStateRecord = 
							sc.samples#(i+1);
						StraightLineDynamicsEquations (
							p = power#(i),
							m = vehicle.mass,
							dt = nextSample.t - thisSample.t,
							x_i = thisSample.s.position,
							v_i = thisSample.s.velocity,
							x_f = nextSample.s.position,
							v_f = nextSample.s.velocity,
							a = acceleration#(i)                    
						)
					}
				}
			}

		    action fuelConsumptionAnalysis {
		        in power : PowerValue[*] = dynamicsAnalysis.power;
		        in acceleration : AccelerationValue[*] = dynamicsAnalysis.acceleration;
		        out fuelEconomy : DistancePerVolumeValue = calculatedFuelEconomy;
		        /*
		         * Solve the engine equations to determine how much fuel is
		         * consumed. The engine RPM is a function of the speed of the
		         * vehicle and the gear state.
		         */
	        }
	    }
	}
	
	part vehicleFuelEconomyAnalysisContext {
	    requirement vehicleFuelEconomyRequirementsGroup {
	        subject vehicle : Vehicle;
	
	        requirement vehicleFuelEconomyRequirement_city :> cityFuelEconomyRequirement {
	            doc /* The vehicle shall provide a fuel economy that is greater than or equal to
	             * 25 miles per gallon for the nominal city driving scenarios.
	             */
	
	            :>> actualFuelEconomy = vehicle.fuelEconomy_city;
	
	            assume constraint { vehicle.cargoMass == 1000 [lb] }
	        }
	
	        requirement vehicleFuelEconomyRequirement_highway :> highwayFuelEconomyRequirement {
	            doc /* The vehicle shall provide a fuel economy that is greater than or equal to
	             * 30 miles per gallon for the nominal highway driving scenarios.
	             */
	
	            :>> actualFuelEconomy = vehicle.fuelEconomy_highway;
	
	            assume constraint { vehicle.cargoMass == 1000 [lb] }
	        }
	
	    }
	    
	    attribute cityScenario : NominalScenario;
	    attribute highwayScenario : NominalScenario;
	
	    analysis cityFuelEconomyAnalysis : FuelEconomyAnalysis {
	        subject vehicle = vehicle_c1;
	        in attribute scenario = cityScenario;
	        in requirement fuelEconomyRequirement = cityFuelEconomyRequirement;
	    }
	
	    analysis highwayFuelEconomyAnalysis : FuelEconomyAnalysis {
	        subject vehicle = vehicle_c1;
	        in attribute scenario = highwayScenario;
	        in requirement fuelEconomyRequirement = highwayFuelEconomyRequirement;
	    }
	
	    part vehicle_c1_analysized :> vehicle_c1 {
	        attribute :>> fuelEconomy_city = cityFuelEconomyAnalysis.calculatedFuelEconomy;
	        attribute :>> fuelEconomy_highway = highwayFuelEconomyAnalysis.calculatedFuelEconomy;
	    }
	
	    satisfy vehicleFuelEconomyRequirementsGroup by vehicle_c1_analysized;
	}
}"
4,../models/Arrowhead Framework Example/AHFCoreLib.sysml,"// /** Mandatory Services and Systems */
library package AHFCoreLib {
	private import AHFProfileLib::*;
	private import ScalarValues::*;
	private import AHFProfileMetadata::*;

	#service port def ServiceDiscovery {
		// The functionalities as Requests (Operations) cannot be defined yet
		// We could consider using flows to designate the functionalities
	}
	
	#service port def ServiceDiscoveryDD :> ServiceDiscovery{
	}
		
	#service port def Authorisation {
		attribute publickey:String; // just as examples
	}

	#service port def AuthorisationDD :> Authorisation{
	}

	
	#clouddd ArrowheadCore{
		// /** Design Level */
		// First the system definitions (SysD) of core systems
		
		#system service_registry {
			#service serviceDiscovery : ServiceDiscovery ;
		}
		
		#system authorization{
			#service authorisation : Authorisation;
			attribute protocol:String = ""HTTP"";
		}
		
		#system orchestrationDesign; // just indicated for now
		
		// /** Design Description level */		
		#systemdd service_registry_DD :> service_registry{
			#servicedd :>> serviceDiscovery:ServiceDiscoveryDD {
				#idd serviceDiscovery_HTTP ;// nested port for HTTP protocol
				// here we refer the functionalities like operation Register etc.
				#idd serviceDiscovery_MQTT ; // nested port for MQTT protocol
			}
		}
		
		#systemdd authorization_DD :> authorization{
			#servicedd :>> authorisation {
				#idd authorisation_HTTP ; // nested port for HTTP protocol
				#idd authorisation_MQTT ; // nested port for MQTT protocol
			}
			action Echo_behavior :> ServiceMethod;
		}
	}
}"
5,../models/Arrowhead Framework Example/AHFNorwayTopics.sysml,"package AHFNorway {
	doc /* This is the Norwegian use-case for Arrowhead Framework */
	// The use-case is for Productive4.0 and Arrowhead Tools
	// The system is taken from a chemical factory
	// This is focusing on the monitoring of products when delivered
	private import AHFProfileLib::*;
	private import AHFProfileMetadata::*;
	private import AHFCoreLib::**;
	private import ScalarValues::*;

	#service def APISService {
		doc /* Service design */		

		attribute :>> serviceDefinition = ""APISPullService"";
		attribute :>> intrfce_protocol = ""{JSON}"";
		attribute :>> serviceURL = ""pull"";
	}

	#servicedd port def APIS_DD :> APISService {
		doc /* Service design description with nested protocol-specific ports */	

		#idd port APIS_HTTP {
			// the asynch implementation of synchronous remote calls
			out cll:CallGiveItems;
			in retrn:ResultGiveItems;
		}
		
		#idd port APIS_MQTT  {
			// GetAllItems functionality
			out pub:Publish;
			out retall:Return_AllItems;
			in subscr:Subscribe;
		}
	}
	
	// Asynchronous signals
	attribute def Publish {nametopic:String;}
	attribute def Subscribe{nametopic:String;}
	attribute def Return_AllItems {itms:String;}
	attribute def Subscribe_giveItems{itms:String;}
	attribute def Return_Ack{ack:Boolean;}
	
	// Signals for implementing the remote procedure call by asynch signals
	attribute def CallGiveItems{itms:String; } 
	attribute def ResultGiveItems{ack:Boolean;}
	
	#clouddd AHFNorway_LocalCloudDD :> ArrowheadCore {	
		#systemdd TellUConsumer {
			#servicedd serviceDiscovery:~ServiceDiscoveryDD ; // communicating with ServiceRegistry
			#servicedd apisp:APIS_DD ;
			
			attribute :>> systemname = ""UngerApisClient"";
			attribute :>> address = ""Unger_network_ip"";
			attribute :>> portno = 0;
						
			// We want an operation call to GiveItems, and actually sending the payload
			// Call apisp::APIS_HTTP::giveItems(in allitems: String = ""All the items"", out ackback:Boolean);
			
			state TellUbehavior{
				entry send CallGiveItems(""All the items"") via apisp.APIS_HTTP;
				then Wait;
				state Wait;
					accept rs:ResultGiveItems
					// Here do whatever about the result rs.ret 
				then Wait;
			}
						
		}
		
		#systemdd APISProducer {
			#servicedd serviceDiscovery:~ServiceDiscoveryDD ; // communicating with ServiceRegistry
			#servicedd tellu:~APIS_DD; // providing the APISService
			#servicedd apisc:APIS_DD ; // talking to APISConsumer
			
			:>> systemname = ""PrediktorApisServer"";
			:>> address = ""Prediktor_network_ip"";
			:>> portno = 6565;
			attribute x:Boolean;
			
			action giveItems :> ServiceMethod
			 {  in itms:String; out ack:Boolean;
			 	/* Forward itms and return an ack */
			 	first start;
			 	then send Return_AllItems(itms) via apisc.APIS_MQTT;
			 	success = true;
			 	bind ack = success;
			 }
			
			state APISPbehavior{
				entry send Publish(""Return_AllItems"") via apisc.APIS_MQTT;
				then WaitOnData; 
				
				state WaitOnData;
					accept cl:CallGiveItems via tellu.APIS_HTTP
					do action {
						first start;
						then action giveItems{ in itms=cl.itms; out ack=x; }
						then send ResultGiveItems(x) via tellu.APIS_HTTP;
					}
				then WaitOnData;		
			}
		}
		
		#systemdd APISConsumer {
			#servicedd serviceDiscovery:~ServiceDiscovery ; // communicating with ServiceRegistry
			#servicedd apisp:~APIS_DD ;
			:>> systemname = ""TellUClient"";
			:>> address = ""Prediktor_network_ip"";
			:>> portno = 1;
			
			// Now sending signal to the remote behavior through the port functionality
			state MQTT_APISP {
				entry send Subscribe(""Return_AllItems"") via apisp.APIS_MQTT; 
				then Idle;		
				state Idle;
					accept Return_AllItems via apisp.APIS_MQTT
					// Get the stuff and do something with them
					then Idle;
			}
		}
 		
 		part MQTTServer {
 			port getTopic:~APIS_DD;
 			port giveTopic:APIS_DD;
 			
 			state Serve{				
 				entry;
 				then Publ;
 				state Publ;
 					accept pub:Publish via getTopic.APIS_MQTT
 					// store information about who will provide ""Publish::nametopic""
 				then Subsr;
 				
 				state Subsr;
 					accept Subscribe via giveTopic.APIS_MQTT
 					// store information about who want to receive ""Subscribe::nametopic""
 				then Idle;
 				
 				state Idle;
 					accept retrnall:Return_AllItems via getTopic.APIS_MQTT
 					do send retrnall via giveTopic.APIS_MQTT
 				then Idle;
 			} 			
 		}
 				
 		connect APISProducer.apisc to MQTTServer.getTopic; 
 		connect MQTTServer.giveTopic to APISConsumer.apisp; 
		
 		connect TellUConsumer.apisp to APISProducer.tellu; 
 		
 		// Then we need to connect the application systems to the mandatory systems
 		connect APISProducer.serviceDiscovery to service_registry.serviceDiscovery;
 		connect TellUConsumer.serviceDiscovery to service_registry.serviceDiscovery;
 		connect APISConsumer.serviceDiscovery to service_registry.serviceDiscovery;
 		
 		// Same procedure for the other mandatory services
		
	}
	
}"
6,../models/Arrowhead Framework Example/AHFProfileLib.sysml,"library package AHFProfileLib {
	// Systems and Services and their functionalities
	private import ScalarValues::*;
	
	// Design level
	port def SD{
		doc /* Service definition */
		
		attribute serviceDefinition:String;
		attribute serviceURL:String;
		attribute intrfce_protocol:String; // which may be ""REST"" or ""MQTT"" etc.		 
	}	
		
	part def SysLocalCloudsDesign {
		doc /* System of Systems Definition */	

		// System of Local Clouds 
		part locclouds:LocalCloudDesign[1..*];
	}
	
	part system_of_systems:SysLocalCloudsDD; // defining a top level usage
	
	part def LocalCloudDesign {
		doc /* Local Cloud definition */

		part systems:SysD[1..*];	
	}

	part def SysD {
		doc /* System definitions */	

		port services: SD[1..*];
		attribute systemname: String;
		attribute address: String;
		attribute portno: Integer;
	}	

	// Design Description level
	port def IDD :> SD{
		doc /* Interface Design Description of services */
		
		attribute encoding_kind:String;
	}
	
	port def SDDD :> SD{
		doc /* Service Definition Design Description */
		
		port idds:IDD[*]; // nested protocol-specific services
	}	

	part def SysLocalCloudsDD :> SysLocalCloudsDesign {
		doc /* System of Systems Detailed Description */	

		part :>> locclouds:LocalCloudDD[1..*]; // the descriptions
	}

	part def LocalCloudDD :> LocalCloudDesign {
		part :>> systems:SysDD[1..*];
	}

	part def SysDD :> SysD{
		doc /* System Detailed Description */

		port :>> services:SDDD;
		action ServiceMethod[1..*]; //means general behaviors
	}
}

library package AHFProfileMetadata{
	private import Metaobjects::SemanticMetadata;
	private import AHFProfileLib::*;

	port global_sd:SD;
	metadata def <service> SDMetadata :> SemanticMetadata{
		// :>> baseType = system_of_systems.locclouds.systems.services meta SysML::PortUsage;
		// :>> baseType = SysD::services meta SysML::PortUsage;
		:>> baseType default global_sd meta SysML::PortUsage;
	}
	
	metadata def <sos> SysLocalCloudsMetadata :> SemanticMetadata{
		:>> baseType = system_of_systems meta SysML::PartUsage;
	}
	
	metadata def <cloud> LocalCloudsMetadata :> SemanticMetadata{
		:>> baseType default system_of_systems::locclouds meta SysML::PartUsage;
	}
	
	metadata def <system> SysDMetadata :> SemanticMetadata{
		:>> baseType default system_of_systems::locclouds::systems meta SysML::PartUsage;
		// :>> baseType default LocalCloudDesign::systems meta SysML::PartUsage;
	}

	metadata def <idd> IDDMetadata :> SDMetadata{
		// :>> baseType = system_of_systems.locclouds.systems.services.idd meta SysML::PortUsage;
		:>> baseType = SDDD::idds meta SysML::PortUsage;
		// :>> global_sddd.idd;
	}

	port global_sddd:SDDD;
	metadata def <servicedd> SDDDMetadata :> SDMetadata {
		// :>> baseType = system_of_systems.locclouds.systems.services meta SysML::PortUsage;
		:>> baseType = global_sddd meta SysML::PortUsage;
	}
	
	metadata def <clouddd> LocalCloudsDDMetadata :> LocalCloudsMetadata{
		:>> baseType = system_of_systems::locclouds meta SysML::PartUsage;
	}
	
	part global_clouddd:LocalCloudDD;
	part global_systemsdd:SysDD;
	metadata def <systemdd> SysDDMetadata :> SysDMetadata{
		// :>> baseType = system_of_systems.locclouds.systems meta SysML::PartUsage;
		//:>> baseType = LocalCloudDD::systems meta SysML::PartUsage;
		:>> baseType = global_systemsdd meta SysML::PartUsage;
	}	
	
}"
7,../models/Arrowhead Framework Example/AHFSequences.sysml,"// ** This is the Norwegian use-case for Arrowhead Framework */
package AHFNorwaySequences {
	// Here we show sequences of the Norwegian use-case
	private import AHFProfileLib::*;
	private import AHFCoreLib::*;
	private import AHFNorway::*;
	private import ScalarValues::*;
	
	part AHFN_LocalCloudDD_Seqs = AHFNorway_LocalCloudDD{
		occurrence def APIS_transfer_lifetime {			
			// lifetime orderings 
			ref part tlc = AHFNorway_LocalCloudDD.TellUConsumer{
				event occurrence call_getItems1;
				then event occurrence return_getItems1;
				event occurrence call_getItems2;
				then event occurrence return_getItems2;
			}
			ref part apsp = AHFNorway_LocalCloudDD.APISProducer{
				event occurrence send_publish_returnallitems;
				then event occurrence receive_call_getItems1;
				then event occurrence send_returnallitems1;
				then event occurrence return_getItems_ack1;
				then event occurrence receive_call_getItems2;
				then event occurrence send_returnallitems2;
				then event occurrence return_getItems_ack2;
			}
			ref part mqtts = AHFNorway_LocalCloudDD.MQTTServer{
				event occurrence receive_publish_returnallitems;
				then event occurrence receive_subscribe_returnallitems;
				then event forw1:MQTTforwarding;
				then event forw2:MQTTforwarding;
			}
			ref part apsc = AHFNorway_LocalCloudDD.APISConsumer{
				event occurrence send_subscribe_returnallitems;
				then event forw1:MQTTforwarding;
				then event forw2:MQTTforwarding;
			}
			occurrence forw1:MQTTforwarding;	
			occurrence forw2:MQTTforwarding;	

			message publish_returnallitems of Publish
			from apsp.send_publish_returnallitems to mqtts.receive_publish_returnallitems;
			message subscribe_returnallitems of Subscribe
			from apsc.send_subscribe_returnallitems to mqtts.receive_subscribe_returnallitems;
			message call_getItems1 of CallGiveItems[1]
			from tlc.call_getItems1 to apsp.receive_call_getItems1;	
			bind apsp.send_returnallitems1 = forw1.mq; // binding the sending to the actual gate
			/* How to express that this event sends a Return_AllItems? */
			message returnack1 of ResultGiveItems
			from apsp.return_getItems_ack1 to tlc.return_getItems1;
			message call_getItems2 of CallGiveItems[1]
			from tlc.call_getItems2 to apsp.receive_call_getItems2;
			bind apsp.send_returnallitems2 = forw2.mq; // binding the sending to the actual gate
			message returnack2 of ResultGiveItems
			from apsp.return_getItems_ack2 to tlc.return_getItems2;
		}

		occurrence def MQTTforwarding {
			ref part mqttsf = AHFNorway_LocalCloudDD.MQTTServer{
				event occurrence receive_returnallitems;
				then event occurrence send_returnallitems;
			}

			ref part apscf :> AHFNorway_LocalCloudDD.APISConsumer {
				event occurrence receive_returnallitems;
			}

			in event occurrence mq; // parameter for gate

			message sendallitems1 of Return_AllItems
			from mq to mqttsf.receive_returnallitems;
			message sendallitems2 of Return_AllItems
			from mqttsf.send_returnallitems to apscf.receive_returnallitems;
		}

		
		interface APIS_transfer_interface : Interfaces::Interface connect (
			tlu ::> AHFNorway_LocalCloudDD.TellUConsumer.apisp.APIS_HTTP, // port reference
		    apsph ::> AHFNorway_LocalCloudDD.APISProducer.tellu.APIS_HTTP, 
			apspm ::> AHFNorway_LocalCloudDD.APISProducer.apisc.APIS_MQTT,
			apsc ::> AHFNorway_LocalCloudDD.APISConsumer.apisp.APIS_MQTT,
			mqget ::> AHFNorway_LocalCloudDD.MQTTServer.getTopic,
			mqgive ::> AHFNorway_LocalCloudDD.MQTTServer.giveTopic) {
			
			message publish_returnallitems of Publish
			from apspm to mqget;
			message subscribe_returnallitems of Subscribe
			from apsc to mqgive;
			message call_getItems of CallGiveItems[1]
			from tlu to apsph;
			message returnallitems of Return_AllItems
			from apspm to mqget;
			message sendallitems of Return_AllItems
			from mqgive to apsc;
			message returnack of ResultGiveItems
			from apsph to tlu;
			
			// Successions on each lifetime
			// tlu
			succession first call_getItems.start
			then returnack.done;	
			// apisp (taking both ports)
			succession first publish_returnallitems.start
			then call_getItems.done;
			succession first call_getItems.done
			then returnallitems.start;
			succession first returnallitems.start
			then returnack.start;
			// MQTTServer
			succession first publish_returnallitems.done
			then subscribe_returnallitems.done;
			succession first subscribe_returnallitems
			then returnallitems.done;
			succession first returnallitems.done
			then sendallitems.start;
			// apisc
			succession first subscribe_returnallitems.start
			then sendallitems.done;
		}
		
	}
}"
8,../models/Association Examples/ProductSelection_N_ary.sysml,"package ProductSelection_N_ary_SysML {
	
	item def ShoppingCart;
	item def Product;
	item def Account;
	
	// User-specified connection defiation definition
	connection def ProductSelection {
		end [0..1] item cart: ShoppingCart[1];
		end [0..*] item selectedProduct: Product[1];
		end [1..1] item account : Account[1];
	}
	
	// Equivalent connection defiation definition with named end items.
	connection def ProductSelection1 {
		end inCart[0..1] item cart: ShoppingCart[1];
		end selectedProducts[0..*] item selectedProduct: Product[1];
		end withAccount[1..1] item account : Account[1];
	}
	
}"
9,../models/Association Examples/ProductSelection_OwnedEnds.sysml,"package ProductSelection_OwnedEnds_SysML {
	
	item def SelectionInfo;
	item def ShoppingCart;
	item def Product;
	
	// User-specified connection defiation definition
	connection def ProductSelection {
		item info: SelectionInfo;
		
		end [0..1] item cart: ShoppingCart[1];
		end [0..*] nonunique item selectedProduct: Product[1];
	}
	
	// Equivalent connection defiation definition with named end items.
	connection def ProductSelection1 {
		item info: SelectionInfo;
		
		end inCart[0..1] item cart: ShoppingCart[1];
		end selectedProducts[0..*] item selectedProduct: Product[1];
	}
	
	connection def SingleProductSelection specializes ProductSelection {
		end [0..1] item cart: ShoppingCart[1];
		end [0..1] item selectedProduct: Product[1];
	}

	connection def SingleProductSelection1 specializes ProductSelection1 {
		end inCart1 [0..1] item cart: ShoppingCart[1];
		end selectedProduct1 [0..1] item selectedProduct: Product[1];
	}
	
	item def OnlineCustomer {
		item info1: SelectionInfo;	
		item myCart: ShoppingCart[1];	
		item products: Product[0..*];
		
		connection ps1 : ProductSelection connect myCart to products {
			:>> info = info1;
		}
		
		connection ps2 : ProductSelection connect [1] myCart to [1] products {
			:>> info = info1;
		}
	}
	
}"
10,../models/Association Examples/ProductSelection_UnownedEnds.sysml,"package ProductSelection_UnownedEnds_SysML {
	
	item def SelectionInfo;
	item def ShoppingCart {
		item selectedProducts : Product[0..*];
	}
	item def Product {
		item inCart: ShoppingCart[0..1];
	}
	
	connection def ProductSelection {
		item info: SelectionInfo[1];
		
		end item cart: ShoppingCart[1] crosses selectedProduct.inCart;
		end item selectedProduct: Product[1] crosses cart.selectedProducts;
	}
	
	connection def SingleProductSelection :> ProductSelection {
		end item cart: ShoppingCart[1];
		end [0..1] item selectedProduct: Product[1];
	}
	
	item def OnlineCustomer {
		item info1: SelectionInfo;	
		item myCart: ShoppingCart[1];	
		item products: Product[0..*];
		
		connection ps1 : ProductSelection connect myCart to products {
			:>> info = info1;
		}
		
		connection ps2 : ProductSelection connect [1] myCart to [1] products {
			:>> info = info1;
		}
	}
	
}"
11,../models/Camera Example/Camera.sysml,"part def Camera {
	private import PictureTaking::*;
	
	perform action takePicture[*] :> PictureTaking::takePicture;
	
	part focusingSubsystem {
		perform takePicture.focus;
	}
	
	part imagingSubsystem {
		perform takePicture.shoot;
	}
	
}"
12,../models/Camera Example/PictureTaking.sysml,"package PictureTaking {
	part def Exposure;
	
	action def Focus { out xrsl: Exposure; }
	action def Shoot { in xsf: Exposure; }	
		
	action takePicture {		
		action focus: Focus[1];
		flow focus.xrsl to shoot.xsf;
		action shoot: Shoot[1];
	}
}"
13,../models/Cause and Effect Examples/CauseAndEffectExample.sysml,"package CauseAndEffectExample {
	private import CauseAndEffect::*;
	
	part def Causer1;
	part def Causer2;
	part def Effected1;
	part def Effected2;
	
	#multicausation connection def MultiCauseEffect {
		end #cause cause1 : Causer1;
		end #cause cause2 : Causer2;
		end #effect effect1 : Effected1;
		end #effect effect2 : Effected2;
	}
	
	part causer1 : Causer1;
	part causer2 : Causer2;
	part effected1 : Effected1;
	part effected2 : Effected2;
	
	#multicausation connection : MultiCauseEffect connect
		( cause1 ::> causer1, cause2 ::> causer2,
		  effect1 ::> effected1, effect2 ::> effected2 );
		  
	#multicausation connect
		( cause1 ::> causer1, cause2 ::> causer2,
		  effect1 ::> effected1, effect2 ::> effected2 );

    occurrence a;
    item b;
    part c;
    action d;
    
	#multicausation connection {
		end #cause ::> a;
		end #cause ::> b;
		end #effect ::> c;
		end #effect ::> d;
	}
	
	#cause causeA ::> a;
	#cause causeB ::> b;
	#effect effectC ::> c;
	#effect effectD ::> d;
	
	#multicausation connect ( causeA, causeB, effectC, effectD );
	
	#causation connect a to c;
	#causation connect b to d {
		@CausationMetadata {
			isNecessary = true;
			probability = 0.1;
		}
	}
}"
14,../models/Cause and Effect Examples/MedicalDeviceFailure.sysml,"package MedicalDeviceFailure {
	private import CauseAndEffect::*;
	
	part medicalDevice {
		part battery {
			event occurrence depleted;
			event occurrence cannotBeCharged;
		}
		
		event occurrence deviceFails;
		
		ref patient {
			event occurrence therapyDelayed;
		}
		
		#multicausation connection {
			end #cause ::> battery.depleted;
			end #cause ::> battery.cannotBeCharged;
			end #effect ::> deviceFails;
		}
		
		#causation connect deviceFails to patient.therapyDelayed;
	}	
	
}"
15,../models/Comment Examples/Comments.sysml,"package Comments {
	doc /* Documentation Comment */

	doc /* Documentation about Package */

	comment cmt /* Named Comment */	
	comment cmt_cmt about cmt /* Comment about Comment */
	
	comment about C /* Documention Comment on Part Def */
	part def C {
		doc /* Documentation in Part Def */
		comment /* Comment in Part Def */
		comment about Comments /* Comment about Package */
	}
}"
16,../models/Flashlight Example/Flashlight Example.sysml,"package 'Flashlight Example' {
	
	attribute def OnOffCmd;
	attribute def Light;
	
	port def OnOffCmdPort {
		out onOffCmd : OnOffCmd;
	}
	
	port def LightPort {
		out light: Light;
	}
	
	part context {
		part user {
			port onOffCmdPort: OnOffCmdPort;
			perform illuminateRegion.sendOnOffCmd {
				out onOffCmd = onOffCmdPort.onOffCmd;
			}
		}
		
		interface userToFlashlight connect user.onOffCmdPort to flashlight.onOffCmdPort {
			ref flow references illuminateRegion.onOffCmdFlow
				from source.onOffCmd to target.onOffCmd; 
		}
		
		part flashlight {
			port onOffCmdPort: ~OnOffCmdPort;
			
			perform illuminateRegion.produceDirectedLight {
				in onOffCmd = onOffCmdPort.onOffCmd;
				out light = lightPort.light;
			}
			
			port lightPort: LightPort ;
		}
		part reflectingSource {
			port lightPort: ~LightPort;
			
			perform illuminateRegion.reflectLight {
				in light = lightPort.light;
			}
		}
	}
	
	action illuminateRegion {
		action sendOnOffCmd { out onOffCmd: OnOffCmd; }
		
		succession flow onOffCmdFlow from sendOnOffCmd.onOffCmd to produceDirectedLight.onOffCmd;
		
		action produceDirectedLight { in onOffCmd; out light: Light; }
		
		succession flow lightFlow from produceDirectedLight.light to reflectLight.light;
		
		action reflectLight { in light: Light; }
	}
	
	
	
}"
17,../models/Geometry Examples/CarWithEnvelopingShape.sysml,"package CarWithEnvelopingShape {
	private import ShapeItems::Box;
	private import SI::mm;

	part def Car {
		doc
		/*
		 * Example car with simple enveloping shape that is a solid box
		 */
	
		item boundingBox : Box [1] :> boundingShapes {
			:>> length = 4800 [mm];
			:>> width  = 1840 [mm];
			:>> height = 1350 [mm];
		}
	}
}"
18,../models/Geometry Examples/CarWithShapeAndCSG.sysml,"package CarWithShapeAndCSG {
	private import SpatialItems::*;
	private import ShapeItems::*;
	private import Objects::Point;
	private import Quantities::VectorQuantityValue;
	private import MeasurementReferences::CoordinateFrame;
	private import MeasurementReferences::TranslationRotationSequence;
	private import MeasurementReferences::Translation;
	private import MeasurementReferences::Rotation;
	private import SI::*;

	part def Car :> SpatialItem {
		doc
		/*
		 * Car with simple engine
		 */
	
        item :>> shape = Cuboid(4800 [mm], 1840 [mm], 1350 [mm]);

        attribute datum :>> coordinateFrame {
            :>> mRefs = (mm, mm, mm);
        }

		part powerSource : Engine [1] :> componentItems {
			:>> ecf { 
				:>> mRefs = datum.mRefs;
				:>> transformation : TranslationRotationSequence {
					:>> source = datum;
					:>> elements = ( Translation((3800, (1840-190)/2, 40)[datum]) );
				}
			}
		}
	}

	part def Engine :> SpatialItem {
		doc
		/*
		 * Simple 2-cylinder engine
		 * 
		 * Note: The engine shape is modeled as a rectangular box with two cylindrical holes, a gross simplification.
		 */
	
		item :>> shape [1];
		
		attribute <ecf> engineCoordinateFrame :>> coordinateFrame;		

		part rawEngineBlock : SpatialItem [1] {
			item :>> shape : Box [1] {
	    		:>> length = 300 [mm];
	    		:>> width = 190 [mm];
	    		:>> height = 330 [mm];
			}
		}
		
		private attribute rearCylinderSpacing = 90 [mm];
		private item cylinder1 : SpatialItem [1] {
			item :>> shape : Cylinder [1] {
	    		:>> radius = 55 [mm];
	    		:>> height = 350 [mm];
			}
			attribute :>> coordinateFrame {
				:>> transformation : TranslationRotationSequence {
					:>> source = ecf;
					:>> elements = (Translation( (rearCylinderSpacing, rawEngineBlock.shape.width/2, -10)[ecf]));
				}
			}
		}
		
		private attribute cylinderSpacing = 2*cylinder1.shape.radius + 20 [mm];
		private item cylinder2 : SpatialItem [1] {
			item :>> shape : Cylinder [1] {
	    		:>> radius = cylinder1.shape.radius;
	    		:>> height = cylinder1.shape.height;
			}
			attribute :>> coordinateFrame {
				:>> transformation : TranslationRotationSequence {
					:>> source = ecf;
					:>> elements = ( Translation((rearCylinderSpacing + cylinderSpacing, rawEngineBlock.shape.width/2, -10)[ecf]) );
				}
			}
		}

		/* CSG difference of rawEngineBlock minus cylinder1 minus cylinder2 */
		attribute :> differencesOf[1] {
			item :>> elements = (rawEngineBlock, cylinder1, cylinder2);
		}
	}
}"
19,../models/Geometry Examples/ExternalShapeRefExample.sysml,"package ExternalShapeRefExample {
	private import ScalarValues::String;
	private import ShapeItems::*;
	private import ISQ::mass;
	private import SI::mm;

	metadata def ExternalShapeRef {
		doc
		/*
		 * Metadata to reference an externally defined shape.
		 */
	
		attribute purpose : String[1];
		attribute shapeIri : String[1];
	}
	
	part myBatteryUnit {
	    item :>> shape : Shell {
			metadata ExternalShapeRef {
				purpose = ""highLoD"";
				shapeIri = ""file:/detailed-geometry/LEMS-250W_BatteryHousing_Example.step"";
			}
		}		

		private item envelopingBoxBatteryUnit : Box :> envelopingShapes {
			:>> length = 140[mm];
			:>> width = 148[mm];
			:>> height = 90[mm];
		}
	}
}"
20,../models/Geometry Examples/SimpleQuadcopter.sysml,"package SimpleQuadcopter {
    private import ISQ::*;
    private import SI::*;
    private import SpatialItems::*;
    private import ShapeItems::*;
    private import RealFunctions::sqrt;
    private import TrigFunctions::pi;
    private import TrigFunctions::tan;
    private import MeasurementReferences::CoordinateFrame;
    private import MeasurementReferences::TranslationRotationSequence;
    private import MeasurementReferences::Translation;
    private import MeasurementReferences::Rotation;

    part motorShape : SpatialItem {
        item :>> shape : Cylinder {
            :>> radius = 18 [mm];
            :>> height = 30 [mm];
        }
    }
    
    part def Strut :> SpatialItem {
        // By default will get same coordinateFrame.mRefs as owning SpatialItem, i.e.:
        // attribute :>> coordinateFrame { :>> mRefs = (mm, mm, mm); }
        
        /* rawStrut is a construction shape: a rectangular beam */
        part rawStrut : SpatialItem {
            item :>> shape : Box {
                :>> length = 160 [mm];
                :>> width = 15 [mm];
                :>> height = 8 [mm];
            }
            attribute :>> coordinateFrame {
                :>> transformation : TranslationRotationSequence {
                    :>> elements = (Translation( (0, shape.width/2, 0)[source]));
                }
            }        
        }

        /* motorCutout is a construction shape: a cylinder of the same shape as the  */
        part motorCutout : SpatialItem {
            item :>> shape = motorShape.shape;
            attribute :>> coordinateFrame {
                :>> transformation : TranslationRotationSequence {
                    :>> elements = (Translation( (175, 0, -1)[source]));
                }
            }
        }
        
        /* Strut shape is CSG difference of rawStrut minus motorCutout */
        attribute :> differencesOf[1] {
            item :>> elements = (rawStrut, motorCutout);
        }        
    }
    
    part def PropellerMotorAssy :> SpatialItem {
        // By default will get same coordinateFrame.mRefs as owning CompoundSpatialItem, i.e.:
        // attribute :>> coordinateFrame { :>> mRefs = (mm, mm, mm); }

        part propeller : SpatialItem {
            item :>> shape : Cylinder {
                doc /* propeller stay-out volume, without propeller shaft */
                :>> radius = 80 [mm];
                :>> height = 6 [mm];
            }
            attribute :>> coordinateFrame {
                :>> transformation : TranslationRotationSequence {
                    :>> elements = (Translation( (175, 0, 31)[source]));
                }
            }
        }

        part motor : SpatialItem {
            item :>> shape = motorShape.shape;
            attribute :>> coordinateFrame {
                :>> transformation : TranslationRotationSequence {
                    :>> elements = (Translation( (175, 0, 0)[source]));
                }
            }
        }
        
        // By default the shape of a PropellerMotorAssy is the union of its owned composite items and parts that are SpatialItems.
    }

    part def Camera :> SpatialItem {
        // By default will get same coordinateFrame.mRefs as owning CompoundSpatialItem, i.e.:
        // attribute :>> coordinateFrame { :>> mRefs = (mm, mm, mm); }

        part cameraHousing : SpatialItem {
            item :>> shape : Cylinder {
                :>> radius = 15 [mm];
                :>> height = 24 [mm];
            }
        }

        /* The field of view is modeled as an item, since it is not a part of the quadcopter but rather a stay-out volume 
         * that can for example be used to formulate a constraint.
         */
        item fieldOfView : SpatialItem {
            doc /* Conical field of view with half-top angle 20 degree */
            item :>> shape : Cone {
                :>> radius = height * tan(20 * pi/180) [mm];
                :>> height = 500 [mm];
            }
            attribute :>> coordinateFrame {
                :>> transformation : TranslationRotationSequence {
                    :>> elements = (Rotation( (0, 1, 0)[source], 180['°']));
                }
            }
        }
        
        // By default the shape of a Camera is the union of its owned composite items and parts that are SpatialItems.
    }

    part quadCopter : SpatialItem {
        attribute datum :>> coordinateFrame {
            doc /* The datum is the top level coordinate frame of the system-of-interest, i.e., the quadcopter.
                 * By convention its origin is placed at the bottom of the mainBody with the +X axis pointing in the 
                 * forward fligth (velocity) direction and the +Z axis pointing upward. The +Y axis completes the 
                 * right-handed Cartesian coordinate system.
                 */
            :>> mRefs = (mm, mm, mm);
        }

        part mainBody : SpatialItem {

            /* rawBody is a construction shape: the enveloping rectangular box */
            part rawBody : SpatialItem {
                item :>> shape : Box {
                    :>> length = 160 [mm];
                    :>> width = 15 [mm];
                    :>> height = 8 [mm];
                }
                attribute :>> coordinateFrame {
                    :>> transformation : TranslationRotationSequence {
                        :>> elements = (Translation( (0, shape.width/2, 0)[source]));
                    }
                }        
            }
            
            /* cuttingBox is a construction shape: the enveloping rectangular box */
            part cuttingCornersBox : SpatialItem {
                item :>> shape : Box {
                    :>> length = 105 [mm];
                    :>> width = 105 [mm];
                    :>> height = 60 [mm];
                }
                attribute :>> coordinateFrame {
                    :>> transformation : TranslationRotationSequence {
                        :>> elements = (Translation( (0, -shape.length/sqrt(2), -10)[source]), 
                                        Rotation((0, 0, 1)[source], 45['°']));
                    }
                }        
            }

            /* Main body shape is the CSG intersection of rawBody and cuttingCornersBox */
            attribute :> intersectionsOf[1] {
                item :>> elements = (rawBody, cuttingCornersBox);
            }
            // Current syntax is not end-user friendly
            // It will be possible to specify following simple CSG expression:
            // item :>> shape = rawBody & cuttingCornersBox;
        }

        // Helper construction parameters
        private attribute xStrut : LengthValue = 49.60[mm];
        private attribute yStrut : LengthValue = 24.65[mm];
        private attribute zStrut : LengthValue = 25[mm];
        private attribute zPMAssy : LengthValue = 12[mm];

        part strut1 : Strut {
            attribute :>> coordinateFrame {
                :>> transformation : TranslationRotationSequence {
                    :>> elements = (Translation( (xStrut.num, yStrut.num, zStrut.num)[source]), 
                                    Rotation((0, 0, 1)[source], 45['°']));
                }
            }        
        }
        part strut2 : Strut {
            attribute :>> coordinateFrame {
                :>> transformation : TranslationRotationSequence {
                    :>> elements = (Translation( (-xStrut.num, yStrut.num, zStrut.num)[source]), 
                                    Rotation((0, 0, 1)[source], 135['°']));
                }
            }        
        }
        part strut3 : Strut {
            attribute :>> coordinateFrame {
                :>> transformation : TranslationRotationSequence {
                    :>> elements = (Translation( (-xStrut.num, -yStrut.num, zStrut.num)[source]), 
                                    Rotation((0, 0, 1)[source], 225['°']));
                }
            }        
        }
        part strut4 : Strut {
            attribute :>> coordinateFrame {
                :>> transformation : TranslationRotationSequence {
                    :>> elements = (Translation( (xStrut.num, -yStrut.num, zStrut.num)[source]), 
                                    Rotation((0, 0, 1)[source], 315['°']));
                }
            }        
        }

        part propellerMotorAssy1 : PropellerMotorAssy {
            attribute :>> coordinateFrame {
                :>> transformation : TranslationRotationSequence {
                    :>> elements = (Translation( (xStrut.num, yStrut.num, zPMAssy.num)[source]), 
                                    Rotation((0, 0, 1)[source], 45['°']));
                }
            }        
        }
        part propellerMotorAssy2 : PropellerMotorAssy {
            attribute :>> coordinateFrame {
                :>> transformation : TranslationRotationSequence {
                    :>> elements = (Translation( (-xStrut.num, yStrut.num, zPMAssy.num)[source]), 
                                    Rotation((0, 0, 1)[source], 135['°']));
                }
            }        
        }
        part propellerMotorAssy3 : PropellerMotorAssy {
            attribute :>> coordinateFrame {
                :>> transformation : TranslationRotationSequence {
                    :>> elements = (Translation( (-xStrut.num, -yStrut.num, zPMAssy.num)[source]), 
                                    Rotation((0, 0, 1)[source], 225['°']));
                }
            }        
        }
        part propellerMotorAssy4 : PropellerMotorAssy {
            attribute :>> coordinateFrame {
                :>> transformation : TranslationRotationSequence {
                    :>> elements = (Translation( (xStrut.num, -yStrut.num, zPMAssy.num)[source]), 
                                    Rotation((0, 0, 1)[source], 315['°']));
                }
            }        
        }

        /* The camera is placed protruding from the +X face of the main body, rotated about the +Y axis over 50° downwards */
        part camera : Camera {
            attribute :>> coordinateFrame {
                :>> transformation : TranslationRotationSequence {
                    :>> elements = (Translation( (59, 0, 2)[source]), 
                                    Rotation((0, 1, 0)[source], 50['°']));
                }
            }        
        }
        
    }
}"
21,../models/Geometry Examples/VehicleGeometryAndCoordinateFrames.sysml,"package VehicleGeometryAndCoordinateFrames {
    private import TrigFunctions::*;
    private import ISQ::*;
    private import SI::*;
    private import Time::*;

    private import ShapeItems::*;
    private import SpatialItems::*;

    private import MeasurementReferences::CoordinateFrame;
    private import MeasurementReferences::TranslationRotationSequence;
    private import MeasurementReferences::Translation;
    private import MeasurementReferences::Rotation;
    
    private import Collections::Array;
    private import ScalarValues::Boolean;
    private import ScalarValues::Real;
    private import ScalarValues::Natural;
	private import ControlFunctions::forAll;
    
    part def Vehicle :> SpatialItem;

    part def Chassis :> SpatialItem {
        item :>> shape = Box(4800 [mm], 1840 [mm], 1350 [mm]);
    }

    part def Wheel :> SpatialItem {
		doc
		/*
		 * Generic wheel with lugbolts
		 * 
		 * The radius is estimated for a 22 inch hub plus 110 mm tire height.
		 * The wheel width is equal to the cylinder height.
		 * The wheel has 5 lugbolts that are evenly distributed along a circle centered at the wheel's center.
		 */
	
    	ref item :>> self : Wheel;
        item :>> shape : Cylinder {
            :>> radius = 22/2*25.4 + 110 [mm]; 
            :>> height = 220 [mm];
        }
        attribute <wcf> wheelCoordinateFrame : CoordinateFrame;
        
        attribute numberOfBolts : Natural = 5;	
		part lugBolts : LugBolt[1..numberOfBolts];
		
		/* 
		 * As an example of a more involved placement of composite parts, constrain the positions of the coordinate frame origins 
		 * of the lugbolts to a circle with radius lbpr distributed evenly over 360°.
		 */
        attribute <lbpr> lugBoltPlacementRadius :>> radius default 60 [mm];
		private attribute lugBoltDistributionAngle :>> planeAngle = 360/numberOfBolts ['°'];
        private attribute lbda : Real = lugBoltDistributionAngle.num * (pi/180); // lugBoltDistributionAngle in radian
		assert constraint {
			(1..numberOfBolts)->forAll {
				in i : Natural;
				private attribute lbcf = lugBolts#(i).coordinateFrame; 
				private attribute trs : TranslationRotationSequence {
					:>> source = wcf;
					:>> target = lbcf;
					:>> elements = Translation((lbpr*cos((i-1)*lbda), lbpr*sin((i-1)*lbda), -8)[wcf]); 
				}
				lbcf.transformation == trs
			}
		}
    }

    part def LugBolt :> SpatialItem {
    	item :>> shape : Cylinder {
    		:>> radius = 14 [mm];
    		:>> height = 40 [mm];
    	}
    }

    part vehicle : Vehicle, SpatialItem {
		/* 
		 * Vehicle frame origin at center of bottom plate of chassis
		 * with +Z upwards and +X in the forward (front) direction
		 */
        attribute datum :>> coordinateFrame {
            :>> mRefs = (mm, mm, mm);
        }

        part chassis : Chassis[1] :> componentItems {
			attribute :>> coordinateFrame {
				attribute :>> transformation : TranslationRotationSequence {
	 	          	attribute :>> source = datum;
                	attribute :>> elements = Translation((-(shape as Box).length/2, -(shape as Box).width/2, 0)[datum]);
                }
			}
        }

        private attribute plusXAxis : Array { :>> dimensions = 3; :>> elements : Real[3] = (1, 0, 0); }
        private attribute frontWheelXShift : Real = 1670;
        private attribute rearWheelXShift : Real = -1820;
        private attribute wheelYShift : Real = 720;

        part leftFrontWheel : Wheel[1] :> componentItems {
            attribute :>> coordinateFrame {
                attribute :>> transformation : TranslationRotationSequence {
	            	attribute :>> source = datum;
                	attribute :>> elements = (Translation((frontWheelXShift, wheelYShift, 80)[datum]), Rotation(plusXAxis[datum], -90['°']));
                }
            }
        }
        part rightFrontWheel : Wheel[1] :> componentItems {
            attribute :>> coordinateFrame {
                attribute :>> transformation : TranslationRotationSequence {
                	attribute :>> source = datum;
                	attribute :>> elements = (Translation((frontWheelXShift, -wheelYShift, 80)[datum]), Rotation((1, 0, 0)[datum], 90['°']));
                }
            }
        }
        part leftRearWheel : Wheel[1] :> componentItems {
            attribute :>> coordinateFrame {
                attribute :>> transformation : TranslationRotationSequence {
                	attribute :>> source = datum;
                	attribute :>> elements = (Translation((rearWheelXShift, wheelYShift, 80)[datum]), Rotation((1, 0, 0)[datum], 90['°']));
                }
            }
        }
        part rightRearWheel : Wheel[1] :> componentItems {
            attribute :>> coordinateFrame {
                attribute :>> transformation : TranslationRotationSequence {
					attribute :>> source = datum;
                	attribute :>> elements = (Translation((rearWheelXShift, -wheelYShift, 80)[datum]), Rotation((-1, 0, 0)[datum], 90['°']));
                }
            }
        }
    }
}
"
22,../models/Import Tests/AliasImport.sysml,"package AliasImport {
	package Definitions {
	    part def Vehicle;
	    
	    alias Car for Vehicle;
	}
	
	package Usages {
	    private import Definitions::Car;
	
	    part vehicle : Car;
	}
}"
23,../models/Import Tests/CircularImport.sysml,"package CircularImport {

	package P1 {
		public import P2::*;
		part def A;
	}
	package P2 {
		public import P1::*;
		part def B;
	}
	package Test1 {
		public import P1::*;
		part x: A;
		part y: B;
	}
	package Test2 {
		public import P2::*;
		part x: A;
		part y: B;
	}
	
	part x: P1::A;
	
	// The following should not fail.
	part y: P1::B;
	
}"
24,../models/Import Tests/PrivateImportTest.sysml,"package PrivateImportTest {
	package P1 {
		part def A;
	}
	package P2 {
		private import P1::*;
	}

	part x: P1::A;
	
	public import P2::*;
	// This should fail.
	// A is not visible, because the import in P2 is private.
	// part y: A;
	// part y1: P2::A;
	
	package P3 {
		part def B;
	}
	
	private import P3::*;
	
	// This should not fail.
	// Private import only restricts visibility outside the package.
	part z: B;
	
	package P4 {
		public import all P2::*;
		
		// This should not fail because ""import all"" overrides private import.
		part z1: A;
	}	
}"
25,../models/Import Tests/QualifiedNameImportTest.sysml,"package QualifiedNameImportTest {
	package P1 {
		part def A;
	}
	package P2 {
		package P2a {
			public import P1::*;
		}
		// The following should not fail.
		// A is a member of P2a because of the import.
		part x: P2a::A;
	}
}"
26,../models/Individuals Examples/AnalysisIndividualExample.sysml,"package AnalysisIndividualExample {
    private import ScalarValues::*;
    private import Quantities::*;
    private import ISQ::*;
    private import USCustomaryUnits::*;
    
	package VehicleQuantities {
	    private import MeasurementReferences::*;
	    
	    attribute def DistancePerVolumeUnit :> DerivedUnit {
	    	private attribute distancePF: QuantityPowerFactor[1] { :>> quantity = isq.L; :>> exponent = 1; }
	        private attribute volumePF: QuantityPowerFactor[1] { :>> quantity = isq.L; :>> exponent = -3; }
	        attribute :>> quantityDimension { :>> quantityPowerFactors = (distancePF, volumePF); }
	    }

	    attribute def DistancePerVolumeValue :> ScalarQuantityValue {
	        :>> num : Real;
	        :>> mRef : DistancePerVolumeUnit;
	    }
	    
	    attribute gallon : VolumeUnit = 231.0 * 'in' ** 3;
	    attribute mpg : DistancePerVolumeUnit = 'mi' / gallon;
	    attribute hp : PowerUnit = 745.7[SI::W];
	}
	
	package VehicleModel {
	    public import VehicleQuantities::*;
	    
	    part def Vehicle {
	    	attribute power :> ISQ::power;
	    }
	    
	    part def Engine {
	    	attribute peakPower :> ISQ::power;
	    	attribute fuelEfficiency : Real;
	    }
	    
	    part vehicle_c1 : Vehicle {
	    	attribute :>> power = engine.peakPower;
	    	part engine : Engine[1];
	    }
	}
	
	package FuelEconomyAnalysisModel {
	    private import VehicleModel::*;
	    private import SequenceFunctions::size;
	    private import SampledFunctions::SampledFunction;
	    private import SampledFunctions::SamplePair;
	    private import ControlFunctions::forAll;
	    
	    action def FuelConsumption {
			in power : PowerValue[*];
			out fuelEconomy : DistancePerVolumeValue;
		}
		
		analysis def FuelEconomyAnalysis {
			subject vehicle: Vehicle;

		    action fuelConsumption : FuelConsumption {
		    	in power = vehicle.power;
		        out fuelEconomy : DistancePerVolumeValue;
	        }
	        
			return calculatedFuelEconomy : DistancePerVolumeValue =
				fuelConsumption.fuelEconomy;	        
	    }
	}
	
	package IndividualAnalysisModel {
		private import VehicleModel::*;
		private import FuelEconomyAnalysisModel::*;
		
		individual part def Vehicle_1 :> Vehicle;
		individual part def Engine_1 :> Engine;
		
		individual analysis def FuelEconomyAnalysis_1 :> FuelEconomyAnalysis;
		individual action def FuelConsumption_1 :> FuelConsumption;
		
		individual analysis fuelEconomyAnalysis_1 : FuelEconomyAnalysis_1 {
			subject vehicle : Vehicle_1 :> vehicle_c1 {
				individual part :>> engine : Engine_1 {
					attribute :>> peakPower = 200[hp];
					attribute :>> fuelEfficiency = 0.4;
				}
			}
			individual action :>> fuelConsumption : FuelEconomyAnalysis_1 {
				snapshot :>> done :> fuelConsumption {
					out :>> fuelEconomy = 35[mph];
				}
			}
		}
		
	}
	
}"
27,../models/Individuals Examples/JohnIndividualExample.sysml,"package JohnIndividualExample {
	
	item def Person {
		doc	
		/*
		 * This is the definition of the class of persons, each of whom has an age.
		 */

		attribute age : ScalarValues::Natural;		
		
		timeslice asPresident : Person [0..*] {
			doc
			/*
			 * These are the periods during which a Person is president.
			 */
		}
	}
	
	individual item def John :> Person {
		doc
		/*
		 * This the definition of the individual Person who is John.
		 * There is at most one such person.
		 */
	}
	
	item def Country {
		doc
		/*
		 * This is the definition of the class of countries, each of which may have 
		 * at most one president (at any point in time).
		 */
		ref presidentOfCountry[0..1] : Person :> presidentOfCountry.asPresident;
	}
	
	individual item def UnitedStates :> Country {
		doc
		/*
		 * This is the definition of the individual country that is the
		 * United States. It contains a single instance. The United States
		 * always has a president who must be at least 35 years old.
		 */
		 
		ref presidentOfUS[1] :>> presidentOfCountry {
	   		assert constraint { age >= 35 } 
	  	}
	}
	
	timeslice item UnitedStatesWithJohnAsPresident[*] : UnitedStates {
		doc
		/*
		 * These are the time slices of the United States during
		 * which John is president of the United States.
		 */
		ref :>> presidentOfUS : John;
	}
}"
28,../models/Interaction Sequencing Examples/ServerSequenceModel.sysml,"package ServerSequenceModel {
	private import ScalarValues::String;
	public import SignalDefinitions::*;

	package SignalDefinitions {
	    item def Subscribe {
	    	attribute topic : String;
	    	ref part subscriber;
	    }
	    
		item def Publish {
			attribute topic : String;
			ref publication;
		}
		
		item def Deliver {
			ref publication;
		}
	}

	part def PubSubSequence {
		part producer[1] {
			event occurrence publish_source_event;
		}
		
		message publish_message from producer.publish_source_event to server.publish_target_event;
		
		part server[1] {
			event occurrence subscribe_target_event;
			then event occurrence publish_target_event;
			then event occurrence deliver_source_event;
		}
		
		message subscribe_message from consumer.subscribe_source_event to server.subscribe_target_event;
		message deliver_message from server.deliver_source_event to consumer.deliver_target_event;
		
		part consumer {
			event occurrence subscribe_source_event;
			then event occurrence deliver_target_event;
		}
	}
}"
29,../models/Interaction Sequencing Examples/ServerSequenceModelOutside.sysml,"package ServerSequenceModelOutside {
	public import ServerSequenceModel::*;

	part def PubSubSequenceOutside :> PubSubSequence {
		part :>> producer {
			event publish_source_event = publish_message.start;
		}
		
		part :>> server {
			event occurrence :>> subscribe_target_event = subscribe_message.done;
			then event occurrence :>> publish_target_event = publish_message.done;
			then event occurrence :>> deliver_source_event = deliver_message.start;
		}
		
		part :>> consumer {  /* Redundant with timing constraints on server and generic transfers. */
			event occurrence :>> subscribe_source_event = subscribe_message.start;
			then event occurrence :>> deliver_target_event = deliver_message.done;
		}
	}
}"
30,../models/Interaction Sequencing Examples/ServerSequenceOutsideRealization-2.sysml,"package ServerSequenceOutsideRealization_2 {
	private import ScalarValues::String;
	private import ServerSequenceModelOutside::*;
	private import Configuration::*;
	
	package Configuration {
		
		port def PublicationPort;
		
		port def SubscriptionPort;
		
		part producer_2[1] {
			attribute someTopic : String;
			private item somePublication;
			/* Requiring FIFO sort (as opposed to just default) to make arrival/leave ordering
			 * in ServerSequenceModelOutside.sysml equivalent to accept/send ordering in
			 * ServerSquenceRealization-2.sysml. */
			:>> incomingTransferSort = Occurrences::earlierFirstIncomingTransferSort;
			
			port publicationPort : ~PublicationPort;
			
			perform action producerBehavior {
				action publish send Publish(someTopic, somePublication) via publicationPort;
			}
		}
		
		interface producer_2.publicationPort to server_2.publicationPort;
		
		part server_2[1] {
			port publicationPort : PublicationPort;
			port subscriptionPort : SubscriptionPort;
			:>> incomingTransferSort = Occurrences::earlierFirstIncomingTransferSort;
			
			exhibit state serverBehavior {
				entry; then waitForSubscription;
				
				state waitForSubscription;
				transition subscribing
					first waitForSubscription
					accept sub : Subscribe via subscriptionPort
					then waitForPublication;
					
				state waitForPublication;
				transition delivering
					first waitForPublication
					accept pub : Publish via publicationPort
					if pub.topic == subscribing.sub.topic
					do send Deliver(pub.publication) to subscribing.sub.subscriber
					then waitForPublication;
			}
		}
		
		interface consumer_2.subscriptionPort to server_2.subscriptionPort;
		
		part consumer_2[1] {
			attribute myTopic : String;
			:>> incomingTransferSort = Occurrences::earlierFirstIncomingTransferSort;
			
			port subscriptionPort : ~SubscriptionPort;
			
			perform action consumerBehavior {
				action subscribe send Subscribe(myTopic, consumer_2) to server_2;
				then action delivery accept Deliver via consumer_2;
			}
		}
		
	}
	
	part realization_2 : PubSubSequence {
		part :>> producer :> producer_2;
		part :>> server :> server_2;
		part :>> consumer :> consumer_2;

		message :>> publish_message: Transfers::MessageTransfer {
 			end :>> source = producer.publicationPort;
 			end :>> target = server.publicationPort;
 		}
		message :>> subscribe_message: Transfers::MessageTransfer {
 			end :>> source = consumer.subscriptionPort;
 			end :>> target = server.subscriptionPort;
 		}
		message :>> deliver_message: Transfers::MessageTransfer {
 			end :>> source = server;
 			end :>> target = consumer;
 		}
 		
 		/* Binding sent/accept messages to specification model messages. */
		  /* Sends */
 		bind producer_2.producerBehavior.publish.sentMessage = publish_message;
 		bind consumer_2.consumerBehavior.subscribe.sentMessage = subscribe_message;
 		bind server_2.serverBehavior.delivering.effect.sentMessage = deliver_message;
 		  /* Accepts */
 		bind consumer_2.consumerBehavior.delivery.acceptedMessage = subscribe_message;
 		bind server_2.serverBehavior.subscribing.accepter.acceptedMessage = subscribe_message;
 		bind server_2.serverBehavior.delivering.accepter.acceptedMessage = publish_message;
	}
}"
31,../models/Interaction Sequencing Examples/ServerSequenceOutsideRealization-3.sysml,"package ServerSequenceOutsideRealization_3 {
	private import ScalarValues::String;
	private import ServerSequenceModelOutside::*;
	private import Configuration::*;
	
	package Configuration {
		
		port def PublicationPort {
			in ref publish : Publish;
		}
		
		port def SubscriptionPort {
			in ref subscribe : Subscribe;
			out ref deliver : Deliver;
		}
		
		interface def PublicationInterface {
			end source : ~PublicationPort;
			end target : PublicationPort;
		}
		
		interface def SubscriptionInterface {
			end source : ~SubscriptionPort;
			end target : SubscriptionPort;
		}
		
		part producer_3[1] {
			attribute someTopic : String;
			private item somePublication;
			
			port publicationPort : ~PublicationPort {
				out ref :>> publish;
			}
			
			perform action producerBehavior {
				action publish {
					out ref request : Publish[1] = Publish(someTopic, somePublication);
				}
			}
			
			/* Internal flows are instantaneous to make arrival/leave ordering in SequenceModelOutside.sysml
			 * equivalent to ordering participant internals in ServerSequenceRealization-3.sysml. */
			flow publish_request from producerBehavior.publish.request to publicationPort.publish
				{ attribute :>> isInstant = true;}
		}
		
		interface publication_interface : PublicationInterface connect producer_3.publicationPort to server_3.publicationPort {
			flow publish_request from publication_interface.source.publish to publication_interface.target.publish;
		}
		
		part server_3[1] {
			port publicationPort : PublicationPort {
				in ref :>> publish;
			}
			port subscriptionPort : SubscriptionPort {
				in ref :>> subscribe;
				out ref :>> deliver;
			}
						
			flow subscribe_request from subscriptionPort.subscribe to serverBehavior.subscribing.request
				{ attribute :>> isInstant = true;}
			flow publish_request from publicationPort.publish to serverBehavior.publishing.request
				{ attribute :>> isInstant = true;}
			flow deliver_response from serverBehavior.delivering.response to subscriptionPort.deliver
				{ attribute :>> isInstant = true;}
			
			perform action serverBehavior {
				
				action subscribing {
					in ref request : Subscribe[1];
					out attribute topic : String[1] = request.topic;
				}
				
				then merge continuePublishing;			
				then action publishing {
					in ref request : Publish[1];
					out attribute topic[1] = request.topic;
					out ref publication[1] = request.publication;
				}
				
				then decide;
					if publishing.topic == subscribing.topic then delivering;
					else continuePublishing;
					
				then action delivering {
					in topic : String[1] = subscribing.topic;
					in publication[1] = publishing.publication;
					out ref response : Deliver = Deliver(publication);
				}
				then continuePublishing;
				
			}
		}
		
		interface subscription_interface : SubscriptionInterface connect consumer_3.subscriptionPort to server_3.subscriptionPort {
			flow subscribe_request from subscription_interface.source.subscribe to subscription_interface.target.subscribe;
			flow deliver_response from subscription_interface.target.deliver to subscription_interface.source.deliver;
		}
		
		part consumer_3[1] {
			attribute myTopic : String;
			
			port subscriptionPort : ~SubscriptionPort {
				out ref :>> subscribe;
				in ref :>> deliver;
			}
			
			flow subscribe_request from consumerBehavior.subscribe.request to subscriptionPort.subscribe
				{ attribute :>> isInstant = true;}
			flow deliver_response from subscriptionPort.deliver to consumerBehavior.delivery.response
				{ attribute :>> isInstant = true;}

			perform action consumerBehavior {
				action subscribe {
					out ref request : Subscribe = Subscribe(myTopic);
				}
				then action delivery {
					in ref response : Deliver;
				}
			}
		}
		
	}
	
	part realization_2 : PubSubSequence {
		part :>> producer :> producer_3 {
			event producerBehavior.publish[1] :>> publish_source_event;
		}

		part :>> server :> server_3 {
			event serverBehavior.subscribing[1] :>> subscribe_target_event;
			event serverBehavior.publishing[1] :>> publish_target_event;
			event serverBehavior.delivering[1] :>> deliver_source_event;
		}
		
		part :>> consumer :> consumer_3 {
			event consumerBehavior.subscribe[1] :>> subscribe_source_event;
			event consumerBehavior.delivery[1] :>> deliver_target_event;
		}
		
		flow :>> publish_message from producer.producerBehavior.publish.request to server.serverBehavior.publishing.request {
			event producer.publish_request[1];
			then event publication_interface.publish_request[1];
			then event server.publish_request[1];
		}
		
		flow :>> subscribe_message from consumer.consumerBehavior.subscribe.request to server.serverBehavior.subscribing.request {
			event consumer.subscribe_request[1];
			then event subscription_interface.subscribe_request[1];
			then event server.subscribe_request[1];
		}
		
		flow :>> deliver_message from server.serverBehavior.delivering.response to consumer.consumerBehavior.delivery.response {
			event server.deliver_response[1];
			then event subscription_interface.deliver_response[1];
			then event consumer.deliver_response[1];
		}
	}
}"
32,../models/Interaction Sequencing Examples/ServerSequenceRealization-2.sysml,"package ServerSequenceRealization_2 {
	private import ScalarValues::String;
	private import ServerSequenceModel::*;
	private import Configuration::*;
	
	package Configuration {
		
		port def PublicationPort;
		
		port def SubscriptionPort;
		
		part producer_2[1] {
			attribute someTopic : String;
			private item somePublication;
			
			port publicationPort : ~PublicationPort;
			
			perform action producerBehavior {	
				action publish send Publish(someTopic, somePublication) via publicationPort;
			}
		}
		
		interface producer_2.publicationPort to server_2.publicationPort;
		
		part server_2[1] {
			port publicationPort : PublicationPort;
			port subscriptionPort : SubscriptionPort;
			
			exhibit state serverBehavior {
				entry; then waitForSubscription;
				
				state waitForSubscription;
				transition subscribing
					first waitForSubscription
					accept sub : Subscribe via subscriptionPort
					then waitForPublication;
					
				state waitForPublication;
				transition delivering
					first waitForPublication
					accept pub : Publish via publicationPort
					if pub.topic == subscribing.sub.topic
					do send Deliver(pub.publication) to subscribing.sub.subscriber
					then waitForPublication;
			}
		}
		
		interface consumer_2.subscriptionPort to server_2.subscriptionPort;
		
		part consumer_2[1] {
			attribute myTopic : String;
			
			port subscriptionPort : ~SubscriptionPort;
			
			perform action consumerBehavior {
				action subscribe send Subscribe(myTopic, consumer_2) to server_2;
				then action delivery accept Deliver via consumer_2;
			}
		}
		
	}
	
	part realization_2 : PubSubSequence {
		part :>> producer :> producer_2 {
			event producerBehavior.publish[1] :>> publish_source_event;
		}

		part :>> server :> server_2 {
			event serverBehavior.subscribing.accepter[1] :>> subscribe_target_event;
			event serverBehavior.delivering.accepter[1] :>> publish_target_event;
			event serverBehavior.delivering.effect[1] :>> deliver_source_event;
		}
		
		part :>> consumer :> consumer_2 {
			event consumerBehavior.subscribe[1] :>> subscribe_source_event;
			event consumerBehavior.delivery[1] :>> deliver_target_event;
		}

		message :>> publish_message: Transfers::MessageTransfer {
 			end :>> source = producer.publicationPort;
 			end :>> target = server.publicationPort;
 		}
		message :>> subscribe_message: Transfers::MessageTransfer {
 			end :>> source = consumer.subscriptionPort;
 			end :>> target = server.subscriptionPort;
 		}
		message :>> deliver_message: Transfers::MessageTransfer {
 			end :>> source = server;
 			end :>> target = consumer;
 		}
 		
 		/* Binding sent/accept messages to specification model messages. */
		  /* Sends */
 		bind producer_2.producerBehavior.publish.sentMessage = publish_message;
 		bind consumer_2.consumerBehavior.subscribe.sentMessage = subscribe_message;
 		bind server_2.serverBehavior.delivering.effect.sentMessage = deliver_message;
 		  /* Accepts */
 		bind consumer_2.consumerBehavior.delivery.acceptedMessage = subscribe_message;
 		bind server_2.serverBehavior.subscribing.accepter.acceptedMessage = subscribe_message;
 		bind server_2.serverBehavior.delivering.accepter.acceptedMessage = publish_message;
	}
}"
33,../models/Interaction Sequencing Examples/ServerSequenceRealization-3.sysml,"package ServerSequenceRealization_3 {
	private import ScalarValues::String;
	private import ServerSequenceModel::*;
	private import Configuration::*;
	
	package Configuration {
		
		port def PublicationPort {
			in ref publish : Publish;
		}
		
		port def SubscriptionPort {
			in ref subscribe : Subscribe;
			out ref deliver : Deliver;
		}
		
		interface def PublicationInterface {
			end source : ~PublicationPort;
			end target : PublicationPort;
		}
		
		interface def SubscriptionInterface {
			end source : ~SubscriptionPort;
			end target : SubscriptionPort;
		}
		
		part producer_3[1] {
			attribute someTopic : String;
			private item somePublication;
			
			port publicationPort : ~PublicationPort {
				out ref :>> publish;
			}
			
			perform action producerBehavior {
				action publish {
					out ref request : Publish[1] = Publish(someTopic, somePublication);
				}
			}
			
			flow publish_request from producerBehavior.publish.request to publicationPort.publish;
		}
		
		interface publication_interface : PublicationInterface connect producer_3.publicationPort to server_3.publicationPort {
			flow publish_request from publication_interface.source.publish to publication_interface.target.publish;
		}
		
		part server_3[1] {
			port publicationPort : PublicationPort {
				in ref :>> publish;
			}
			port subscriptionPort : SubscriptionPort {
				in ref :>> subscribe;
				out ref :>> deliver;
			}
						
			flow subscribe_request from subscriptionPort.subscribe to serverBehavior.subscribing.request;
			flow publish_request from publicationPort.publish to serverBehavior.publishing.request;
			flow deliver_response from serverBehavior.delivering.response to subscriptionPort.deliver;
			
			perform action serverBehavior {
				
				action subscribing {
					in ref request : Subscribe[1];
					out attribute topic : String[1] = request.topic;
				}
				
				then merge continuePublishing;			
				then action publishing {
					in ref request : Publish[1];
					out attribute topic[1] = request.topic;
					out ref publication[1] = request.publication;
				}
				
				then decide;
					if publishing.topic == subscribing.topic then delivering;
					else continuePublishing;
					
				then action delivering {
					in topic : String[1] = subscribing.topic;
					in publication[1] = publishing.publication;
					out ref response : Deliver = Deliver(publication);
				}
				then continuePublishing;
				
			}
		}
		
		interface subscription_interface : SubscriptionInterface connect consumer_3.subscriptionPort to server_3.subscriptionPort {
			flow subscribe_request from subscription_interface.source.subscribe to subscription_interface.target.subscribe;
			flow deliver_response from subscription_interface.target.deliver to subscription_interface.source.deliver;
		}
		
		part consumer_3[1] {
			attribute myTopic : String;
			
			port subscriptionPort : ~SubscriptionPort {
				out ref :>> subscribe;
				in ref :>> deliver;
			}
			
			flow subscribe_request from consumerBehavior.subscribe.request to subscriptionPort.subscribe;
			flow deliver_response from subscriptionPort.deliver to consumerBehavior.delivery.response;

			perform action consumerBehavior {
				action subscribe {
					out ref request : Subscribe = Subscribe(myTopic);
				}
				then action delivery {
					in ref response : Deliver;
				}
			}
		}
		
	}
	
	part realization_2 : PubSubSequence {
		part :>> producer :> producer_3 {
			event producerBehavior.publish[1] :>> publish_source_event;
		}

		part :>> server :> server_3 {
			event serverBehavior.subscribing[1] :>> subscribe_target_event;
			event serverBehavior.publishing[1] :>> publish_target_event;
			event serverBehavior.delivering[1] :>> deliver_source_event;
		}
		
		part :>> consumer :> consumer_3 {
			event consumerBehavior.subscribe[1] :>> subscribe_source_event;
			event consumerBehavior.delivery[1] :>> deliver_target_event;
		}
		
		flow :>> publish_message from producer.producerBehavior.publish.request to server.serverBehavior.publishing.request {
			event producer.publish_request[1];
			then event publication_interface.publish_request[1];
			then event server.publish_request[1];
		}
		
		flow :>> subscribe_message from consumer.consumerBehavior.subscribe.request to server.serverBehavior.subscribing.request {
			event consumer.subscribe_request[1];
			then event subscription_interface.subscribe_request[1];
			then event server.subscribe_request[1];
		}
		
		flow :>> deliver_message from server.serverBehavior.delivering.response to consumer.consumerBehavior.delivery.response {
			event server.deliver_response[1];
			then event subscription_interface.deliver_response[1];
			then event consumer.deliver_response[1];
		}
	}
}"
34,../models/Mass Roll-up Example/MassConstraintExample.sysml,"package MassConstraintExample {
	private import ISQ::*;
	private import SI::*;
	private import NumericalFunctions::*;
	
	part def Engine {
		attribute m :> mass;
	}
	
	part def Transmission {
		attribute m :> mass;
	}
	
	part def Vehicle1 {
		attribute m : MassValue = eng.m + trans.m;
		
		part eng : Engine {
			attribute :>> m : MassValue;
		}
		
		part trans : Transmission {
			attribute :>> m : MassValue;
		}
	}
	
	part def Vehicle2 {
		assert constraint { m == eng.m + trans.m }
		
		attribute m : MassValue;
		
		part eng : Engine {
			attribute :>> m : MassValue;
		}
		
		part trans : Transmission {
			attribute :>> m : MassValue;
		}
	}
	
	constraint def MassConstraint3 {
		in totalMass : MassValue; 
		in partMasses : MassValue[0..*];
			
		totalMass == sum(partMasses)
	}
	
	part def Vehicle3 {
		assert constraint massConstraint : MassConstraint3 {
			in totalMass = m;
			in partMasses = (eng.m, trans.m);
		}
		
		attribute m : MassValue;
		
		part eng {
			attribute m : MassValue;
		}
		
		part trans {
			attribute m : MassValue;
		}
	}
	
	constraint def MassConstraint4 {
		in totalMass : MassValue;
		in partMasses : MassValue[0..*];
	}
	
	constraint mc : MassConstraint4 {
		in totalMass : MassValue; 
		in partMasses : MassValue[0..*];
		
		totalMass == sum(partMasses)
	}
	
	part def Vehicle4 {
		assert mc {
			in totalMass = m;
			in partMasses = (eng.m, trans.m);
		}
		
		attribute m : MassValue;
		
		part eng : Engine {
			attribute :>> m : MassValue;
		}
		
		part trans : Transmission {
			attribute :>> m : MassValue;
		}
	}
	
	constraint def MassLimit {
		in mass : MassValue; 
		in maxMass : MassValue;
			
		mass <= maxMass
	}
	
	part def Vehicle5 {
		assert constraint ml : MassLimit {
			in mass = m;
			in maxMass = 2500 [kg];
		}
		
		attribute m : MassValue = eng.m + trans.m;
		
		part eng : Engine {
			attribute :>> m : MassValue;
		}
		
		part trans : Transmission {
			attribute :>> m : MassValue;
		}
	}	
	
}"
35,../models/Mass Roll-up Example/MassRollup.sysml,"package MassRollup {
	private import NumericalFunctions::*;
	
	part def MassedThing {
		attribute mass :> ISQ::mass; 
		attribute totalMass :> ISQ::mass;
	}
	
	part simpleThing : MassedThing {
		attribute redefines totalMass = mass;
	}
	
	part compositeThing : MassedThing {
		part subcomponents: MassedThing[*];
		
		attribute redefines totalMass default
			mass + sum(subcomponents.totalMass); 
	}
	
	part filteredMassThing :> compositeThing {
		abstract attribute minMass :> ISQ::mass;
		
		attribute redefines totalMass =
			mass + sum(subcomponents.totalMass.?{in p :> ISQ::mass; p > minMass});
	}

}"
36,../models/Mass Roll-up Example/Vehicles.sysml,"package VehicleMasses {
	private import ScalarValues::*;
	private import MassRollup::*;
	
	part def CarPart :> MassedThing {			
		attribute serialNumber: String;
	}
	
	part car: CarPart :> compositeThing {	
		attribute vin redefines serialNumber;
		
		part carParts: CarPart[*] redefines subcomponents;
		
		part engine :> simpleThing, carParts {
			//...
		}
		
		part transmission :> simpleThing, carParts {
			//...
		}
	}

	// Example usage
	private import SI::*;	
	part c :> car {
		redefines mass = 1000 [kg];
		part redefines engine {
			redefines mass = 100 [kg];
		}
		
		part redefines transmission {
			redefines mass = 50 [kg];
		}	
	}
	
	// c.totalMass --> 1150.0 [kg]
}"
37,../models/Metadata Examples/IssueMetadataExample.sysml,"package IssueMetadataExample {
	private import ModelingMetadata::Issue;
	
    //Example: the following identifies an issue with the interface
    
    metadata InterfaceCompatibilityIssue : Issue about engineToTransmissionInterface {
    	text = ""This issue is about the interface compatability between the engine and transmission."" +
               ""The interface def includes an end defined by a ClutchPort."" +
               ""However, the interface usage connects the transmission port that is defined by ~DrivePwrPort."" +
               ""This should have surfaced a compatibility issue, since the interface is not really compatible with its definition"";
    }
    
    interface def EngineToTransmissionInterface{
        end p1:DrivePwrPort;
        end p2:ClutchPort;
    }
    port def DrivePwrPort;
    port def ClutchPort;
    
    part engine{
        port drivePwrPort:DrivePwrPort;
    }
    part transmission{
        port clutchPort:~DrivePwrPort;
    }

    interface engineToTransmissionInterface:EngineToTransmissionInterface
        connect engine.drivePwrPort to transmission.clutchPort;       

}"
38,../models/Metadata Examples/RationaleMetadataExample.sysml,"package RationaleMetadataExample {
	private import ModelingMetadata::Rationale;
	
    /* Example: the following provides the rationale for selecting the engine4cyl based on a trade study analysis. 
    The rationale could be contained in the vehicle configuration with the selected engine */
    
    part engine;
    part engine4cyl :> engine;
    part engine6cyl :> engine;
    
    metadata engineSelectionRationale : Rationale about engine4cyl {
    	text = ""This rationale for selecting the engine4cyl refers to the engineTradeOffAnalysis."";
    	explanation = engineTradeOffAnalysis;
    }
    
    private import TradeStudies::*;
    analysis engineTradeOffAnalysis:TradeStudy{
        subject alternatives :> engine [2] = (engine4cyl, engine6cyl);

        /* ... */
        
        return selectedEngine :> engine;
     }
}"
39,../models/Metadata Examples/RequirementMetadataExample.sysml,"package RequirementMetadataExample {
	private import Metaobjects::SemanticMetadata;
	private import ModelingMetadata::*;
	private import RiskMetadata::*;
	private import RiskLevelEnum::*;
	
	requirement def Goal;
	requirement goals : Goal[*] nonunique;
	metadata def goal :> SemanticMetadata {
	    :>> baseType = goals meta SysML::RequirementUsage;
	}

    requirement <'1'> vehicleMassRequirement {
        doc /* The total mass of a vehicle shall be less than or equal to the required mass. */
 
        @StatusInfo {
            status = StatusKind::tbd;
            risk {
		    	totalRisk = high;
		    	technicalRisk = medium;
		    	scheduleRisk = low;
		    	costRisk = medium;
		    }            
		    originator = ""Bob"";
            owner = ""Mary"";
        }
    }
    
    #goal requirement deliverPayload {
    	assume #goal constraint payloadMassLimit;
    	require #goal vehicleMassRequirement;
    }
    
}"
40,../models/Metadata Examples/RiskMetadataExample.sysml,"package RiskMetadataExample {
	private import RiskMetadata::*;
	private import RiskLevelEnum::*;
	
    part engine4cyl{
        @Risk {
            totalRisk = high;
            technicalRisk = medium;
            scheduleRisk = medium;
        }
        @Risk {
        	totalRisk { 
        		probability = 0.3;
        		impact = 0.7;
        	}        	
        }
    }
        
}"
41,../models/Metadata Examples/VerificationMetadataExample.sysml,"package VerificationMetadataExample {
	private import VerificationCases::*;
	private import VerificationMethodKind::*;
	
    verification def MassTest;
    verification massTests:MassTest {
        @VerificationMethod{ kind = (test,demo); }
        objective {
        }
        action weighVehicle {
        	@VerificationMethod{ kind = analyze; }
        }
    }
	
}"
42,../models/Packet Example/Packets.sysml,"package Packets {
	private import ScalarValues::*;
	private import Time::DateTime;
	
	attribute 'packet header' { }
	
	attribute 'packet data field' {	
		attribute 'packet secondary header' redefines 'packet header';
		attribute 'user data field';
	}
	
	part def 'Data Packet' {
		attribute 'packet primary header' redefines 'packet header' {
			attribute 'packet version number': Integer;
			attribute 'packet identification': String;
			attribute 'packet data length': Integer;
		}
		attribute redefines 'packet data field';
	}
	
	part def 'Thermal Data Packet' :> 'Data Packet' {
		attribute 'packet data field' redefines Packets::'packet data field'{
			attribute 'packet secondary header' redefines 'packet header' {
				attribute 'packet timestamp': DateTime;
				attribute 'telemetry packet type': String;
			}
			
			attribute 'user data field' redefines Packets::'packet data field'::'user data field' {
				attribute timestamp: DateTime;
				attribute temperature: Real;
			}
		}
	}
	
}"
43,../models/Packet Example/PacketUsage.sysml,"package 'Packet Usage' {
	public import Packets::*;
	private import ScalarValues::Real;
	
	part packet1: 'Thermal Data Packet';
	part packet2: 'Thermal Data Packet';
	part packet3: 'Thermal Data Packet' {
		attribute 'special data field' redefines 'packet data field'{
			attribute redefines 'user data field' {
				attribute 'special data': Real;
			}
		}
	}
	
}
	
"
44,../models/Requirements Examples/HSUVRequirements.sysml,"package HSUVRequirements {
	private import Requirements::*;
	
	requirement <'UR1.1'> Load: FunctionalRequirementCheck {
		// The following requirements are composite sub-requirements.
		requirement Passengers;
		requirement FuelCapacity;
		requirement Cargo;
	}
	
	requirement <'UR1.2'> EcoFriendliness: PerformanceRequirementCheck {
		requirement <'URI1.2.1'> Emissions: PerformanceRequirementCheck {
			/* The car shall meet 2010 Kyoto Accord emissions standards. */
		}
	}
	
	requirement <'UR1.3'> Performance: PerformanceRequirementCheck {
		requirement Acceleration;
		requirement <'UR1.3.1'> FuelEconomy: PerformanceRequirementCheck {
			/* User shall obtain fuel economy better than that provided by
			 * 95% of cars built in 2004.
			 */
		}
		requirement Braking;
		requirement Range;
		requirement Power;
	}
	
	requirement <'UR1.4'> Ergonomics;
	
	// Syntactically, should this be explicitly marked as a ""group""?
	requirement HybridSUVSpec {		
		// The following requirements are required by reference.
		require Load;
		require EcoFriendliness;
		require Performance;
		require Ergonomics;
	}
}"
45,../models/Requirements Examples/RequirementDerivationExample.sysml,"package RequirementDerivationExample {
	private import RequirementDerivation::*;
	
	requirement def Req1;
	
	requirement def Req1_1;
	requirement def Req1_2;
	
	#derivation connection def Req1_Derivation {
		end #original r1 : Req1;
		end #derive r1_1 : Req1_1;
		end #derive r1_2 : Req1_2;
	}
	
	part def System;
	part def Subsystem1;
	part def Subsystem2;
	
	part system : System {
		part sub1 : Subsystem1;
		part sub2 : Subsystem2;
	}
	
	part satisfactionContext {
		ref :>> system;
		
		satisfy requirement req1 : Req1 by system;
		satisfy requirement req1_1 : Req1_1 by system.sub1;
		satisfy requirement req1_2 : Req1_2 by system.sub2;
		
		#derivation connection : Req1_Derivation {
			end r1 ::> req1;
			end r1_1 ::> req1_1;
			end r1_2 ::> req1_1;
		}
		
	}
	
}"
46,../models/Requirements Examples/VehicleRequirementDerivation.sysml,"package VehicleRequirementDerivation {
	private import RequirementDerivation::*;
	
	part vehicle {
		attribute mass :> ISQ::mass;
		
		part chassis {
			attribute mass :> ISQ::mass;
		}
		
		part engine {
			attribute mass :> ISQ::mass;
		}
	}
	
	requirement def MassRequirement {
		subject mass :> ISQ::mass;
		attribute massLimit :> ISQ::mass;
		require constraint { mass <= massLimit }
	}
	
	requirement vehicleMassRequirement : MassRequirement {
		subject :>> mass = vehicle.mass;
	}
	
	requirement chassisMassRequirement : MassRequirement {
		subject :>> mass = vehicle.chassis.mass;
	}
	
	requirement engineMassRequirement : MassRequirement {
		subject :>> mass = vehicle.engine.mass;
	}
	
	#derivation connection {
		end #original ::> vehicleMassRequirement;
		end #derive ::> chassisMassRequirement;
		end #derive ::> engineMassRequirement;
	}
	
}"
47,../models/Room Model/RoomModel.sysml,"// SysML v2 Interpretation of the SysML v1 Room Connection Example
package RoomModel { 
    package RoomDefinitionModelLibrary{
        private import Port_Definitions::*;
        private import Flow_Definitions::*;
        package Part_Definitions{
            // Rooms
            part def Classroom {
                port classEntry: EntryWay_to_Classroom;
            }
            part def Storageroom {
                port storageEntry: EntryWay_to_Storageroom;
            }
            part def Hallway {
                // conjugate ports with ~
                port hallExit_to_Classroom: ~EntryWay_to_Classroom;
                port hallExit_to_Storageroom: ~EntryWay_to_Storageroom;
            }
        }
        package Port_Definitions{
            port def EntryWay_to_Classroom {
                //flow properties
                in ref student:Student;
                in ref teacher:Teacher;
                in ref furniture:Furniture;
                in ref air:Air;
            }
            port def EntryWay_to_Storageroom {
                //flow properties
                in ref furniture:  Furniture;
                in ref air: Air;
            }
        }
        package Flow_Definitions {
                // Conveyed items between Hallway, Classroom, and Storageroom
                part def Air;
                part def Furniture;
                part def Student;
                part def Teacher;
        }
    }
    package Room_Configuration{
        // defining the parts and their interconnection in context 
        private import RoomDefinitionModelLibrary::*;
        private import RoomDefinitionModelLibrary::Part_Definitions::*;
        private import RoomDefinitionModelLibrary::Port_Definitions::*;
        private import RoomDefinitionModelLibrary::Flow_Definitions::*;
        part roomContext{
            part c:Classroom;
            part s:Storageroom;
            part h:Hallway;
            
    		//  Connectors and item flows between hallway and classroom
            flow HallToClassroom_Air
                from h.hallExit_to_Classroom.air
                to c.classEntry.air;
            flow HallToClassroom_Furniture
                from h.hallExit_to_Classroom.furniture
                to c.classEntry.furniture;
            flow HallToClassroom_Student
                from h.hallExit_to_Classroom.student
                to c.classEntry.student;
            flow HallToClassroom_Teacher
                from h.hallExit_to_Classroom.teacher
                to c.classEntry.teacher;
            flow HallToStorageroom_Air
                from h.hallExit_to_Storageroom.air
                to s.storageEntry.air;
            flow HallToStorageroom_Furniture
                from h.hallExit_to_Storageroom.furniture
                to s.storageEntry.furniture;
        }
    }
}



"
48,../models/Simple Tests/ActionTest.sysml,"package ActionTest {
	action def A{ in x; }
	
	action a: A { 
		first start;
		
		action b { in y = x; }
		
		bind x = b.y;
	}
	
	attribute def S;
	
	action a1 {
		first start;		
		then merge m;
		then accept S;
		then accept sig after 10[SI::s]; 
		then accept at Time::Iso8601DateTime(""2022-01-30T01:00:00Z"");
		
		then send S() to b;
		then accept when b.f;
		then decide;
			if true then m;
			else done;
	}
	
	action a2 {
		in s : S;
		action aa {
			out part target;
		}
		flow aa.target to snd.receiver;
		action snd send { 
			:>> payload = s;
		}
		action snd2 send via this to aa.target;
		bind s = snd2.payload;
	}
	
	action b {
		attribute f : ScalarValues::Boolean;
		ref action a : A;
	}
	
	action def c {
		first start;
		then action c1 {
			terminate c1;
		}
		then terminate;
	}	
}"
49,../models/Simple Tests/AliasTest.sysml,"package AliasTest {
	private import ISQSpaceTime::breadth; // import of an alias
	attribute b :> breadth;
	
    part def P1 {
        port porig1;
        alias po1 for porig1;
    }

    part p1 : P1 {
        port po1 :>> po1;
    }

    part p2 : P1 {
        port pdest;
        alias pd1 for pdest;
    }


    connect p1.po1 to p2.pdest;
	connect p1.po1 to p2.pd1;
}"
50,../models/Simple Tests/AllocationTest.sysml,"package AllocationTest {
	part def Logical {
		part component;
	}
	
	part def Physical {
		part assembly {
			part element;
		}
	}
	
	part l : Logical {
		part :>> component;
	}
	part p : Physical {
		part :>> assembly {
			part :>> element;
		}
	}
	
	allocation def A;
	
	allocation def Logical_to_Physical :> A {
		end logical : Logical;
		end physical : Physical;
	}
	
	allocation allocation1 : Logical_to_Physical allocate l to p;	
	allocation allocation2 : Logical_to_Physical allocate (
		logical ::> l,
		physical ::> p
	);

	allocate l.component to p.assembly.element;
}"
51,../models/Simple Tests/AnalysisTest.sysml,"package AnalysisTest {

	part def V {
		m;
	}
	
	part vv : V;
	
	requirement def AnalysisObjective {
		doc /* ... */
	}

	analysis def AnalysisCase {
		subject v : V;
		
		objective obj : AnalysisObjective { 
			subject = result;
		}
		
		v.m
	}
	
	analysis def AnalysisPlan {
		subject v : V;
		
		objective {
			doc /* ... */
		}
		
		analysis analysisCase : AnalysisCase { return mass; }
	}
	
	part analysisContext {
		analysis analysisPlan : AnalysisPlan {
			subject v = vv;
		}
	}
}"
52,../models/Simple Tests/AssignmentTest.sysml,"package AssignmentTest {
	
	part def Counter {
		attribute count : ScalarValues::Integer := 0;
		
		action incr {
			assign count := count + 1;
		}
		
		action decr {
			assign count := count - 1;
		}
	}
	
	attribute def Incr;
	attribute def Decr;
	
	state def Counting {
		part counter : Counter;
		entry assign counter.count := 0;
		
		then state wait;
		accept Incr
			then increment;
		accept Decr
			then decrement;
		
		state increment {
			do assign counter.count := counter.count + 1;
		}
		then wait;
		
		state decrement {
			do assign counter.count := counter.count - 1;
		}
		then wait;
	}
	
	calc def Increment { 
		in c : Counter;
		return : Counter;
		
		perform c.incr;
		c
	}
	
	action a {
		state counting : Counting;
		assign counting.counter.count := counting.counter.count + 1;
		assign counting.counter.count := Increment(counting.counter).count;
	}
}"
53,../models/Simple Tests/CalculationTest.sysml,"package CalculationExample {
	private import ISQ::*;
	private import NumericalFunctions::*;
	
	part def VehiclePart {
		attribute m : MassValue;
	}
	
	part def Vehicle :> VehiclePart;
	
	part vehicle : Vehicle {		
		part eng : VehiclePart;		
		part trans : VehiclePart;
		attribute ::> m = ms.totalMass;
	}
	
	calc def MassSum {
		in partMasses : MassValue[0..*];
		return totalMass : MassValue = sum(partMasses);
	}
	
	calc ms: MassSum {
		in partMasses = (vehicle.eng.m, vehicle.trans.m);
		return totalMass;
	}
	
	part vehicles[*] = (vehicle, vehicle);
	attribute masses1[*] = (vehicles as VehiclePart).m;
	attribute masses2[*] = (vehicles as vehicle).m;
}"
54,../models/Simple Tests/CommentTest.sysml,"  /* AAA */
  //a lexical comment (""note"") is not a part of model
package CommentTest {
	// inside package
	/*
*AAA
 * BBB*/	
 /*
    *
    *
    * AAA  ***   
    *BBB
    								*/

   /*
 *       AAAA
 *       BBBB           */	
 /* AAAA
 
 
  * BBBB
 *
 * CCCC
 */
 locale ""en_US"" /*
 * AAAA
 * BBBB
 *    CCC DDD    
 */
	
	/* comment inside a package */
	doc locale ""en_US"" /* Documentation about Package */
	comment cmt /* Named Comment */	
	comment cmt_cmt about cmt /* Comment about Comment */
	
	comment about C /* Documention Comment about Part Def */
	part def C {
		doc /* Documentation in Part Def */
		comment /* Comment in Part Def */
		comment about CommentTest locale ""en_US"" /* Comment about Package */
	}
	/* abc */
	part def A;
}"
55,../models/Simple Tests/ConjugationTest.sysml,"package ConjugationTest {
	port def P;
	
	part def B {
		port p1: P;
		port p2: ~P;
	}
	
	connection def A {
		end port p1: P;
		end port p2: ~P;
	}
	
	interface def I {
		end p1: P;
		end p2: ~P;
	}
	
	part def B1 {
		part p {
			port p1: P;
			port p2: ~P;		
		}
	
		connection a: A {
			end port p3: P ::> p.p1;
			end port p4: ~P ::> p.p2;
		}
		interface i: I {
			end port p3: P ::> p.p1;
			end port p4: ~P ::> p.p2;
		}
	}
	
}"
56,../models/Simple Tests/ConnectionTest.sysml,"package ConnectionTest {
	
	part p {
		part x {
			part x1;
		}
	}
	
	part def P {
		part y;

		connect p to y;
		
		part p1 :> p;
	
		connect p1.x to y;
		connect p1.x.x1 to y;
	}

	abstract connection def C {
		part p;
		end end1;
		end end2;
		end end3;
	}
	
	part d1;
	part d2;
	part d3;
	part d4;
	
	connection bus : C connect (d1, d2, d3, d4);
	
	connection : C {
	    end :>> end1 ::> d1;
	    end end2 ::> d2;
	    end end3 ::> d3;
	}
	
	connection {
		part q;
		end end1 ::> d1 :> q;
		end end2 ::> d2;
	}
	
	abstract flow def F;
	
	message : F from p to p;
}"
57,../models/Simple Tests/ConstraintTest.sysml,"package ConstraintTest {
	private import ISQ::MassValue;
	private import SI::kg;
	private import NumericalFunctions::sum;
	
	constraint def MassAnalysis {
		attribute totalMass: MassValue;
		attribute componentMasses: MassValue[0..*];		

		totalMass == sum(componentMasses)
	}
	
	part def Component {
		attribute mass: MassValue;
	}
	
	part vehicle : Component {	
		part engine : Component;
		part frontAxleAssembly : Component;
		part rearAxleAssembly : Component;	
	}
		
	part vehicle1a :> vehicle {
		assert constraint massAnalysis : MassAnalysis {
			attribute redefines totalMass;
			attribute redefines componentMasses;
		}
		
		bind massAnalysis.totalMass = mass;
		bind massAnalysis.componentMasses = engine.mass;
		bind massAnalysis.componentMasses = frontAxleAssembly.mass;
		bind massAnalysis.componentMasses = rearAxleAssembly.mass;
	}
	
	part vehicle1b :> vehicle {		
		assert constraint massAnalysis : MassAnalysis {
			attribute redefines totalMass = mass;
			attribute redefines componentMasses = (engine.mass, frontAxleAssembly.mass, rearAxleAssembly.mass);		
		}	
	}
		
	constraint def MassAnalysis2 { 
		in totalMass : MassValue;
		in componentMasses: MassValue[0..*];
		
		totalMass == sum(componentMasses)
	}
	
	part vehicle2a :> vehicle {
		assert constraint massConstraint : MassAnalysis2;
		
		bind massConstraint.totalMass = mass;
		bind massConstraint.componentMasses = engine.mass;
		bind massConstraint.componentMasses = frontAxleAssembly.mass;
		bind massConstraint.componentMasses = rearAxleAssembly.mass;
	}
		
	part vehicle2b :> vehicle {
		assert constraint massAnalysis2 : MassAnalysis2 {
			in totalMass = mass;
			in componentMasses = (engine.mass, frontAxleAssembly.mass, rearAxleAssembly.mass);
		}
	}
	
	constraint def MassAnalysis3 {
		in totalMass : MassValue;
		in componentMasses: MassValue[0..*];
	}
	
	constraint massAnalysis3 : MassAnalysis3 {
		in totalMass : MassValue;
		in componentMasses: MassValue[0..*];
		
		totalMass == sum(componentMasses)
	}
	
	part vehicle3 :> vehicle {
		assert massAnalysis3 {
			in totalMass = mass;
			in componentMasses = (engine.mass, frontAxleAssembly.mass, rearAxleAssembly.mass);
		}
	}
	
	part vehicle4 :> vehicle {
		assert constraint { mass == engine.mass + frontAxleAssembly.mass + rearAxleAssembly.mass }
	}
	
	constraint massLimitation { mass : MassValue; massLimit : MassValue; mass < massLimit }
	assert not massLimitation { :>> mass = vehicle3.mass; :>> massLimit = vehicle4.mass; }
}"
58,../models/Simple Tests/ControlNodeTest.sysml,"action def ControlNodeTest {
	action A1;
	then J;
	
	action A2;
	then J;
	
	join J;
	then fork F;
	then B1;
	then B2;
		
	action B1;
	action B2;
}"
59,../models/Simple Tests/DecisionTest.sysml,"action def DecisionTest {
	attribute x = 1;
	
	decide 'test x';
	if x == 1 then A1; 
	if x > 1 then A2;
	else A3; 
	
	then decide; 
	if true then A1;
	if false then A2;
	
	action A1;
	action A2;
	action A3;
	
	succession S first A1 
		if x == 0 then A2;
		
	first A3;
		if x > 0 then 'test x';
}"
60,../models/Simple Tests/DefaultValueTest.sysml,"package DefaultValueTest {
	
	part def V {
		attribute m default = 10;
		attribute n = 20;
	}
	
	part v1 : V {
		attribute :>> m = 20;
	}
	
	part def W :> V {
		attribute :>> m default = n;
	}
	
	part v2 = W();
	
}"
61,../models/Simple Tests/DependencyTest.sysml,"package DependencyTest {
	
	package System {
		package 'Application Layer';
		package 'Service Layer';
		package 'Data Layer';
	}
	
	private import System::*;
	
	dependency Use from 'Application Layer' to 'Service Layer';
	dependency from 'Service Layer' to 'Data Layer';
	
	attribute x;
	attribute y;
	attribute z;
	
	dependency z to x, y;
	
}"
62,../models/Simple Tests/EnumerationTest.sysml,"package EnumerationTest {
	
	attribute def Color {
		attribute val : ScalarValues::Natural;
	}
	
	enum def ColorKind :> Color {
		doc
		/*
		 * An EnumerationDefinition can contain only EnumerationUsages. However,
		 * it can specialize an AttributeDefinition in order to inherit
		 * common features for its enumeration values.
		 */
	
		enum red {
			:>> val = 0;
		}
		enum blue {
			:>> val = 1;
		}
		enum green {
			:>> val = 2;
		}
	}
	
	enum color : ColorKind;
	enum color1 = ColorKind::blue;	// Implicitly typed by ColorKind.
	attribute color2 : ColorKind = color1;
	
	enum def E1 { a; b; c; 
		doc
		/*
		 * The ""enum"" keyword is optional for EnumerationUsages used to define the
		 * enumerated values of an EnumerationDefinition.
		 */
	}
	
	enum def E2;
	
	attribute def Size :> ScalarValues::Real {
		doc
		/*
		 * An EnumerationDefinition can also be used to restrict a supertype to
		 * specific values.
		 */
	}		
	enum def SizeChoice :> Size {
		= 60.0;
		= 70.0;
		= 80.0;
	}	
	enum size: SizeChoice = 60.0;
	
}"
63,../models/Simple Tests/FeaturePathTest.sysml,"package Q {
  part def F {
  	part a : A;
  }
  
  part f : F;
  
  part def A {
    part g = f.a;
  }
  
  part def B {
  	part f : F;
  	part a : A;
  }
  
  part def C {
	part b : B {
	  connect f.a to a.g;
	  bind f.a = a.g;
	}
  
	part c subsets b.f {
	  	part aa subsets a;
	}
	
	flow b.f.a to c.aa;
  }
  
  part e1 {
  	attribute x : E;
  	// Ensure that ""e1"" resolves correctly.
  	bind e1.x = E::e2;
  }
  
  enum def E {
  	enum e1;
  	enum e2;
  }
  
  part g = A().g.g.g;
	
}
"
64,../models/Simple Tests/ImportTest.sysml,"package ImportTest {
    package Pkg1 {
    	private import Pkg2::Pkg21::Pkg211::P211;
    	private import Pkg2::Pkg21::*;
    	private import Pkg211::*::**;
        part p11 : Pkg211::P211;
        part def P12;
    }

    package Pkg2 {
        private import Pkg1::*;
        package Pkg21 {
        	package Pkg211 {
        		part def P211 :> P12;
        	}
        }
    }
}"
65,../models/Simple Tests/ItemTest.sysml,"package ItemTest {
	
	item f: A;

	public item def A {
		item b: B;
		protected ref part c: C;
	}
	
	abstract item def B {
		public abstract part a: A;
	}
	
	private part def C {
		private in ref y: A, B;
	}
	
	port def P {
		in item a1: A;
		out item a2: A;
	}
	
}"
66,../models/Simple Tests/MetadataTest.sysml,"package MetadataTest {
	private import 'User Defined Extensions'::*;
	
	library package 'User Defined Extensions' {
		
		#Security enum def ClassificationLevel :> ScalarValues::Natural {
			uncl : ClassificationLevel = 0;
			conf : ClassificationLevel = 1;
			#Security enum secret : ClassificationLevel = 2;
		}
		
		metadata def Classified {
			ref :>> annotatedElement : SysML::Usage;
			ref classificationLevel : ClassificationLevel;
		}
		
		metadata def Security;
	}
	
	ref x {
		metadata Classified {
			classificationLevel = ClassificationLevel::conf;
		}
	}
	
	ref y {
		@Classified {
			classificationLevel = ClassificationLevel::conf;
		}
		@Security;
	}
	
	private ref #Classified #Security z1;
	abstract #Classified z2;
	
	ref z {
	    #Security #Classified metadata Classified {
	        classificationLevel = ClassificationLevel::secret;
	    }
	}	
	
}"
67,../models/Simple Tests/MultiplicityTest.sysml,"package MultiplicityTest {
	
	part def P;
	attribute n : ScalarValues::Integer = 5;
	
	part a[1];
	part b[0..2] : P;
	part c : P[2..*];
	part d[*];
	
	part e[n];
	part f[n..*];
	part g[1..n];

	attribute def A {
		attribute i :ScalarValues::Integer;
		attribute x : A[i];
	}
}"
68,../models/Simple Tests/OccurrenceTest.sysml,"package OccurrenceTest {
	occurrence def Occ {
		attribute a;
		ref occurrence occ1 : Occ;
		occurrence occ2 : Occ;
		item x;
		part y;
		
		individual snapshot s : Ind;
		timeslice t;
	}
	
	occurrence occ : Occ {
		occurrence o1 : Occ;
		ref occurrence o2 : Occ;
		item z;
	}

	individual occurrence def Ind {
		snapshot s2;
		timeslice t2;
	}
	individual occurrence ind : Ind, Occ {
		snapshot s3;
		individual timeslice t3;
	}
	
	individual snapshot s4 : Ind;
	
	occurrence o1 {
	  occurrence o2;
	}
}"
69,../models/Simple Tests/ParameterTest.sysml,"package ParameterTest {
	attribute def A {
		attribute x : ScalarValues::String;
		attribute y : A;
	}
	
	attribute a : A;
	
	calc def F { in p : A; in q : ScalarValues::Integer; return :  ScalarValues::Integer; }
	
	attribute f = F(a, 2);
	attribute g = F(q = 1, p = a);
	
	attribute b = A(y=a, x=""""); 
	attribute c = A(""test2"");
}"
70,../models/Simple Tests/PartTest.sysml,"package PartTest {
	
	part f: A;

	public part def A {
		part <'1'> b: B;
		protected port c: C;
		readonly attribute x[0..2];
		derived ref attribute y :> x;
		ref z : ScalarValues::Integer;
	}
	
	item def S;
	
	abstract part def <xx> B {
		public abstract part a: A[1..2];
		public abstract part b subsets a;
		public abstract part c[0..1] subsets a;
		port x: ~C {
		    port p;
		    ref port q;
		}
		package P { }
		
		succession flow x.p to a1.aa.receiver;
		
		action a1 {
			accept S via x;
			action aa accept S;
		}
		perform action a2;
		
		state s1;
		exhibit state s2;
	}
	
	private port def C {
		private in ref y: A, B;
		alias z1 for y;
		alias z2 for y;
		port c1 : C;
		ref port c2 : C;
	}
	
    part p1 :> p2;
    part p2 :> p3; 
    part p3 :> p1;
    
    part p4 :> p4;
	
}"
71,../models/Simple Tests/RequirementTest.sysml,"package RequirementTest {
	constraint def C;
	constraint c : C;
	private import q::**;
	requirement def R {
		assume constraint c1 : C;
		require c;
		doc /* */
    	requirement;
    	requirement def <'1'> A {
    		doc /* Text */
    		subject s;
    	}
	}
	requirement def R1 {
		require constraint c1 :>> c;
	}
	part p;
	part q {
		requirement r : R;
		satisfy r by p;
		assert satisfy r by q;
	}
	
	requirement r1 : R1;
	not satisfy r1 by p;
	assert not satisfy r1 by q;
	
}"
72,../models/Simple Tests/RootPackageTest.sysml,"package P1 {
	part def A;
}

package P2 {
	private import P1::*;
	part a : A;
}

private import P2::*;

package P3 {
	part b subsets a;
}"
73,../models/Simple Tests/StateTest.sysml,"package StateTest {
	attribute def Sig {
		x;
	}
	attribute def Exit;
	
	part p;
	
	action act;
	
	state def S {
		do action A;
		entry; then S1;
		
		state S1;
			accept s : Sig
			do action D
			then S2;
				
		state S2 {
			do send Sig(T.s.x) to p;
			state S3;
		}
		accept Exit then done;
		
		transition
			first S1
			accept s : Sig
			do action D
			then S2.S3;
		
		transition T
			first S2.S3
			accept s : Sig via p
			if true
			do send s to p
			then S1;
			
		exit act;
		
		state S3 {
			state S3a;
		}
		
		transition first S3.S3a then S1; 
	}
	
	state s0 {
  		state s1 {
    		state s2;
  		}
  		state s3 {
  			state s4;
  		}
  		transition t1 first s1.s2 then s3.s4;
	}
	
	state s parallel {
		state s1;
		state s2;
	}
	
	state s4 {
		do action a;
  		action c;
	}
	
	state s5 :> s4 {
  		do action b :>> c;
	}
	
}"
74,../models/Simple Tests/StructuredControlTest.sysml,"package StructuredControlTest {
	
	action {
		attribute i : ScalarValues::Integer := 0;
		attribute b : ScalarValues::Boolean;
		
		if i < 0 {
			assign i := 0;
		} else if i == 0 {
			assign i := 1;
		} else {
			assign i := i + 1;
		}
		
		if i > 0 {
			assign i := i + 1;
		}
		
		then action aLoop
		while i > 0 {
			assign i := i - 1;
		} until b;
		
		then while i > 0 {
			assign i := i - 1;
		}
		
		loop {
			assign i := i - 1;
		} until b;
				
		for n : ScalarValues::Integer in (1, 2, 3) {
			assign i := i * n;
		}
	}
}"
75,../models/Simple Tests/TextualRepresentationTest.sysml,"package TextualRepresentationTest {
	private import ScalarValues::Real;
	
	item def C {
	    attribute x: Real;
	    assert constraint x_constraint {
		    rep inOCL language ""ocl"" 
		        /* self.x > 0.0 */
	    }
	}
	
	action def setX {
		in c : C;
		in newX : Real;
		
	    language ""alf"" 
	        /* c.x = newX;
	         * WriteLine(""Set new x"");
	         */
	}
	
}"
76,../models/Simple Tests/TradeStudyTest.sysml,"package TradeStudyTest {
	private import ScalarValues::Real;
	private import TradeStudies::*;
	
	part def Engine;
	part engine1: Engine;
	part engine2: Engine;
	
	analysis engineTradeStudy : TradeStudy {
		subject : Engine[1..*] = (engine1, engine2);
		objective : MaximizeObjective;

		calc :>> evaluationFunction {
			in part : Engine;
			return : Real;
		}
		
		return part : Engine;
	}
	
}"
77,../models/Simple Tests/UseCaseTest.sysml,"package UseCaseTest {

	part def System;	
	part def User;
	
	use case def UseSystem {
		subject system : System;
		actor user : User;
		
		objective  { 
			/* Goal */
		}
		
		include use case uc1 : UC1;	
		include use case uc2 {
			subject = system;
			actor user = UseSystem::user;
		}
	}
	
	use case def UC1;
	
	part user : User;
	
	use case uc2 {
		actor :>> user;
	}
	
	use case u : UseSystem;
	
	part system : System {
		include uc2;
		perform u;
	}
	
}"
78,../models/Simple Tests/VariabilityTest.sysml,"package VariabilityTest {
	part def P {
		attribute a;
	}
	
	part def Q :> P;
	attribute def B;
	variation part def V :> P {
		variant part x : Q {
			attribute b : B :>> a;
		}
	}
	
	part q : Q;
	variation part v : P {
		variant q {
			attribute b : B :>> a;
		}
	}
	
	part y : P = v::q;
	
	variation action def A {
		variant action a1;
		variant action a2;
	}
	
	variation use case uc1 {
    	variant use case uc11;
    	variant use case uc12;
    }

    variation analysis a1;
    
    variation verification v1;
    
    variation requirement r {
    	variant requirement r1;
    }
	
}"
79,../models/Simple Tests/VerificationTest.sysml,"package VerificationTest {

	part def V {
		m : ScalarValues::Integer;
	}
	
	part vv : V;
	
	requirement def R {
		doc /* ... */
	}
	
	requirement r : R;

	verification def VerificationCase {		
		subject v : V;	
		objective {
			verify requirement : R;
		}
		
		VerificationCases::PassIf(v.m == 0)
	}
	
	verification def VerificationPlan {
		subject v : V;
		
		objective {
			verify r;
		}
		
		verification verificationCase : VerificationCase;
	}
	
	part verificationContext {
		verification verificationPlan : VerificationPlan {
			subject v = vv;
		}
	}
}"
80,../models/Simple Tests/ViewTest.sysml,"package ViewTest {
	package P {
		public part p1;
		private part p2;
	}
	
	part def S;
	
	concern def C {
		stakeholder s : S;
	}
	
	concern c : C {
		stakeholder s1;
	}
	
	viewpoint def VP {
		frame c;
	}
	
	rendering def R;
	
	rendering r : R;
	
	view def V {
		viewpoint vp: VP {
			frame concern c1;
			concern c2;
		}
		render rendering r1: R[0..1]; 
		
		view v: V[0..*] {
			expose P::*;
			render r;
			
			rendering r2;
			
			alias vp1 for p1;
			// Note: ""expose"" imports all.
			alias vp2 for p2;
		}
	}

}"
81,../models/State Space Representation Examples/CartSample.sysml,"// State Space Representation cart example

package CartSample {
    private import StateSpaceRepresentation::*;
    part def Cart {
        attribute mass :> ISQ::mass;

        attribute def CartInput :> Input {
            attribute force :> ISQ::force;
        }

        attribute def CartOutput :> Output {
            attribute velocity :> ISQ::speed;
        }

        attribute def CartState :> StateSpace {
            attribute velocity :> ISQ::speed;
        }

        attribute def CartStateDerivative :> StateDerivative {
            ref :>> stateSpace : CartState;
            attribute accel :> ISQ::acceleration;
        }
    }

    part def Pusher {
        attribute def PusherOutput :> Output {
            attribute force :> ISQ::force;
        }
    }

    part context {
        part cart : Cart {
            action cartBehavior : ContinuousStateSpaceDynamics {
                in input : CartInput;
                out output : CartOutput;
                :>> stateSpace : CartState;

                calc :>> getDerivative { 
                	in input: CartInput; 
                	in stateSpace: CartState;
                    CartStateDerivative(input.force / mass)
                }
                calc :>> getOutput {
                	in :>> stateSpace : CartState;
                    CartOutput(stateSpace.velocity)
                }
            }
        }
        part pusher : Pusher {
            attribute pusherForce :> ISQ::force;

            action pusherBehavior : ContinuousStateSpaceDynamics {
                in input;
                out output : PusherOutput;
                calc :>> getOutput {
                    PusherOutput(pusherForce)
                }
            }
        }

        flow pusher.pusherBehavior.output.force to cart.cartBehavior.input.force;
    }
}
"
82,../models/State Space Representation Examples/EVSample.sysml,"// State Space Representation EV example
package EVSample {
    private import SI::*;
    private import StateSpaceRepresentation::*;

    attribute <'A⋅h'> 'ampere hour'  : ElectricChargeUnit = A*h;

    part def Vehicle {
        attribute mass :> ISQ::mass;

        attribute def VehicleInput :> Input {
            attribute force :> ISQ::force;
        }

        attribute def VehicleOutput :> Output {
            attribute accel :> ISQ::acceleration;
            attribute velocity :> ISQ::speed;
            attribute distance :> ISQ::distance;
        }

        attribute def VehicleState :> StateSpace {
            attribute velocity :> ISQ::speed;
            attribute distance :> ISQ::distance;
        }
    }

    part def Battery {
        attribute baseVoltage :> ISQ::electricPotential;
        attribute socInit: ScalarValues::Real;
        attribute capacity :> ISQ::electricCharge;
        attribute internalResistance :> ISQ::resistance;

        attribute def BatteryInput :> Input {
            attribute current :> ISQ::electricCurrent;
        }

        attribute def BatteryOutput :> Output {
            attribute voltage :> ISQ::electricPotential;
        }

        attribute def BatteryState :> StateSpace {
            attribute soc: ScalarValues::Real;
        }

    }

    part def Motor {
        torquePerCurrent :> Quantities::scalarQuantities = ISQ::torque / ISQ::electricCurrent;

        attribute motR :> ISQ::resistance;
        attribute motL :> ISQ::inductance;

        attribute def MotorInput :> Input {
            attribute voltage :> ISQ::electricPotential;
            attribute friction :> ISQ::torque;
        }

        attribute def MotorOutput :> Output {
            attribute current :> ISQ::electricCurrent;
            attribute torque :> ISQ::torque;
        }

        attribute def MotorState :> StateSpace {
            attribute current :> ISQ::electricCurrent;
        }
    }

    part def Tire {
        attribute radius :> ISQ::length;
        attribute moment :> ISQ::momentOfInertia;

        attribute def TireInput :> Input {
            attribute torque :> ISQ::torque;
            attribute accel :> ISQ::acceleration;
        }

        attribute def TireOutput :> Output {
            attribute force :> ISQ::force;
            attribute outTorque :> ISQ::torque;
        }
    }

    requirement def VehicleRequirement {
        in vehicle : Vehicle;
    }

    analysis def VehicleAnalysis {
        subject vehicle : Vehicle;
        requirement vehicleRequirement : VehicleRequirement;
    }


    requirement def RangeRequirement :> VehicleRequirement {
        doc /* The range of EV must be longer than the required spec under the flat road. */
        attribute actualRange : LengthValue;
        attribute requiredRange : LengthValue;

        require constraint { actualRange >= requiredRange }
    }

    analysis def RangeAnalysis :> VehicleAnalysis {
    	return simulatedRange : LengthValue;
    	
        requirement rangeRequirement :>> vehicleRequirement : RangeRequirement;

        objective rangeAnalysisObjective {
            doc /* This analysis is to estimate the range of
                 * the EV by simulating the vehicle driving under the compact vehicle regulation.
                 */
            require rangeRequirement {
                :>> actualRange = simulatedRange;
            }
        }
    }

    requirement def EfficiencyRequirement :> VehicleRequirement {
        doc /* The efficiency of EV must be better than the required spec. */
        attribute actualEfficiency;
        attribute requiredEfficiency;

        require constraint { actualEfficiency >= requiredEfficiency }
    }

    analysis def EfficiencyAnalysis :> VehicleAnalysis {
    	return simulatedEfficiency;
    	
        requirement efficiencyRequirement :>> vehicleRequirement : EfficiencyRequirement;

        objective efficiencyAnalysisObjective {
            require efficiencyRequirement {
                attribute :>> actualEfficiency = simulatedEfficiency;
            }
        }
    }

    requirement def MaxSpeedRequirement :> VehicleRequirement {
        doc /* The maximum speed of EV must be larger than the required spec. */
        attribute actualMaxSpeed :> ISQ::speed;
        attribute requiredMaxSpeed :> ISQ::speed;
    }

    analysis def MaxSpeedAnalysis :> VehicleAnalysis {
    	return simulatedMaxSpeed;
    	
        requirement maxSpeedRequirement :>> vehicleRequirement : MaxSpeedRequirement;

        objective maxSpeedAnalysisObjective {
            require maxSpeedRequirement {
                attribute :>> actualMaxSpeed = simulatedMaxSpeed;
            }
        }
    }


    part vehicle : Vehicle {
        attribute :>> mass default 1000[kg];

        /* airFrictionCoefficient [kg / m] = 1/2 * rho[kg/m^3] * Cd * S[m^2],
         * where rho is air density, S is front projected area. */
        attribute airFrictionCoefficient = 0.2;

        attribute efficiency;

        action vehicleBehavior : ContinuousStateSpaceDynamics {
            in input : VehicleInput;
            out output : VehicleOutput;
            :>> stateSpace : VehicleState;
        }
        
        part battery: Battery {
            :>> baseVoltage = 300[V];
            :>> capacity = 50['A⋅h'];
            :>> socInit = 0.8;
            :>> internalResistance = 1.8['Ω'];
            action batteryBehavior : ContinuousStateSpaceDynamics {
                in input : BatteryInput;
                out output : BatteryOutput;
                :>> stateSpace : BatteryState;
            }
        }

        flow battery.batteryBehavior.output.voltage to motor.motorBehavior.input.voltage;
        flow motor.motorBehavior.output.current to battery.batteryBehavior.input.current;

        part motor: Motor {
            :>> motR = 4['Ω'];
            :>> motL = 0.2[H];

            action motorBehavior : ContinuousStateSpaceDynamics {
                in input : MotorInput;
                out output : MotorOutput;
                :>> stateSpace : MotorState;
            }
        }

        flow motor.motorBehavior.output.torque to tire.tireBehavior.input.torque;
        flow vehicleBehavior.output.accel to tire.tireBehavior.input.accel;

        part tire: Tire {
            :>> moment default 300['kg⋅m²'];
            :>> radius default 0.7[m];
            action tireBehavior : ContinuousStateSpaceDynamics {
                in input : TireInput;
                out output : TireOutput;
            }
        }

        flow tire.tireBehavior.output.outTorque to motor.motorBehavior.input.friction;
        flow tire.tireBehavior.output.force to vehicleBehavior.input.force;
    }

    part vehicle_compact :> vehicle {
        attribute :>> mass = 800[kg];
        part :>> tire {
            :>> moment = 200['kg⋅m²'];
            :>> radius = 0.5[m];
        }
    }

    part smallEVRangeContext {
        requirement smallEVRequirement : VehicleRequirement {
            doc /* The small EVs must be ligher than 900[kg] */
            in :>> vehicle = vehicle_compact;
            /*  To comform with the regulation and the battery mass will impact it. */
            assume constraint { vehicle.mass < 900[kg] }
        }

        analysis smallEVAnalysis : VehicleAnalysis {
            subject :>> vehicle :> vehicle_compact;
            requirement :>> vehicleRequirement = smallEVRequirement;
        }

        requirement <C1> rangeRequirementSmall :> smallEVRequirement : RangeRequirement {
            doc /* The small EVs must run longer than 130km */
            attribute :>> requiredRange = 130[km];
        }

        analysis rangeAnalysisSmall :> smallEVAnalysis : RangeAnalysis {
            requirement :>> rangeRequirement = rangeRequirementSmall;
            return simulatedRange = vehicle.vehicleBehavior.output.distance;
        }

        requirement <C2> efficiencyRequirementSmall :> smallEVRequirement : EfficiencyRequirement {
            doc /* The target efficiency of small EVs is 0.9. */
            attribute :>> requiredEfficiency = 0.9;
        }

        analysis efficiencyAnalysisSmall :> smallEVAnalysis : EfficiencyAnalysis {
            requirement :>> efficiencyRequirement = efficiencyRequirementSmall;

            return simulatedEfficiency = vehicle.efficiency;
        }

        requirement <C3> maxSpeedRequirementSmall :> smallEVRequirement : MaxSpeedRequirement {
            doc /* The target maximum speed of small EVs is 130 [km/h]. */
            attribute :>> requiredMaxSpeed = 130 [km/h];
        }

        analysis maxSpeedAnalysisSmall :> smallEVAnalysis : MaxSpeedAnalysis {
            requirement :>> maxSpeedRequirement = maxSpeedRequirementSmall;
            out voltage :> ISQ::electricPotential = vehicle.battery.batteryBehavior.output.voltage;
            return simulatedMaxSpeed = vehicle.vehicleBehavior.output.velocity;
        }
    }

    part vehicle_large :> vehicle {
        attribute :>> mass = 1100[kg];
        part :>> tire {
            :>> moment = 300['kg⋅m²'];
            :>> radius = 0.7[m];
        }
    }

    part largeEVRangeContext {
        requirement largeEVRequirement : VehicleRequirement {
            doc /* The large EVs must be ligher than 900[kg] */
            in :>> vehicle = vehicle_large;
            /*  To comform with the regulation and the battery mass will impact it. */
            assume constraint { vehicle.mass < 1200[kg] }
        }

        analysis largeEVAnalysis : VehicleAnalysis {
            subject :>> vehicle :> vehicle_large;
            requirement :>> vehicleRequirement = largeEVRequirement;
        }

        requirement <L1> rangeRequirementLarge :> largeEVRequirement : RangeRequirement {
            doc /* The large EVs must run longer than 200km */
            attribute :>> requiredRange = 200[km];
        }

        analysis rangeAnalysisLarge :> largeEVAnalysis : RangeAnalysis {
            requirement :>> rangeRequirement = rangeRequirementLarge;
            return simulatedRange = vehicle.vehicleBehavior.output.distance;
        }

        requirement <L2> efficiencyRequirementLarge :> largeEVRequirement : EfficiencyRequirement {
            doc /* The target efficiency of large EVs is 0.8. */
            attribute :>> requiredEfficiency = 0.8;
        }

        analysis efficiencyAnalysisLarge :> largeEVAnalysis : EfficiencyAnalysis {
            requirement :>> efficiencyRequirement = efficiencyRequirementLarge;

            return simulatedEfficiency = vehicle.efficiency;
        }

        requirement <L3> maxSpeedRequirementLarge :> largeEVRequirement : MaxSpeedRequirement {
            doc /* The target maximum speed of large EVs is 140 [km/h]. */
            attribute :>> requiredMaxSpeed = 140 [km/h];
        }

        analysis maxSpeedAnalysisLarge :> largeEVAnalysis : MaxSpeedAnalysis {
            requirement :>> maxSpeedRequirement = maxSpeedRequirementLarge;
            out voltage = vehicle.battery.batteryBehavior.output.voltage;
            return simulatedMaxSpeed = vehicle.vehicleBehavior.output.velocity;
        }
    }
}
"
83,../models/v1 Spec Examples/8.4.1 Wheel Hub Assembly/Wheel Package - Updated.sysml,"package 'Wheel Package - Updated' {
	doc
	/*
	 * Example from the SysML 1.6 spec, subclause 8.4.1 Wheel Hub Assembly.
	 */

	private import ISQ::*;
	
	// Quantities
	
	pressure = force / length^2; 
	
	// Blocks
	
	part def WheelHubAssembly;
	part def WheelAssembly {
		inflationPressure :> pressure;
	}
	
	part def Tire {
		tireSpecification : ScalarValues::String;		
		action mountTire; // Should be operation
	}
	
	part def TireBead;
	
	connection def PressureSeat {
		end : TireBead[1];
		end : TireMountingRim[1];
	}
	
	part def Wheel {
		diameter :> length;
		width :> length;		
	}
	
	connection def BandMount {
		end : Wheel[1];
		end : WirelessTirePressureMonitor[1];
	}
	
	part def WirelessTirePressureMonitor {
		action transmitPressure; // Should be operation
	}
	
	part def TireMountingRim;
	
	part def InflationValve;
	
	part def BalanceWeight;
	
	part def LugBoltMountingHole {
		lugBoltSize :> length;
	}
	
	part def LugBoltJoint {
		torque :> ISQ::torque;
		boltTension :> force;
	}
	
	part def Hub;
	
	part def LugBoltThreadableHole {
		lugBoltSize :> length;
		threadSize :> length;
	}
	
	// Parts
	
	part wheelHubAssembly: WheelHubAssembly {
		part wheel: WheelAssembly[1] {
			part t: Tire[1] {
				part bead : TireBead[2];			
			}
			part w: Wheel[1] {
				part rim : TireMountingRim[2];
				part v : InflationValve[1];
				part weight : BalanceWeight[0..6];
				part mountingHoles : LugBoltMountingHole[5];
			}						
			connection : PressureSeat connect t.bead to w.rim;		
		}
		part lugBoltJoints: LugBoltJoint[5] {					
			ref mountingHole: LugBoltMountingHole[1] subsets wheel.w.mountingHoles;
			ref threadedHole: LugBoltThreadableHole[1] subsets hub.h;
		}
		part hub: Hub[1] {
			part h: LugBoltThreadableHole[5];
		}
	}
	
}"
84,../models/v1 Spec Examples/8.4.1 Wheel Hub Assembly/Wheel Package.sysml,"package 'Wheel Package' {
	doc
	/*
	 * Example from the SysML 1.6 spec, subclause 8.4.1 Wheel Hub Assembly.
	 */

	private import ISQ::*;
	
	pressure = force / length^2; 
	
	part def WheelHubAssembly {
		part wheel: WheelAssembly[1];
		part lugBoltJoints: LugBoltJoint[5] {
			ref redefines threadedHole subsets hub.h;
			ref redefines mountingHole subsets wheel.w.mountingHoles;
		}
		part hub: Hub[1];
	}
	
	part def WheelAssembly {
		inflationPressure :> pressure;
		
		part t: Tire[1] {
			part bead redefines Tire::bead;
		}
		part w: Wheel[1] {
			part rim redefines Wheel::rim;
		}		
				
		connection : PressureSeat connect t.bead to w.rim;		
	}
	
	part def Tire {
		tireSpecification : ScalarValues::String;
		
		part bead : TireBead[2];
		
		action mountTire;
	}
	
	part def TireBead;
	
	connection def PressureSeat {
		end : TireBead[1];
		end : TireMountingRim[1];
	}
	
	part def Wheel {
		diameter :> length;
		width :> length;
		
		part rim : TireMountingRim[2];
		part v : InflationValve[1];
		part weight : BalanceWeight[0..6];
		part mountingHoles : LugBoltMountingHole[5];
	}
	
	connection def BandMount {
		end : Wheel[1];
		end : WirelessTirePressureMonitor[1];
	}
	
	part def WirelessTirePressureMonitor {
		action transmitPressure;
	}
	
	part def TireMountingRim;
	
	part def InflationValve;
	
	part def BalanceWeight;
	
	part def LugBoltMountingHole {
		lugBoltSize :> length;
	}
	
	part def LugBoltJoint {
		torque :> ISQ::torque;
		boltTension :> force;
		
		ref mountingHole: LugBoltMountingHole[1];
		ref threadedHole: LugBoltThreadableHole[1];
	}
	
	part def Hub {
		part h: LugBoltThreadableHole[5];
	}
	
	part def LugBoltThreadableHole {
		lugBoltSize :> length;
		threadSize :> length;
	}
	
}"
85,../models/v1 Spec Examples/8.4.5 Constraining Decomposition/Vehicle Decomposition - Updated.sysml,"package 'Vehicle Decomposition - Updated' {
	doc
	/*
	 * Example from the SysML 1.6 spec, subclause 8.4.5 Constraining Decomposition,
	 * updated for usage-focused approach.
	 */
	
	// Blocks
	
	part def Vehicle;
	
	part def 'Chassis Assembly';
	
	part def Wheel;
	
	part def LugBolt;
	
	part def RollBar;
	part def HeavyRollBar :> RollBar;
	part def LightRollBar :> RollBar;
	
	part def Engine;
	
	part def Cylinder;
	
	// Parts
	
	part vehicle : Vehicle {
		part chs : 'Chassis Assembly'[1] {
			part rb : RollBar[0..1];
			part w : Wheel[4] {
				part lb : LugBolt[6..10];
			}
		}
		part eng: Engine[1] {
			part cyl : Cylinder[4..8];
		}
	}
	
	
	part 'vehicle model 1' :> vehicle {
		part redefines chs {
			part redefines rb : LightRollBar[0..1];
			part redefines w {
				part redefines lb;
			}
		}
		part redefines eng {
			part redefines cyl[4];
		}
		
		// Constrains total number of lugbolts.
		ref lugBolts[24] = chs.w.lb;
	}
	
	part 'vehicle model 2' :> vehicle {
		part redefines chs {
			part redefines rb[0];
			part redefines w {
				// Constrains number of lugbolts per wheel.
				part redefines lb[6..7];
			}
		}
		part redefines eng {
			part redefines cyl[6..8];
		}
	}
}"
86,../models/v1 Spec Examples/8.4.5 Constraining Decomposition/Vehicle Decomposition.sysml,"package 'Vehicle Decomposition' {
	doc
	/*
	 * Example from the SysML 1.6 spec, subclause 8.4.5 Constraining Decomposition.
	 */
	
	part def Vehicle {
		part chs : 'Chassis Assembly'[1] {
			part rb redefines 'Chassis Assembly'::rb;
			part redefines w {
				part redefines lb;
			}
		}
		part eng : Engine[1] {
			part cyl redefines Engine::cyl;
		}
		
		ref cylinderBR[*] = eng.cyl;
		ref rollBarBR[*] = chs.rb;
		ref lugBoltBR[24..32] = chs.w.lb;
	}
	
	part def 'Chassis Assembly' {
		part w : Wheel[4];
		part rb : RollBar[0..1];
	}
	
	part def Wheel {
		part lb : LugBolt[6..10];
	}
	
	part def LugBolt;
	
	part def RollBar;
	part def HeavyRollBar :> RollBar;
	part def LightRollBar :> RollBar;
	
	part def Engine {
		part cyl : Cylinder[4..8];
	}
	
	part def Cylinder;
	
	part def 'Vehicle Model 1' :> Vehicle {
		ref redefines cylinderBR[4];
		ref redefines rollBarBR : LightRollBar[*];
		ref redefines lugBoltBR[24];
	}
	
	part def 'Vehicle Model 2' :> Vehicle {
		ref redefines cylinderBR[6..8];
		ref redefines rollBarBR[0];
		ref redefines lugBoltBR[24..28]; // 6..7 per wheel
	}
}"
87,../models/v1 Spec Examples/D.4.7.8 Dynamics/HSUVDynamics.sysml,"package HSUVDynamics {
	private import ScalarValues::*;
	private import SequenceFunctions::size;
	private import ControlFunctions::*;
	
	attribute def Horsepwr :> Real;
	attribute def Weight :> Real;
	attribute def Accel :> Real;
	attribute def Vel :> Real;
	attribute def Dist :> Real;
	attribute def Time :> Real;
	
	constraint def PowerEquation {
		attribute whlpwr : Horsepwr;
		attribute Cd : Real;
		attribute Cf : Real;
		attribute tw : Weight;
		attribute tp : Horsepwr;
		attribute v : Vel;
		
		tp == whlpwr - Cd * v - Cf * tw * v
	}
	
	constraint def PositionEquation {
		attribute dt : Time;
		attribute v : Vel[0..*] ordered;
		attribute x : Dist[0..*] ordered;
		
		(1..size(x)-1)->forAll {in n : Natural; x#(n + 1) == x#(n) + v#(n) * (5280/3600) * dt}
	}
	
	constraint def VelocityEquation {
		attribute dt : Time;
		attribute v : Vel[0..*] ordered;
		attribute a : Accel;
		
		(1..size(v)-1)->forAll {in n: Natural; v#(n + 1) == v#(n) + a * 32 * (3600/5280) * dt}
	}
	
	constraint def AccelerationEquation {
		attribute tw : Weight;
		attribute dt : Time;
		attribute tp : Horsepwr;
		attribute a : Accel;
		
		a == (550/32) * tp * dt * tw
	}
	
	constraint def StraightLineVehicleDynamics {
		attribute dt : Time;
		attribute whlpwr : Horsepwr;
		attribute Cd : Real;
		attribute Cf: Real;
		attribute tw : Weight;
		attribute a : Accel;
		attribute v : Vel[0..*] ordered;
		attribute x : Dist[0..*] ordered;
		
		constraint pwr : PowerEquation {
			attribute redefines whlpwr = StraightLineVehicleDynamics::whlpwr;
			attribute redefines Cd = StraightLineVehicleDynamics::Cd;
			attribute redefines Cf = StraightLineVehicleDynamics::Cf;
			attribute redefines tw = StraightLineVehicleDynamics::tw;
			attribute redefines v = vel.v;
			attribute redefines tp;
		}
		
		constraint acc : AccelerationEquation {
			attribute redefines tp = pwr.tp;
			attribute redefines tw = StraightLineVehicleDynamics::tw;
			attribute redefines dt = StraightLineVehicleDynamics::dt;
			attribute redefines a = StraightLineVehicleDynamics::a;
		}
		
		constraint vel : VelocityEquation {
			attribute redefines a = acc.a;
			attribute redefines v = StraightLineVehicleDynamics::v;
			attribute redefines dt = StraightLineVehicleDynamics::dt;
		}
		
		constraint pos : PositionEquation {
			attribute redefines v = vel.v;
			attribute redefines x = StraightLineVehicleDynamics::x;
			attribute redefines dt = StraightLineVehicleDynamics::dt;
		}
	}
		
}"
88,../models/Variability Examples/VehicleVariabilityModel.sysml,"package VehicleVariabilityModel {

	package DesignModel {
		public import PartDefinitions::*;
		public import PartsTree::*;
		public import ActionDefinitions::*;
		public import ActionTree::*;
	
		package PartDefinitions {
			part def Vehicle;
			
		    attribute def Diameter;
		    part def Cylinder {
		        attribute diameter : Diameter[1];
		    }
		
		    part def Engine;
		    part def Transmission;
		    part def Sunroof;
		
		    port def AutoPort;
	    }
	    
	    package PartsTree {
	    	part vehicle : Vehicle {
	    		part engine : Engine[1];
	    		part transmission : Transmission[1];
	    		part sunroof : Sunroof[0..1];
	    	}
	    	
		    part engine : Engine {
		        port autoPort : AutoPort;
		        part cylinder : Cylinder[2..*];
		    }
		    
		    part '4cylEngine' :> engine {
		    	part :>> cylinder[4];
		    }
		    
		    part '6cylEngine' :> engine {
		    	part :>> cylinder[6];
		    }
		
			part transmission : Transmission;
		    part manualTransmission :> transmission;
		    part automaticTransmission :> transmission;
	    }
	
		package ActionDefinitions {   
		    action def GenerateTorque;
		    action def AmplifyTorque;
		    action def ProvidePower;
	    }
	    
	    package ActionTree {    
		    action generateTorque4Cyl : GenerateTorque;
		    action generateTorque6Cyl : GenerateTorque;
		    
		    action amplifyTorqueManual : AmplifyTorque;
		    action amplifyTorqueAutomatic : AmplifyTorque;
	    }	
	}
		
	package '150% Model' {
		private import DesignModel::*;
	
		package PartsTree {
		
		    // Variation point definitions
		
		    variation attribute def DiameterChoices :> Diameter {
		    	variant attribute diameterSmall;
		    	variant attribute diameterLarge;
		    }
		
		    variation part def EngineChoices :> Engine {
		        variant '4cylEngine';
		        variant '6cylEngine' {
		        	variation port :>> autoPort {
		        		variant port autoPort1;
		        		variant port autoPort2;
		        	}
		        	
		        	part :>> cylinder {
		        		attribute :>> diameter : DiameterChoices;
		        	}
		        	
		          	assert constraint {
		            	(autoPort == autoPort::autoPort1 & cylinder.diameter == cylinder::diameter::diameterSmall) ^
		             	(autoPort == autoPort::autoPort2 & cylinder.diameter == cylinder::diameter::diameterLarge)
		        	}
		        }
		    }
		
		    // Part superset model
		    
		    abstract part vehicleFamily :> vehicle {
		    	// Variation point usage
		        part :>> engine : EngineChoices[1];
		        
		        // Variation point with embedded variant definitions
		        variation part :>> transmission : Transmission[1] {
		        	variant manualTransmission;
		        	variant automaticTransmission;
		        }
		        
		        assert constraint {
		            (engine == '4cylEngine' & transmission == transmission::manualTransmission) ^
		            (engine == '6cylEngine' & transmission == transmission::automaticTransmission)
		        }
		        
		        // Variation point on variant multiplicity (inherited multiplicity is [0..1]) 
		        variation part :>> sunroof {
		        	variant part withSunroof[1];
		        	variant part withoutSunroof[0];
		        }
		        
		        perform ActionTree::providePowerFamily;
		    }
		}
		
		package ActionTree {
		
		    // Action superset Model
		    
		    action providePowerFamily : ProvidePower {
		        variation action generateTorque : GenerateTorque {
		        	variant generateTorque4Cyl;
		        	variant generateTorque6Cyl;
		        }
		        
		        variation action amplifyTorque : AmplifyTorque {
		        	variant amplifyTorqueManual;
		        	variant amplifyTorqueAutomatic;
		        }
		        
			    assert constraint {
			        (generateTorque == generateTorque::generateTorque4Cyl & 
			        	amplifyTorque == amplifyTorque::amplifyTorqueManual
			        ) xor
			        (generateTorque == generateTorque::generateTorque6Cyl & 
			        	amplifyTorque == amplifyTorque::amplifyTorqueAutomatic
			        )
			    }		   
		    }		    
		}
	}
	
	package '100% Model' {
		private import '150% Model'::*;
		
		// Vehicle instance model
		
	    part vehicle4Cyl :> PartsTree::vehicleFamily {
	        part :>> engine = engine::'4cylEngine';
	        part :>> transmission = transmission::manualTransmission;
	        part :>> sunroof = sunroof::withoutSunroof;
	        
	        perform action :>> providePowerFamily {
	            action :>> generateTorque = generateTorque::generateTorque4Cyl;
	            action :>> amplifyTorque = amplifyTorque::amplifyTorqueManual;
	        }
	    }
	}
}"
89,../models/Vehicle Example/SysML v2 Spec Annex A SimpleVehicleModel.sysml,"package SimpleVehicleModel{
    // 2023-02 release
    public import Definitions::*;  
    public import ISQ::*;
    package Definitions{
        public import PartDefinitions::*;
        public import PortDefinitions::*;
        public import ItemDefinitions::*;
        public import SignalDefinitions::*;
        public import InterfaceDefinitions::*;
        public import AllocationDefinitions::*;
        public import ActionDefinitions::*;
        public import StateDefinitions::*;
        public import RequirementDefinitions::*;
        public import AttributeDefinitions::*;
        public import IndividualDefinitions::*;
        public import MetadataDefinitions::**;
        public import KeyWord_MetadataDefinitions::*;
        package PartDefinitions{
            part def Vehicle {
                attribute mass :> ISQ::mass;
                attribute dryMass:>ISQ::mass;
                attribute cargoMass:>ISQ::mass;
                attribute position:>ISQ::length;
                attribute velocity:>ISQ::speed;
                attribute acceleration:>ISQ::acceleration;
                attribute electricalPower:>ISQ::power;
                attribute Tmax:>ISQ::temperature;
                attribute maintenanceTime: Time::DateTime; 
                attribute brakePedalDepressed: Boolean;
                port ignitionCmdPort:IgnitionCmdPort;
                port pwrCmdPort:PwrCmdPort;
                port vehicleToRoadPort:VehicleToRoadPort;
                port statusPort:StatusPort;
                perform action providePower;
                perform action provideBraking;
                perform action controlDirection;
                perform action performSelfTest;
                perform action applyParkingBrake;
                perform action senseTemperature;
                exhibit state vehicleStates parallel {
                    ref controller : VehicleController;
                    state operatingStates {
                        entry action initial;
                        state off;                    
                        state starting;                    
                        state on {
                            entry performSelfTest;
                            do providePower;
                            exit applyParkingBrake;
                            constraint {electricalPower<=500[W]}
                        }

                        transition initial then off;

                        transition off_To_starting
                            first off
                            accept ignitionCmd:IgnitionCmd via ignitionCmdPort
                                if ignitionCmd.ignitionOnOff==IgnitionOnOff::on and brakePedalDepressed
                            do send StartSignal() to controller
                            then starting;
                        
                        transition starting_To_on
                            first starting
                            accept VehicleOnSignal
                            then on;
                        
                        transition on_To_off
                            first on
                            accept VehicleOffSignal
                            do send OffSignal() to controller
                            then off;
                    }

                    state healthStates {
                        entry action initial;
                        do senseTemperature{
                            out temp;
                        }

                        state normal;
                        state maintenance;
                        state degraded;                    

                        transition initial then normal;

                        transition normal_To_maintenance
                            first normal
                            accept at maintenanceTime
                            then maintenance;

                        transition normal_To_degraded
                            first normal
                            accept when senseTemperature.temp > Tmax 
                            do send OverTemp() to controller
                            then degraded;

                        transition maintenance_To_normal
                            first maintenance
                            accept ReturnToNormal
                            then normal;

                        transition degraded_To_normal
                            first degraded
                            accept ReturnToNormal
                            then normal;
                    }
                }
            }
            part def Engine{
                attribute mass :> ISQ::mass;
                attribute peakHorsePower:>ISQ::power;
                attribute fuelEfficiency:Real;
                attribute cost:Real;
                attribute displacement :> ISQ::volume;
                port engineControlPort: ~ControlPort;
                port fuelInPort: ~ FuelPort;
                port fuelCmdPort:FuelCmdPort;
                port drivePwrPort:DrivePwrPort;
                port ignitionCmdPort:IgnitionCmdPort;
                port flyWheelPort;
                perform action generateTorque;
                exhibit state engineStates{
                    state off;
                    state starting;
                    state on{
                        do generateTorque;
                    }
                }
            }
            part def StarterMotor{
                port gearPort:GearPort;
            }
            part def Cylinder;
            part def Transmission{
                attribute gearRatio:Real;
                port clutchPort:~DrivePwrPort;
                exhibit state transmissionStates;
            }
            part def Driveshaft;
            part def AxleAssembly;
            part def Axle{
                attribute mass:>ISQ::mass;
            }
            part def FrontAxle:>Axle{
                attribute steeringAngle:>ISQ::angularMeasure;
            }
            part def HalfAxle{
                port shankCompositePort:ShankCompositePort{
                }
            }
            part def Differential;
            part def Wheel{
                attribute diameter:LengthValue;
                port lugNutCompositePort:LugNutCompositePort;
            }
            part def Hub{
                port shankCompositePort:ShankCompositePort;
            }
            abstract part def Software;
            part def VehicleSoftware:>Software;
            part def VehicleController:>Software {
                port controlPort:ControlPort;
                exhibit state controllerStates parallel {
                    state operatingStates {
                        entry action initial; 
                        state off;
                        state on;    
                        transition initial then off;
                        transition 'off-on'
                            first off
                            accept StartSignal
                            then on;
                        transition 'on-off'
                            first on
                            accept OffSignal
                            then off;
                    }
                }  
            }
            part def CruiseController:>Software {
                port setSpeedPort:~SetSpeedPort;
                port speedSensorPort:~SpeedSensorPort;
                port cruiseControlPort:CruiseControlPort;
                exhibit state cruiseControllerStates;
            }
            part def SpeedSensor{
                port speedSensorPort:SpeedSensorPort;
            }
            part def FuelTank{
                attribute mass :> ISQ::mass;
                ref item fuel:Fuel{
                    attribute :>> fuelMass;
                }
                attribute fuelKind:FuelKind;
                attribute fuelMassMax:>ISQ::mass;
                assert constraint fuelConstraint {fuel.fuelMass<=fuelMassMax}
                port fuelOutPort:FuelPort;
                port fuelInPort:~FuelPort;
            }
            part def BodyAssy;
            part def Body{
                attribute color:Colors;
            }
            part def Thermostat;
            part def WaterHose;
            part def Road{
                attribute incline:Real;
                attribute friction:Real;
            }
            part def Engine4Cyl;
            part def Engine6Cyl;
            part def TransmissionChoices;
            part def TransmissionAutomatic;
            part def TransmissionManual;
            part def Sunroof;
            
            //logical Components
            part def ElectricalGenerator;
            part def TorqueGenerator;
            part def SteeringSubsystem;
            part def BrakingSubsystem;
        }
        package PortDefinitions{
            port def IgnitionCmdPort{
                in item ignitionCmd:IgnitionCmd;
            }
            port def StatusPort;
            port def GearPort;
            port def PwrCmdPort{
                in item pwrCmd:PwrCmd;
            }
            port def FuelCmdPort:>PwrCmdPort{
                in item fuelCmd:FuelCmd redefines pwrCmd;
            }
            port def FuelPort{
                out item fuel:Fuel;
            }
            port def DrivePwrPort{
                out torque:Torque;
            }
            port def ShaftPort_a;
            port def ShaftPort_b;
            port def ShaftPort_c;
            port def ShaftPort_d;
            port def DiffPort;
            port def AxlePort;
            port def AxleToWheelPort;
            port def WheelToAxlePort;
            port def WheelToRoadPort;

            port def LugNutCompositePort{
                port lugNutPort:LugNutPort [*];
            }
            port def ShankCompositePort{
                port shankPort:ShankPort [*];
            }
            port def LugNutPort{
                attribute threadDia;
                attribute threadPitch;
            }
            port def ShankPort{
                attribute threadDia;
                attribute threadPitch;   
                attribute shaftLength;
            }
            
            port def VehicleToRoadPort;
            port def ControlPort;
            port def CruiseControlPort:>ControlPort;
            port def SpeedSensorPort;
            port def SetSpeedPort;

            port def DriverCmdPort{
                out item driverCmd[*]:DriverCmd;
            }
            port def HandPort :> DriverCmdPort {
                out item ignitionCmd:IgnitionCmd subsets driverCmd;
                out item pwrCmd:PwrCmd subsets driverCmd;
            }  
        }
        package ItemDefinitions{
            item def PwrCmd{
                attribute throttleLevel:Real;
            }
            item def FuelCmd:>PwrCmd;
            item def Fuel{
                attribute fuelMass:>ISQ::mass;
            }
            item def SensedSpeed{
                attribute speed:>ISQ::speed;
            }
        }
        package SignalDefinitions{
            item def Cmd{
            }
            item def DriverCmd;
            item def IgnitionCmd:>DriverCmd{
                attribute ignitionOnOff:IgnitionOnOff;
            }
            item def EngineStatus;
            
            attribute def VehicleStartSignal;
            attribute def VehicleOnSignal;
            attribute def VehicleOffSignal;
            attribute def StartSignal;
            attribute def OffSignal;
            attribute def OverTemp;
            attribute def ReturnToNormal;
            attribute def SetSpeed:>Real;
        }
        package InterfaceDefinitions{
            interface def EngineToTransmissionInterface{
                end p1:DrivePwrPort;
                end p2:~DrivePwrPort;
                flow p1.torque to p2.torque;
            }
            interface def FuelInterface {
                end fuelOutPort:FuelPort;
                end fuelInPort:~FuelPort;
                flow of Fuel from fuelOutPort.fuel to fuelInPort.fuel;
            }
            
            interface def WheelFastenerInterface{
                end lugNutPort:LugNutPort;
                end shankPort:ShankPort;
                attribute maxTorque : Torque;
                constraint {lugNutPort.threadDia == shankPort.threadDia}
            }
            interface def WheelHubInterface{
                end lugNutCompositePort:LugNutCompositePort;
                end shankCompositePort:ShankCompositePort;
                interface wheelFastenerInterface:WheelFastenerInterface [5]
                    connect lugNutCompositePort.lugNutPort to shankCompositePort.shankPort;
            }
        }
        package AllocationDefinitions{
            allocation def LogicalToPhysical{
                end #logical logicalEnd;
                end #physical physicalEnd;
            }
        }
        package ActionDefinitions{
            action def ProvidePower {
                in item pwrCmd:PwrCmd;
                out wheelToRoadTorque:Torque[2];
            }
            action def GenerateTorque {
                in item fuelCmd:FuelCmd;
                out engineTorque:Torque;
            }
            action def AmplifyTorque {
                in engineTorque:Torque;
                out transmissionTorque:Torque;
            }
            action def TransferTorque {
                in transmissionTorque:Torque;
                out driveshaftTorque:Torque;
            }
            action def DistributeTorque {
                in driveshaftTorque:Torque;
                out wheelToRoadTorque:Torque[2];
            }
            action def PerformSelfTest;
            action def ApplyParkingBrake;
            action def SenseTemperature{
                out temp: ISQ::TemperatureValue;
            }
        }    
        package StateDefinitions {
            state def VehicleStates;
            state def ControllerStates;  
            state def CruiseControllerStates;
        }
        package RequirementDefinitions{
            requirement def MassRequirement{
                doc /*The actual mass shall be less than the required mass*/
                attribute massRequired:>ISQ::mass;
                attribute massActual:>ISQ::mass;
                require constraint {massActual<=massRequired}
            }
            requirement def ReliabilityRequirement{
                doc /*The actual reliability shall be greater than the required reliability*/
                attribute reliabilityRequired:Real;
                attribute reliabilityActual:Real;
                require constraint {reliabilityActual>=reliabilityRequired}
            }
            requirement def TorqueGenerationRequirement {
                doc /* The engine shall generate torque as a function of RPM as shown in Table 1. */
                subject generateTorque:ActionDefinitions::GenerateTorque;
            }
            requirement def DrivePowerOutputRequirement { 
                doc /* The engine shall provide a connection point to transfer torque to the transmission.*/
            }
            requirement def FuelEconomyRequirement {
                doc /* The vehicle shall maintain an average fuel economomy of at least x miles per gallon for the nominal 
                driving scenario */
                attribute actualFuelEconomy :> distancePerVolume;
                attribute requiredFuelEconomy :> distancePerVolume;
                require constraint {actualFuelEconomy >= requiredFuelEconomy}
            }
        }
        package AttributeDefinitions{
            public import ScalarValues::*;
            public import Quantities::*;
            public import MeasurementReferences::DerivedUnit;
            public import SIPrefixes::kilo;
            // Numerical Functions provides basic operators such as Sum expression
            public import NumericalFunctions::*;
            public import SI::*;
            public import USCustomaryUnits::*;
            alias Torque for ISQ::TorqueValue;
            
            enum def Colors {black;grey;red;}
            enum def DiameterChoices:>ISQ::LengthValue{
                enum = 60 [mm];
                enum = 80 [mm];
                enum = 100 [mm];
            }
            attribute cylinderDiameter: DiameterChoices = 80 [mm]; 
            enum def IgnitionOnOff {on;off;}
            enum def FuelKind {gas;diesel;}

            distancePerVolume :> scalarQuantities = distance / volume;
            timePerDistance :> scalarQuantities = time / distance;
            volumePerDistance :> scalarQuantities = volume / distance;
            volumePerTime :> scalarQuantities = volume / time;
            
            // kpl is approx .425 * mpg
            kpl : DerivedUnit = km / L;
            rpm : DerivedUnit = 1 / SI::min;
            kW : DerivedUnit = kilo * W;
            
        }
        package IndividualDefinitions{
            individual def VehicleRoadContext_1:>GenericContext::Context;
            individual def Vehicle_1:>Vehicle;
            individual def FrontAxleAssembly_1:>AxleAssembly;
            individual def FrontAxle_1:>FrontAxle;
            individual def Wheel_1:>Wheel;
            individual def Wheel_2:>Wheel;
            individual def RearAxleAssembly_1:>AxleAssembly;
            individual def Road_1:>Road;
        }
        package MetadataDefinitions { 
            public import AnalysisTooling::*;   
            metadata def Safety {
                attribute isMandatory : Boolean;
            }
            metadata def Security;
        }
        package KeyWord_MetadataDefinitions{
            public import Metaobjects::SemanticMetadata;
            
            // the following is used to define the key word failureMode
            state failureModes[*] nonunique;
            
            // with alias <fm>
            metadata def <fm> failureMode :> SemanticMetadata {
                :>> baseType = failureModes meta SysML::StateUsage;
            }
            
            occurrence logicalOccurrences [*] nonunique;
            
            metadata def <l> logical :> SemanticMetadata {
                :>> baseType = logicalOccurrences meta SysML::Usage;
            }
            
            occurrence physicalOccurrences [*] nonunique;
            
            metadata def <p> physical :> SemanticMetadata {
                :>> baseType = physicalOccurrences meta SysML::Usage;
            }  
        }
        package GenericContext {

            part def Context {
                attribute time:TimeValue;
                attribute spatialCF: CartesianSpatial3dCoordinateFrame[1] { :>> mRefs = (m, m, m); }
                attribute velocityCF: CartesianVelocity3dCoordinateFrame[1] = spatialCF/s;
                attribute accelarationCF: CartesianAcceleration3dCoordinateFrame[1] = velocityCF/s;
            }
        }
    }

    package VehicleLogicalConfiguration{
        package PartsTree{
            #logical part vehicleLogical:Vehicle{
                part torqueGenerator:TorqueGenerator{
                    action generateTorque;
                }
                part electricalGenerator:ElectricalGenerator{
                    action generateElectricity;
                }
                part steeringSystem:SteeringSubsystem;
                part brakingSubsystem:BrakingSubsystem;
            }
        }
    }
    package VehicleLogicalToPhysicalAllocation{
        public import VehicleConfigurations::VehicleConfiguration_b::PartsTree::**;
        public import VehicleLogicalConfiguration::PartsTree::*;

        allocation vehicleLogicalToPhysicalAllocation:LogicalToPhysical
            allocate vehicleLogical to vehicle_b{
                allocate vehicleLogical.torqueGenerator to vehicle_b.engine{
                    allocate vehicleLogical.torqueGenerator.generateTorque to vehicle_b.engine.generateTorque;
                }
                allocate vehicleLogical.electricalGenerator to vehicle_b.engine{
                    allocate vehicleLogical.electricalGenerator.generateElectricity to vehicle_b.engine.alternator.generateElectricity;
                }
            }
    } 
    package VehicleConfigurations{
        package VehicleConfiguration_a{
            package PartsTree{
                part vehicle_a:Vehicle{
                    attribute mass redefines Vehicle::mass=dryMass+cargoMass+fuelTank.fuel.fuelMass;
                    attribute dryMass redefines Vehicle::dryMass=sum(partMasses);
                    attribute redefines Vehicle::cargoMass=0 [kg];
                    attribute partMasses [*] nonunique :>ISQ::mass;
                    part fuelTank:FuelTank{
                        attribute redefines mass=75[kg];
                        ref item redefines fuel{
                            attribute redefines fuelMass=50[kg];
                        }   
                    }
                    part frontAxleAssembly:AxleAssembly{
                        attribute mass :> ISQ::mass=800[kg];
                        part frontAxle:Axle;
                        part frontWheels:Wheel[2];
                    }
                    part rearAxleAssembly:AxleAssembly{
                        attribute mass :> ISQ::mass=875[kg];
                        attribute driveTrainEfficiency:Real = 0.6;
                        part rearAxle:Axle;
                        part rearWheels:Wheel[2]{
                            attribute redefines diameter;
                        }
                    }
                }
            }
            package ActionTree{  
            }
            package Requirements{
            }
        }
        package VehicleConfiguration_b{
            //Shapes library for simple geometry
            public import ShapeItems::Box;
            public import ParametersOfInterestMetadata::mop;
            public import ModelingMetadata::*; // incudes status info
            
            package PartsTree{
                part vehicle_b : Vehicle{
                    #mop attribute mass redefines mass=dryMass+cargoMass+fuelTank.fuel.fuelMass;
                    attribute dryMass redefines dryMass=sum(partMasses);
                    attribute redefines cargoMass default 0 [kg];
                    attribute partMasses=(fuelTank.mass,frontAxleAssembly.mass,rearAxleAssembly.mass,engine.mass,transmission.mass,driveshaft.mass);
                    attribute avgFuelEconomy :> distancePerVolume;
                    port fuelCmdPort: FuelCmdPort redefines pwrCmdPort {
                        in item fuelCmd redefines pwrCmd;
                    }
                    port setSpeedPort:~SetSpeedPort;
                    port vehicleToRoadPort redefines vehicleToRoadPort{
                        port wheelToRoadPort1:WheelToRoadPort;
                        port wheelToRoadPort2:WheelToRoadPort;
                    }
                    perform ActionTree::providePower redefines providePower;
                    perform ActionTree::performSelfTest redefines performSelfTest;
                    perform ActionTree::applyParkingBrake redefines applyParkingBrake;
                    perform ActionTree::senseTemperature redefines senseTemperature;
                    exhibit state vehicleStates redefines vehicleStates;
                    
                    // Example vehicle with simple enveloping shape that is a solid 
                    item :> envelopingShapes : Box[1] {
                        length1:>> length = 4800 [mm];
                        width1:>> width = 1840 [mm];
                        height1:>> height = 1350 [mm];
                    }
                    
                    part fuelTank:FuelTank{
                        attribute redefines mass=75[kg];
                        ref item redefines fuel{
                            attribute redefines fuelMass=60[kg];
                        }
                        attribute redefines fuelMassMax=60 [kg];
                    }
                    part frontAxleAssembly:AxleAssembly{
                        attribute mass :> ISQ::mass=800[kg];
                        port shaftPort_d:ShaftPort_d;
                        part frontAxle:FrontAxle;
                        part frontWheels:Wheel[2];
                    }
                    
                    part rearAxleAssembly:AxleAssembly{
                        attribute mass :> ISQ::mass=875[kg];
                        attribute driveTrainEfficiency:Real = 0.6;
                        port shaftPort_d:ShaftPort_d;
                        perform providePower.distributeTorque;
                        part rearWheel1:Wheel{
                            attribute redefines diameter;
                            port wheelToRoadPort:WheelToRoadPort;
                            port lugNutCompositePort :>> lugNutCompositePort{
                                port lugNutPort :>> lugNutPort [5];
                            }
                        }
                        part rearWheel2:Wheel{
                            attribute redefines diameter;
                            port wheelToRoadPort:WheelToRoadPort;
                            port lugNutCompositePort :>> lugNutCompositePort{
                                port lugNutPort :>> lugNutPort [5];
                            }
                        }
                        part differential:Differential{
                            port shaftPort_d:ShaftPort_d;
                            port leftDiffPort:DiffPort;
                            port rightDiffPort:DiffPort;
                        }
                        part rearAxle{
                            part leftHalfAxle:HalfAxle{
                                port leftAxleToDiffPort:AxlePort;
                                port shankCompositePort :>> shankCompositePort{
                                    port shankPort :>> shankPort [5];
                                }
                            }
                            part rightHalfAxle:HalfAxle{
                                port rightAxleToDiffPort:AxlePort;
                                port shankCompositePort :>> shankCompositePort {
                                    port shankPort :>> shankPort [5];
                                }
                            }
                        }
                        
                        bind shaftPort_d=differential.shaftPort_d;
                        connect differential.leftDiffPort to rearAxle.leftHalfAxle.leftAxleToDiffPort;
                        connect differential.rightDiffPort to rearAxle.rightHalfAxle.rightAxleToDiffPort;
                        
                        interface wheelToleftHalAxleInterface:WheelHubInterface 
                            connect [1] rearWheel1.lugNutCompositePort to [1] rearAxle.leftHalfAxle.shankCompositePort;
                        interface wheelTorightHalAxleInterface:WheelHubInterface
                            connect [1] rearWheel2.lugNutCompositePort to [1] rearAxle.rightHalfAxle.shankCompositePort;
                        
                    }
                    part starterMotor:StarterMotor;
                    part engine:Engine{
                        perform providePower.generateTorque redefines generateTorque;            
                        part cylinders:Cylinder[4..6];
                        part alternator{
                            action generateElectricity;
                        }
                        satisfy Requirements::engineSpecification by vehicle_b.engine{
                            requirement torqueGenerationRequirement :>> torqueGenerationRequirement{
                                subject generateTorque redefines generateTorque = vehicle_b.engine.generateTorque;
                            }
                            requirement drivePowerOuputRequirement :>> drivePowerOutputRequirement{
                                port torqueOutPort redefines torqueOutPort=vehicle_b.engine.drivePwrPort;
                            }
                        } 
                    }
                    part transmission:Transmission{
                        attribute mass :> ISQ::mass=100[kg];
                        port shaftPort_a:ShaftPort_a;
                        perform providePower.amplifyTorque;
                    }
                    part driveshaft:Driveshaft{
                        attribute mass :> ISQ::mass=100[kg];
                        port shaftPort_b:ShaftPort_b;
                        port shaftPort_c:ShaftPort_c;
                        perform providePower.transferTorque;
                    }
                    part vehicleSoftware:VehicleSoftware{
                        part vehicleController: VehicleController {
                            exhibit state controllerStates redefines controllerStates;
                            part cruiseController:CruiseController;
                        }
                    }
                    part speedSensor:SpeedSensor;
                    
                    // parts in bodyAssy and interioer are marked as safety or security features
                    part bodyAssy:BodyAssy{
                        part body:Body{
                            attribute :>> color = Colors::red;  
                        }
                        part bumper {@Safety{isMandatory = true;}}
                        part keylessEntry {@Security;}
                    }
                    part interior {
                        part alarm {@Security;}
                        part seatBelt[2] {@Safety{isMandatory = true;}}
                        part frontSeat[2];
                        part driverAirBag {@Safety{isMandatory = false;}}
                    }
                    
                    //connections
                    bind engine.fuelCmdPort=fuelCmdPort;

                    interface engineToTransmissionInterface:EngineToTransmissionInterface
                        connect engine.drivePwrPort to transmission.clutchPort;
                
                    interface fuelInterface:FuelInterface
                        connect fuelTank.fuelOutPort to engine.fuelInPort;

                    allocate ActionTree::providePower.generateToAmplify to engineToTransmissionInterface;
                    
                    bind engine.ignitionCmdPort=ignitionCmdPort;
                    connect starterMotor.gearPort to engine.flyWheelPort;
                    connect vehicleSoftware.vehicleController.controlPort to engine.engineControlPort;
                    bind vehicle_b.setSpeedPort = vehicleSoftware.vehicleController.cruiseController.setSpeedPort;
                    connect speedSensor.speedSensorPort to vehicleSoftware.vehicleController.cruiseController.speedSensorPort;
                    bind vehicleSoftware.vehicleController.cruiseController.cruiseControlPort = vehicleSoftware.vehicleController.controlPort;
                    connect transmission.shaftPort_a to driveshaft.shaftPort_b; 
                    connect driveshaft.shaftPort_c to rearAxleAssembly.shaftPort_d;
                    bind rearAxleAssembly.rearWheel1.wheelToRoadPort=vehicleToRoadPort.wheelToRoadPort1;
                    bind rearAxleAssembly.rearWheel2.wheelToRoadPort=vehicleToRoadPort.wheelToRoadPort2;
                    
                    satisfy Requirements::vehicleSpecification by vehicle_b{
                        requirement vehicleMassRequirement:>>vehicleMassRequirement{
                            attribute redefines massActual=vehicle_b.mass;
                            attribute redefines fuelMassActual = vehicle_b.fuelTank.fuel.fuelMass;
                        }
                    }
                }
            }
            package ActionTree{
                action providePower:ProvidePower{
                    in item fuelCmd:FuelCmd redefines pwrCmd;
                    out wheelToRoadTorque redefines wheelToRoadTorque [2] = distributeTorque.wheelToRoadTorque;
                    action generateTorque:GenerateTorque {
                        in item = providePower.fuelCmd;
                    }
                    action amplifyTorque:AmplifyTorque;
                    action transferTorque:TransferTorque;
                    action distributeTorque:DistributeTorque;
                    
                    //named flow
                    flow generateToAmplify from generateTorque.engineTorque to amplifyTorque.engineTorque;
                    //unnamed flows
                    flow amplifyTorque.transmissionTorque to transferTorque.transmissionTorque;
                    flow transferTorque.driveshaftTorque to distributeTorque.driveshaftTorque;
                }
                action performSelfTest: PerformSelfTest;
                action applyParkingBrake: ApplyParkingBrake;
                action senseTemperature: SenseTemperature;
            }                   
            package DiscreteInteractions{
                package Sequence{
                    part def Driver{
                        port p1;
                        port p2;
                    }

                    part part0{
                        perform action startVehicle{
                            action turnVehicleOn send ignitionCmd via driver.p1{
                                in ignitionCmd:IgnitionCmd;
                            }
                            action trigger1 accept ignitionCmd:IgnitionCmd via vehicle.ignitionCmdPort;
                            flow of IgnitionCmd from trigger1.ignitionCmd to startEngine.ignitionCmd;
                            action startEngine{
                                in item ignitionCmd:IgnitionCmd; 
                                out item es:EngineStatus;
                            }
                            flow of EngineStatus from startEngine.es to sendStatus.es;
                            action sendStatus send es via vehicle.statusPort{
                                in es:EngineStatus;
                            }
                            action trigger2 accept es:EngineStatus via driver.p2;
                        }
                        part driver : Driver {
                            perform startVehicle.turnVehicleOn;
                            perform startVehicle.trigger2;
                            event occurrence driverReady;
                        }
                        part vehicle : Vehicle {
                            perform startVehicle.trigger1;
                            perform startVehicle.sendStatus;
                            event occurrence doorClosed;
                        }
                        first vehicle.doorClosed then driver.driverReady;
                        message of ignitionCmd:IgnitionCmd from driver.turnVehicleOn to vehicle.trigger1;  
                        message of es:EngineStatus from vehicle.sendStatus to driver.trigger2;
                    }
                }
                occurrence CruiseControl1{
                    part vehicle_b:>PartsTree::vehicle_b{
                        port redefines setSpeedPort{
                            event occurrence setSpeedReceived;
                        }
                        part redefines speedSensor{
                            port redefines speedSensorPort{
                                event occurrence sensedSpeedSent;
                            }
                        }
                        part redefines vehicleSoftware{
                            part redefines vehicleController{
                                part redefines cruiseController{
                                    port redefines setSpeedPort{
                                        //analagous to gate: event occurrence bound but may not need this since the port is bound
                                        event occurrence setSpeedReceived = vehicle_b.setSpeedPort.setSpeedReceived;
                                    }
                                    port redefines speedSensorPort{
                                        event occurrence sensedSpeedReceived;
                                    }
                                    port redefines cruiseControlPort{
                                        event occurrence fuelCmdSent;
                                    }
                                }
                            }
                        }
                        part redefines engine{
                            port redefines fuelCmdPort{
                                event occurrence fuelCmdReceived;
                            }
                        }
                        message sendSensedSpeed of SensedSpeed
                            from speedSensor.speedSensorPort.sensedSpeedSent to vehicleSoftware.vehicleController.cruiseController.speedSensorPort.sensedSpeedReceived;
                        message sendFuelCmd of FuelCmd
                            from vehicleSoftware.vehicleController.cruiseController.cruiseControlPort.fuelCmdSent to engine.fuelCmdPort.fuelCmdReceived;
                    }
                }
                occurrence CruiseControl2{
                    part vehicle_b:>PartsTree::vehicle_b{
                        port redefines setSpeedPort{
                            event occurrence setSpeedReceived;
                        }
                        part redefines speedSensor{
                            port redefines speedSensorPort{
                                event sendSensedSpeed.source;
                            }
                        }
                        part redefines vehicleSoftware{
                            part redefines vehicleController{
                                part redefines cruiseController{
                                    port redefines setSpeedPort{
                                        //analagous to gate: event occurrence bound but may not need this since the port is bound
                                        event occurrence setSpeedReceived = vehicle_b.setSpeedPort.setSpeedReceived;
                                    }
                                    port redefines speedSensorPort{
                                        event occurrence setSpeedReceived=setSpeedPort.setSpeedReceived;
                                        then event sendSensedSpeed.target;
                                    }
                                    port redefines cruiseControlPort{             
                                        event sendFuelCmd.source;
                                    }
                                }
                            }
                        }
                        part redefines engine{
                            port redefines fuelCmdPort{
                                event sendFuelCmd.target;
                            }
                        }
                        message sendSensedSpeed of SensedSpeed;
                        message sendFuelCmd of FuelCmd;
                    }
                }
            }
            package Requirements{
                public import RequirementDerivation::*;
                public import ModelingMetadata::*; // incudes status info
                item marketSurvey;
                dependency from vehicleSpecification to marketSurvey;
                
                requirement vehicleSpecification{
                    subject vehicle:Vehicle;
                    requirement <'1'> vehicleMassRequirement: MassRequirement {
                        doc /* The total mass of the vehicle shall be less than or equal to the required mass.
                        Assume total mass includes a full tank of gas of 60 kg*/
                        attribute redefines massRequired=2000 [kg];                     
                        attribute redefines massActual default vehicle.dryMass + fuelMassActual;
                        attribute fuelMassActual:>ISQ::mass;
                        attribute fuelMassMax:>ISQ::mass = 60 [kg];
                        assume constraint {fuelMassActual==fuelMassMax}
                    }
                    
                    allocate vehicleMassRequirement to PartsTree::vehicle_b.mass;
                    
                    requirement <'2'> vehicleFuelEconomyRequirements{
                        doc /* fuel economy requirements group */
                        attribute assumedCargoMass:>ISQ::mass;
                        requirement <'2_1'> cityFuelEconomyRequirement:FuelEconomyRequirement{
                            redefines requiredFuelEconomy= 10 [km / L];
                            assume constraint {assumedCargoMass<=500 [kg]}
                        }
                        requirement <'2_2'> highwayFuelEconomyRequirement:FuelEconomyRequirement{
                            redefines requiredFuelEconomy= 12.75 [km / L];
                            assume constraint {assumedCargoMass<=500 [kg]}
                            
                            //StatusInfo is contained in ModelingMetadata library
                            // StatusKind has values for open, closed, tbd, tbr, tbd
                            @StatusInfo {
                                status = StatusKind::closed;     
                                originator = ""Bob"";
                                owner = ""Mary"";
                            }
                        }
                    }
                }
                requirement engineSpecification {
                    subject engine1:Engine;
                    requirement <'1'> engineMassRequirement: MassRequirement {
                        doc /* The total mass of the engine shall be less than or equal to the required mass.*/
                        attribute redefines massRequired=200 [kg];                     
                        attribute redefines massActual = engine1.mass;
                    }
                    requirement torqueGenerationRequirement : TorqueGenerationRequirement{
                        subject generateTorque default engine1.generateTorque;
                    }

                    requirement drivePowerOutputRequirement : DrivePowerOutputRequirement{
                        port torqueOutPort{
                            out torque:Torque;
                        }
                    }
                }
                // the engine mass requirement is derived from the vehicle mass requirement
                #derivation connection {
                    end #original ::> vehicleSpecification.vehicleMassRequirement;
                    end #derive ::> engineSpecification.engineMassRequirement;
                }

            }
        }    
        package Engine4Cyl_Variant{
            public import ModelingMetadata::*; // incudes refinement
            part engine:Engine{
                part cylinders:Cylinder[4..8] ordered;
            }
            part engine4Cyl:>engine{
                part redefines cylinders [4];
                part cylinder1 subsets cylinders[1];
                part cylinder2 subsets cylinders[1];
                part cylinder3 subsets cylinders[1];
                part cylinder4 subsets cylinders[1];
            }
            #refinement dependency engine4Cyl to VehicleConfiguration_b::PartsTree::vehicle_b::engine;
        }
        package WheelHubAssemblies{
            // alternative 1 - w/o explicit nesxted interfaces
            part wheelHubAssy1{
                part wheel1:Wheel{
                    port :>>lugNutCompositePort:LugNutCompositePort {
                        port lugNutPort :>> lugNutPort [5];
                    }
                }
                part hub1:Hub{
                    port :>> shankCompositePort:ShankCompositePort {
                        port shankPort :>> shankPort [5];
                    }
                }
                interface wheelHubInterface:WheelHubInterface
                    connect [1] wheel1.lugNutCompositePort to [1] hub1.shankCompositePort;
            }
            // alternative 2 - w multiple nesxted interfaces
            part wheelHubAssy2{
                part wheel1:Wheel{
                    port :>>lugNutCompositePort:LugNutCompositePort {
                        port lugNutPort :>> lugNutPort [5];
                    }
                }
                part hub1:Hub{
                    port :>> shankCompositePort:ShankCompositePort {
                        port shankPort :>> shankPort [5];
                    }
                }
                interface wheelHubInterface:WheelHubInterface
                    connect [1] lugNutCompositePort ::> wheel1.lugNutCompositePort to [1] shankCompositePort ::> hub1.shankCompositePort {
                        interface wheelFastenerInterface1 :> wheelFastenerInterface
                            connect [5] lugNutPort ::> lugNutCompositePort.lugNutPort to [5] shankPort ::> shankCompositePort.shankPort;
                        }
            }
            // alternative 3 - w explicit nesxted interfaces
            part wheelHubAssy3{
                part wheel1:Wheel{
                    port lugNutCompositePort :>> lugNutCompositePort {
                        port lugNutPort [5] :>> lugNutPort {
                            attribute :>> threadDia = 14 [mm];
                            attribute :>> threadPitch = 1.5 [mm];
                        }
                        port lugNutPort1 [1] :> lugNutPort;
                        port lugNutPort2 [1] :> lugNutPort;
                        port lugNutPort3 [1] :> lugNutPort;
                    }
}
                part hub1:Hub{
                    port shankCompositePort :>> shankCompositePort {
                        port shankPort [5] :>> shankPort {
                            attribute :>> threadDia = 14 [mm];
                            attribute :>> threadPitch = 1.5 [mm];
                            attribute :>> shaftLength = 70 [mm];
                        }
                        port shankPort1 [1] :> shankPort;
                        port shankPort2 [1] :> shankPort;
                        port shankPort3 [1] :> shankPort;
                    }
}
                interface wheelHubInterface:WheelHubInterface
                    connect [1] lugNutCompositePort ::> wheel1.lugNutCompositePort to [1] shankCompositePort ::> hub1.shankCompositePort {
                        interface wheelFastenerInterface1 :> wheelFastenerInterface
                            connect lugNutPort ::> lugNutCompositePort.lugNutPort1 to shankPort ::> shankCompositePort.shankPort1 {
                                attribute :>> maxTorque = 90 * 1.356 [N*m];
                        }
                        interface wheelFastenerInterface2 :> wheelFastenerInterface
                            connect lugNutPort ::> lugNutCompositePort.lugNutPort2 to shankPort ::> shankCompositePort.shankPort2 {
                                attribute :>> maxTorque = 90 * 1.356 [N*m];
                        }
                        interface wheelFastenerInterface3 :> wheelFastenerInterface
                            connect lugNutPort ::> lugNutCompositePort.lugNutPort3 to shankPort ::> shankCompositePort.shankPort3 {
                                attribute :>> maxTorque = 90 * 1.356 [N*m];
                        }
                }
            }
        }
    }
    package VehicleAnalysis{
        public import RiskMetadata::*;
        public import RiskLevelEnum::*;
        // recursive public import uses double asterisk **
        public import VehicleConfigurations::VehicleConfiguration_b::**;
        package FuelEconomyAnalysisModel{
            public import SampledFunctions::SampledFunction;
              
            /*
            This analysis model was provided by Hisashi Miyashita on January 27, 2021
              We use the simplest fuel consumption analysis model introduced in:
              Akcelik, R. ""Fuel efficiency and other objectives in traffic system management."" Traffic Engineering and Control 22.2 (1981): 54-65. 

              Fuel consumption rate f can be decomposed to:
              f = f_a + f_b * tpd_avg,
              where tpd_avg is average interrupted travel time per unit distance, actually the inverse of the average velocity [t/km];
              f_a is the best fuel consumption per distance; and
              f_b is the additional fuel consumption per distance and average travel time, which can be regarded as the idling fuel consumption.
              Approximately, it is proportional to engine displacement and it ranges from 0.5 to 0.6 [l/hour/litre of engine displacement]
              according to:
              Review of the Incidence, Energy Use and Costs of Passenger Vehicle Idling; Gordon W. Taylor, P.Eng. Prepared for the Office of Energy Efficiency, Natural Resources Canada, 2003

              We assume f_a can be approximated to
              fuel_consumption / distance = BSFC * SGG * required_power_avg * tpd_avg,
              where required_power_avg is the required power, and it can be approximately derived from:
                  total_energy == P_req * tpd_avg * distance == 1/2 * mass / tpd_avg^2
              This part is computed with BestFuelConsumptionPerDistance calc def.

              BSFC means Brake-Specific Fuel Consumption, defined as gram/power.  SGG is the specific gravity of gasoline.
              The high octane gasoline is about 0.76[l/kg].
            */
            
            attribute def Scenario :> SampledFunction {
                attribute wayPoint[1..*] {
                    attribute elapseTime[1] :> ISQ::time;
                    attribute position[1] :> ISQ::distance;
                }
            }
            
            calc def FuelConsumption {
                in bestFuelConsumption: Real;
                in idlingFuelConsumption: Real; 
                in tpd_avg:>timePerDistance;
                attribute f = bestFuelConsumption + idlingFuelConsumption * tpd_avg;
                return dpv :> distancePerVolume = 1/f;
            }
            
            calc def AverageTravelTimePerDistance {
                in scenario: Scenario;
                return tpd_avg:>timePerDistance;
            }
            calc def TraveledDistance {
                in scenario: Scenario;
                return distance:> length;
            }
            calc def IdlingFuelConsumptionPerTime {
                in engine:Engine;
                attribute idlingFuelConsumptionPerDisplacement: Real = 0.5;
                return f_a : Real = engine.displacement * idlingFuelConsumptionPerDisplacement;
            }

            attribute specificGravityOfGasoline: Real = 0.76;
            calc def BestFuelConsumptionPerDistance {
                in mass: MassValue;
                in bsfc: Real;
                in tpd_avg:> timePerDistance;
                in distance:>length;
                attribute required_power_avg:> ISQ::power;
                constraint {required_power_avg == 1/2 * mass * tpd_avg **(-3) / distance}
                return f_b : Real = bsfc * specificGravityOfGasoline * required_power_avg * tpd_avg;
            }

            calc def ComputeBSFC{
                in engine: Engine;
                return : Real;
            }

            analysis fuelEconomyAnalysis  {    
                subject = vehicle_b; 
                
                objective fuelEconomyAnalysisObjective {
                    doc /*estimate the vehicle fuel economy*/
                    require vehicleSpecification.vehicleFuelEconomyRequirements;
                }
                
                in attribute scenario: Scenario;
                // define a series of waypoints
                
                attribute distance = TraveledDistance(scenario);
                attribute tpd_avg = AverageTravelTimePerDistance(scenario);
                attribute bsfc = ComputeBSFC(vehicle_b.engine);
                attribute f_a = BestFuelConsumptionPerDistance(vehicle_b.mass, bsfc, tpd_avg, distance);
                attribute f_b = IdlingFuelConsumptionPerTime(vehicle_b.engine);

                return attribute calculatedFuelEconomy:>distancePerVolume=FuelConsumption(f_a, f_b, tpd_avg);
            }
        }
        package ElectricalPowerAnalysis{
        }
        package ReliabilityAnalyis{
        }
        package VehicleTradeOffAnalysis{
            /* The following example provides the rationale for selecting the engine4cyl. 
            The rationale and risk are contained in a metadata library. */
            
            @Rationale about engineTradeOffAnalysis::vehicle_b_engine4cyl{
                explanation = VehicleAnalysis::VehicleTradeOffAnalysis::engineTradeOffAnalysis;          
                text = ""the engine4cyl was evaluated to have a higher objective function compared to the engine6cyl based on the trade-off analyiss""; 
            }
            
            // The following risk for the engine4cyl could have been included as part of the objective evaluaiton criteria
            
            @Risk about engineTradeOffAnalysis::vehicle_b_engine4cyl {
                totalRisk = medium;
                technicalRisk = medium;
                scheduleRisk = medium;
                costRisk = RiskLevelEnum::low;
            }
            @Risk about engineTradeOffAnalysis::vehicle_b_engine4cyl::engine::fuelEfficiency {
                technicalRisk {
                    probability = 0.3;
                    impact = 0.5;
                }
            }
            
                
            public import TradeStudies::*;
            //evaluation function with criterion engine mass, engine power, and engine cost
            calc def EngineEvaluation {
                in engineMass:>ISQ::mass;
                in enginePower:>ISQ::power; 
                in engineFuelEfficiency:Real;
                in engineCost:Real;
                return eval:Real;
            }
            calc def EngineEvaluation_4cyl {
                in engineMass:>ISQ::mass;
                in enginePower:>ISQ::power;
                in engineFuelEfficiency:Real;
                in engineCost:Real;
                return eval:Real;
            }
            calc def EngineEvaluation_6cyl {
                in engineMass:>ISQ::mass;
                in enginePower:>ISQ::power;
                in engineFuelEfficiency:Real;
                in engineCost:Real;
                return eval:Real;
            }
            analysis engineTradeOffAnalysis:TradeStudy{
                subject vehicleAlternatives[2]:>vehicle_b;   
                
                part vehicle_b_engine4cyl:>vehicleAlternatives{   
                    part engine redefines engine{
                        part cylinders :>> cylinders [4];
                        attribute mass redefines mass=180 [kg];
                        attribute peakHorsePower redefines peakHorsePower = 180 [W];
                        attribute fuelEfficiency redefines fuelEfficiency=.6;
                        attribute cost redefines cost = 1000;                     
                    }
                }
                part vehicle_b_engine6cyl:>vehicleAlternatives{   
                    part engine redefines engine{  
                        part cylinders redefines cylinders [6];
                        attribute mass redefines mass=220 [kg];
                        attribute peakHorsePower redefines peakHorsePower = 220 [W];
                        attribute fuelEfficiency redefines fuelEfficiency=.5;
                        attribute cost redefines cost = 1500;
                    }
                }
                
                objective :MaximizeObjective;
                    /*Select vehicle alternative with the engine whose evaluation function returns the max value*/
                
                calc :> evaluationFunction{
                    in part vehicle:>vehicle_b_engine4cyl;
                    return attribute eval:Real=EngineEvaluation_4cyl (vehicle.engine.mass, vehicle.engine.peakHorsePower, vehicle.engine.fuelEfficiency, vehicle.engine.cost); 
                }
                calc :> evaluationFunction{
                    in part vehicle:>vehicle_b_engine6cyl;
                    return attribute eval:Real=EngineEvaluation_6cyl (vehicle.engine.mass, vehicle.engine.peakHorsePower, vehicle.engine.fuelEfficiency, vehicle.engine.cost); 
                }                                                  
                return part selectedVehicle:>vehicle_b;
            }
        }
    }
    package VehicleVerification{
        public import VehicleConfigurations::VehicleConfiguration_b::**;
        public import VerificationCaseDefinitions::*;
        public import VerificationCases1::*;
        // the following is a model library which contains VerdictKind
        public import VerificationCases::*;
        public import VerificationSystem::*;
        package VerificationCaseDefinitions{
            verification def MassTest;
            verification def AccelerationTest;
            verification def ReliabilityTest;
        }
        package VerificationCases1{
            verification massTests:MassTest {
                subject vehicle_uut :> vehicle_b;
                actor vehicleVerificationSubSystem_1 = verificationContext.massVerificationSystem;
                objective {
                    verify vehicleSpecification.vehicleMassRequirement{
                        redefines massActual=weighVehicle.massMeasured;
                    }
                }     
                // method kinds are test, demo, analyze, should also include inspection, similarity
               @ VerificationMethod{
                    kind = (VerificationMethodKind::test, VerificationMethodKind::analyze);
                }
                action weighVehicle {
                    out massMeasured:>ISQ::mass;
                }
                then action evaluatePassFail {
                    in massMeasured:>ISQ::mass;
                    out verdict = PassIf(vehicleSpecification.vehicleMassRequirement(vehicle_uut));
                }
                flow from weighVehicle.massMeasured to evaluatePassFail.massMeasured;
                return :>> verdict = evaluatePassFail.verdict;
            }
        }
        package VerificationSystem{
            part verificationContext{
                perform massTests;
                part vehicle_UnitUnderTest :> vehicle_b;
                part massVerificationSystem{
                    part scale{
                        perform massTests.weighVehicle;
                    }
                    part operator{
                        perform massTests.evaluatePassFail;
                    }
                }
            }
        }
    }
    package VehicleIndividuals{
        individual a:VehicleRoadContext_1{
            timeslice t0_t2_a{
                snapshot t0_a {             
                    attribute t0 redefines time=0 [s];
                    snapshot t0_r:Road_1{
                        :>>Road::incline =0;
                        :>>Road::friction=.1;
                    }
                    snapshot t0_v:Vehicle_1{
                        :>>Vehicle::position=0 [m];
                        :>>Vehicle::velocity=0 [m];
                        :>>Vehicle::acceleration=1.96 [m/s**2];
                        // .2 g where 1 g = 9.8 meters/sec^2
                        snapshot t0_fa:FrontAxleAssembly_1{
                            snapshot t0_leftFront:Wheel_1;
                            snapshot t0_rightFront:Wheel_2;
                        }
                    }
                }
                snapshot t1_a{
                    attribute t1 redefines time=1 [s];
                    snapshot t1_r:Road_1{
                        :>>Road::incline =0;
                        :>>Road::friction=.1;
                    }
                    snapshot t1_v:Vehicle_1{
                        :>>Vehicle::position=.98 [m];
                        :>>Vehicle::velocity=1.96 [m/s];
                        :>>Vehicle::acceleration=1.96 [m/s**2];
                        // .2 g where 1 g = 9.8 meters/sec^2
                        snapshot t1_fa:FrontAxleAssembly_1{
                            snapshot t1_leftFront:Wheel_1;
                            snapshot t1_rightFront:Wheel_2;
                        }
                    }
                }
                snapshot t2_a{
                    attribute t2 redefines time=2 [s];
                    snapshot t2_r:Road_1{
                        :>>Road::incline =0;
                        :>>Road::friction=.1;
                    }
                    snapshot t2_v:Vehicle_1{
                        :>>Vehicle::position=3.92 [m];
                        :>>Vehicle::velocity=3.92 [m/s];
                        :>>Vehicle::acceleration=1.96 [m/s**2];
                        // .2 g where 1 g = 9.8 meters/sec^2
                        snapshot t2_fa:FrontAxleAssembly_1{
                            snapshot t2_leftFront:Wheel_1;
                            snapshot t2_rightFront:Wheel_2;
                        }
                    }
                }
            }
        }
    }
    package MissionContext{
        /* Define mission context with mission use cases for vehicle_b */
        public import VehicleConfigurations::VehicleConfiguration_b::**;
        public import ParametersOfInterestMetadata::moe;
        public import TransportPassengerScenario::*;
        package ContextDefinitions{
            part def MissionContext:>GenericContext::Context;
            part def Road;
            part def Driver{
                port handPort:HandPort{
                }
                exhibit state driverStates{
                    state initial;
                    state wait;
                    transition initial then wait;
                    //ignition on
                    transition 'wait-wait-1'
                        first wait
                        do send IgnitionCmd (ignitionOnOff=IgnitionOnOff::on) via handPort
                        then wait;
                    // ignition off
                    transition 'wait-wait-2'
                        first wait
                        do send IgnitionCmd (ignitionOnOff=IgnitionOnOff::off) via handPort
                        then wait;
                }
            }
            part def Passenger;
            
            requirement transportRequirements;
            use case def TransportPassenger{
                objective TransportObjective {
                    doc /*deliver passenger to destination safely, comfortably, and within acceptable time*/
                    require transportRequirements;
                }
                subject vehicle:Vehicle;
                actor environment;
                actor road;
                actor driver;
                actor passenger [0..4];
                include use case getInVehicle_a:>getInVehicle [1..5];
                include use case getOutOfVehicle_a:>getOutOfVehicle [1..5];
            }
            
            use case getInVehicle:GetInVehicle {
                action unlockDoor_in [0..1];
                then action openDoor_in;
                then action enterVehicle;
                then action closeDoor_in;
            }
            use case def GetInVehicle{
                subject vehicle:Vehicle;
                actor driver [0..1];
                actor passenger [0..1];
                assert constraint {driver != null xor passenger != null}
            }

            use case getOutOfVehicle:GetOutOfVehicle {
                action openDoor_out;
                then action exitVehicle;
                then action closeDoor_out;
                then action lockDoor_out;
            }
            use case def GetOutOfVehicle{
                subject vehicle:Vehicle;
                actor driver [0..1];
                actor passenger [0..1];
                assert constraint {driver != null xor passenger != null}
            }
        }
        package TransportPassengerScenario{
            public import ContextDefinitions::TransportPassenger;
            
            // this version uses nesting vs fork and join for concurrent actions
            use case transportPassenger:TransportPassenger{
                first start; 
                then action a{
                    action driverGetInVehicle subsets getInVehicle_a[1];
                    action passenger1GetInVehicle subsets getInVehicle_a[1];
                }
                then action trigger accept ignitionCmd:IgnitionCmd;
                then action b{
                    action driveVehicleToDestination;
                    action providePower;   
                }
                then action c{
                    action driverGetOutOfVehicle subsets getOutOfVehicle_a[1];
                    action passenger1GetOutOfVehicle subsets getOutOfVehicle_a[1];
                }
                then done;
            }
            
            
            //this version uses forks and joins
            use case transportPassenger_1:TransportPassenger{
                // declare actions
                action driverGetInVehicle subsets getInVehicle_a[1];
                action passenger1GetInVehicle subsets getInVehicle_a[1];
                action driverGetOutOfVehicle subsets getOutOfVehicle_a[1];
                action passenger1GetOutOfVehicle subsets getOutOfVehicle_a[1];
                action driveVehicleToDestination;
                action providePower;
                item def VehicleOnSignal;
                join join1;
                join join2;
                join join3;
                action trigger accept ignitionCmd:IgnitionCmd;
                
                // define control flow
                first start;               
                then fork fork1;
                    then driverGetInVehicle;
                    then passenger1GetInVehicle;
                first driverGetInVehicle then join1;
                first passenger1GetInVehicle then join1;
                first join1 then trigger;
                first trigger then fork2;
                //succession trigger if trigger.ignitionCmd.ignitionOnOff==IgnitionOnOff::on then fork2;
                
                fork fork2;
                    then driveVehicleToDestination;
                    then providePower;
                first driveVehicleToDestination then join2;
                first providePower then join2;
                first join2 then fork3;

                fork fork3; 
                    then driverGetOutOfVehicle;
                    then passenger1GetOutOfVehicle;
                first driverGetOutOfVehicle then join3;
                first passenger1GetOutOfVehicle then join3;

                first join3 then done;
            }
        }
        
        part missionContext:ContextDefinitions::MissionContext{
            #moe attribute transportTime :> ISQ::time;
            perform transportPassenger;
            // bind parts to actors of use case
            part road:ContextDefinitions::Road = transportPassenger.road;
            part driver:ContextDefinitions::Driver = transportPassenger.driver{
                perform transportPassenger.a.driverGetInVehicle.unlockDoor_in;
                perform transportPassenger.a.driverGetInVehicle.openDoor_in;
                perform transportPassenger.a.driverGetInVehicle.enterVehicle; 
                perform transportPassenger.a.driverGetInVehicle.closeDoor_in;
                perform transportPassenger.c.driverGetOutOfVehicle.openDoor_out;
                perform transportPassenger.c.driverGetOutOfVehicle.exitVehicle; 
                perform transportPassenger.c.driverGetOutOfVehicle.closeDoor_out;
                perform transportPassenger.c.driverGetOutOfVehicle.lockDoor_out;
                perform transportPassenger.b.driveVehicleToDestination;
            }
            part passenger1:ContextDefinitions::Passenger = transportPassenger.passenger {
                perform transportPassenger.a.passenger1GetInVehicle.unlockDoor_in;
                perform transportPassenger.a.passenger1GetInVehicle.openDoor_in;
                perform transportPassenger.a.passenger1GetInVehicle.enterVehicle; 
                perform transportPassenger.a.passenger1GetInVehicle.closeDoor_in;
                perform transportPassenger.c.passenger1GetOutOfVehicle.openDoor_out;
                perform transportPassenger.c.passenger1GetOutOfVehicle.exitVehicle; 
                perform transportPassenger.c.passenger1GetOutOfVehicle.closeDoor_out;
                perform transportPassenger.c.passenger1GetOutOfVehicle.lockDoor_out;
            }
            part vehicle_b_1:>vehicle_b = transportPassenger.vehicle{
                attribute :>> position3dVector = (0,0,0) [spatialCF];
                perform transportPassenger.b.providePower redefines providePower;
                perform transportPassenger.trigger;
            }
            connect driver.handPort to vehicle_b_1.ignitionCmdPort;
            connect road to vehicle_b_1.vehicleToRoadPort;
        }
    }
    package VehicleSuperSetModel{
        /* all of vehicleFamily is included in the superset model to enable subsetting a specific vehicle configuration*/
        package VariationPointDefinitions {
            variation part def TransmissionChoices:>Transmission {
                variant part transmissionAutomatic:TransmissionAutomatic;
                variant part transmissionManual:TransmissionManual;
            }
        }
        package VehiclePartsTree{
            public import VariationPointDefinitions::*;
            abstract part vehicleFamily {
                // variation with nested variation
                variation part engine:Engine{
                    variant part engine4Cyl:Engine4Cyl;
                    variant part engine6Cyl:Engine6Cyl{
                        part cylinder:Cylinder [6]{
                            variation attribute diameter:LengthValue{
                                variant attribute smallDiameter:LengthValue;
                                variant attribute largeDiagmeter:LengthValue;
                            }
                        }
                    }
                }
                // variation point based on variation of part definition
                part transmissionChoices:TransmissionChoices;
                // optional variation point
                part sunroof:Sunroof[0..1];
                // selection constraint
                assert constraint selectionConstraint{
                    (engine==engine::engine4Cyl and transmissionChoices==TransmissionChoices::transmissionManual) xor
                    (engine==engine::engine6Cyl and transmissionChoices==TransmissionChoices::transmissionAutomatic)
                }
                part driveshaft;
                part frontAxleAssembly;
                part rearAxleAssembly;
            }
        }
    }
    package SafetyandSecurityGroups {
        public import VehicleConfigurations::VehicleConfiguration_b::PartsTree::*;
        package SafetyGroup {
            /* Parts that contribute to safety. */
            public import vehicle_b::**;
            filter @Safety;
        }
        package SecurityGroup {
            /* Parts that contribute to security. */
            public import vehicle_b::**;
            filter @Security;
        }
        package SafetyandSecurityGroup {
            /* Parts that contribute to safety OR security. */
            public import vehicle_b::**;
            filter @Safety or @Security;
        }
        package MandatorySafetyGroup {
            /* Parts that contribute to safety AND are mandatory. */
            public import vehicle_b::**;
            filter @Safety and Safety::isMandatory;
        }
    }
    package Views_Viewpoints{
       package ViewpointDefinitions{
            viewpoint def BehaviorViewpoint;
            viewpoint def SafetyViewpoint{
                frame concern vs:VehicleSafety;
            }
            part def SafetyEngineer;
            concern def VehicleSafety {
                doc /* identify system safety features */
                stakeholder se:SafetyEngineer;
            }
        }
        package ViewDefinitions{
            //public import Views to access rendering method library 
            public import Views::*;
            view def TreeView{
                render asTreeDiagram;
            }
            view def NestedView; 
            view def RelationshipView;
            view def TableView;
            view def PartsTreeView:>TreeView {
                filter @SysML::PartUsage;
            }
            view def PartsInterconnection:>NestedView;
        }
        package VehicleViews{
            public import ViewpointDefinitions::*;
            public import ViewDefinitions::*;
            public import VehicleConfigurations::VehicleConfiguration_b::*;
            view vehiclePartsTree_Safety:PartsTreeView{
                satisfy requirement sv:SafetyViewpoint;
                expose PartsTree::**;
                filter @Safety;
            }
        }
    }
}

"
90,../models/Vehicle Example/VehicleDefinitions.sysml,"package VehicleDefinitions {
	doc
	/*
	 * Example vehicle definitions model.
	 */

	private import ScalarValues::*;
	private import Quantities::*;
	private import MeasurementReferences::*;
	private import ISQ::*;
	private import SI::*;
	
	/* PART DEFINITIONS */
	
	part def Vehicle {
		attribute mass :> ISQ::mass;
	}
	part def Transmission;	
	part def AxleAssembly;
	part def Axle {
		port leftMountingPoint: AxleMountIF;
		port rightMountingPoint: AxleMountIF;
	}
	part def Wheel {
		port hub: WheelHubIF;
	}
	part def Lugbolt {
		attribute tighteningTorque :> ISQ::torque;
	}
	
	/* PORT DEFINITIONS */
	
	port def DriveIF { 
		in driveTorque :> ISQ::torque;
	}
	
	port def AxleMountIF { 
		out transferredTorque :> ISQ::torque;
	}
	
	port def WheelHubIF { 
		in appliedTorque :> ISQ::torque;
	}
	
	/* INTERFACE DEFINITIONS */
	
	interface def Mounting {
		doc /* The definition of the interface for mounting a Wheel to an Axle. */
		end axleMount: AxleMountIF;
		end hub: WheelHubIF;
		
		flow axleMount.transferredTorque to hub.appliedTorque;
	}
}"
91,../models/Vehicle Example/VehicleIndividuals.sysml,"package VehicleIndividuals {
	private import VehicleUsages::*;
	private import Time::DateTime;
	private import SI::kg;
	
	package IndividualDefinitions {

		individual part def Vehicle1 :> Vehicle {
			doc
			/*
			 * This is an individual Vehicle with a mass of 1800 kg.
			 */
			
			attribute redefines mass = 1800 [kg];
		}
		
		individual part def Vehicle2 :> Vehicle {
			doc
			/*
			 * This is an individual Vehicle with a mass of 1700 kg.
			 */
		
			attribute redefines mass = 1700 [kg];
		}
		
		individual part def AxleAssembly1 :> AxleAssembly;
		
		individual part def Wheel1 :> Wheel;
		individual part def Wheel2 :> Wheel;
	}
	
	package IndividualSnapshots {
		public import IndividualDefinitions::*;
	
		attribute t0: DateTime;
		attribute t1: DateTime;
		
		snapshot part vehicle1_t0: Vehicle1 {
			doc
			/*
			 * This is a snapshot of Vehicle1 at time t0;
			 */
		
			// Note: Timestamping of snapshots is not yet formalized.
			attribute t = t0;
		}
		
		timeslice part vehicle1_t0_t1: Vehicle1 {
			doc
			/*
			 * This is a time slice of Vehicle1 starting at snapshot vehicle1_t0 
			 * (time t0) and ending at time t1.
			 */
		
			snapshot :>> start = vehicle1_t0;
			snapshot :>> done {
				attribute t = t1;
			}
		}	
	}
	
	package IndividualConfigurations {
		public import IndividualSnapshots::*;
	
		individual part vehicle1_C2: Vehicle1 :> vehicle_C2 {
			doc
			/*
			 * This asserts that for some portion of its lifetime, Vehicle1 conforms
			 * to the configuration vehicle_C2;
			 */
		}	
			
		snapshot part vehicle1_C2_t0 : Vehicle1 :> vehicle1_C2, vehicle1_t0 {
			doc
			/*
			 * This is a snapshot of Vehicle1 in configuration vehicle1_C2 at time t0.
			 */
		
			snapshot axleAssembly1_t0: AxleAssembly1 :>> frontAxleAssembly {
				doc
				/*
				 * frontAxleAssembly is a feature of vehicle1_C2.
				 */
			
				snapshot leftFrontWheel_t0: Wheel1 :>> leftFrontWheel {
					doc
					/*
					 * This asserts that Wheel1 is the leftFrontWheel of vehicle_C2_t0
					 * (leftFrontWheel is a feature of vehicle_C2::frontAxleAssembly).
					 */
				}
			}
		}
		
		snapshot part vehicle1_C2_t1 : Vehicle1 :> vehicle1_C2, vehicle1_t0_t1.done {
			doc
			/*
			 * This is a snapshot of Vehicle1 in configuration vehicle_C2 at time t1.
			 */
		
			snapshot axleAssembly1_t1: AxleAssembly1 :>> frontAxleAssembly {
				snapshot rightFrontWheel_t1: Wheel1 :>> rightFrontWheel {
					doc
					/*
					 * This asserts that Wheel1 is the rightFrontWheel of vehicle_C2_t1.
					 */
				}
			}
		}	
	}
}"
92,../models/Vehicle Example/VehicleUsages.sysml,"package VehicleUsages {
	doc
	/*
	 * Example usages of elements from the vehicle definitions model.
	 */

	private import SI::N;
	private import SI::m;
	private import ScalarFunctions::*;

	public import VehicleDefinitions::*;

	/* VALUES */	 
	T1 = 10.0 [N * m];
	T2 = 20.0 [N * m];
	
	/* PARTS */	
	part narrowRimWheel: Wheel {
		doc /* Narrow-rim wheel configuration with 4 to 5 lugbolts. */

		part lugbolt: Lugbolt[4..5];
	}
	
	part wideRimWheel: Wheel {
		doc /* Wide-rim wheel configuration with 4 to 6 lugbolts. */	

		part lugbolt: Lugbolt[4..6];
	}

	part vehicle_C1: Vehicle {
		doc /* Basic Vehicle configuration showing a part hierarchy. */

		part frontAxleAssembly: AxleAssembly {
			part frontWheel[2] subsets narrowRimWheel {
				part redefines lugbolt[4] {
					attribute redefines tighteningTorque = T1;
				}
			}
			part frontAxle: Axle;
		}		
		part rearAxleAssembly: AxleAssembly {
			part rearWheel[2] subsets wideRimWheel {
				part redefines lugbolt[6] {
					attribute redefines tighteningTorque = T2;
				}
			}
			part rearAxle: Axle;			
		}
	}
	
	part vehicle_C2 subsets vehicle_C1 {
		doc /* Specialized configuration with part-specific ports. */

		part redefines frontAxleAssembly {
			part leftFrontWheel subsets frontWheel = frontWheel#(1);
			part rightFrontWheel subsets frontWheel = frontWheel#(2);
			
			interface leftFrontMount: Mounting connect 
				frontAxle.leftMountingPoint to leftFrontWheel.hub;
				
			interface rightFrontMount: Mounting connect 
				frontAxle.rightMountingPoint to rightFrontWheel.hub;
		}
		
		part rearAxleAssembly redefines vehicle_C1::rearAxleAssembly {
			part leftRearWheel subsets rearWheel = rearWheel#(1);
			part rightRearWheel subsets rearWheel = rearWheel#(2);

			interface leftRearMount: Mounting connect 
				rearAxle.leftMountingPoint to leftRearWheel.hub;
				
			interface rightRearMount: Mounting connect 
				rearAxle.rightMountingPoint to rightRearWheel.hub;
		}		
	}
	
	part vehicle_C3 subsets vehicle_C2 {
		doc /* Further specialized configuration with a connection to a deeply-nested port. */

		
		part transmission: Transmission {
			port drive: ~DriveIF;
		}
		
		part redefines rearAxleAssembly {
			part redefines rearAxle {
				port drive: DriveIF;
			}
		}
		
		interface driveShaft connect 
			transDrive ::> transmission.drive to axleDrive ::> rearAxleAssembly.rearAxle.drive {
			flow transDrive.driveTorque to axleDrive.driveTorque;
		}		
	}
}"
