,file_path,raw_content,descriptions,embeddings
0,../models/Analysis Examples/AnalysisAnnotation.sysml,"package AnalysisAnnotation {
	private import ScalarValues::Real;
	private import AnalysisTooling::*;
	private import ISQ::*;
	
	action def ComputeDynamics {
		metadata ToolExecution {
			toolName = ""ModelCenter"";
			uri = ""aserv://localhost/Vehicle/Equation1"";
		}
			
		in dt : TimeValue             { @ToolVariable { name = ""deltaT""; } }
		in whlpwr : PowerValue        { @ToolVariable { name = ""power""; } }
		in Cd : Real                  { @ToolVariable { name = ""C_D""; } }
		in Cf: Real                   { @ToolVariable { name = ""C_F""; } }
		in tm : MassValue             { @ToolVariable { name = ""mass""; } }
		in v_in : SpeedValue          { @ToolVariable { name = ""v0""; } }
		in x_in : LengthValue         { @ToolVariable { name = ""x0""; } }
		
		out a_out : AccelerationValue { @ToolVariable { name = ""a""; } }
		out v_out : SpeedValue        { @ToolVariable { name = ""v""; } }
		out x_out : LengthValue       { @ToolVariable { name = ""x""; } }
			
	}

}","I want to create a SysML v2 model that captures the dynamics of a vehicle analysis. The model should be organized under a package named `AnalysisAnnotation`. It will import necessary types from `ScalarValues`, `AnalysisTooling`, and `ISQ`. Inside the package, I need to define an action called `ComputeDynamics`, which will encapsulate the dynamics computation process.

This action will include metadata, specifying that it is executed using a tool called ""ModelCenter"" with a given URI. 

The action will take the following inputs:
- `dt` of type `TimeValue` (representing the time increment),
- `whlpwr` of type `PowerValue` (representing the power),
- `Cd` and `Cf` of type `Real` (representing drag and friction coefficients, respectively),
- `tm` of type `MassValue` (representing the mass of the vehicle),
- `v_in` of type `SpeedValue` (initial speed),
- `x_in` of type `LengthValue` (initial position).

The outputs from this action will be:
- `a_out` of type `AccelerationValue` (resulting acceleration),
- `v_out` of type `SpeedValue` (resulting speed),
- `x_out` of type `LengthValue` (resulting position).

Each input and output variable should have appropriate tool variable annotations for easy integration with the external tool.","[-8.39898884e-02  4.63147182e-04 -5.84613681e-02  7.00194016e-03
 -7.43224919e-02 -1.90914851e-02 -7.18148565e-03  8.00430402e-02
  1.39326584e-02  5.75870275e-02  8.61848425e-03 -7.82277063e-02
  2.07949355e-02  5.22320718e-02 -8.76507908e-03  5.04030660e-02
  4.80822893e-03  1.44934095e-03 -4.37448453e-03  1.91901263e-03
  9.69789177e-02  4.23124470e-02  1.62936561e-02  4.31415662e-02
 -8.00323486e-02 -4.44712415e-02 -6.77024275e-02  4.85762432e-02
  3.77978124e-02 -5.32132424e-02  6.77059293e-02  2.78026424e-02
 -6.21205568e-02 -1.14569832e-02  5.29614724e-02  1.41600385e-01
 -6.82014646e-03 -8.81476998e-02 -6.89413771e-02 -8.25681984e-02
  4.41564322e-02 -7.81962946e-02 -3.53831388e-02 -4.84537818e-02
  2.78352164e-02 -5.81730083e-02  6.08400330e-02 -4.06952612e-02
 -2.90070064e-02  1.12777157e-02 -8.56672898e-02  1.80349406e-02
  6.32357551e-03 -5.77548891e-02  4.51561110e-03  2.16773320e-02
  4.37703803e-02 -7.25338459e-02 -6.09522425e-02 -1.47444934e-01
  2.08446640e-03  1.00555975e-04 -2.74753701e-02 -3.11426669e-02
 -8.02348480e-02  6.41953945e-02  2.10022014e-02 -5.30498056e-03
  5.89365251e-02 -1.49794258e-02 -6.47508875e-02 -2.11384855e-02
 -4.36093584e-02 -1.33570237e-02 -6.63455529e-03 -4.65386845e-02
  1.87024772e-02  5.98118156e-02  2.10746340e-02 -1.17850393e-01
  7.17227533e-02 -7.14562600e-03 -4.78530638e-02 -3.59608117e-03
 -2.40400573e-03  7.19965668e-03  3.72331450e-03 -1.17172757e-02
  1.62907556e-01  4.87678871e-02 -3.95414745e-03  5.76773658e-03
  2.98256390e-02 -4.02839594e-02  9.48562846e-02 -2.73797382e-02
  8.25459231e-03  4.79765721e-02  9.24477354e-03  5.01463041e-02
 -1.80027839e-02  5.60587794e-02  2.07205135e-02  7.73080299e-03
  4.69194576e-02  3.68985832e-02 -4.69121188e-02 -3.19973826e-02
 -7.42384419e-02 -4.60724756e-02  3.27979820e-03  3.98905016e-02
  1.00711901e-02 -2.13643759e-02  7.80771524e-02  9.05968100e-02
  5.16601130e-02  9.50322207e-03  4.27088980e-03 -3.93854305e-02
  1.03906477e-02 -1.23173064e-02  3.55191752e-02  2.21785791e-02
  7.32419118e-02 -8.13873783e-02 -3.00346203e-02 -1.77757227e-33
 -6.55414388e-02 -3.62435100e-03  3.83502878e-02  9.03834179e-02
  1.85483228e-02  4.47291620e-02  3.19302492e-02 -3.72620262e-02
  8.28002114e-03  2.38084922e-05 -1.21416070e-01 -2.12810356e-02
 -7.86551088e-03 -2.67185713e-03  4.99365386e-03  2.85282172e-02
 -1.92673095e-02  6.66772574e-02  1.33790262e-02 -1.63085684e-02
  1.20220229e-01 -8.11635423e-03 -6.74439073e-02 -1.00690369e-02
 -1.85034312e-02  7.52273202e-02  2.81323399e-02  2.00704113e-02
 -4.42702323e-02 -2.82472349e-03  7.70564079e-02 -2.88937930e-02
 -6.78190961e-04  3.52278501e-02  9.56989545e-03  3.32791172e-02
  5.63325826e-03  1.56347379e-02  4.90121804e-02 -4.35811877e-02
 -1.20168244e-02  4.15920615e-02 -5.73494136e-02  4.39209566e-02
 -1.07811086e-01 -3.49153280e-02 -9.55964252e-03  6.74482659e-02
  3.37450989e-02 -1.92323159e-02  3.98330577e-02 -6.30911291e-02
  8.65409970e-02 -5.59103712e-02 -4.90522124e-02 -8.33979808e-03
  3.95788513e-02  2.73836777e-02  8.99453182e-03  7.74770081e-02
 -4.71700169e-02  1.39253819e-02  9.83839389e-03 -5.18079568e-03
  3.57261263e-02 -6.35686982e-03 -6.66581690e-02 -4.84422222e-02
  8.80153999e-02  2.09997129e-02 -3.35232392e-02  4.89541292e-02
  1.74895544e-02  3.53963710e-02  1.11925960e-01 -8.11506659e-02
  1.94071215e-02 -1.19629040e-01 -9.25315097e-02  1.99399721e-02
 -8.33019614e-02  4.21320125e-02  3.52657610e-03  5.97276576e-02
  6.86695278e-02 -8.97537172e-02 -7.76184574e-02 -1.50081916e-02
 -5.51867001e-02 -9.46703181e-02 -6.95973039e-02 -6.46213591e-02
 -3.82289514e-02  1.45983482e-02  1.14441803e-02 -1.87672595e-33
  3.91665958e-02  2.72539468e-03  4.53189947e-02  8.84865597e-02
 -3.66263501e-02 -1.86784882e-02 -1.57531921e-03 -2.33342536e-02
 -1.47555145e-02  2.71428656e-03  1.94219258e-02 -1.34665985e-02
 -4.04102467e-02 -8.90848678e-05  1.06404871e-01  1.02246469e-02
 -1.74400676e-02 -1.81577086e-01 -2.03315672e-02  7.44490549e-02
 -3.99248824e-02  6.30912632e-02 -3.55033390e-02  3.06954514e-02
 -9.27821908e-04  4.28951764e-03  4.50228937e-02 -2.56447913e-03
  3.92830074e-02  5.11160120e-02 -4.22799028e-02 -4.17515114e-02
 -6.20716102e-02 -4.10423726e-02 -3.41799036e-02 -3.95534970e-02
  1.77962165e-02  5.32357674e-03  2.44079679e-02  5.06854877e-02
  3.91014442e-02  4.59511951e-03 -1.31567404e-01  2.49523576e-02
  1.18641974e-02 -1.73800178e-02 -3.86249609e-02 -9.27527342e-03
 -3.85031439e-02 -6.08121790e-02  1.50613012e-02 -1.71347670e-02
 -4.10099840e-03  3.53709199e-02 -4.19202587e-03  5.37298396e-02
  3.97234783e-02 -6.64653406e-02 -3.00227366e-02 -5.34912525e-03
  2.50932630e-02 -1.17841940e-02  2.29596887e-02 -5.44001050e-02
 -4.53763492e-02 -1.16852066e-02 -2.39903480e-02 -6.02196641e-02
 -3.00104404e-03 -2.51187943e-02  2.25946046e-02  7.48010539e-03
 -9.77060106e-03  3.86769325e-02  9.27297324e-02 -4.26502824e-02
 -3.36036310e-02 -3.58111865e-04  6.95775971e-02  1.84811298e-02
 -6.60838708e-02  3.76914628e-02  1.14308387e-01  7.89325219e-03
 -7.34914318e-02 -4.36475826e-03  4.19402402e-03  1.01038381e-01
 -3.37095484e-02 -2.72880541e-03 -2.15683412e-03  1.84296761e-02
 -1.17760971e-02  1.65822104e-01 -1.17206261e-01 -6.06331483e-08
 -4.90540341e-02  3.63334864e-02  5.54901920e-02  2.91636270e-02
 -5.61836734e-02  6.51224554e-02 -1.02444135e-01 -2.93090027e-02
  3.97499911e-02  1.80421192e-02  1.27024492e-02 -1.14302048e-02
 -2.32258812e-02 -3.77508841e-04 -4.18533012e-02  3.30297686e-02
  5.99927679e-02  6.15440570e-02 -9.25458372e-02 -8.03930834e-02
  5.89147955e-02  3.27211842e-02 -2.56393887e-02 -4.26572151e-02
  8.89588967e-02 -6.27918839e-02 -6.04009740e-02 -3.88145866e-03
  4.72793449e-03  2.24964209e-02  4.50325981e-02  3.94880697e-02
  7.81056471e-03  7.06587732e-02 -4.21237946e-02  7.00879004e-03
  3.48018408e-02 -4.08914813e-04  3.89957651e-02 -5.62183512e-03
 -2.68963743e-02  3.92575823e-02 -4.66815718e-02 -2.93314573e-03
  1.88046061e-02  4.52666692e-02 -1.01585679e-01 -6.55106977e-02
  3.57545801e-02  7.57276788e-02  2.61107722e-04  2.64937207e-02
 -1.02855496e-01  1.09551691e-01 -4.01209481e-02  4.19251658e-02
  7.51106301e-03 -7.63134062e-02  5.11759780e-02 -4.84016165e-02
 -1.68056116e-02 -4.79684658e-02 -3.44313048e-02 -2.38831267e-02]"
1,../models/Analysis Examples/Dynamics.sysml,"package Dynamics {
	private import ScalarValues::Real;
	private import ISQ::*;
	
	// Function definitions
	
	calc def Power {
		in whlpwr : PowerValue; in Cd : Real; in Cf : Real; in tm : MassValue; in v : SpeedValue;
		return tp : PowerValue = whlpwr - Cd * v - Cf * tm * v;
	}
	
	calc def Acceleration { in dt : TimeValue; in tm : MassValue; in tp: PowerValue; 
		return a : AccelerationValue = tp * dt * tp;
	}
	
	calc def Velocity { in dt : TimeValue; in v0 : SpeedValue; in a : AccelerationValue;
		return v : SpeedValue = v0 + a * dt;
	}
 	
	calc def Position { in dt : TimeValue; in x0 : LengthValue; in v : SpeedValue; 
		return x : LengthValue = x0 + v * dt;
	}

	// Analysis action def
	
	action def StraightLineVehicleDynamics {
		
		in attribute dt : TimeValue;
		in attribute whlpwr : PowerValue;
		in attribute Cd : Real;
		in attribute Cf: Real;
		in attribute tm : MassValue;
		in attribute v_in : SpeedValue;
		in attribute x_in : LengthValue;
		
		out attribute a_out : AccelerationValue;
		out attribute v_out : SpeedValue;
		out attribute x_out : LengthValue;
			
		assert constraint {
			attribute tp : PowerValue;
			
			tp == Power(whlpwr, Cd, Cf, tm, v_in) &
			a_out == Acceleration(dt, tm, tp) &
			v_out == Velocity(dt, v_in, a_out) &
			x_out == Position(dt, x_in, v_in)
		}
	}
	

	// Analysis actions
	
	action dyn1 : StraightLineVehicleDynamics {
        in attribute dt : TimeValue;
        in attribute whlpwr : PowerValue;
        in attribute Cd : Real;
        in attribute Cf: Real;
        in attribute tm : MassValue;
        in attribute v_in : SpeedValue;
        in attribute x_in : LengthValue;

		attribute tp : PowerValue = Power(whlpwr, Cd, Cf, tm, v_in);
		
		out attribute :>> a_out : AccelerationValue = Acceleration(dt, tm, tp);
		out attribute :>> v_out : SpeedValue = Velocity(dt, v_in, a_out);
		out attribute :>> x_out : LengthValue = Position(dt, x_in, v_in);
	}	
	
	action dyn2 : StraightLineVehicleDynamics {
		calc acc : Acceleration {
			in dt = dyn2::dt;
			in tm = dyn2::tm;
			in tp = Power(whlpwr, Cd, Cf, tm, v_in);
		}
		bind a_out = acc.a;
		
		calc vel : Velocity {
			in dt = dyn2::dt;
			in v0 = dyn2::v_in; 
			in a = acc.a;
		}
		bind v_out = vel.v;
		
		calc pos : Position {
			in dt = dyn2::dt;
			in x0 = dyn2::x_in;
			in v0 = vel.v;
		}
		bind x_out = pos.x;
	}
}","I want to create a SysML v2 model named `Dynamics` that models the dynamics of a straight-line vehicle. This model should incorporate several function definitions and analysis actions to compute vehicle behavior based on power, aerodynamic drag, rolling resistance, mass, initial velocity, and initial position.

Here's the concise description for generating this model:

1. **Define Key Imports**: Import necessary types from `ScalarValues` and `ISQ`, specifically `Real`, `PowerValue`, `MassValue`, `SpeedValue`, `AccelerationValue`, `LengthValue`, and `TimeValue`.

2. **Function Definitions**:
   - `Power`: Computes net power based on wheel power, drag coefficient, rolling resistance, mass, and velocity.
   - `Acceleration`: Calculates acceleration using time, mass, and power.
   - `Velocity`: Determines velocity using initial velocity, acceleration, and time.
   - `Position`: Computes position based on initial position, velocity, and time.

3. **Analysis Action - StraightLineVehicleDynamics**:
   - Inputs: `dt`, `whlpwr`, `Cd`, `Cf`, `tm`, `v_in`, `x_in`.
   - Outputs: `a_out`, `v_out`, `x_out`.
   - Assertions to ensure relationships between inputs and computed outputs.

4. **Actions `dyn1` and `dyn2`**: Implement the `StraightLineVehicleDynamics`, each with attributes and calculations for acceleration, velocity, and position, binding outputs to computed values.

This model structure provides a clear framework for analyzing vehicle dynamics in a straightforward manner by encapsulating the necessary calculations and relationships within defined actions and functions.","[-6.24578595e-02 -2.89873742e-02 -4.71448414e-02  2.38948613e-02
 -4.89313006e-02 -3.07154004e-02 -2.48828679e-02  5.60220815e-02
 -3.64468694e-02  5.88105619e-02  5.66958264e-02 -9.43042338e-02
  1.04882044e-03  7.34399399e-03 -1.33167738e-02  5.43641672e-02
 -4.16047201e-02  3.58524267e-03 -2.87527461e-02  1.89166740e-02
  1.11041009e-01  3.96931507e-02  2.98307613e-02  8.02910700e-03
 -6.29101545e-02 -6.04871847e-02 -2.14269850e-02  1.34773165e-01
  2.29697619e-02 -1.04791157e-01  2.08398066e-02  2.49288082e-02
  2.62345653e-03  1.95042342e-02  5.52434400e-02  3.02845612e-02
  3.22541632e-02 -5.32613359e-02 -8.38562846e-02 -4.92967479e-02
 -1.79634932e-02 -6.93313107e-02  7.81959109e-03 -3.01108621e-02
  7.68633932e-02 -1.37093104e-03  2.95441598e-02 -1.01520596e-02
  8.29582382e-03  2.37481296e-02 -7.24306926e-02  2.20704675e-02
  1.91748459e-02 -8.85230079e-02  7.77311204e-03  4.34253849e-02
  2.02138573e-02 -3.76705937e-02 -6.32615909e-02 -1.36469960e-01
 -5.72547084e-03 -7.28153111e-03 -6.62990063e-02 -3.20353992e-02
 -9.60941687e-02  2.07124092e-02 -6.02868572e-02  5.28531149e-02
  5.84388934e-02  9.89910960e-02 -9.38499346e-02 -6.45831749e-02
 -3.73757631e-02  1.10734934e-02 -1.00858696e-02 -8.25503469e-02
  6.25800490e-02  2.02398561e-02 -1.55943502e-02 -7.91538730e-02
 -1.77606549e-02 -4.46769297e-02 -7.47016370e-02  1.54190678e-02
 -3.17921070e-03  1.43285627e-02  2.12264881e-02  1.70884952e-02
  9.26882997e-02  3.45555544e-02  2.73487135e-03  2.18614228e-02
  3.12041156e-02 -3.29965726e-02  9.46256444e-02  5.24835214e-02
  1.25473198e-02 -4.17045914e-02  3.14336084e-02  4.85377526e-03
 -5.75451143e-02  3.25015150e-02  7.27326423e-02  4.39899005e-02
 -1.76087786e-02  6.19655848e-02 -1.79146118e-02 -2.93510575e-02
 -3.83017622e-02 -4.72956821e-02  1.88628547e-02  8.21175277e-02
 -1.54948235e-02 -3.24985050e-02  9.04394761e-02  3.99738587e-02
 -2.42736917e-02 -1.49157206e-02  2.72135343e-02  3.51816649e-03
 -3.38422433e-02 -3.15250792e-02  4.18857597e-02  6.61434829e-02
  4.95045707e-02 -6.79934993e-02 -5.45900092e-02  6.30953205e-34
 -1.14188701e-01 -1.70818903e-02  2.91723758e-02  1.08244918e-01
  2.13365667e-02  4.82696109e-02  3.92658840e-04 -7.60708330e-03
 -4.97935489e-02  9.39584076e-02 -1.30036071e-01 -2.05515195e-02
 -2.50716209e-02  3.31908949e-02  2.05795802e-02 -4.14153002e-02
  2.18702629e-02 -2.09351126e-02 -3.04911342e-02  7.94753339e-03
  8.68592709e-02 -1.46059301e-02 -3.65129896e-02 -5.72331995e-02
  6.09250180e-03  8.87407959e-02  7.35520422e-02  1.90116391e-02
 -3.12495790e-02  1.60680115e-02  3.21408324e-02 -1.79446340e-02
 -2.81868540e-02  1.92352058e-03  1.05877011e-03  3.12385149e-02
 -2.21420042e-02 -8.38335324e-03  5.40112257e-02 -5.18508023e-04
  1.62160664e-03  1.04146684e-03 -5.31351678e-02  3.35248969e-02
 -1.04358934e-01 -2.05428060e-02  1.99612528e-02  9.24981013e-02
  3.42303775e-02  3.54374982e-02 -1.38508268e-02 -2.62505040e-02
  2.10963748e-02 -3.11024487e-02 -4.42255698e-02 -5.96106285e-03
  1.26810158e-02  7.58638680e-02 -6.06284551e-02  8.27980787e-02
 -2.18566470e-02  6.23754086e-03  8.32532649e-04 -7.40395039e-02
  3.53462175e-02  2.71742735e-02 -6.47343844e-02 -3.08130626e-02
  8.88325199e-02  3.48106734e-02 -1.60256904e-02  3.93573195e-02
 -6.03941316e-03  3.79188508e-02  1.24344155e-01 -5.89334220e-02
  6.11650664e-03 -5.17002195e-02 -6.47635832e-02  3.39026153e-02
 -1.05036318e-01  1.08819038e-01 -4.33664583e-02 -5.54113947e-02
  4.67983894e-02 -1.18829437e-01 -4.22824360e-02 -4.71292548e-02
 -5.20676263e-02 -7.99492374e-02 -6.88041300e-02 -6.08706772e-02
 -1.48414886e-02  1.40995486e-02 -5.23043759e-02 -4.27637755e-33
  5.79711108e-04  3.77773680e-02  4.82483730e-02  3.37748155e-02
 -4.78169695e-03 -2.11322457e-02 -3.07899751e-02 -2.81047840e-02
  9.17169545e-03 -8.16395564e-04  6.54810062e-03 -9.08483285e-03
 -1.75972059e-02  1.19522400e-02  1.05001941e-01  2.52483711e-02
 -2.61209477e-02 -2.12680012e-01 -1.19112032e-02  2.97539029e-02
 -3.81255485e-02  9.10727158e-02 -2.19840202e-02  9.88883711e-03
  9.92982648e-03 -4.48885048e-03  5.00349514e-02  5.24113551e-02
  2.95885410e-02  2.19736770e-02  8.60810373e-03  3.36874416e-03
  9.63782519e-03 -1.05310436e-02 -6.79478198e-02 -6.43848330e-02
  3.38588431e-02 -1.01836789e-02  6.51528686e-03  5.36354538e-03
  4.44994308e-02  4.55831699e-02 -3.67116891e-02 -3.99455875e-02
  1.76141262e-02  4.25914824e-02  2.38648220e-03  2.01894948e-03
 -3.58734801e-02 -5.24275973e-02  2.28062011e-02 -5.09319343e-02
 -1.87485963e-02  3.22279893e-02  1.17669590e-02  4.49629314e-02
  2.31640823e-02 -4.53738347e-02 -1.77737593e-03 -4.35318425e-02
 -1.20548885e-02 -5.79654388e-02 -1.05196508e-02  5.49042691e-03
 -1.01924222e-02 -3.36289182e-02 -4.00858521e-02 -4.90103699e-02
 -4.24342882e-03 -2.25891080e-02 -7.67764822e-02  5.98358810e-02
  7.80532602e-03  3.97340395e-02 -8.85019265e-03 -3.90896723e-02
 -5.09991720e-02  4.87857461e-02  1.02654301e-01 -9.88706853e-03
 -7.05053732e-02  2.65589338e-02  9.58791077e-02  7.39608109e-02
 -1.18228912e-01 -1.13964975e-02 -2.38770582e-02  1.18123934e-01
  2.82607581e-02  9.53674968e-03 -1.58152711e-02  2.78892852e-02
  3.43307084e-03  2.02974111e-01 -8.33432823e-02 -5.83331357e-08
 -5.71649224e-02 -1.02438098e-02  3.63571458e-02  2.06540134e-02
 -2.53569186e-02  6.43941462e-02 -6.31814152e-02 -4.78248298e-02
  6.27942849e-03 -4.35102768e-02 -2.11319327e-02  5.17191738e-02
 -4.14874665e-02  1.54060647e-02 -5.24807572e-02  3.49489860e-02
  2.13997867e-02  7.56961629e-02 -3.06843687e-02 -6.98769763e-02
  1.03074610e-01  2.83371750e-02 -5.17059155e-02  3.89284976e-02
  4.15480807e-02 -5.52897342e-02 -9.82762501e-02 -4.27505784e-02
  3.14628296e-02 -1.70480646e-02  3.60105336e-02  4.15619761e-02
  5.03272712e-02  5.19682430e-02 -4.59433235e-02  1.05324937e-02
 -3.30298692e-02  2.72239912e-02  7.02066869e-02  5.88594787e-02
  1.61903258e-02  8.40065703e-02 -4.84708175e-02 -3.24736424e-02
  7.77704595e-03 -6.99851662e-04 -8.00146535e-02 -1.19198866e-01
  4.79432009e-03  2.91991904e-02 -1.03912186e-02  5.19696921e-02
 -6.57032579e-02  9.10480842e-02 -5.35747744e-02  6.86556026e-02
 -4.24711779e-02 -3.03395055e-02  1.30796516e-02 -4.52238023e-02
 -2.39392910e-02  7.17482669e-03 -2.07302142e-02 -1.51984543e-02]"
2,../models/Analysis Examples/Turbojet Stage Analysis.sysml,"package 'Turbojet Stage Analysis' {
	private import Quantities::ScalarQuantityValue;
	private import MeasurementReferences::DimensionOneValue;
	private import ISQ::*;
	
	package 'Thermodynamic Functions' {
	    calc def 'Ideal Gas Law' { in rho; in R_bar; in T;
	    	return p = rho * R_bar * T;
	    }
	    
	    calc def 'Reversible Adiabatic Compression Density' { in rho_1; in p_1; in p_2; in gamma;
	    	return rho_2 = rho_1 * (p_2 / p_1)^(1/gamma);
	    }
	    
	    calc def 'Reversible Adiabatic Compression Temperature' { in T_1; in p_1; in p_2; in gamma;
	    	return T_2 = T_1 * (p_2 / p_1)**((gamma - 1) / gamma);
	    }
	    
	    calc def 'Total Pressure' { in P_static; in rho; in V;
	    	1/2 * rho * V^2 + P_static
	    }
	    
	    // Showing explicit parameter typing
	    calc def 'Total Temperature' { in T_static : TemperatureValue; in Cp : DimensionOneValue; in V : VolumeValue;
	    	return : TemperatureValue = 1/(2 * Cp) * V^2 + T_static;
	    }
	    
	    calc def 'Total Enthalpy' { in h_total; in h_static; in V;
	    	return H_total = 1/2 * V^2 + h_static;
	    }
	}
	
	package 'Thermodynamics Structure' {
	    part def 'Ideal Gas Parcel' {
	        comment
	            /*
	            The parcel is an infinitesimal volume used to analyze points in a flow
	            */
	        attribute 'Molar Mass';
	        attribute 'Density';
	        attribute 'Pressure';
	        attribute 'Temperature';
	        attribute 'Enthalpy';
	        attribute 'Specific Gas Constant';
	    }
	    
	    part def 'Moving Ideal Gas Parcel' specializes 'Ideal Gas Parcel' {
	        comment about 'Stagnation Pressure'
	            /*
	            Stagnation pressure is the pressure of the parcel if the kinetic energy defined by its
	            velocity in a given coordinate frame is converted to gas internal energy through deceleration
	            to a velocity that matches the current frame.
	            */
	        attribute 'Stagnation Pressure';
	        attribute 'Stagnation Temperature';
	        attribute 'Stagnation Enthalpy';
	        
	        comment about 'Static Pressure'
	            /*
	            Static pressure is the pressure of the parcel as it moves
	            */
	        attribute 'Static Pressure' redefines 'Ideal Gas Parcel'::'Pressure';
	        attribute 'Static Temperature' redefines 'Ideal Gas Parcel'::'Temperature';
	        attribute 'Static Enthalpy' redefines 'Ideal Gas Parcel'::'Enthalpy';
	    }
	    
	    action def 'Thermodynamic Process'; // need start and end shots to show beginning and end attributes
	    
	    action def 'Adiabatic Process' specializes 'Thermodynamic Process' {
	        /*
	        Thermodynamic process typically have their states defined at beginning and end
	        of the process (since these starts are path-independent)
	        */
	        action 'Stage 1' :>> start;
	        action 'Stage 2' :>> done;
	    }
	    
	    action def 'Reversible Adiabatic Process' specializes 'Adiabatic Process';
	}
	
	package 'Low-Pressure Compressor Analysis' {
	    
	    part 'Analysis Context' {
	        private import 'Thermodynamic Functions'::*;
	        
	        part 'Inlet Gas' : 'Thermodynamics Structure'::'Moving Ideal Gas Parcel' {
	        	// Explicit binding notation
	        	calc 'Solve for Pressure1' : 'Ideal Gas Law';
	        	bind 'Density' = 'Solve for Pressure1'.rho;
	        	bind 'Specific Gas Constant' = 'Solve for Pressure1'.R_bar;
	        	bind 'Static Temperature' = 'Solve for Pressure1'.T;
	        	bind 'Static Pressure' = 'Solve for Pressure1'.p;	        	
	        	
	        	// Shorthand parameter binding notation
	            calc 'Solve for Pressure2' : 'Ideal Gas Law' {
	                in rho = 'Density';
	                in R_bar = 'Specific Gas Constant';
	                in T = 'Static Temperature';
				}				
				            
	            // Invocation expression notation
	            attribute :>> 'Static Pressure' = 'Ideal Gas Law'('Density', 'Specific Gas Constant', 'Static Temperature');

	            // Equation as a constraint (note ""=="")
	            constraint { 'Static Pressure' == 'Ideal Gas Law'('Density', 'Specific Gas Constant', 'Static Temperature') }
	        }
	    }
	}	
	
}","Here's a concise description of the SysML v2 model ""Turbojet Stage Analysis"":

This model is structured into a package named `Turbojet Stage Analysis`, which incorporates thermodynamic functions and analysis modules for low-pressure compressors. It contains:

1. **Thermodynamic Functions**:
   - Calculation definitions for ideal gas law, reversible adiabatic compression (both density and temperature), total pressure, total temperature, and total enthalpy, with some functions showing explicit parameter typing.

2. **Thermodynamics Structure**:
   - Definition of an `Ideal Gas Parcel` with attributes like molar mass, density, pressure, temperature, enthalpy, and specific gas constant.
   - The `Moving Ideal Gas Parcel`, a specialized version, adds stagnation pressure, temperature, and enthalpy, while redefining static pressure, temperature, and enthalpy attributes.
   - Action definitions for thermodynamic processes, including `Thermodynamic Process`, `Adiabatic Process`, and `Reversible Adiabatic Process`.

3. **Low-Pressure Compressor Analysis**:
   - An `Analysis Context` that incorporates the thermodynamic functions, specifically handling inlet gas as a `Moving Ideal Gas Parcel`.
   - Calculations and bindings for pressure estimations using the ideal gas law, along with constraints ensuring parameter consistency.

This model effectively represents the necessary calculations and thermodynamic properties essential for analyzing turbojet engine performance and behavior under different conditions.","[-8.92049596e-02  2.10350170e-03 -4.30990942e-02  5.09544127e-02
  1.92862516e-03 -1.65104736e-02 -3.26052643e-02  7.38636628e-02
 -1.92251038e-02  2.29000696e-03 -2.86263507e-03 -1.15592154e-02
 -3.74056995e-02 -2.38050111e-02 -1.24216462e-02 -3.07718739e-02
  3.25771570e-02 -9.63762170e-04 -4.23337705e-02 -7.38966555e-05
  1.25538141e-01  3.13983299e-02  3.59801925e-03  1.79038532e-02
  2.54628509e-02  2.75969617e-02 -4.61364426e-02  1.09701000e-01
  1.01900147e-02 -1.32087767e-02  8.87401216e-03  6.95406459e-03
  2.88052056e-02  3.56436148e-02  1.11298487e-01  2.37758011e-02
  5.68475872e-02 -6.08600117e-02 -4.59871329e-02  7.73657998e-03
 -1.14675490e-02 -3.84401232e-02 -7.21295848e-02  5.58501445e-02
  1.64523292e-02  1.40751284e-02 -6.62923045e-03 -4.18113582e-02
 -1.29049540e-01 -1.63536724e-02 -3.36218514e-02  1.91379599e-02
 -1.28461486e-02  2.87069031e-03  4.81278710e-02  5.07461578e-02
  3.87712307e-02 -1.59134269e-02 -7.18406811e-02 -5.85682504e-02
 -2.78545972e-02  1.72492601e-02 -8.14020038e-02 -2.99859140e-02
 -4.25199047e-02 -1.17023126e-03  2.81230975e-02 -2.01076409e-03
  4.23956327e-02  3.40551734e-02 -1.47038624e-01 -5.66226505e-02
 -1.02145895e-02  4.37917784e-02 -1.68875698e-02 -1.24976993e-01
  3.53169739e-02 -7.41479360e-03 -3.69210988e-02 -6.49461076e-02
  2.80768164e-02 -1.91203132e-02 -3.78483608e-02 -1.05838187e-01
 -7.72810951e-02  1.67910568e-02  1.12698379e-03 -2.75022741e-02
  8.96887109e-02  3.45395394e-02 -3.83724198e-02 -9.83651355e-03
 -1.48066916e-02 -3.18293348e-02  1.37178808e-01  3.69189354e-03
  1.94112640e-02  4.10949141e-02  8.79864842e-02 -3.77821438e-02
 -5.86155942e-03  3.46336626e-02  6.09762827e-03 -4.11343649e-02
 -1.39770079e-02  1.35011459e-03  5.91281336e-03 -6.01686072e-03
 -6.71529174e-02 -2.11277697e-02 -4.35401648e-02  5.04737236e-02
  2.91429199e-02 -8.84480104e-02  7.69903213e-02 -2.63005309e-02
 -4.36176397e-02 -3.47797264e-04  1.28987525e-02 -6.11943603e-02
 -9.58188344e-03 -2.42693592e-02  4.11016643e-02  2.25189589e-02
 -1.04742730e-02 -6.00007176e-02 -8.70382264e-02 -8.06394084e-34
 -2.36937068e-02 -3.50179337e-02 -2.40373407e-02  7.04226643e-02
 -6.63852170e-02  9.78451893e-02  1.66353397e-03 -6.38808633e-05
  4.65295948e-02  1.19113497e-01 -2.34613568e-02 -1.66395726e-03
 -4.44675945e-02  5.63153289e-02 -2.78212652e-02  2.76195910e-03
  4.89013679e-02  8.00648183e-02 -1.32173405e-03 -1.23853120e-03
  5.06905504e-02  9.11362246e-02 -1.84152946e-02  8.94121919e-03
  3.32972445e-02  7.77091011e-02  4.54480052e-02 -3.71644385e-02
 -1.03064582e-01  1.35840699e-02  7.93788284e-02  1.54669061e-02
 -5.10169044e-02  6.82749742e-05  1.04991451e-03 -5.24169952e-03
 -6.61880821e-02  1.97232887e-02  3.63834687e-02 -5.35709374e-02
 -1.90836421e-04  2.69925818e-02 -5.49554490e-02  1.35571081e-02
 -1.33060157e-01  5.72390435e-03  3.63516086e-03  1.76030565e-02
  8.75873268e-02 -3.19560952e-02  2.98316013e-02 -1.71073824e-02
  4.68187518e-02 -1.50694977e-02  1.53793339e-02  6.56971559e-02
  5.73037937e-02  1.92954242e-02 -1.70994084e-02  5.83269671e-02
 -7.13082179e-02  2.02391613e-02 -4.75082593e-03 -1.01142012e-01
  2.86752973e-02  2.29164343e-02 -1.08594537e-01 -1.63122592e-03
  6.09040707e-02 -1.47943944e-03 -4.32159156e-02  5.27187362e-02
  3.58607732e-02  4.91147712e-02  7.40442947e-02 -2.60271728e-02
  4.66481708e-02 -6.06724806e-02 -5.61061576e-02  9.71682428e-04
 -1.36817604e-01  9.92396772e-02  3.90451811e-02 -6.13160916e-02
 -4.08852194e-03 -1.28340960e-01 -7.32768625e-02  4.03189659e-02
 -4.83127534e-02 -5.45877330e-02 -7.53670484e-02 -9.16196853e-02
 -4.72562201e-02  2.25894339e-02  3.19726579e-02 -3.04662789e-33
  6.55956864e-02  4.03119177e-02 -4.66283560e-02  3.77654880e-02
 -6.16474748e-02  1.31962588e-02 -7.93929864e-03 -3.52296606e-02
  3.71182412e-02 -1.08702490e-02  1.92379095e-02  7.70808756e-03
  2.34873798e-02  2.20729038e-02  2.94645894e-02  1.32754194e-02
 -1.13873713e-01 -1.44144312e-01  1.59088634e-02  4.11090069e-02
 -1.75514836e-02  5.88705130e-02 -4.25223671e-02 -6.34630909e-03
 -3.71599980e-02 -6.33368790e-02 -4.14747521e-02  3.97925731e-03
  6.30367324e-02  1.66467000e-02  6.32271171e-02 -3.03882342e-02
  2.87235864e-02  1.67273954e-02 -4.99837957e-02 -6.89668879e-02
 -2.25057011e-03 -5.60749508e-03 -2.81327106e-02 -2.40597073e-02
  4.06889878e-02  5.02802432e-02  8.99546593e-03 -2.74260212e-02
  5.31728007e-03  8.36175606e-02  2.13758815e-02 -1.46269694e-01
  1.90860918e-03 -5.84864207e-02  2.92187911e-02 -4.71561253e-02
 -4.95789014e-03  8.98315907e-02  6.05022721e-02  9.95405670e-03
 -3.95895541e-02 -6.87134340e-02  5.38636260e-02 -2.55161040e-02
  6.22049756e-02 -3.49718370e-02  7.39394575e-02  1.09073007e-02
 -5.36794364e-02 -2.52338536e-02 -4.67203744e-02 -6.63602427e-02
  6.52808174e-02  1.68066777e-04 -1.03881694e-02  2.31465846e-02
  6.22317903e-02  8.15107971e-02  5.81867294e-03 -7.37171471e-02
 -1.20911123e-02  2.62492560e-02  4.89974096e-02  3.61793265e-02
 -3.30055393e-02  2.95418091e-02 -2.72987261e-02  3.71022969e-02
 -5.77712245e-02 -2.40213964e-02  3.13860886e-02  8.13562572e-02
 -1.74848977e-02 -2.34916043e-02  1.74629260e-02  3.83849628e-02
  2.84005105e-02  1.65194049e-01 -4.52096686e-02 -5.48393793e-08
 -4.49538939e-02 -3.47407088e-02  1.21604256e-01 -1.18988259e-02
 -1.04417643e-02  2.73122676e-02 -5.66804036e-02  5.07099070e-02
  2.70799231e-02  4.20149602e-02  1.50876464e-02  1.89253949e-02
  2.49702912e-02 -7.22026750e-02 -1.16376420e-02  1.31780803e-02
  2.43319711e-03  8.45343098e-02  1.29016507e-02 -5.19773886e-02
  7.41817132e-02  9.59735480e-04 -5.42331487e-02  6.21602929e-04
  8.36404487e-02 -5.46181090e-02 -4.13540900e-02 -1.85797010e-02
  1.27006276e-02 -4.89087254e-02 -4.59339441e-04  7.10843951e-02
  5.89962043e-02 -9.85243451e-03 -4.28286903e-02  5.33981398e-02
  5.22469962e-03  2.13951971e-02  3.45248170e-02  4.42805104e-02
  2.85208877e-02 -1.56587623e-02 -4.04762030e-02 -7.06109451e-04
  3.59931551e-02  6.78676367e-02 -5.77314869e-02 -5.72570749e-02
 -6.17541932e-02  4.85977568e-02  5.74407764e-02  9.34953988e-02
 -6.65408447e-02  9.17998254e-02 -7.33120218e-02  7.33368471e-02
 -7.80579969e-02  3.95204984e-02  8.30256864e-02 -5.63265309e-02
 -1.47385774e-02  6.55437484e-02 -6.04944713e-02  9.96076223e-03]"
3,../models/Analysis Examples/Vehicle Analysis Demo.sysml,"package 'Vehicle Analysis Demo' {
    private import ScalarValues::*;
    private import ISQ::*;
    private import USCustomaryUnits::*;
	    
    private import VehicleQuantities::*;
    private import VehicleModel::*;
    private import FuelEconomyRequirementsModel::*;
    private import DynamicsModel::*;
    private import FuelEconomyAnalysisModel::*;	
	
	package VehicleQuantities {
    	private import Quantities::*;
    	private import MeasurementReferences::*;

	    attribute def DistancePerVolumeUnit :> DerivedUnit {
	    	private attribute distancePF: QuantityPowerFactor[1] { :>> quantity = isq.L; :>> exponent = 1; }
	        private attribute volumePF: QuantityPowerFactor[1] { :>> quantity = isq.L; :>> exponent = -3; }
	        attribute :>> quantityDimension { :>> quantityPowerFactors = (distancePF, volumePF); }
	    }

	    attribute def DistancePerVolumeValue :> ScalarQuantityValue {
	        :>> num : Real;
	        :>> mRef : DistancePerVolumeUnit;
	    }
	    
	    attribute gallon : VolumeUnit = 231.0 * 'in' ** 3;
	    attribute mpg : DistancePerVolumeUnit = 'mi' / gallon;
	}
	
	package VehicleModel {	    
	    item def Fuel;
	        
	    port def FuelPort {
	        out item fuel: Fuel;
	    }
	    
	    part def FuelTank {
	        attribute volumeMax : VolumeValue;
	        attribute fuelVolume : VolumeValue;
	        attribute fuelLevel : Real = fuelVolume / volumeMax;
	        
	        port fuelInPort : ~FuelPort;
	        port fuelOutPort : FuelPort;
	    }
	    
	    part def Wheel {
	        attribute diameter : LengthValue;
	    }
	
	    part def Vehicle {
	        attribute mass : MassValue;
	        attribute cargoMass : MassValue;
	        
	        attribute wheelDiameter : LengthValue;
	        attribute driveTrainEfficiency : Real;
	        
	        attribute fuelEconomy_city : DistancePerVolumeValue;
	        attribute fuelEconomy_highway : DistancePerVolumeValue;
	
	        port fuelInPort : ~FuelPort;
	    }
	    
	    part vehicle_c1 : Vehicle {
	        port :>> fuelInPort {
	            in item :>> fuel; 
	        }
	
	        part fuelTank : FuelTank {
	            port :>> fuelInPort {
	                in item :>> fuel;
	            }
	        }
	
	        bind fuelInPort.fuel = fuelTank.fuelInPort.fuel;
	
	        part wheel : Wheel[4] {
	            :>> diameter = wheelDiameter;
	        }
	    }
	}
	
	package FuelEconomyRequirementsModel {
	    requirement def FuelEconomyRequirement {
	        attribute actualFuelEconomy : DistancePerVolumeValue;
	        attribute requiredFuelEconomy : DistancePerVolumeValue;
	
	        require constraint { actualFuelEconomy >= requiredFuelEconomy }
	    }
	
	    requirement cityFuelEconomyRequirement : FuelEconomyRequirement {
	        :>> requiredFuelEconomy = 25 [mpg];
	    }
	
	    requirement highwayFuelEconomyRequirement : FuelEconomyRequirement {
	        :>> requiredFuelEconomy = 30 [mpg];
	    }
	}
	
	package DynamicsModel {
	    calc def Acceleration { in p : PowerValue; in m : MassValue; in v : SpeedValue;
	    	return : AccelerationValue = p / (m * v);
	    }
	    
	    calc def Velocity { in v0 : SpeedValue; in a : AccelerationValue; in dt : TimeValue;
	    	return : SpeedValue = v0 + a * dt;
		}
		    
	    calc def Position { in x0 : LengthValue; in v : SpeedValue; in dt : TimeValue;
	    	return : LengthValue = x0 + v * dt;
	    }
	    
	    constraint def StraightLineDynamicsEquations {
	        in p : PowerValue;
	        in m : MassValue;
	        in dt : TimeValue;
	        in x_i : LengthValue;
	        in v_i : SpeedValue;
	        in x_f : LengthValue;
	        in v_f : SpeedValue;
	        in a : AccelerationValue;
	    
	        attribute v_avg : SpeedValue = (v_i + v_f)/2;
	
	        a == Acceleration(p, m, v_avg) &
	        v_f == Velocity(v_i, a, dt) &
	        x_f == Position(x_i, v_avg, dt)
	    }
	    
	    action def StraightLineDynamics {
	        in power : PowerValue;
	        in mass : MassValue;
	        in delta_t : TimeValue;
	        in x_in : LengthValue;
	        in v_in : SpeedValue;
	        out x_out : LengthValue;
	        out v_out : SpeedValue;
	        out a_out : AccelerationValue;
	    
	        assert constraint dynamics : StraightLineDynamicsEquations {
	            in p = power;
	            in m = mass;
	            in dt = delta_t;
	            in x_i = x_in;
	            in v_i = v_in;
	            in x_f = x_out;
	            in v_f = v_out;
	            in a = a_out;
	        }
	    }
	}
	
	package FuelEconomyAnalysisModel {
	    private import SequenceFunctions::size;
	    private import SampledFunctions::SampledFunction;
	    private import SampledFunctions::SamplePair;
	    private import ControlFunctions::forAll;
	
		attribute def ScenarioState {
			position : LengthValue;
			velocity : SpeedValue;
		}
		
		attribute def NominalScenario :> SampledFunction {
			attribute def TimeStateRecord :> SamplePair {
				t : TimeValue :>> domainValue;
				s : ScenarioState :>> rangeValue;
			}
			:>> samples : TimeStateRecord;
			n : Natural = size(samples);
		}
		
		analysis def FuelEconomyAnalysis { 
			subject vehicle: Vehicle;
			in attribute scenario : NominalScenario;
			in requirement fuelEconomyRequirement : FuelEconomyRequirement;
			return calculatedFuelEconomy : DistancePerVolumeValue;
			
			objective fuelEconomyAnalysisObjective {
				doc 
				/*
				 * The objective of this analysis is to determine whether the
				 * current vehicle design configuration can satisfy the fuel
				 * economy requirement.
				 */
				
				assume constraint {
					vehicle.wheelDiameter == 33 ['in'] &
					vehicle.driveTrainEfficiency == 0.4
				}
				
				require fuelEconomyRequirement { 
					:>> actualFuelEconomy = calculatedFuelEconomy;
				}
			}
		
			action dynamicsAnalysis {
				in sc: NominalScenario;
				out power : PowerValue[*];
				out acceleration : AccelerationValue[*];
				/*
				 * Solve for the required engine power as a function of time
				 * to support the scenarios.
				 */
				assert constraint straightLineDynamics {
					(1..sc.n-1)->forAll {in i: Integer;
						private thisSample : NominalScenario::TimeStateRecord = 
							sc.samples#(i);
						private nextSample : NominalScenario::TimeStateRecord = 
							sc.samples#(i+1);
						StraightLineDynamicsEquations (
							p = power#(i),
							m = vehicle.mass,
							dt = nextSample.t - thisSample.t,
							x_i = thisSample.s.position,
							v_i = thisSample.s.velocity,
							x_f = nextSample.s.position,
							v_f = nextSample.s.velocity,
							a = acceleration#(i)                    
						)
					}
				}
			}

		    action fuelConsumptionAnalysis {
		        in power : PowerValue[*] = dynamicsAnalysis.power;
		        in acceleration : AccelerationValue[*] = dynamicsAnalysis.acceleration;
		        out fuelEconomy : DistancePerVolumeValue = calculatedFuelEconomy;
		        /*
		         * Solve the engine equations to determine how much fuel is
		         * consumed. The engine RPM is a function of the speed of the
		         * vehicle and the gear state.
		         */
	        }
	    }
	}
	
	part vehicleFuelEconomyAnalysisContext {
	    requirement vehicleFuelEconomyRequirementsGroup {
	        subject vehicle : Vehicle;
	
	        requirement vehicleFuelEconomyRequirement_city :> cityFuelEconomyRequirement {
	            doc /* The vehicle shall provide a fuel economy that is greater than or equal to
	             * 25 miles per gallon for the nominal city driving scenarios.
	             */
	
	            :>> actualFuelEconomy = vehicle.fuelEconomy_city;
	
	            assume constraint { vehicle.cargoMass == 1000 [lb] }
	        }
	
	        requirement vehicleFuelEconomyRequirement_highway :> highwayFuelEconomyRequirement {
	            doc /* The vehicle shall provide a fuel economy that is greater than or equal to
	             * 30 miles per gallon for the nominal highway driving scenarios.
	             */
	
	            :>> actualFuelEconomy = vehicle.fuelEconomy_highway;
	
	            assume constraint { vehicle.cargoMass == 1000 [lb] }
	        }
	
	    }
	    
	    attribute cityScenario : NominalScenario;
	    attribute highwayScenario : NominalScenario;
	
	    analysis cityFuelEconomyAnalysis : FuelEconomyAnalysis {
	        subject vehicle = vehicle_c1;
	        in attribute scenario = cityScenario;
	        in requirement fuelEconomyRequirement = cityFuelEconomyRequirement;
	    }
	
	    analysis highwayFuelEconomyAnalysis : FuelEconomyAnalysis {
	        subject vehicle = vehicle_c1;
	        in attribute scenario = highwayScenario;
	        in requirement fuelEconomyRequirement = highwayFuelEconomyRequirement;
	    }
	
	    part vehicle_c1_analysized :> vehicle_c1 {
	        attribute :>> fuelEconomy_city = cityFuelEconomyAnalysis.calculatedFuelEconomy;
	        attribute :>> fuelEconomy_highway = highwayFuelEconomyAnalysis.calculatedFuelEconomy;
	    }
	
	    satisfy vehicleFuelEconomyRequirementsGroup by vehicle_c1_analysized;
	}
}","To generate a SysML v2 model for a ""Vehicle Analysis Demo,"" I want to create a structured model that encompasses the following key components:

1. **Packages**:
   - Create the package `Vehicle Analysis Demo` to house all the relevant components, including imports for scalar values, unit specifications, vehicle-specific quantities, models for vehicle dynamics, fuel economy requirements, and analysis models.
  
2. **Vehicle Quantities Package**:
   - Define `DistancePerVolumeUnit` to represent fuel economy metrics (e.g., miles per gallon) with relevant unit conversions and a corresponding `DistancePerVolumeValue` scalar quantity.
   - Include attributes for volume units and specific configurations (e.g., `gallon`, `mpg`).

3. **Vehicle Model Package**:
   - Establish core vehicle components such as `Fuel`, `FuelTank`, `Wheel`, and `Vehicle`, specifying attributes for mass, fuel economy, and ports for fuel interaction.
   - Create an instance of the `Vehicle` model (named `vehicle_c1`) with a linked `FuelTank` and four `Wheel` instances.

4. **Fuel Economy Requirements Model Package**:
   - Define `FuelEconomyRequirement` with actual and required fuel economy attributes and create specific requirements for city (25 mpg) and highway (30 mpg) driving scenarios.

5. **Dynamics Model Package**:
   - Implement calculations for `Acceleration`, `Velocity`, and `Position`, along with a set of constraints for straight-line dynamics. Create actions for executing these dynamics based on input parameters.

6. **Fuel Economy Analysis Model Package**:
   - Integrate analysis components that utilize sampled scenarios (`NominalScenario`) to assess vehicle performance against fuel economy requirements.
   - Define actions for dynamics analysis and fuel consumption analysis, ensuring to connect attributes and expected outputs.

7. **Fuel Economy Analysis Context**:
   - Formulate an overarching context that links the vehicle to its requirements, including separate analyses for city and highway scenarios with assumptions on cargo mass.

8. **Output Attributes**:
   - Ensure to derive the calculated fuel economy for the city and highway scenarios back to the `vehicle_c1` instance.

By constructing this model, I aim to create a comprehensive behavioral and performance evaluation framework for vehicle design, specifically focusing on fuel efficiency across varying operational scenarios.","[ 5.93533972e-03 -4.96582463e-02 -5.08372523e-02  4.72137425e-03
 -1.63791497e-04  4.16936586e-04 -3.56289744e-02  7.56090283e-02
 -7.22096115e-02 -1.19313318e-02  1.79309845e-02 -1.42214790e-01
  7.54508302e-02  4.95169945e-02  3.38566750e-02 -1.88029266e-03
  7.70967035e-03 -6.89245062e-03 -7.70495683e-02  1.77986287e-02
  8.66089538e-02  1.24030747e-02  5.64879216e-02  2.37905849e-02
 -3.98219638e-02 -3.08608692e-02  1.88222863e-02  7.13592246e-02
  2.69725434e-02 -6.09935932e-02  7.42848590e-02  4.17766161e-02
  3.73185612e-02 -1.57588366e-02  1.22554421e-01  3.62332202e-02
  2.90360022e-02  3.67018348e-03 -7.70854354e-02 -6.28411993e-02
 -1.01840878e-02 -8.42409581e-02 -2.05472391e-02 -5.48421824e-03
  4.48546410e-02 -6.17131107e-02 -1.94543581e-02  1.38710057e-02
  3.33103091e-02 -3.32226306e-02 -6.33030832e-02  3.72554921e-02
 -1.14144292e-02 -4.33612354e-02 -6.73504127e-03  5.43419123e-02
  3.98065448e-02 -1.72814969e-02 -8.87488574e-02 -1.13978721e-01
 -3.18289474e-02 -1.53542971e-02 -5.03691807e-02 -7.21983910e-02
 -7.74524584e-02  1.31130936e-02 -6.55935481e-02  2.56375391e-02
  5.37221618e-02  9.12537426e-02 -7.18834624e-02 -4.62129675e-02
 -2.03214865e-03  1.02481870e-02 -5.35427593e-03  8.37231986e-03
  1.09300226e-01  2.76228189e-02  1.50803924e-02 -1.02358639e-01
 -2.32095383e-02  2.73528863e-02 -5.07403016e-02 -4.79734652e-02
 -3.57875861e-02 -1.15760798e-02  5.43433316e-02 -3.43903969e-03
  4.94769365e-02  3.39617692e-02  7.04853842e-03 -1.62979141e-02
  4.41865288e-02 -5.10049202e-02  6.62764758e-02  1.15870154e-02
  2.49449406e-02 -3.82347926e-02  8.04854482e-02  1.74993537e-02
 -2.75690183e-02  4.49763797e-02  5.83426282e-02 -7.85119738e-03
 -6.53098002e-02  2.81251464e-02 -4.24655117e-02  8.30220152e-03
 -2.15170905e-02 -4.89789844e-02  4.86354828e-02  6.45289347e-02
 -4.64349054e-02 -4.57344428e-02  8.16109404e-03  2.67540738e-02
  3.77647094e-02 -7.04057515e-02  4.09531146e-02 -3.92427202e-03
 -3.47797982e-02 -2.62605175e-02  7.27396235e-02  4.37923186e-02
  7.69799873e-02 -1.93368383e-02 -4.56919484e-02 -3.13918521e-35
 -1.02662534e-01 -3.26140895e-02 -4.63799853e-03  1.11338846e-01
 -4.23156860e-04  9.33329090e-02  7.79300230e-03  1.78373642e-02
 -5.60604595e-03  4.28582802e-02 -8.41964558e-02  2.77501158e-02
 -5.61957024e-02  1.90793388e-02  6.72120089e-03 -3.31070758e-02
 -3.70395556e-02  6.13557138e-02 -4.75150384e-02 -4.66501564e-02
  9.04895272e-03 -2.27966495e-02 -4.32769544e-02  7.81232302e-05
  4.37492318e-02  8.13611001e-02  6.10859171e-02 -1.85961335e-03
 -6.22428656e-02  1.89456400e-02  8.54505133e-03  5.73591962e-02
  1.36298286e-02  2.63755303e-02 -1.76414363e-02  1.87532362e-02
 -3.41212451e-02 -1.31581491e-02  4.05876786e-02 -3.23789380e-02
  1.55782579e-02 -5.99653693e-03 -2.76913447e-03  1.37363402e-02
 -9.33734626e-02  3.82825099e-02  2.01430582e-02  4.85032052e-02
  5.18351384e-02 -1.25885662e-02 -1.11291474e-02 -2.20908131e-02
  1.06965806e-02 -4.49462235e-02 -7.50879720e-02  2.59872731e-02
  1.05377072e-02 -9.54726525e-03  8.29982571e-03  1.20320963e-02
 -7.76106119e-02  6.66930452e-02 -2.34034751e-02 -2.36728061e-02
  4.92490157e-02  2.73426678e-02 -8.88845101e-02 -9.16366577e-02
  6.16963767e-02  2.57747937e-02 -5.57023212e-02  4.48784940e-02
 -6.73440024e-02  7.64875636e-02  8.59352574e-02 -7.76748881e-02
  7.63113275e-02 -1.92864425e-02 -9.43781286e-02  1.88566241e-02
 -1.42387867e-01  1.18758373e-01 -2.99871676e-02 -3.84454355e-02
  2.49829236e-02 -7.40762427e-02 -2.90419757e-02 -3.62625234e-02
 -4.90862019e-02 -1.16078205e-01 -5.88120706e-02 -6.70977235e-02
 -6.72168359e-02 -2.86712591e-02  6.52500754e-03 -2.78666364e-33
  3.16249616e-02  7.08899722e-02  6.74964190e-02  2.84130014e-02
  3.70730981e-02 -3.35794874e-02 -2.10701255e-03 -3.42909656e-02
 -3.75061370e-02  7.91282952e-03 -2.37730332e-02 -3.08844503e-02
  5.57821579e-02 -2.14726869e-02  3.45240580e-03  7.58879855e-02
  9.01227759e-04 -1.81402013e-01  9.37863160e-03  3.94342989e-02
 -3.21002267e-02  3.70840244e-02 -4.13410887e-02  2.74729282e-02
 -6.29439950e-03 -3.48972976e-02  2.49182638e-02  5.10263629e-03
  2.47810017e-02 -4.39733788e-02  4.57484499e-02  6.69961981e-03
  1.71571393e-02 -3.84060219e-02 -7.25487694e-02 -5.02816886e-02
 -9.56600811e-03 -3.94037478e-02 -4.38556373e-02  3.79199609e-02
  6.46422012e-03  7.94711668e-05 -6.07361048e-02 -1.74236242e-02
 -9.90047399e-03 -1.66055392e-02  5.34076318e-02 -6.49819672e-02
 -1.29903881e-02 -4.82517183e-02  1.11268321e-02 -3.34926583e-02
 -2.65214331e-02  1.85749549e-02 -2.11280491e-02  3.80367227e-02
  4.96798754e-02  6.43182173e-03  2.94535551e-02 -3.02604865e-02
  4.24403325e-02 -3.77531275e-02  4.81986292e-02  1.26204332e-02
  3.77511699e-03 -1.04836822e-01 -1.06084403e-02 -7.32579827e-02
 -1.53071908e-02  1.69600751e-02 -4.99198958e-02  3.36745754e-02
  5.89885823e-02  5.95555119e-02  1.10687576e-02 -2.86180004e-02
 -9.98311192e-02  5.59490696e-02  1.19026504e-01 -1.59284119e-02
 -5.29522151e-02  2.27522291e-02  8.27025473e-02  8.21386501e-02
  1.15679309e-03 -3.78791578e-02  3.55890281e-02  8.86507258e-02
  3.24401148e-02  5.58405817e-02 -2.89874934e-02  6.64092526e-02
  5.88207599e-03  1.82614312e-01 -4.67421561e-02 -5.45426531e-08
 -1.68024674e-02  1.11374073e-02 -3.26624736e-02  4.81316335e-02
 -4.86729294e-02  1.25951078e-02 -4.83141094e-02 -1.02836294e-02
 -4.78724614e-02  2.92290784e-02 -3.64534780e-02  4.86135110e-02
 -7.03145042e-02  2.83307638e-02 -3.10293455e-02  3.35998982e-02
  1.49972560e-02  9.70405787e-02 -4.46957871e-02 -2.65307166e-02
  6.23738021e-02  5.19965366e-02 -4.94903252e-02  3.70647684e-02
  9.95839387e-02 -4.46595773e-02 -3.92156951e-02  1.42696509e-02
  1.26072899e-01 -2.73553245e-02  7.16176108e-02  2.59018112e-02
  2.31744610e-02  4.06338200e-02 -1.92420986e-02  2.13989485e-02
 -6.82760775e-02  5.63678145e-02  3.98504362e-02  7.51149952e-02
  2.76894178e-02  1.80672184e-02 -6.97699338e-02 -1.67731736e-02
  3.27908434e-02  4.81769443e-02 -1.45438015e-01 -6.12396486e-02
 -3.23082283e-02  7.26970881e-02 -1.79009829e-02 -1.38308667e-02
 -7.12736472e-02  8.77687186e-02 -1.13850329e-02 -8.99364334e-03
 -2.92918049e-02  2.42625899e-03  1.03222065e-01 -8.05294067e-02
 -7.16809556e-02  3.15727219e-02 -2.29499917e-02 -1.55044766e-02]"
4,../models/Arrowhead Framework Example/AHFCoreLib.sysml,"// /** Mandatory Services and Systems */
library package AHFCoreLib {
	private import AHFProfileLib::*;
	private import ScalarValues::*;
	private import AHFProfileMetadata::*;

	#service port def ServiceDiscovery {
		// The functionalities as Requests (Operations) cannot be defined yet
		// We could consider using flows to designate the functionalities
	}
	
	#service port def ServiceDiscoveryDD :> ServiceDiscovery{
	}
		
	#service port def Authorisation {
		attribute publickey:String; // just as examples
	}

	#service port def AuthorisationDD :> Authorisation{
	}

	
	#clouddd ArrowheadCore{
		// /** Design Level */
		// First the system definitions (SysD) of core systems
		
		#system service_registry {
			#service serviceDiscovery : ServiceDiscovery ;
		}
		
		#system authorization{
			#service authorisation : Authorisation;
			attribute protocol:String = ""HTTP"";
		}
		
		#system orchestrationDesign; // just indicated for now
		
		// /** Design Description level */		
		#systemdd service_registry_DD :> service_registry{
			#servicedd :>> serviceDiscovery:ServiceDiscoveryDD {
				#idd serviceDiscovery_HTTP ;// nested port for HTTP protocol
				// here we refer the functionalities like operation Register etc.
				#idd serviceDiscovery_MQTT ; // nested port for MQTT protocol
			}
		}
		
		#systemdd authorization_DD :> authorization{
			#servicedd :>> authorisation {
				#idd authorisation_HTTP ; // nested port for HTTP protocol
				#idd authorisation_MQTT ; // nested port for MQTT protocol
			}
			action Echo_behavior :> ServiceMethod;
		}
	}
}","To create a SysML v2 model for an Arrowhead Framework core library, the model will be organized into the `AHFCoreLib` package. This package defines mandatory services and systems such as service discovery and authorization. 

1. **Service Ports**: 
   - Define a `ServiceDiscovery` service port without specific operations, indicating that flows may be used to represent functionalities later.
   - Define `ServiceDiscoveryDD` as a detailed service discovery service port, inheriting from `ServiceDiscovery`.
   - Define an `Authorisation` service port, including a string attribute for a public key.
   - Define `AuthorisationDD` as a detailed authorization service port inheriting from `Authorisation`.

2. **System Definitions**:
   - Create a `service_registry` system that includes the `serviceDiscovery` service.
   - Create an `authorization` system that includes the `authorisation` service, with an HTTP protocol attribute defined.
   - Create an `orchestrationDesign` system as a placeholder for future design elements.

3. **Detailed System Descriptions**:
   - Define a `service_registry_DD` detailed system description that references the `service_registry` system and includes nested service definitions for `serviceDiscovery` under two protocols: HTTP and MQTT.
   - Define an `authorization_DD` detailed system description for the `authorization` system that includes nested definitions for `authorisation` under HTTP and MQTT, along with an action named `Echo_behavior` as part of the service method. 

This SysML v2 model encapsulates the services and systems necessary for establishing a modular architecture as per the requirements of the Arrowhead Framework.","[-3.11235469e-02 -7.40667880e-02 -6.89858794e-02 -2.05009114e-02
 -4.57675867e-02 -1.95427742e-02  6.47690594e-02  2.52484176e-02
 -3.92632037e-02  6.05990663e-02 -6.02149684e-03 -1.12812025e-02
  5.89509718e-02  5.92616014e-02  1.92970950e-02  5.80849446e-05
  8.31905007e-02 -8.44871774e-02  3.29925679e-02 -2.44522747e-03
 -8.37732758e-03  2.88133919e-02 -6.15722649e-02  3.08841700e-03
 -6.91028163e-02 -1.08050853e-01 -1.78314578e-02  2.44635604e-02
  2.79456377e-03 -2.78039407e-02  2.88746227e-02 -2.46941969e-02
  4.91998950e-03  9.52322688e-03  7.30838552e-02  4.29880284e-02
  1.89216301e-01 -6.91213906e-02 -1.31165937e-01 -3.81365754e-02
  3.11689377e-02 -3.04764653e-05 -6.44210130e-02 -9.99354012e-03
 -7.92198628e-03 -3.00067328e-02  2.05737446e-02 -3.90153192e-02
 -3.92770767e-02  3.95630747e-02 -2.69963648e-02 -5.68067729e-02
  3.91075239e-02 -4.11403291e-02 -1.04061989e-02  3.06887161e-02
  2.82382853e-02 -3.30015309e-02 -6.00910001e-02 -6.13056449e-03
 -1.85186435e-02 -1.78352632e-02 -5.40204830e-02 -2.16874648e-02
 -4.68441732e-02  5.04859947e-02 -1.13276811e-03 -2.05008350e-02
  1.03710070e-01 -1.52024515e-02 -1.09684177e-01 -8.80759954e-02
 -6.55688569e-02 -2.85508484e-02  1.10110668e-02 -1.97337922e-02
  1.36660002e-02  1.83447525e-02  1.95506122e-02 -1.99058011e-01
 -7.32878745e-02  5.28426133e-02 -2.03945041e-02  7.39572793e-02
 -1.99483838e-02  8.81961808e-02 -2.77814157e-02 -2.19551120e-02
  1.28617827e-02  2.59441435e-02  4.58830148e-02 -2.26004999e-02
 -2.61411350e-03 -8.64488631e-02  1.18831210e-01  4.12362739e-02
  4.03364114e-02 -4.51599211e-02 -3.87497135e-02  2.33352706e-02
 -7.04588518e-02 -2.70953830e-02  3.74571644e-02 -6.48237541e-02
  9.24657099e-03  5.00411056e-02 -9.25873891e-02  9.87977441e-03
 -2.63985414e-02 -2.48110816e-02 -3.02688722e-02  6.26914129e-02
 -2.02532299e-02 -4.44820747e-02  3.14355716e-02  5.57308905e-02
 -2.39434335e-02 -3.26951928e-02  7.90861994e-03 -2.94957124e-02
 -5.29964780e-03 -4.45148647e-02  5.58997504e-02 -3.21059674e-02
 -7.51583045e-03  1.40821561e-02 -4.08516973e-02  2.10451601e-34
 -1.76251829e-02  4.58480008e-02 -2.46995706e-02  9.75057706e-02
  6.41295835e-02 -1.12946574e-02  4.64017205e-02 -5.66210411e-02
 -8.70081689e-03  6.03167675e-02 -3.66425663e-02  2.78622285e-02
 -2.01306995e-02  7.31055113e-03  1.97500829e-02 -3.12739536e-02
  4.91918698e-02  5.75894937e-02  7.79302120e-02  4.89103086e-02
  1.07984729e-02  1.46239521e-02 -6.43263385e-02 -3.38041708e-02
  8.72661024e-02  4.53147553e-02  2.97709033e-02  3.59018333e-02
  2.59766504e-02  3.29775177e-02  5.79339899e-02  1.65208720e-03
 -1.46214189e-02  1.04213906e-02  1.89482444e-03 -6.69713831e-03
  1.37804728e-02 -1.11441435e-02  1.83793698e-02 -9.74088013e-02
  4.56384346e-02 -4.82660346e-03 -1.01167791e-01 -1.71358213e-02
 -2.39513218e-02 -9.24062803e-02 -3.13786604e-02 -2.14679260e-02
  1.43032461e-01 -1.05334516e-03  3.00839320e-02 -2.74860933e-02
  4.32990827e-02  9.13154986e-03  1.39213894e-02 -5.77735975e-02
 -3.77795957e-02  6.98962063e-02  1.45826731e-02 -3.50362621e-02
  1.51168555e-02 -1.59054119e-02 -6.91243587e-03  5.67589961e-02
  8.44734311e-02 -1.39402905e-02 -6.83917850e-02 -9.33591127e-02
  5.39588891e-02  5.31598181e-03 -4.62418012e-02  3.94683294e-02
  1.52335120e-02  8.55314359e-02 -9.57427267e-03 -5.98653592e-02
  1.87337231e-02  2.07593255e-02  2.49452088e-02  4.12533619e-02
 -1.17093235e-01  7.02388212e-02 -2.92813182e-02  5.60270697e-02
  6.89113438e-02 -7.81322420e-02 -2.73830490e-04 -1.02621699e-02
 -6.46534413e-02 -1.01952031e-01 -1.33217601e-02 -1.69479642e-02
  4.73524667e-02  6.02926724e-02 -6.65998086e-02 -3.45466806e-33
  1.22398594e-02 -1.02089830e-02  2.16546077e-02 -2.14454513e-02
 -7.40136653e-02 -1.55317439e-02 -2.65809372e-02 -1.84617583e-02
 -8.18046480e-02 -1.65804848e-02  8.74976292e-02  2.90410258e-02
 -8.96834710e-04 -2.23079342e-02  2.24588867e-02 -4.24337573e-02
 -5.85879721e-02 -1.09434046e-01  2.93705519e-02  5.84043413e-02
 -1.40786711e-02  7.12058246e-02  4.45418805e-02 -8.75720568e-03
  8.59485194e-03  9.16292891e-03  5.70010918e-04  3.19356248e-02
 -1.56362671e-02 -2.99750865e-02  9.08878818e-02  6.76020468e-03
  4.93135303e-03 -9.88825560e-02 -8.39984044e-02 -7.33427182e-02
 -3.34036513e-03  5.41600138e-02 -6.78504333e-02  3.40758115e-02
  2.55665705e-02 -6.81114616e-03 -6.14043102e-02 -3.29152308e-02
  5.39629608e-02 -1.40003562e-02  2.17428803e-02 -4.20023985e-02
  6.07515918e-03 -8.01999420e-02  1.91331338e-02 -7.10514933e-02
  8.66040662e-02  4.87599932e-02 -2.69303340e-02  9.92457792e-02
  1.22052960e-01  2.86807530e-02  2.15235502e-02 -1.52603304e-02
  7.86372572e-02 -4.29298058e-02  1.13049550e-02  9.04290080e-02
 -8.66983726e-04 -1.29890144e-02 -3.78065370e-02  1.84895266e-02
 -8.52262974e-02 -2.84241736e-02 -1.62536446e-02 -8.83594900e-03
 -2.86668725e-02  6.64787069e-02  9.98442546e-02 -6.02444746e-02
 -4.88984361e-02 -1.08658373e-02  3.07823997e-03  2.21013352e-02
 -9.04674605e-02  3.73662971e-02 -4.88428809e-02 -2.93740886e-04
 -3.98086291e-03 -1.41471624e-01  4.29376736e-02 -3.93051747e-03
  1.31145855e-02 -9.93800070e-03 -9.72801223e-02 -3.02001424e-02
 -7.51852244e-02  1.02602571e-01  5.06494148e-03 -5.18009031e-08
 -4.10451666e-02  9.05016735e-02 -2.23358292e-02 -1.36853498e-03
 -2.23554522e-02  2.93076448e-02 -4.52336520e-02 -1.35137690e-02
  5.25177829e-03 -2.88511086e-02 -5.13065308e-02  1.72878113e-02
 -6.08319528e-02 -3.03069558e-02  3.00491950e-03  6.87069893e-02
  1.78812146e-02 -2.16999277e-03 -3.59221883e-02 -4.38839681e-02
  8.68595690e-02 -2.86697876e-03  5.75137250e-02  4.82384907e-03
 -5.30226827e-02  3.61479744e-02  3.21958587e-02  3.66771445e-02
  4.29795086e-02  9.19893160e-02 -1.95775405e-02  3.55232297e-03
  6.68062270e-02  4.65254784e-02 -4.80440482e-02  5.40562533e-02
 -1.37278944e-01 -4.18257602e-02  7.04076439e-02  3.22020128e-02
  2.47451253e-02  5.06299622e-02 -1.12470435e-02  2.17652973e-02
  3.40950601e-02  5.70241995e-02 -1.22809336e-02  1.31796971e-02
 -2.52447668e-02  8.21907166e-03 -1.73956174e-02  2.37167161e-02
 -4.64233197e-03  8.77066478e-02 -5.68169504e-02  1.41092092e-01
  2.95890030e-02 -3.74292433e-02  5.42183779e-02  1.55795757e-02
  8.98508448e-03  4.43508849e-02  4.82044742e-03 -2.42878380e-03]"
5,../models/Arrowhead Framework Example/AHFNorwayTopics.sysml,"package AHFNorway {
	doc /* This is the Norwegian use-case for Arrowhead Framework */
	// The use-case is for Productive4.0 and Arrowhead Tools
	// The system is taken from a chemical factory
	// This is focusing on the monitoring of products when delivered
	private import AHFProfileLib::*;
	private import AHFProfileMetadata::*;
	private import AHFCoreLib::**;
	private import ScalarValues::*;

	#service def APISService {
		doc /* Service design */		

		attribute :>> serviceDefinition = ""APISPullService"";
		attribute :>> intrfce_protocol = ""{JSON}"";
		attribute :>> serviceURL = ""pull"";
	}

	#servicedd port def APIS_DD :> APISService {
		doc /* Service design description with nested protocol-specific ports */	

		#idd port APIS_HTTP {
			// the asynch implementation of synchronous remote calls
			out cll:CallGiveItems;
			in retrn:ResultGiveItems;
		}
		
		#idd port APIS_MQTT  {
			// GetAllItems functionality
			out pub:Publish;
			out retall:Return_AllItems;
			in subscr:Subscribe;
		}
	}
	
	// Asynchronous signals
	attribute def Publish {nametopic:String;}
	attribute def Subscribe{nametopic:String;}
	attribute def Return_AllItems {itms:String;}
	attribute def Subscribe_giveItems{itms:String;}
	attribute def Return_Ack{ack:Boolean;}
	
	// Signals for implementing the remote procedure call by asynch signals
	attribute def CallGiveItems{itms:String; } 
	attribute def ResultGiveItems{ack:Boolean;}
	
	#clouddd AHFNorway_LocalCloudDD :> ArrowheadCore {	
		#systemdd TellUConsumer {
			#servicedd serviceDiscovery:~ServiceDiscoveryDD ; // communicating with ServiceRegistry
			#servicedd apisp:APIS_DD ;
			
			attribute :>> systemname = ""UngerApisClient"";
			attribute :>> address = ""Unger_network_ip"";
			attribute :>> portno = 0;
						
			// We want an operation call to GiveItems, and actually sending the payload
			// Call apisp::APIS_HTTP::giveItems(in allitems: String = ""All the items"", out ackback:Boolean);
			
			state TellUbehavior{
				entry send CallGiveItems(""All the items"") via apisp.APIS_HTTP;
				then Wait;
				state Wait;
					accept rs:ResultGiveItems
					// Here do whatever about the result rs.ret 
				then Wait;
			}
						
		}
		
		#systemdd APISProducer {
			#servicedd serviceDiscovery:~ServiceDiscoveryDD ; // communicating with ServiceRegistry
			#servicedd tellu:~APIS_DD; // providing the APISService
			#servicedd apisc:APIS_DD ; // talking to APISConsumer
			
			:>> systemname = ""PrediktorApisServer"";
			:>> address = ""Prediktor_network_ip"";
			:>> portno = 6565;
			attribute x:Boolean;
			
			action giveItems :> ServiceMethod
			 {  in itms:String; out ack:Boolean;
			 	/* Forward itms and return an ack */
			 	first start;
			 	then send Return_AllItems(itms) via apisc.APIS_MQTT;
			 	success = true;
			 	bind ack = success;
			 }
			
			state APISPbehavior{
				entry send Publish(""Return_AllItems"") via apisc.APIS_MQTT;
				then WaitOnData; 
				
				state WaitOnData;
					accept cl:CallGiveItems via tellu.APIS_HTTP
					do action {
						first start;
						then action giveItems{ in itms=cl.itms; out ack=x; }
						then send ResultGiveItems(x) via tellu.APIS_HTTP;
					}
				then WaitOnData;		
			}
		}
		
		#systemdd APISConsumer {
			#servicedd serviceDiscovery:~ServiceDiscovery ; // communicating with ServiceRegistry
			#servicedd apisp:~APIS_DD ;
			:>> systemname = ""TellUClient"";
			:>> address = ""Prediktor_network_ip"";
			:>> portno = 1;
			
			// Now sending signal to the remote behavior through the port functionality
			state MQTT_APISP {
				entry send Subscribe(""Return_AllItems"") via apisp.APIS_MQTT; 
				then Idle;		
				state Idle;
					accept Return_AllItems via apisp.APIS_MQTT
					// Get the stuff and do something with them
					then Idle;
			}
		}
 		
 		part MQTTServer {
 			port getTopic:~APIS_DD;
 			port giveTopic:APIS_DD;
 			
 			state Serve{				
 				entry;
 				then Publ;
 				state Publ;
 					accept pub:Publish via getTopic.APIS_MQTT
 					// store information about who will provide ""Publish::nametopic""
 				then Subsr;
 				
 				state Subsr;
 					accept Subscribe via giveTopic.APIS_MQTT
 					// store information about who want to receive ""Subscribe::nametopic""
 				then Idle;
 				
 				state Idle;
 					accept retrnall:Return_AllItems via getTopic.APIS_MQTT
 					do send retrnall via giveTopic.APIS_MQTT
 				then Idle;
 			} 			
 		}
 				
 		connect APISProducer.apisc to MQTTServer.getTopic; 
 		connect MQTTServer.giveTopic to APISConsumer.apisp; 
		
 		connect TellUConsumer.apisp to APISProducer.tellu; 
 		
 		// Then we need to connect the application systems to the mandatory systems
 		connect APISProducer.serviceDiscovery to service_registry.serviceDiscovery;
 		connect TellUConsumer.serviceDiscovery to service_registry.serviceDiscovery;
 		connect APISConsumer.serviceDiscovery to service_registry.serviceDiscovery;
 		
 		// Same procedure for the other mandatory services
		
	}
	
}","To generate the SysML v2 model for the Norwegian use-case of the Arrowhead Framework, the following concise description can be utilized:

---

**Model Description for AHFNorway Use-Case in SysML v2:**

**Package: AHFNorway**
- **Purpose**: Represents the monitoring of product delivery in a chemical factory using the Arrowhead Framework, focused on Productive4.0 and Arrowhead Tools.

**Core Components**:
- **Service Definition**: 
  - **Service Name**: APISPullService
  - **Protocol**: JSON
  - **Service URL**: pull

- **Service Description Definition (APIS_DD)**:
  - **Ports**: 
    - `APIS_HTTP`: Handles asynchronous remote calls via `CallGiveItems` and `ResultGiveItems`.
    - `APIS_MQTT`: Manages item retrieval with `Publish`, `Return_AllItems`, and `Subscribe` functionalities.

**Async Signals**:
- Defined for communication: `Publish`, `Subscribe`, `Return_AllItems`, and RPC-related signals: `CallGiveItems`, `ResultGiveItems`.

**Cloud Architecture**:
- **Local Cloud (AHFNorway_LocalCloudDD)**:
  - **Systems**:
    - `TellUConsumer`: Initiates `CallGiveItems` and awaits `ResultGiveItems`.
    - `APISProducer`: Offers `APISService`, processes incoming requests, and returns acknowledgments.
    - `APISConsumer`: Subscribes for item updates and handles incoming messages.
  - **MQTT Server**: Facilitates communication between producers and consumers over MQTT protocol.

**Internal Connections**:
- Connects APISProducer to MQTT server and establishes connections to the service registry for each system.

---

This summary encapsulates the essential structure and functionality of the model while focusing on clarity and conciseness.","[-6.53133541e-02 -3.27961966e-02 -7.77836591e-02  4.51514274e-02
 -1.12918587e-02 -3.83083820e-02  1.28866697e-03  6.33561015e-02
 -8.30926187e-03  3.21386978e-02  1.54965650e-02 -4.16046530e-02
  1.60809346e-02 -1.16732568e-02  2.15155780e-02  2.73032915e-02
  5.88164665e-02 -1.11012831e-01  5.44249639e-03 -3.01293768e-02
  4.86681014e-02  2.90980209e-02 -2.04406064e-02  5.55501925e-03
 -5.14407903e-02 -5.86547591e-02 -2.70417333e-02  4.57458459e-02
  7.24403746e-03 -7.52407908e-02  4.33406346e-02  1.27848862e-02
 -2.85050999e-02  4.23331410e-02  3.28891724e-02  8.84558931e-02
  8.25231448e-02 -1.02391623e-01 -1.04484409e-01  9.33992676e-03
  3.59146744e-02 -4.56585400e-02 -1.05745055e-01 -8.02880004e-02
  5.04497625e-02  5.59083559e-03 -5.56527823e-02 -5.39342426e-02
 -4.51232195e-02  7.46258125e-02 -6.67408034e-02 -2.66976096e-02
  1.30509622e-02 -3.63176167e-02  5.11877164e-02  2.25143414e-02
  1.11660957e-02 -2.48886435e-03 -8.52795988e-02 -1.70149300e-02
  1.64355617e-02 -4.88468781e-02 -7.18088895e-02 -4.46599722e-02
 -7.68528208e-02  2.90774815e-02 -1.18378118e-01  1.00737158e-02
  6.43473864e-02 -8.66988394e-03 -7.65280053e-02 -1.19702011e-01
 -9.36735943e-02  6.31228788e-03 -3.33516560e-02 -1.77658107e-02
  5.38753010e-02 -2.94885095e-02 -1.71966513e-03 -1.06446028e-01
 -4.90027592e-02  3.78988311e-02 -1.17525756e-01  4.14333567e-02
 -7.97791965e-03  1.23648271e-01  2.26123631e-02 -7.96466414e-03
  8.08421709e-03 -3.90921421e-02  3.54968719e-02 -2.11315528e-02
 -2.42399350e-02 -9.47223976e-04  6.49718791e-02  3.15783173e-02
  7.29113817e-02  9.60702449e-03 -1.99699365e-02  3.92897688e-02
 -2.75164023e-02  1.82532482e-02  1.47392461e-02 -7.17503652e-02
  6.69555087e-03 -6.29309332e-03 -4.44044359e-02  2.93762907e-02
 -1.84286181e-02 -1.27620166e-02 -7.25920722e-02  3.81726138e-02
 -3.69355865e-02 -8.34794939e-02  3.99010815e-02  6.88579679e-03
 -4.30985494e-03 -7.39528611e-02  5.13822883e-02 -4.87887263e-02
  5.33502810e-02 -6.19842857e-03 -1.98334046e-02  2.11666506e-02
  6.41711876e-02  3.55197079e-02 -2.34292131e-02  1.07653371e-33
 -1.09487390e-02  1.08640334e-02 -2.91935131e-02  6.90148994e-02
  2.10583527e-02  4.24395092e-02  2.10139211e-02 -9.29473713e-02
 -5.49391285e-03  8.39959159e-02 -6.57581463e-02 -1.08713750e-02
 -9.77224037e-02  7.50300766e-04 -1.17563494e-02 -5.38631007e-02
  4.02268954e-02  2.53542438e-02  4.26564291e-02  4.31526564e-02
  4.59425785e-02 -2.62141315e-04 -1.00992791e-01  2.54027769e-02
  6.03321828e-02  7.91085809e-02  4.67289574e-02 -2.78649270e-04
 -1.67834572e-02  2.94060390e-02  9.65292081e-02  4.01052460e-02
 -6.17084876e-02 -1.77350063e-02 -1.65695883e-02 -3.58146131e-02
 -9.30640921e-02 -2.22879299e-03 -2.29131281e-02 -5.52853569e-02
  2.56421100e-02  4.96363826e-03 -1.12471730e-01  2.53356379e-02
 -9.36264843e-02 -4.20442820e-02 -5.56945391e-02 -3.98860574e-02
  1.32193327e-01 -8.25299472e-02 -6.83679944e-03  2.41498295e-02
  9.58053768e-02  3.60626653e-02  5.80931008e-02 -1.57702565e-02
  1.81218199e-02  3.91183197e-02 -4.44761198e-03  7.99881294e-02
 -5.47011793e-02 -1.78391803e-02  1.97188314e-02 -9.54020768e-03
  1.17790096e-01  6.11785753e-03 -6.11736588e-02 -5.07579297e-02
  1.91009443e-04  6.30449876e-02  2.26932764e-02  2.09484156e-02
  6.36997372e-02  6.00028373e-02  5.41972741e-02 -8.31797346e-02
  1.29946265e-02  4.20397669e-02  2.27623452e-02  1.69202685e-02
 -9.60858017e-02  5.67694679e-02 -5.58918305e-02  3.21723521e-02
  8.10368061e-02 -6.14335835e-02  2.37339139e-02 -7.02141821e-02
 -3.95584814e-02  1.27361100e-02 -1.37366252e-02 -3.35522555e-02
 -2.60276161e-02 -1.37832193e-02 -8.27060044e-02 -4.07575960e-33
 -1.11978650e-02 -9.52473190e-03 -3.63520645e-02  2.83019226e-02
 -8.70001540e-02 -4.37849090e-02 -1.59239192e-02  2.91946288e-02
 -6.64463192e-02  5.14375865e-02  3.64711918e-02 -4.86074896e-05
 -2.10355241e-02  1.13930171e-02  6.29908144e-02 -1.06062116e-02
  4.56641288e-03 -1.42877832e-01  6.24229684e-02  5.56492209e-02
 -1.53502356e-02  4.02687006e-02 -3.86985578e-02 -7.59998336e-03
 -5.68741001e-03 -2.03822199e-02  2.96956655e-02  2.21788995e-02
 -2.46589817e-02 -1.05335079e-01  4.71422337e-02 -9.79093369e-03
  3.38000171e-02 -2.52830740e-02 -5.54335043e-02 -7.53474534e-02
  4.43837158e-02  4.35812324e-02 -1.16548445e-02 -1.63417608e-02
  5.65894432e-02 -4.44005020e-02 -6.51223660e-02  7.58352736e-03
  1.43387457e-02 -2.09540632e-02 -4.08452861e-02  1.54046873e-02
 -2.38241032e-02 -9.68471467e-02  4.00857814e-02 -2.61875447e-02
  2.46237516e-02  1.09123420e-02 -2.89287437e-02  7.60620087e-02
  3.11717615e-02 -6.48721168e-03  5.27045084e-03 -2.17433143e-02
  3.19504738e-02 -9.93836299e-02  2.26500276e-02  1.13759488e-02
  5.93363540e-03  2.22820602e-03  1.25730736e-02 -6.77199215e-02
  1.27132768e-02 -2.38963272e-02 -3.45321596e-02  2.71769110e-02
 -2.78331619e-03  4.43594195e-02  8.58322158e-02 -4.83883023e-02
 -8.21433589e-02 -1.25402268e-02  2.42810473e-02  1.52828183e-03
 -1.25061482e-01  3.29073779e-02  1.91706847e-02  4.62801643e-02
  2.33143903e-02 -3.33293527e-02  1.92371458e-02  7.87511393e-02
 -3.46259028e-02 -2.40102764e-02 -5.64908199e-02  1.55182625e-03
 -9.96565893e-02  1.63181663e-01 -3.06134913e-02 -6.04548021e-08
 -3.10006049e-02  1.25113036e-02 -5.48097817e-03  2.40464369e-03
  2.82359608e-02  1.66538972e-02 -1.24725141e-02 -8.57444108e-03
  6.43850712e-04  6.67344779e-02 -5.48094511e-02  9.21884775e-02
 -1.09450296e-01 -2.89970730e-03  6.84499592e-02  2.36695614e-02
  5.96856922e-02  7.95434937e-02 -4.17976454e-03 -3.63491811e-02
  7.95838758e-02  8.31715763e-02 -1.78512335e-02  6.57933950e-03
  5.65457484e-03  3.06212995e-02  7.36509562e-02  9.88190696e-02
  7.48153850e-02 -3.50491628e-02  4.39566448e-02  1.25967087e-02
  2.85541452e-02  5.28464541e-02 -1.42044388e-02 -3.47676538e-02
 -9.88873392e-02  5.99714089e-03  3.88320424e-02  3.61308977e-02
  4.82787713e-02  6.33518025e-02 -3.65466140e-02  4.93721254e-02
 -2.22173184e-02  6.58752173e-02 -6.33253604e-02 -5.71357235e-02
  1.45699307e-02  1.61411446e-02 -3.96225415e-02 -2.58144047e-02
 -1.60463564e-02  3.51189822e-02 -7.33354241e-02  8.88625905e-02
  6.58579171e-02 -1.14492297e-01  4.61832024e-02  3.63136493e-02
  1.20301377e-02  3.98315769e-03  2.08334308e-02  3.98002081e-02]"
6,../models/Arrowhead Framework Example/AHFProfileLib.sysml,"library package AHFProfileLib {
	// Systems and Services and their functionalities
	private import ScalarValues::*;
	
	// Design level
	port def SD{
		doc /* Service definition */
		
		attribute serviceDefinition:String;
		attribute serviceURL:String;
		attribute intrfce_protocol:String; // which may be ""REST"" or ""MQTT"" etc.		 
	}	
		
	part def SysLocalCloudsDesign {
		doc /* System of Systems Definition */	

		// System of Local Clouds 
		part locclouds:LocalCloudDesign[1..*];
	}
	
	part system_of_systems:SysLocalCloudsDD; // defining a top level usage
	
	part def LocalCloudDesign {
		doc /* Local Cloud definition */

		part systems:SysD[1..*];	
	}

	part def SysD {
		doc /* System definitions */	

		port services: SD[1..*];
		attribute systemname: String;
		attribute address: String;
		attribute portno: Integer;
	}	

	// Design Description level
	port def IDD :> SD{
		doc /* Interface Design Description of services */
		
		attribute encoding_kind:String;
	}
	
	port def SDDD :> SD{
		doc /* Service Definition Design Description */
		
		port idds:IDD[*]; // nested protocol-specific services
	}	

	part def SysLocalCloudsDD :> SysLocalCloudsDesign {
		doc /* System of Systems Detailed Description */	

		part :>> locclouds:LocalCloudDD[1..*]; // the descriptions
	}

	part def LocalCloudDD :> LocalCloudDesign {
		part :>> systems:SysDD[1..*];
	}

	part def SysDD :> SysD{
		doc /* System Detailed Description */

		port :>> services:SDDD;
		action ServiceMethod[1..*]; //means general behaviors
	}
}

library package AHFProfileMetadata{
	private import Metaobjects::SemanticMetadata;
	private import AHFProfileLib::*;

	port global_sd:SD;
	metadata def <service> SDMetadata :> SemanticMetadata{
		// :>> baseType = system_of_systems.locclouds.systems.services meta SysML::PortUsage;
		// :>> baseType = SysD::services meta SysML::PortUsage;
		:>> baseType default global_sd meta SysML::PortUsage;
	}
	
	metadata def <sos> SysLocalCloudsMetadata :> SemanticMetadata{
		:>> baseType = system_of_systems meta SysML::PartUsage;
	}
	
	metadata def <cloud> LocalCloudsMetadata :> SemanticMetadata{
		:>> baseType default system_of_systems::locclouds meta SysML::PartUsage;
	}
	
	metadata def <system> SysDMetadata :> SemanticMetadata{
		:>> baseType default system_of_systems::locclouds::systems meta SysML::PartUsage;
		// :>> baseType default LocalCloudDesign::systems meta SysML::PartUsage;
	}

	metadata def <idd> IDDMetadata :> SDMetadata{
		// :>> baseType = system_of_systems.locclouds.systems.services.idd meta SysML::PortUsage;
		:>> baseType = SDDD::idds meta SysML::PortUsage;
		// :>> global_sddd.idd;
	}

	port global_sddd:SDDD;
	metadata def <servicedd> SDDDMetadata :> SDMetadata {
		// :>> baseType = system_of_systems.locclouds.systems.services meta SysML::PortUsage;
		:>> baseType = global_sddd meta SysML::PortUsage;
	}
	
	metadata def <clouddd> LocalCloudsDDMetadata :> LocalCloudsMetadata{
		:>> baseType = system_of_systems::locclouds meta SysML::PartUsage;
	}
	
	part global_clouddd:LocalCloudDD;
	part global_systemsdd:SysDD;
	metadata def <systemdd> SysDDMetadata :> SysDMetadata{
		// :>> baseType = system_of_systems.locclouds.systems meta SysML::PartUsage;
		//:>> baseType = LocalCloudDD::systems meta SysML::PartUsage;
		:>> baseType = global_systemsdd meta SysML::PartUsage;
	}	
	
}","Here's a concise description of the SysML v2 model I wish to generate:

---

**SysML v2 Model Description: AHFProfileLib and AHFProfileMetadata**

**1. AHFProfileLib**:
- Define a service architecture comprising systems and their functionalities.
- **Service Definition (`SD`)**: Attributes include `serviceDefinition`, `serviceURL`, and `intrfce_protocol`.
- **SysLocalCloudsDesign**: Represents a system of local clouds with a collection of `LocalCloudDesign` parts.
- **LocalCloudDesign**: Details multiple `SysD` systems.
- **SysD**: Contains multiple service ports (`SD`) and attributes like `systemname`, `address`, and `portno`.
- **Design Descriptions**: Include enhanced versions of service definitions (`IDD` for Interface Design, `SDDD` for Service Definition Design).
- **SysLocalCloudsDD**: Detailed version of the system of systems, incorporating `LocalCloudDD` to encapsulate cloud designs and their systems.

**2. AHFProfileMetadata**:
- Metadata definitions for semantic clarity around services and systems:
  - `SDMetadata` for service, `SysLocalCloudsMetadata` for the overarching cloud system, `LocalCloudsMetadata` for local clouds, and `SysDMetadata` for individual systems.
  - Nested metadata structures to maintain links across the service definitions and detailed service descriptions (e.g., `IDDMetadata`, `SDDDMetadata`).
- Global parts for reusability across model components.

---

This model captures a structured approach to defining services and systems along with their metadata, facilitating a clear understanding of the interactions and definitions within a system of local clouds.","[-4.64317873e-02 -1.13503607e-02 -4.55907397e-02 -2.73307879e-02
  1.34561621e-02 -6.79547489e-02  2.49289908e-02 -5.61913010e-04
 -2.99526565e-02  8.49196911e-02  3.49813439e-02 -7.66811743e-02
  4.02330123e-02 -5.09506948e-02  1.16228908e-02  4.37254980e-02
  5.24390787e-02 -7.05118850e-02  7.30119646e-04  7.99205974e-02
  1.57424677e-02  5.10205217e-02 -2.11938452e-02 -4.50801803e-03
 -2.56478693e-02 -4.52601388e-02 -2.04099361e-02  7.57042319e-02
 -6.49511535e-03 -6.05727248e-02  5.96416518e-02  5.53166866e-02
 -4.51597422e-02  3.50308530e-02  1.77591026e-01  7.19867051e-02
  1.07038654e-01 -9.83771682e-02 -9.69136059e-02 -4.27862480e-02
  2.73012333e-02 -4.79190685e-02 -5.19596934e-02 -5.96727664e-03
 -2.05625203e-02  1.47917746e-02  4.74966783e-03 -7.59923831e-02
 -6.73203729e-03  3.40236467e-03 -7.89118707e-02 -7.99209997e-03
  1.84865221e-02 -4.43583215e-03 -9.48141608e-03  4.36178334e-02
 -1.01657361e-02  1.88706536e-02 -8.33809301e-02 -7.13129155e-03
 -3.67778614e-02 -1.61572434e-02 -6.09152578e-02 -5.77624217e-02
 -4.92798463e-02  5.48735559e-02 -3.16914916e-02 -6.84429854e-02
  5.32515980e-02  2.14222707e-02 -1.18066728e-01  2.11481471e-03
 -3.48208398e-02  3.43519039e-02 -3.70953046e-02  1.86640564e-02
  4.38029468e-02 -1.80858448e-02  8.21795035e-03 -1.74434274e-01
 -3.17705683e-02  4.45025712e-02 -1.40661076e-02  5.06190918e-02
 -1.70442220e-02  2.09731739e-02  1.68169979e-02 -6.30536228e-02
  6.45537153e-02 -1.11555746e-02  3.62343378e-02 -6.31645182e-03
  6.32343069e-03 -4.58858721e-02  6.98682442e-02  2.15371698e-02
  3.39612886e-02 -1.71877146e-02  3.66005441e-03  4.10687588e-02
 -5.11377305e-02  5.33304587e-02  9.21024010e-02 -2.52115615e-02
 -1.07984329e-02  1.59192979e-02 -9.20123383e-02  3.84792872e-02
 -1.12920910e-01 -6.54018149e-02 -1.47879608e-02  9.20699164e-02
 -6.18384667e-02 -1.83969662e-02  4.92772087e-02  3.24391350e-02
  1.71118081e-02 -4.13696170e-02 -2.20617615e-02 -3.77389304e-02
 -8.46038200e-03 -4.40209731e-02  1.63554717e-02  5.84639125e-02
 -3.96611355e-02 -1.66970808e-02 -6.19542897e-02  4.89886536e-33
 -2.14740504e-02  8.19675345e-03  1.61201861e-02  9.19435471e-02
  5.35321124e-02 -8.45720991e-03  6.64149702e-05 -5.46684265e-02
 -2.69383099e-02  7.92897493e-02 -9.79654416e-02 -5.09335399e-02
 -4.53179888e-03 -2.71856063e-03  4.45006527e-02 -5.95908798e-02
  2.14580423e-03  5.38161620e-02  4.64246422e-02  4.03377004e-02
  2.81224381e-02  8.56970921e-02 -5.17544001e-02 -1.12836957e-01
  3.21651474e-02  6.77758381e-02  6.87431470e-02 -1.37630161e-02
  1.12481490e-02  2.11608745e-02  5.83991334e-02 -3.47700864e-02
  2.77006067e-02  2.31763460e-02 -5.90998121e-03  1.39010407e-03
 -9.63645242e-03 -2.36460697e-02 -2.10247226e-02 -4.99868505e-02
  2.52279993e-02  4.96622957e-02 -5.85576780e-02 -7.07504991e-03
 -3.12951277e-03 -3.88465673e-02 -1.60001647e-02 -3.72819863e-02
  8.26265216e-02 -4.66654748e-02  1.78096108e-02  2.11536940e-02
  3.06176655e-02  3.78546268e-02 -1.14037646e-02 -6.81065693e-02
  2.16393862e-02  1.17910840e-02 -1.35552725e-02  6.04150854e-02
 -5.88083975e-02 -1.63847823e-02 -1.58767253e-02 -4.17273976e-02
  4.10858914e-02 -3.13196741e-02 -1.45130092e-02 -2.46442519e-02
  4.05467972e-02  4.33205813e-02 -2.99319904e-02  1.29164178e-02
  3.10863908e-02  1.00221492e-01  3.23413089e-02 -8.93792138e-02
  2.73902025e-02 -5.35728000e-02 -8.10966343e-02  1.87045317e-02
 -1.28367484e-01  8.41527358e-02 -9.62164104e-02  2.11378001e-02
  2.53738314e-02 -7.69136772e-02  4.47592785e-04 -3.88908274e-02
 -7.92605355e-02 -1.07179962e-01 -9.36360471e-03 -6.59652278e-02
  3.52067798e-02 -3.33565958e-02 -9.52143520e-02 -7.31922072e-33
  7.43003504e-04 -2.39745956e-02 -2.20002607e-03 -9.02405381e-03
 -2.03016605e-02 -1.51488129e-02  2.61121858e-02  4.00875919e-02
 -9.07777324e-02  1.41351195e-02  6.37767389e-02  2.50359852e-04
 -1.22199515e-02 -5.96078150e-02  9.57029872e-03  1.75392628e-02
 -4.56247032e-02 -1.53344467e-01  4.42960225e-02  1.12084627e-01
 -3.59180756e-02  1.67095780e-01  6.69267774e-02  1.48434071e-02
  9.01225489e-03  3.76594588e-02  1.18318005e-02  4.75617014e-02
  2.74163042e-03 -2.93124765e-02  3.32312472e-02 -2.53851190e-02
 -4.06608311e-03 -4.27681766e-02 -2.97978446e-02 -4.81086634e-02
 -3.40580149e-03 -1.85893085e-02 -5.55331297e-02  2.12483313e-02
  1.42152235e-02 -6.27883598e-02 -6.79006875e-02 -2.51354035e-02
 -8.33450910e-03 -1.77463517e-02 -1.55062173e-02 -2.42146570e-02
 -6.74365163e-02 -6.90137967e-02 -1.40385618e-02 -6.83195367e-02
  1.50542110e-02  3.48566845e-02  3.27407359e-03  4.49850783e-02
  3.03565860e-02  7.53443269e-03 -5.64536974e-02 -1.04945190e-02
  6.12564161e-02 -1.34610413e-02  9.60519537e-03  2.18614340e-02
  4.63459380e-02 -4.07288363e-03 -2.01560799e-02 -5.09407222e-02
 -5.76787367e-02 -2.54276693e-02 -4.06239107e-02  2.54975148e-02
 -8.41616094e-02  7.53420219e-02  4.90012988e-02 -2.69858241e-02
 -3.41131724e-02  8.21990333e-03  7.12565780e-02  2.17905305e-02
 -1.36754408e-01  6.04358129e-02 -1.97476652e-02  7.19827339e-02
 -3.90328281e-02 -9.25808102e-02  3.10655963e-02  6.59753308e-02
 -1.12081002e-02  1.33258244e-02 -6.02265410e-02  1.62474643e-02
 -1.04646189e-02  2.10360199e-01 -3.98888858e-03 -5.96848011e-08
 -1.67465908e-03  5.70989810e-02 -3.06380559e-02  3.18766870e-02
 -1.60268117e-02  5.90738468e-03 -3.64208594e-02  3.51146646e-02
 -2.18843278e-02  2.49352083e-02 -6.48598149e-02  5.49810827e-02
 -8.25660601e-02 -1.59339067e-02 -3.60447690e-02  1.68267023e-02
  1.60436556e-02  6.96273893e-02 -3.18330713e-02 -8.33453611e-02
  6.94508031e-02  5.86853102e-02 -1.31763378e-02 -3.13630328e-02
  1.32880127e-02  5.23284487e-02  2.68685278e-02 -2.09892690e-02
  2.46453956e-02  4.85959202e-02  2.65759118e-02 -4.86108921e-02
  4.09721471e-02  3.68610322e-02 -1.50367180e-02  6.11479953e-02
 -8.37190077e-02 -2.05777958e-02  7.08971992e-02  3.19089442e-02
  2.88230963e-02  9.27553996e-02 -3.51856723e-02  4.12149169e-02
  7.20706359e-02  3.73927057e-02 -4.90093343e-02 -2.92231212e-03
 -2.25597434e-02  8.17605332e-02 -4.77059297e-02 -6.43019704e-03
 -2.05532312e-02  7.06588998e-02 -7.83849135e-02  3.36710326e-02
 -5.67613952e-02 -3.16345803e-02  8.55405927e-02  6.84101284e-02
  2.72716489e-02  4.18719202e-02 -2.55781077e-02  3.29454727e-02]"
7,../models/Arrowhead Framework Example/AHFSequences.sysml,"// ** This is the Norwegian use-case for Arrowhead Framework */
package AHFNorwaySequences {
	// Here we show sequences of the Norwegian use-case
	private import AHFProfileLib::*;
	private import AHFCoreLib::*;
	private import AHFNorway::*;
	private import ScalarValues::*;
	
	part AHFN_LocalCloudDD_Seqs = AHFNorway_LocalCloudDD{
		occurrence def APIS_transfer_lifetime {			
			// lifetime orderings 
			ref part tlc = AHFNorway_LocalCloudDD.TellUConsumer{
				event occurrence call_getItems1;
				then event occurrence return_getItems1;
				event occurrence call_getItems2;
				then event occurrence return_getItems2;
			}
			ref part apsp = AHFNorway_LocalCloudDD.APISProducer{
				event occurrence send_publish_returnallitems;
				then event occurrence receive_call_getItems1;
				then event occurrence send_returnallitems1;
				then event occurrence return_getItems_ack1;
				then event occurrence receive_call_getItems2;
				then event occurrence send_returnallitems2;
				then event occurrence return_getItems_ack2;
			}
			ref part mqtts = AHFNorway_LocalCloudDD.MQTTServer{
				event occurrence receive_publish_returnallitems;
				then event occurrence receive_subscribe_returnallitems;
				then event forw1:MQTTforwarding;
				then event forw2:MQTTforwarding;
			}
			ref part apsc = AHFNorway_LocalCloudDD.APISConsumer{
				event occurrence send_subscribe_returnallitems;
				then event forw1:MQTTforwarding;
				then event forw2:MQTTforwarding;
			}
			occurrence forw1:MQTTforwarding;	
			occurrence forw2:MQTTforwarding;	

			message publish_returnallitems of Publish
			from apsp.send_publish_returnallitems to mqtts.receive_publish_returnallitems;
			message subscribe_returnallitems of Subscribe
			from apsc.send_subscribe_returnallitems to mqtts.receive_subscribe_returnallitems;
			message call_getItems1 of CallGiveItems[1]
			from tlc.call_getItems1 to apsp.receive_call_getItems1;	
			bind apsp.send_returnallitems1 = forw1.mq; // binding the sending to the actual gate
			/* How to express that this event sends a Return_AllItems? */
			message returnack1 of ResultGiveItems
			from apsp.return_getItems_ack1 to tlc.return_getItems1;
			message call_getItems2 of CallGiveItems[1]
			from tlc.call_getItems2 to apsp.receive_call_getItems2;
			bind apsp.send_returnallitems2 = forw2.mq; // binding the sending to the actual gate
			message returnack2 of ResultGiveItems
			from apsp.return_getItems_ack2 to tlc.return_getItems2;
		}

		occurrence def MQTTforwarding {
			ref part mqttsf = AHFNorway_LocalCloudDD.MQTTServer{
				event occurrence receive_returnallitems;
				then event occurrence send_returnallitems;
			}

			ref part apscf :> AHFNorway_LocalCloudDD.APISConsumer {
				event occurrence receive_returnallitems;
			}

			in event occurrence mq; // parameter for gate

			message sendallitems1 of Return_AllItems
			from mq to mqttsf.receive_returnallitems;
			message sendallitems2 of Return_AllItems
			from mqttsf.send_returnallitems to apscf.receive_returnallitems;
		}

		
		interface APIS_transfer_interface : Interfaces::Interface connect (
			tlu ::> AHFNorway_LocalCloudDD.TellUConsumer.apisp.APIS_HTTP, // port reference
		    apsph ::> AHFNorway_LocalCloudDD.APISProducer.tellu.APIS_HTTP, 
			apspm ::> AHFNorway_LocalCloudDD.APISProducer.apisc.APIS_MQTT,
			apsc ::> AHFNorway_LocalCloudDD.APISConsumer.apisp.APIS_MQTT,
			mqget ::> AHFNorway_LocalCloudDD.MQTTServer.getTopic,
			mqgive ::> AHFNorway_LocalCloudDD.MQTTServer.giveTopic) {
			
			message publish_returnallitems of Publish
			from apspm to mqget;
			message subscribe_returnallitems of Subscribe
			from apsc to mqgive;
			message call_getItems of CallGiveItems[1]
			from tlu to apsph;
			message returnallitems of Return_AllItems
			from apspm to mqget;
			message sendallitems of Return_AllItems
			from mqgive to apsc;
			message returnack of ResultGiveItems
			from apsph to tlu;
			
			// Successions on each lifetime
			// tlu
			succession first call_getItems.start
			then returnack.done;	
			// apisp (taking both ports)
			succession first publish_returnallitems.start
			then call_getItems.done;
			succession first call_getItems.done
			then returnallitems.start;
			succession first returnallitems.start
			then returnack.start;
			// MQTTServer
			succession first publish_returnallitems.done
			then subscribe_returnallitems.done;
			succession first subscribe_returnallitems
			then returnallitems.done;
			succession first returnallitems.done
			then sendallitems.start;
			// apisc
			succession first subscribe_returnallitems.start
			then sendallitems.done;
		}
		
	}
}","This is a SysML v2 model representing the Norwegian use-case for the Arrowhead Framework, defined under the package `AHFNorwaySequences`. The model focuses on illustrating the sequence of interactions among various components within the local cloud infrastructure, particularly highlighting the communication between an API consumer, API producer, and MQTT server.

### Key Components:
- **LocalCloudDD**: Defines the local cloud domain, encompassing elements like the `TellUConsumer`, `APISProducer`, `MQTTServer`, and `APISConsumer`.
- **Lifetime Definitions**: 
  - `APIS_transfer_lifetime`: Describes the sequence of events involved in the interaction, capturing API calls and responses, including message exchanges between the producer and consumer through the MQTT server.
  - `MQTTforwarding`: Represents how messages are forwarded between the MQTT server and the API consumer.

### Messages:
- Various messages are defined for communication:
  - `publish_returnallitems`
  - `subscribe_returnallitems`
  - `call_getItems` 
  - `returnallitems`
  - `returnack`

### Interface:
- An interface named `APIS_transfer_interface` connects different components, detailing the message exchanges, message types, and the succession of events in each lifecycle.

### Usage:
This model serves as a detailed blueprint for understanding interactions in the Arrowhead framework's localized implementation in Norway, with a focus on the use of MQTT for message passing between APIs.","[-7.05415308e-02 -7.27785425e-03  4.89643915e-03  5.55211306e-02
  4.31626220e-04 -5.02227508e-02 -6.29288005e-03 -5.66240679e-03
  7.70169646e-02  2.31017526e-02  8.27078242e-03 -4.03998643e-02
  7.71327764e-02 -3.24763171e-02 -1.02989767e-02  4.24001329e-02
  4.60708402e-02 -1.43786103e-01  2.77969055e-03 -1.49698891e-02
  2.68917065e-02  9.67326388e-02 -4.96645942e-02  3.25976871e-02
 -6.97197299e-03 -6.79815859e-02 -6.08330593e-02  3.99026722e-02
  2.28258763e-02 -2.50826497e-02  1.20254392e-02  3.15334015e-02
 -7.24586993e-02  7.81306922e-02 -8.56264029e-03  1.10216089e-01
  5.17865121e-02 -1.12916365e-01 -9.30481330e-02  1.53732961e-02
  3.43052931e-02 -7.42327049e-02 -7.68944919e-02 -9.78511721e-02
  7.70944431e-02  4.09753658e-02 -7.55513981e-02  1.15598971e-03
 -1.09919578e-01  7.97139108e-02 -1.25391800e-02 -4.70051020e-02
 -1.02584818e-02  3.93997580e-02  9.40565020e-02  5.01922555e-02
 -3.97106297e-02  2.05187891e-02 -5.37814386e-02  1.67990420e-02
 -6.79555023e-03 -7.25117419e-03 -3.70584801e-02 -8.89443047e-03
 -3.54209542e-02  2.77831126e-02 -6.98803812e-02  3.89238149e-02
  6.43169060e-02 -1.01083135e-02 -3.97822224e-02 -1.22855447e-01
 -1.19697109e-01 -7.46035203e-03  1.07320808e-02 -7.23408954e-03
  1.37640294e-02 -2.00047786e-03 -4.86681573e-02 -7.73376599e-02
 -4.87998081e-03 -3.59529746e-03 -7.03120232e-02  4.91297282e-02
  1.31791355e-02  4.51507010e-02  6.51182421e-03 -3.65766045e-03
  3.18685658e-02 -4.22783121e-02  1.03314398e-02 -3.31812836e-02
 -1.41663672e-02  4.07914296e-02  7.19906315e-02  2.76834127e-02
  2.06420314e-03 -5.35794906e-03 -1.69986449e-02  3.99539806e-02
  1.03085525e-02  3.99663113e-03  2.26181056e-02 -2.39792783e-02
  1.78656969e-02 -4.76313308e-02 -3.39001231e-02  3.24349068e-02
  2.11103987e-02 -2.56754849e-02 -5.33158556e-02 -1.09356744e-02
  4.74869600e-03 -4.50566448e-02  4.67011556e-02  4.03917544e-02
 -1.97211150e-02 -4.53970861e-03  7.31829405e-02 -3.70936766e-02
  4.76343036e-02 -4.95260321e-02 -1.90740675e-02 -5.44553846e-02
  4.25325856e-02  3.52826416e-02 -1.26246363e-02  3.19439120e-33
  8.50755442e-03 -4.56356583e-03 -4.68720607e-02  3.05231530e-02
  2.71547288e-02  3.48626934e-02  5.01483977e-02 -6.96124807e-02
  7.69036496e-03  7.97752663e-03 -9.19217616e-03  3.02327406e-02
 -2.17109174e-02  7.66354194e-03 -1.29857268e-02 -2.37218365e-02
 -1.39146559e-02  4.11146618e-02  7.87142962e-02  4.73602675e-02
  1.19444625e-02 -6.09377446e-03 -4.96911295e-02  6.80284109e-03
  7.07594752e-02  6.63564578e-02  3.19897011e-02 -2.66715214e-02
 -2.52148267e-02  2.71931663e-02  5.33987246e-02  8.40526819e-02
 -4.59934771e-02 -7.22935051e-02 -1.40327979e-02 -4.62530227e-03
 -6.03366457e-02 -3.57021727e-02 -1.66743365e-03 -5.46975844e-02
  2.26026517e-03 -3.07338201e-02 -1.06766671e-01 -1.63089018e-02
 -1.06578879e-01 -6.33255467e-02 -3.56188715e-02 -6.11282960e-02
  5.39049692e-02 -5.97097650e-02  2.57672146e-02 -2.23056134e-02
  4.88106124e-02  1.49210636e-02  3.42376418e-02 -1.67718474e-02
  4.30708081e-02  5.45349531e-02 -2.24037953e-02  8.78896117e-02
 -6.64033145e-02 -6.33736774e-02  2.97132060e-02 -2.73535959e-02
  1.20394245e-01  1.07526248e-02 -8.72372761e-02 -1.70170348e-02
  1.52942948e-02  6.87188655e-02  6.76041692e-02  3.06015722e-02
  5.90521581e-02  5.38999476e-02 -4.78897971e-04 -1.03124134e-01
 -3.46512310e-02  4.43386212e-02  2.99108028e-02  5.38944528e-02
 -6.19476587e-02  4.82358560e-02 -7.42596760e-02  2.89857611e-02
  4.11505923e-02 -4.28904593e-02  7.33139515e-02 -1.02792852e-01
 -6.98354095e-02  8.32028091e-02 -4.02775705e-02 -2.82762125e-02
  3.51541825e-02  1.48555078e-02 -7.64613673e-02 -4.26985209e-33
 -2.08517257e-02  9.78557020e-03 -5.61658852e-02  7.41740912e-02
 -8.08126405e-02 -8.07399824e-02 -9.99048911e-03  1.17851637e-01
 -1.96426269e-02  2.78780870e-02 -1.20546576e-02  1.68008786e-02
 -3.66372825e-03  1.74139850e-02  7.31796473e-02 -3.86581197e-02
  3.26414616e-03 -1.43697798e-01  1.34950783e-02  4.06926796e-02
  1.34672504e-02 -1.92148238e-02 -5.87400831e-02 -2.21290980e-02
  1.91678144e-02  2.11457983e-02  1.12479478e-02 -1.68431969e-03
  2.80325417e-03 -1.32933497e-01 -1.30312424e-02 -5.21335304e-02
  4.41019684e-02 -2.47632656e-02 -3.01227178e-02 -3.28840725e-02
  4.94146347e-02  6.46461919e-02 -1.33552495e-02 -2.23299451e-02
  1.03136487e-01 -1.52300466e-02 -6.08884394e-02 -6.15598983e-04
  2.40638871e-02  2.86462661e-02 -7.97196999e-02 -2.13957615e-02
 -3.32663320e-02 -7.46066570e-02  6.45654202e-02 -3.61894295e-02
  6.27412423e-02  6.05901591e-02 -4.74784486e-02  8.28201249e-02
  3.99005376e-02  4.54686135e-02  4.63176109e-02 -6.37546629e-02
  6.22338206e-02 -8.25614631e-02 -9.03265085e-03  2.09743623e-02
  9.21854749e-03  1.98329911e-02  1.22783044e-02 -8.28027949e-02
  2.25025229e-02 -2.39988714e-02  2.13171877e-02 -8.99321306e-03
 -4.16576043e-02 -2.37610135e-02  4.93287146e-02 -4.63428423e-02
 -9.27862972e-02 -3.14324871e-02  2.26005819e-02 -5.06779598e-03
 -1.13601141e-01  4.81521338e-02 -2.04994082e-02  2.32519507e-02
  5.60598373e-02 -6.23805076e-02  4.74038683e-02  9.21684727e-02
 -9.44173522e-03  1.43459486e-02 -4.71940450e-02 -4.93815774e-03
 -1.12505868e-01  7.32799396e-02 -8.29593986e-02 -5.61774804e-08
 -3.01885288e-02 -1.33916903e-02 -2.55355593e-02 -3.18216020e-03
  8.28669593e-02  3.93480323e-02  2.66143586e-02  1.59968641e-02
  1.91007536e-02  8.95117372e-02  1.39238735e-04  5.00067808e-02
 -6.57709241e-02 -4.47927453e-02  5.45829572e-02  2.45661214e-02
  8.13756697e-03 -3.62255909e-02 -3.48816514e-02 -5.52593470e-02
  1.82489846e-02  7.64062777e-02  2.98619829e-03 -7.23446952e-03
 -5.30246459e-02  2.80430075e-02  1.51382357e-01  1.50437757e-01
  6.03698986e-03 -6.38341978e-02 -6.06423095e-02 -9.80109908e-03
  3.41621488e-02  2.07836125e-02 -6.02827035e-02  1.43144811e-02
 -1.02987029e-01 -4.58505414e-02  6.86373934e-02  4.05788906e-02
  3.89202014e-02  3.25958095e-02 -3.34962830e-02  6.02321327e-02
  1.30465589e-02  2.05696039e-02 -4.84606363e-02 -1.02401748e-02
 -6.74230978e-03  4.04824391e-02 -3.13916393e-02 -4.64511067e-02
 -1.50089003e-02  5.96096218e-02 -6.23279512e-02  3.16293575e-02
  9.21527743e-02 -8.08292925e-02  7.16669559e-02  5.05922548e-02
  4.85610031e-02  4.15917858e-02  4.94578220e-02  3.14275250e-02]"
8,../models/Association Examples/ProductSelection_N_ary.sysml,"package ProductSelection_N_ary_SysML {
	
	item def ShoppingCart;
	item def Product;
	item def Account;
	
	// User-specified connection defiation definition
	connection def ProductSelection {
		end [0..1] item cart: ShoppingCart[1];
		end [0..*] item selectedProduct: Product[1];
		end [1..1] item account : Account[1];
	}
	
	// Equivalent connection defiation definition with named end items.
	connection def ProductSelection1 {
		end inCart[0..1] item cart: ShoppingCart[1];
		end selectedProducts[0..*] item selectedProduct: Product[1];
		end withAccount[1..1] item account : Account[1];
	}
	
}","I want to create a SysML v2 model that represents a product selection system for online shopping. The model will include three main items: `ShoppingCart`, `Product`, and `Account`. 

1. I'll define a connection named `ProductSelection`, which describes the relationship between these items:
   - A `ShoppingCart` can have zero or one instance (0..1).
   - `Product` can have multiple instances (0..*), indicating multiple products can be selected.
   - An `Account` must be present (1..1) for the transaction to be valid.

2. Additionally, I want to create an equivalent connection definition named `ProductSelection1` that uses more descriptive names for the ends:
   - `inCart` for the `ShoppingCart` item.
   - `selectedProducts` for the `Product` items.
   - `withAccount` for the `Account` item.

This model captures the relationship between a shopping cart, the products chosen by a user, and their associated account.","[-3.35848555e-02 -5.45465797e-02 -6.37527108e-02  9.84029286e-03
 -9.94507819e-02  3.21991406e-02  1.06423005e-01  7.79480347e-03
 -4.48139478e-03  7.11261900e-03  7.12272525e-02 -9.47819203e-02
  7.35694468e-02  5.62111512e-02  7.15603605e-02  6.99277893e-02
  5.82745224e-02 -1.15273446e-02 -1.69279836e-02  7.14032259e-03
  8.06983784e-02 -2.36959383e-02 -2.94042449e-03  6.53967867e-03
 -7.17102215e-02 -3.94913033e-02  4.74770647e-03  5.81673458e-02
  2.03314610e-02 -3.68537493e-02  6.93037314e-03  2.85670124e-02
 -7.89219961e-02  3.15797701e-02  9.21283662e-02 -3.64658646e-02
  2.76834574e-02 -3.25519145e-02 -8.45195204e-02 -6.16523400e-02
  1.05863109e-01 -3.96096259e-02 -6.05644025e-02 -1.72975697e-02
 -8.88420176e-03 -3.02729080e-03  5.21528907e-03  2.77138520e-02
  1.33308629e-03  1.64605901e-02 -6.37379959e-02 -5.59992576e-03
 -1.48802036e-02 -3.59879248e-02 -5.47547685e-03  7.50722438e-02
  2.45425012e-02 -8.62059090e-03 -1.48051322e-01 -2.90311985e-02
  3.93835269e-03 -7.68942153e-03 -8.47425684e-02 -3.76437753e-02
 -5.17533533e-02  5.12747616e-02 -5.32690212e-02  2.74004042e-02
 -6.80286111e-03  1.19375490e-01 -9.11529511e-02 -4.35931124e-02
 -7.15950206e-02  1.60602964e-02 -3.55183370e-02  1.73033345e-02
  9.23136175e-02 -3.50609310e-02 -9.62143485e-03 -5.83299771e-02
 -6.98419511e-02  7.81905949e-02 -7.36864880e-02 -2.28170101e-02
  1.73653979e-02 -1.57973375e-02  2.03018300e-02 -1.13319546e-01
  5.24474904e-02  9.42165498e-03 -3.94513719e-02 -3.81645970e-02
  9.54939425e-02 -6.53977022e-02  6.54593557e-02  3.42729911e-02
  2.13586278e-02  1.13330679e-02  4.28807847e-02  2.07338836e-02
 -2.97809169e-02  5.49222343e-02  6.86838627e-02 -2.54018009e-02
 -2.27644853e-02  2.13317666e-02 -7.23117590e-02 -3.03937551e-02
 -1.96983255e-02 -5.30121550e-02 -4.03321609e-02  7.50714317e-02
 -1.02147704e-03 -4.27472703e-02 -1.40531762e-02  5.04282750e-02
  1.40383551e-02  2.52639744e-02  8.24377686e-02 -7.16113765e-03
 -2.94990116e-03  7.80456886e-03  4.57330272e-02 -1.39059993e-02
  3.48658627e-03 -5.72945923e-02 -7.37522244e-02 -5.18514232e-34
 -7.01600686e-02 -2.89379358e-02  2.24664658e-02  6.34258613e-02
  4.88163084e-02  1.07545391e-01 -1.63149554e-02  5.14558284e-03
 -5.12562059e-02  8.13357458e-02 -5.78456149e-02 -1.67661514e-02
 -6.64187521e-02 -2.56231870e-03 -5.20542264e-03  1.25195598e-02
  1.95764774e-03  5.23651503e-02  8.07778612e-02  1.12062013e-02
 -2.86390651e-02 -5.81449363e-03 -6.43459782e-02 -3.09524150e-03
  4.43548933e-02  3.12848060e-05  2.48120949e-02  4.70447615e-02
 -4.93870163e-03 -1.07149165e-02  7.41936415e-02 -1.69835314e-02
  5.44257611e-02  7.60328304e-03 -2.16801129e-02 -6.65082596e-03
 -8.41381401e-03 -3.01459171e-02  3.96191999e-02 -3.12172845e-02
  3.80714722e-02  3.35214264e-03 -3.43518108e-02  6.80664256e-02
 -7.70972893e-02 -4.56292368e-03 -5.01060411e-02  3.79840657e-02
  1.61196683e-02 -3.45664024e-02  2.53109704e-03 -1.33838942e-02
 -1.66978419e-03 -3.61778103e-02 -8.61701891e-02 -5.01110256e-02
 -6.15642518e-02  1.00405157e-01 -5.63186184e-02  3.58422995e-02
 -3.65033373e-02  5.91554446e-03 -9.74124297e-03  4.90790084e-02
  6.06516898e-02  4.72159870e-02 -2.36050272e-03 -9.69851092e-02
  4.27917950e-02 -1.02931065e-02 -1.12160154e-01  1.01618499e-01
 -4.02601957e-02  4.64413874e-03  5.91692701e-02 -8.77756700e-02
 -1.53975450e-02  1.33331735e-02  2.76107099e-02  5.37051149e-02
 -9.80936065e-02  4.05016392e-02 -7.87623227e-02  4.83765602e-02
 -7.32440948e-02  1.52861420e-02 -2.62425225e-02 -9.20013487e-02
 -2.59472895e-02 -1.19229361e-01  2.30143927e-02  2.30564605e-02
  8.21472146e-03  1.63785787e-03  4.24327664e-02 -2.02940430e-33
  3.58801931e-02 -4.57024463e-02  9.33911428e-02  3.83691303e-02
  3.02818250e-02 -5.47998659e-02  6.34058565e-02 -2.57368218e-02
 -7.19806328e-02 -9.95844509e-03  5.30484654e-02  2.76554562e-02
  1.40294023e-02 -5.38842008e-02  8.86533856e-02  1.92911308e-02
  6.82549877e-03 -1.48904681e-01  5.31095751e-02  8.11860934e-02
  4.94401529e-03  8.21413398e-02 -4.37273048e-02 -5.00464328e-02
  7.01000821e-03 -3.47644649e-02 -1.11982767e-02  2.08348222e-02
  6.31394651e-05  6.66283490e-03  5.94962612e-02 -6.83906488e-03
  3.61701511e-02 -4.39388417e-02 -7.98389688e-02 -6.46225661e-02
  1.27046264e-03 -2.42118128e-02  3.16288671e-03  3.01322434e-03
  2.43285876e-02  2.06666179e-02 -5.15824109e-02  8.25356576e-04
  2.00841893e-02 -1.09568313e-02 -2.97640152e-02 -4.09103595e-02
 -7.15435995e-03 -1.49951000e-02 -6.48081452e-02 -6.84634410e-03
 -8.38264823e-02  1.91722792e-02 -2.35051494e-02  7.49838650e-02
  3.54002081e-02 -7.23089054e-02  5.20844720e-02 -7.18932822e-02
  3.53560336e-02 -8.77186004e-03  4.61954698e-02  7.99446702e-02
  9.58610252e-02 -4.85971235e-02  1.02146147e-02 -5.65829277e-02
  4.33457606e-02 -6.33565187e-02 -1.32931108e-02  5.53385727e-02
 -1.97780551e-03  9.15792771e-03  3.51892412e-02 -2.36654822e-02
 -6.19603656e-02  3.85517888e-02  6.89682886e-02  4.05594036e-02
 -1.10852778e-01  7.45428279e-02  2.57016923e-02  5.12549169e-02
 -7.89642893e-03 -3.57901305e-02  2.87956675e-03  1.73279539e-01
  4.37655970e-02  2.92977653e-02 -5.79018518e-02 -3.46409678e-02
 -1.82027556e-02  1.27943054e-01 -9.49811190e-02 -5.45927250e-08
 -4.04471382e-02 -4.01114300e-02  6.19420409e-03  2.80223414e-02
  3.32013071e-02  3.54259461e-02 -1.10769890e-01 -2.46180836e-02
 -2.76030954e-02  7.05212578e-02 -8.88541937e-02  7.03903586e-02
 -8.14214572e-02  2.45113242e-02 -2.54582125e-03  5.00761857e-03
  5.92822768e-02  1.34113794e-02 -1.94862448e-02  4.65035737e-02
  5.13902381e-02  5.03506958e-02 -4.21353839e-02  1.03697158e-01
  3.95376235e-02 -5.26783317e-02 -2.98605543e-02  4.86181155e-02
  3.43264304e-02  9.52525251e-03  4.84392159e-02 -1.85134169e-02
  6.65942729e-02  8.55979770e-02 -3.54110897e-02 -4.12172498e-03
 -6.39557615e-02  3.62492837e-02  5.19402151e-04  4.20776829e-02
  3.19310464e-02 -5.43608926e-02  2.42329738e-03  4.67448793e-02
  6.92930222e-02  4.77336906e-02 -4.87825200e-02 -8.01433995e-02
  6.83842367e-03  5.21626882e-02 -7.92422742e-02  1.58841833e-02
 -2.77536139e-02  1.33857261e-02 -8.51702690e-02 -3.66154537e-02
  2.62488499e-02  2.17752289e-02  2.38080677e-02 -3.85078900e-02
 -1.38142495e-03 -1.31698335e-02 -3.35622206e-02 -1.86376479e-02]"
9,../models/Association Examples/ProductSelection_OwnedEnds.sysml,"package ProductSelection_OwnedEnds_SysML {
	
	item def SelectionInfo;
	item def ShoppingCart;
	item def Product;
	
	// User-specified connection defiation definition
	connection def ProductSelection {
		item info: SelectionInfo;
		
		end [0..1] item cart: ShoppingCart[1];
		end [0..*] nonunique item selectedProduct: Product[1];
	}
	
	// Equivalent connection defiation definition with named end items.
	connection def ProductSelection1 {
		item info: SelectionInfo;
		
		end inCart[0..1] item cart: ShoppingCart[1];
		end selectedProducts[0..*] item selectedProduct: Product[1];
	}
	
	connection def SingleProductSelection specializes ProductSelection {
		end [0..1] item cart: ShoppingCart[1];
		end [0..1] item selectedProduct: Product[1];
	}

	connection def SingleProductSelection1 specializes ProductSelection1 {
		end inCart1 [0..1] item cart: ShoppingCart[1];
		end selectedProduct1 [0..1] item selectedProduct: Product[1];
	}
	
	item def OnlineCustomer {
		item info1: SelectionInfo;	
		item myCart: ShoppingCart[1];	
		item products: Product[0..*];
		
		connection ps1 : ProductSelection connect myCart to products {
			:>> info = info1;
		}
		
		connection ps2 : ProductSelection connect [1] myCart to [1] products {
			:>> info = info1;
		}
	}
	
}","Here’s a concise description of the SysML v2 model for generating the `ProductSelection_OwnedEnds_SysML` package:

---

**SysML v2 Model: ProductSelection_OwnedEnds_SysML**

This model defines a package named `ProductSelection_OwnedEnds_SysML` focused on managing product selection within an online shopping environment. It includes the following components:

1. **Items**:
   - `SelectionInfo`: Contains information related to the product selection.
   - `ShoppingCart`: Represents the user's shopping cart.
   - `Product`: Represents individual products available for selection.

2. **Connections**:
   - `ProductSelection`: A connection defining that a shopping cart can contain zero or more selected products with associated selection information.
   - `ProductSelection1`: An equivalent connection to `ProductSelection` but with named end items for clarity.
   - `SingleProductSelection`: Specializes `ProductSelection` for scenarios where a customer selects only one product.
   - `SingleProductSelection1`: A specialization of `ProductSelection1` for single product selection using named ends.

3. **User Item**:
   - `OnlineCustomer`: Represents an online shopper with a selection of products and a shopping cart. 
     - It establishes two connections (`ps1` and `ps2`) to associate the customer's cart with the selected products, ensuring the inclusion of the customer's selection information.

This model framework supports various scenarios of product selection while maintaining flexibility through its specialized connections.

--- 

This description outlines the key components and relationships within the model, providing a clear framework for implementation.","[-5.94365187e-02 -6.62228316e-02 -1.72088649e-02  4.82351519e-02
  1.89553797e-02 -6.91693975e-03  1.15919001e-01  2.50248257e-02
 -8.37342590e-02  2.65360363e-02  6.84721172e-02 -2.23491136e-02
  5.99014945e-02 -1.68385506e-02  2.46531516e-02  6.93435222e-02
  5.82507104e-02 -7.85867572e-02 -7.11671561e-02 -6.80277357e-03
  5.49006239e-02 -6.98086843e-02  2.26829965e-02 -1.46912364e-02
 -8.37303102e-02 -3.83873023e-02 -1.17762908e-02  3.53436582e-02
  2.03779023e-02 -8.06612447e-02 -4.27243533e-03  4.92561013e-02
  3.18688378e-02 -1.97807956e-03  4.43888567e-02 -3.52197252e-02
  6.68339059e-02 -6.71336204e-02 -9.32198688e-02 -8.92613903e-02
  7.73459151e-02 -2.43115388e-02 -1.08771078e-01 -8.13973229e-03
  1.02772191e-02 -1.01299230e-02  8.79315287e-03 -1.11434963e-02
 -2.64359787e-02  5.44963069e-02 -3.87610458e-02  1.72292534e-02
  2.11176407e-02 -2.30753906e-02 -5.73012494e-02  7.90337175e-02
  5.21065593e-02 -1.48410527e-02 -8.40369239e-02 -4.11341041e-02
 -2.18574945e-02 -4.68971543e-02 -8.21891204e-02 -5.63983582e-02
  1.17896684e-02  9.84857138e-03 -6.32107332e-02 -7.08729625e-02
 -2.64029615e-02  4.02319692e-02 -9.41439196e-02 -5.11777624e-02
 -3.42226177e-02  8.48571211e-02  1.22046685e-02 -4.00469713e-02
  8.16108510e-02 -7.59850368e-02 -1.60863176e-02 -8.07103142e-02
 -8.30466524e-02  6.55378103e-02 -7.37479478e-02 -4.02938714e-03
  3.82730598e-03  1.58618242e-02  3.30194309e-02 -3.23893465e-02
  9.84608978e-02  5.04881479e-02 -2.96403449e-02 -3.42772491e-02
  8.11873898e-02 -2.50567533e-02  5.75298369e-02  3.63171250e-02
  4.03359579e-03  1.59737617e-02  9.42851137e-03 -6.54751295e-03
  1.29948957e-02  1.19284505e-03  8.03107247e-02 -7.00977072e-02
 -4.52854335e-02 -2.33783498e-02 -1.13773540e-01 -9.17043723e-03
  1.61130808e-03 -4.09575254e-02 -1.09279290e-01  4.03595045e-02
  1.63377612e-03 -2.62525864e-02 -6.13759868e-02  2.04917565e-02
 -1.46617917e-02  3.05018760e-02  8.44115019e-02 -4.27458808e-02
  2.86656562e-02  1.40230078e-02  1.23321176e-01 -3.74241092e-04
  1.27614001e-02  1.13324616e-02 -6.93380758e-02  5.75025020e-33
 -8.23015720e-02 -2.17858143e-02 -4.24516983e-02  8.19693580e-02
  2.55639236e-02  1.12184249e-01  1.01936115e-02  9.16510634e-03
 -7.03660995e-02  6.29797801e-02 -5.51105291e-02 -1.81684233e-02
 -1.57755446e-02  5.21598868e-02  5.55109046e-02 -7.10052997e-03
 -6.00906904e-04  4.28044535e-02  7.14539215e-02 -2.97385380e-02
  4.62896749e-03  8.68379548e-02 -6.59307018e-02  3.47380452e-02
  6.22116998e-02  4.08456624e-02  4.42842916e-02  1.09949939e-01
  1.93112325e-02  7.80719006e-03  3.55864391e-02 -7.18771666e-03
  2.67269765e-03  1.01861116e-02 -9.43210069e-03  5.41011468e-02
 -4.36966568e-02 -6.32069334e-02  8.93274173e-02 -3.34622376e-02
  1.97356977e-02 -1.57733317e-02  9.88182332e-03  1.30407335e-02
 -9.77687240e-02 -8.86906534e-02 -9.52785015e-02  4.23985608e-02
  5.58294915e-02 -8.81854387e-04 -3.82812843e-02  9.70317610e-03
  7.33629167e-02  3.48515995e-02 -3.95507440e-02 -4.03901711e-02
  5.26426779e-03  2.17195544e-02  3.05470172e-02  2.24149656e-02
 -4.31245267e-02  5.41144423e-02 -1.33942412e-02 -2.38980143e-03
  3.87426303e-03  4.94442880e-02  3.91953550e-02 -1.05575114e-01
  5.73855639e-02  2.79363208e-02 -6.65773675e-02  9.77542698e-02
  2.69750748e-02 -4.88869660e-03  2.16731541e-02 -7.78881609e-02
 -5.58614545e-03  3.34596895e-02  2.26452425e-02  3.86549942e-02
 -1.21599719e-01  5.07576056e-02 -2.39354875e-02 -1.28978826e-02
 -3.28110158e-02 -6.92866147e-02 -8.98652822e-02 -3.19735259e-02
 -4.34734710e-02 -9.53887627e-02  6.37861565e-02 -8.27797409e-03
 -8.45520124e-02  1.19022457e-02 -1.80091280e-02 -7.87519869e-33
 -4.75787409e-02 -1.67021956e-02  6.64739087e-02  7.38749057e-02
 -1.61485802e-02 -5.90996072e-02 -3.41332853e-02 -5.37700243e-02
 -6.29402399e-02 -9.75332856e-02  5.56276515e-02  2.27971897e-02
  6.90572783e-02 -4.11518849e-02  4.51260693e-02  9.32767242e-02
 -4.59983014e-02 -1.84240937e-01  4.21090499e-02  1.72021892e-02
 -2.24497374e-02  9.71363336e-02 -1.44354180e-02  1.47593236e-02
 -3.56474519e-02 -4.58433107e-02  2.87184063e-02  5.66759333e-02
  6.46280646e-02 -4.93784249e-02  7.81745836e-02 -3.77223231e-02
 -1.53846759e-02 -3.95091809e-02  1.63876079e-02 -8.30496550e-02
 -1.52916294e-02  1.85047500e-02  9.46815312e-03  2.79724728e-02
  2.13631876e-02  1.67840142e-02 -1.35611352e-02  1.63382590e-02
  2.02205069e-02  6.93117874e-03 -7.17840046e-02 -5.02429567e-02
  4.29653823e-02 -2.13004518e-02 -4.56510521e-02  2.16292292e-02
 -1.69663206e-02 -1.73320565e-02 -2.88243219e-02  5.71045838e-02
  2.48745177e-02 -1.22751137e-02  2.52625290e-02 -4.18898389e-02
  2.63407398e-02  6.84996322e-03  9.65758190e-02  8.82137753e-03
  1.97240561e-02 -1.93034559e-02  2.69058272e-02 -4.29686904e-02
  3.41119394e-02 -3.58031467e-02  4.76262905e-03  4.35298160e-02
 -8.38827994e-03 -5.62033989e-02  2.07290500e-02  2.22227816e-02
 -2.86014806e-02  8.33889768e-02  4.93518002e-02 -6.24914095e-02
 -7.62775093e-02  1.33052198e-02  6.89792708e-02  3.47109474e-02
 -3.94160971e-02 -3.41198705e-02 -3.30221094e-02  1.23185016e-01
  3.70335430e-02 -8.97512399e-03 -3.50000598e-02 -1.46552129e-02
 -3.20353135e-02  1.46447808e-01 -1.76549144e-02 -5.72704444e-08
 -5.49297519e-02 -3.24486233e-02  2.81895250e-02  2.25501750e-02
  8.04901272e-02  3.62980850e-02 -6.29229471e-02  1.21068982e-02
 -5.22867963e-02  5.08465283e-02 -4.99836877e-02  6.90383464e-02
 -1.14336386e-01 -2.17728922e-03  3.53819020e-02  1.48121295e-02
  8.33294820e-03  7.36117512e-02 -1.07268672e-02 -3.38277146e-02
  7.00045899e-02  1.25339841e-02 -1.68874837e-03  7.14234337e-02
  2.46575624e-02 -1.05022276e-02  1.30635896e-03  3.74136604e-02
  5.19091226e-02  2.05215197e-02  4.02245447e-02 -3.96765657e-02
  7.01229796e-02  5.09039313e-02  4.26221602e-02 -5.72415255e-03
 -6.07306026e-02 -4.83309530e-04  8.51716660e-03 -4.80275543e-04
  3.34884934e-02 -3.68056968e-02  7.92236626e-03  4.21915576e-02
  3.15704336e-03  3.33396085e-02 -7.80892074e-02 -1.08104303e-01
 -2.54876856e-02  3.58733013e-02 -5.86915053e-02 -1.05691189e-02
 -7.61265606e-02  3.28699686e-02 -7.40566030e-02  6.91602286e-03
  1.98578276e-02 -3.64892483e-02  9.05463472e-02 -1.43701909e-02
 -6.48456020e-03 -2.10738052e-02 -2.52908282e-02  3.90928350e-02]"
10,../models/Association Examples/ProductSelection_UnownedEnds.sysml,"package ProductSelection_UnownedEnds_SysML {
	
	item def SelectionInfo;
	item def ShoppingCart {
		item selectedProducts : Product[0..*];
	}
	item def Product {
		item inCart: ShoppingCart[0..1];
	}
	
	connection def ProductSelection {
		item info: SelectionInfo[1];
		
		end item cart: ShoppingCart[1] crosses selectedProduct.inCart;
		end item selectedProduct: Product[1] crosses cart.selectedProducts;
	}
	
	connection def SingleProductSelection :> ProductSelection {
		end item cart: ShoppingCart[1];
		end [0..1] item selectedProduct: Product[1];
	}
	
	item def OnlineCustomer {
		item info1: SelectionInfo;	
		item myCart: ShoppingCart[1];	
		item products: Product[0..*];
		
		connection ps1 : ProductSelection connect myCart to products {
			:>> info = info1;
		}
		
		connection ps2 : ProductSelection connect [1] myCart to [1] products {
			:>> info = info1;
		}
	}
	
}","I want to create a SysML v2 model for an online shopping system focused on product selection. The model will include the following elements:

1. **SelectionInfo**: An information item that will hold selection details.
2. **ShoppingCart**: This item will contain a list of selected products, allowing for zero or more products.
3. **Product**: Represents items available for selection, with a potential association to a shopping cart (zero or one).
4. **Connections**:
   - **ProductSelection**: A connection that links a `ShoppingCart` with its selected `Products`, while utilizing `SelectionInfo`.
   - **SingleProductSelection**: A specialization of `ProductSelection` that accommodates a single product selection from the shopping cart.

5. **OnlineCustomer**: This item will include:
   - `SelectionInfo` for storing customer-specific selection information.
   - A `ShoppingCart` to hold products selected by the customer.
   - A set of products available for selection.

Additionally, the `OnlineCustomer` will establish connections (`ps1` and `ps2`) using `ProductSelection` to relate its shopping cart to the available products.

This model aims to encapsulate the relationships and functionalities necessary for product selection in an online shopping context.","[-3.28270569e-02 -8.06422085e-02 -6.15517497e-02  6.50913715e-02
  1.33776003e-02  3.65755595e-02  1.00924805e-01  3.15966792e-02
 -4.55004312e-02  3.01248096e-02  8.42603371e-02 -5.65009862e-02
  6.45092363e-03  7.51621462e-03  6.73165992e-02  8.27637985e-02
  8.44360068e-02 -7.66293481e-02 -1.48617029e-02  1.19579618e-03
  8.46499056e-02 -4.01424505e-02  3.70825045e-02 -3.68630886e-02
 -9.52057689e-02 -6.34118095e-02  2.53821984e-02  4.00676839e-02
  7.37719703e-03 -7.06949830e-02 -1.09141208e-02  5.73068820e-02
 -3.15248631e-02 -1.68072805e-02  5.82020879e-02 -5.45496233e-02
  6.64038286e-02 -6.27961457e-02 -1.13209836e-01 -3.19776423e-02
  8.35169032e-02 -2.33814791e-02 -9.56490859e-02 -2.13521980e-02
  1.23900706e-02 -2.24778075e-02  3.11245304e-03  2.59636622e-02
  1.24842618e-02  4.12226729e-02 -5.31192347e-02  2.35038009e-02
  8.60946067e-03 -1.29796835e-02 -5.97744770e-02  4.51348573e-02
  1.32681448e-02 -1.14046410e-02 -1.06355354e-01 -6.54123500e-02
  3.00859790e-02 -5.39465547e-02 -4.13983241e-02 -4.83080372e-02
 -2.66878325e-02  6.13815710e-02 -3.97702828e-02 -3.59691344e-02
 -1.47156920e-02  7.68622831e-02 -7.30170086e-02 -3.40774022e-02
 -4.59471457e-02  3.87150906e-02  4.28291932e-02 -2.08382923e-02
  8.84780288e-02 -9.12675560e-02  3.33281346e-02 -6.81391656e-02
 -4.46522869e-02  5.65778725e-02 -8.60654265e-02 -4.55187708e-02
 -1.68399548e-03 -1.19788933e-03 -9.12191160e-03 -8.09833705e-02
  7.70168602e-02  7.76448054e-03 -2.57602036e-02 -3.50345485e-02
  4.13031802e-02 -2.43470017e-02  6.83862716e-02  2.72311945e-03
  1.44033479e-02 -3.30874301e-03 -3.92358238e-03  6.41103089e-03
 -1.12817101e-02  2.34517865e-02  5.35323508e-02 -1.58899873e-02
 -7.00406432e-02 -3.12741958e-02 -5.84063604e-02  7.95285217e-03
 -2.04240791e-02 -3.84724326e-02 -7.11334273e-02  6.83272555e-02
  6.08560815e-03 -1.59077831e-02 -6.56025484e-02  7.32391551e-02
  1.42761571e-02  1.70117337e-02  6.83874339e-02  1.77076450e-04
  3.25942487e-02  2.21189149e-02  8.85088146e-02 -5.95830893e-03
  4.28086659e-03 -5.66662401e-02 -1.05404668e-01  1.71734325e-33
 -4.47746590e-02 -6.01883046e-02 -2.67376914e-03  3.65367606e-02
  1.40893077e-02  9.51850563e-02  1.70291997e-02 -4.41282475e-03
 -5.85945956e-02  6.96727708e-02 -7.10518807e-02 -5.43044023e-02
 -3.89319402e-03  3.33218835e-02  5.51376566e-02 -2.47000181e-03
  7.59918103e-03  8.29699934e-02  8.70275646e-02 -1.87077112e-02
 -3.94404167e-03  4.00166176e-02 -6.60734251e-02 -1.78561546e-02
  3.27854343e-02  6.83357790e-02  1.72154903e-02  8.84540603e-02
 -3.72542054e-05  1.55127663e-02  6.05585203e-02  1.40195657e-02
  2.66037823e-04  3.05270609e-02  7.34728668e-03  3.81794795e-02
 -6.61854446e-02 -2.47153677e-02  6.32534772e-02 -4.71690819e-02
  1.24364747e-02 -1.57942623e-02 -6.04861358e-04  9.30845458e-03
 -9.47507918e-02 -9.05491635e-02 -8.72386247e-02  4.06401083e-02
 -4.72539011e-03  2.23316196e-02 -2.51593553e-02 -7.41940178e-03
 -1.32495658e-02  3.31204757e-02 -5.95259666e-02 -5.41120879e-02
 -6.21938892e-02  9.03785452e-02  8.90608225e-03  3.53060849e-02
 -7.58309790e-04  1.38188796e-02  6.66504307e-03 -2.35341042e-02
  3.19743417e-02  7.65142217e-02 -1.14751095e-02 -1.42635897e-01
  7.09233582e-02 -1.02318786e-02 -5.57400472e-02  1.34744197e-01
  2.47503556e-02 -2.05231216e-02  4.53027152e-02 -9.04901475e-02
  2.18718313e-02  2.12858785e-02  6.41358458e-03  4.14768867e-02
 -7.69942552e-02  2.85843154e-03 -6.46973550e-02  1.10732997e-02
 -4.52306867e-02 -6.05448037e-02 -5.20281792e-02 -5.67842834e-02
 -6.99569136e-02 -6.50128275e-02  5.80118671e-02  1.15085701e-02
 -5.39091192e-02 -2.06339490e-02  5.09350784e-02 -4.11542886e-33
  6.14310522e-03 -1.57532841e-02  1.07228681e-01  4.49984521e-02
 -1.05620939e-02 -4.96524088e-02  1.33832758e-02 -8.37359130e-02
 -7.43106902e-02 -5.39506152e-02  5.23986183e-02  4.61412966e-02
  1.41135110e-02 -2.22992040e-02  7.61413947e-02  8.86145085e-02
 -2.29317192e-02 -1.63126573e-01  5.60135692e-02  4.68424112e-02
 -1.16469264e-02  7.15797022e-02 -2.97854897e-02 -6.28146343e-03
 -2.02692933e-02 -3.45853083e-02 -7.69222714e-03  1.48941027e-02
  3.05053163e-02 -3.30958925e-02  5.08916900e-02 -9.38176829e-03
 -3.43329534e-02 -3.13714147e-02 -1.73410255e-04 -4.11561988e-02
 -1.12617183e-02  3.69920060e-02  5.45237120e-03  3.14941369e-02
  1.97341237e-02  6.81758625e-03 -6.93713501e-02  5.61382528e-03
  4.71417978e-02 -3.58203314e-02 -9.23134945e-03 -9.08958819e-03
  8.66528600e-03 -5.41330548e-03 -3.63469012e-02  2.79994570e-02
 -5.90724461e-02 -1.32305291e-03 -1.51502602e-02  1.12947628e-01
  2.93421485e-02 -6.97554946e-02  6.69165794e-03 -5.21480218e-02
  3.45668718e-02 -2.67233122e-02  5.03923185e-02  1.53841032e-02
  8.23178589e-02 -5.73602691e-02  3.72430943e-02 -9.95970890e-03
  5.43643199e-02 -3.16422805e-02 -1.10090924e-02  6.77702352e-02
  6.34201169e-02 -2.58884821e-02  4.04250771e-02 -2.56264415e-02
 -4.85031232e-02  9.43322107e-02  7.65153766e-02  9.54597350e-03
 -1.32970855e-01  1.25124315e-02  6.75506741e-02 -1.45817492e-02
  2.48968378e-02 -2.78935172e-02 -9.35997814e-03  1.59427851e-01
  4.16110456e-02 -1.46494908e-02 -4.73712385e-02 -4.85365279e-02
  1.06600979e-04  1.33735403e-01 -5.98012954e-02 -6.08895476e-08
 -3.82533558e-02 -3.42149697e-02  2.64136698e-02  3.00206561e-02
  6.48461431e-02  3.77128124e-02 -6.05278201e-02  2.86441995e-03
 -6.74330071e-02  6.55542836e-02 -1.06692098e-01  7.87748769e-02
 -9.09513831e-02  2.21845154e-02  6.08658083e-02 -5.47577534e-03
  3.77594791e-02  3.60773131e-02 -2.52790358e-02  5.36867604e-03
  6.56495914e-02 -4.30866294e-02 -4.68159318e-02  1.18933924e-01
  6.08065799e-02 -2.27361936e-02 -3.49304751e-02  1.24510424e-02
  3.69467437e-02  5.03370687e-02  3.13506871e-02 -1.59418005e-02
  5.42661510e-02  5.83720505e-02 -3.79766002e-02 -2.47111134e-02
 -5.60634956e-02  1.06762061e-02 -4.80902493e-02 -9.61084012e-03
  3.12152188e-02 -5.18375337e-02 -1.01130698e-02  1.92717705e-02
  6.25815913e-02  4.00562659e-02 -4.56498452e-02 -9.83507857e-02
  1.92473736e-02  3.82458158e-02 -9.18392390e-02 -8.61150213e-03
 -3.92263569e-02  2.31375229e-02 -3.96501385e-02 -7.27978768e-03
  3.66275273e-02  2.68990081e-03  6.98866844e-02 -1.44861881e-02
  4.35408112e-03 -3.38711403e-02 -7.73020834e-02  4.02498581e-02]"
11,../models/Camera Example/Camera.sysml,"part def Camera {
	private import PictureTaking::*;
	
	perform action takePicture[*] :> PictureTaking::takePicture;
	
	part focusingSubsystem {
		perform takePicture.focus;
	}
	
	part imagingSubsystem {
		perform takePicture.shoot;
	}
	
}","I want to create a SysML v2 model to represent a Camera. The model should define a `Camera` part with two subsystems: `focusingSubsystem` and `imagingSubsystem`. 

The `Camera` part should import the `PictureTaking` package. It will include an action capability to perform `takePicture`, which invokes the `PictureTaking::takePicture` action. 

Within the `focusingSubsystem`, I want to perform the `focus` aspect of `takePicture`, while the `imagingSubsystem` should perform the `shoot` aspect. 

The focus is on demonstrating how a camera's functionalities are divided into distinct subsystems that collaborate to execute the picture-taking process.","[ 2.02810438e-03 -7.17571676e-02 -2.32207756e-02 -2.83632521e-02
  1.62219927e-02 -5.84366322e-02  1.49583304e-03  4.96759638e-02
 -2.24351902e-02  4.08203341e-02  4.32141162e-02 -5.20379730e-02
  1.93693191e-02  5.73235638e-02  6.32955879e-02 -3.16629298e-02
  3.86593975e-02 -1.53089734e-02 -2.88558155e-02  5.10706827e-02
  5.40753528e-02 -1.02859020e-01  6.32074252e-02 -2.52015963e-02
 -5.39221764e-02 -3.49964350e-02 -1.04734786e-02  1.79253295e-02
  4.16268818e-02 -6.40912950e-02  5.36268800e-02  5.54355979e-02
 -3.33867781e-02  1.70790739e-02  4.91440669e-02  7.15410635e-02
  4.01164331e-02 -7.73542598e-02 -4.87579070e-02 -9.96035114e-02
 -5.02417050e-03  2.98550632e-02 -7.77330473e-02 -8.07832833e-03
  2.23999191e-02  1.61359943e-02  4.74547930e-02  9.96712968e-03
 -6.72414014e-03 -2.42802128e-02 -1.13454133e-01 -5.92626855e-02
  3.41887996e-02 -2.55883462e-03 -1.67094395e-02  9.11620408e-02
 -1.92012191e-02 -6.58067763e-02 -8.79185721e-02 -5.05341589e-02
 -7.09539205e-02  2.29973570e-02 -9.77841318e-02 -4.96889614e-02
  1.44279329e-02  6.66208044e-02  1.56093165e-02 -5.71760423e-02
  3.24112177e-02  2.85500064e-02 -5.73437326e-02  3.74567532e-03
  1.12283602e-02 -4.47795019e-02 -4.18324396e-02 -5.50723150e-02
  4.79244255e-02 -2.66455468e-02  1.00967111e-02 -1.41356185e-01
  5.86185828e-02 -1.12825865e-02 -8.77460167e-02 -1.36244316e-02
 -5.52075170e-03  6.43611792e-03 -2.89673209e-02 -3.60956714e-02
  1.83979478e-02 -4.87133376e-02 -7.00498670e-02 -1.23233676e-01
  2.44401470e-02 -5.52121252e-02  6.94103390e-02 -8.27380829e-03
 -2.31106603e-03  2.89493352e-02  7.41874799e-02  1.49050988e-02
 -3.80965136e-02  3.46221402e-02  5.91127500e-02 -4.88873534e-02
  6.10763468e-02 -4.90174768e-03 -6.63579395e-03 -1.21287275e-02
 -3.90761383e-02 -7.44002536e-02 -8.46424792e-03  5.03800660e-02
  1.10884244e-02  4.85787466e-02  1.05740957e-01  2.45590601e-02
  6.49901554e-02 -1.89721119e-02  2.06720214e-02 -1.24373019e-01
  4.25142832e-02 -4.24491018e-02  4.23058085e-02  1.09324735e-02
  5.13730943e-02 -8.88320282e-02 -6.00527525e-02 -3.62890925e-34
 -2.25136597e-02 -7.89736211e-03  5.57497740e-02  9.93870422e-02
 -1.09843595e-03  3.76204364e-02  1.82554889e-02 -5.40343812e-03
  3.01150314e-04  1.99321620e-02 -6.08987957e-02 -7.67015070e-02
 -2.22485382e-02  5.83379008e-02  9.08686221e-02 -3.94873880e-02
 -5.36980852e-02  7.21832886e-02 -2.72224396e-02  6.06078394e-02
  4.73238640e-02  6.84487820e-02 -5.51800318e-02  2.00105421e-02
  3.29780877e-02 -4.52815788e-03  4.73188274e-02  4.15910268e-04
 -2.10092515e-02 -3.93145019e-03  4.49654693e-03  2.15878636e-02
 -2.46132128e-02  7.23830983e-02  2.38545425e-02  3.65233608e-03
  3.37878987e-03 -6.69372082e-03  6.33858144e-02 -3.71466205e-02
  9.18268971e-03  1.09388433e-01 -4.16780412e-02  4.14440706e-02
 -4.47150022e-02 -1.99968871e-02 -9.25161466e-02  1.24061577e-01
 -2.43307613e-02 -9.75712296e-03  1.06667563e-01 -3.07807848e-02
  7.69263953e-02 -1.00542508e-01 -3.79606113e-02 -2.05872282e-02
  4.27174941e-02  8.88800528e-03  3.20675969e-02  3.15797925e-02
  3.71508934e-02 -5.84051572e-02 -4.32123467e-02  3.43317576e-02
  2.11635958e-02  8.28506425e-02 -6.14522696e-02 -3.00038122e-02
  2.64838152e-02  3.44352014e-02 -1.15717553e-01  7.82374963e-02
 -9.56450030e-02  3.04177497e-02  1.04695655e-01 -2.90092491e-02
 -6.36223704e-03 -4.96130325e-02 -2.67992765e-02  1.12701237e-01
 -1.26491398e-01  6.13133162e-02 -6.99087903e-02 -1.11864498e-02
 -1.44631863e-02 -3.32240984e-02 -2.55886652e-02 -6.28216714e-02
 -9.08011645e-02 -8.04722607e-02 -4.70646769e-02 -1.35346623e-02
 -1.43925203e-02  1.75959442e-03  4.33394760e-02 -8.28423858e-34
  7.99357593e-02  2.83152778e-02  1.73210055e-02  3.67647037e-02
 -4.24876772e-02 -4.94997688e-02  5.68989143e-02 -4.36096750e-02
  5.72503079e-03  3.69492546e-02 -4.13374193e-02 -8.28298333e-04
 -5.82025573e-03 -3.06705534e-02 -4.05758061e-02  2.43967539e-03
  3.72379692e-03 -8.10374543e-02 -1.68641619e-02  5.48876598e-02
 -1.90212596e-02  8.29667896e-02  1.05288915e-01  2.66128164e-02
 -9.37436055e-03  7.14478344e-02 -1.88119244e-02  8.97257254e-02
  5.78772053e-02 -4.69366871e-02 -1.51739866e-02 -5.28248698e-02
  2.97908206e-02 -8.04020017e-02 -4.28983308e-02  1.43922186e-02
 -3.87026146e-02 -2.97426451e-02 -2.53133234e-02  1.51010128e-02
 -2.74057854e-02  1.18821328e-04 -7.30228499e-02  6.69019371e-02
  6.70572184e-03 -7.02372752e-03  3.89423221e-02 -1.58379003e-02
 -7.39477351e-02 -4.64506224e-02 -6.96987137e-02  1.79001857e-02
 -2.01362707e-02  3.08763739e-02  3.23880464e-02  2.97165401e-02
  6.75690174e-03 -6.14468083e-02  5.95818385e-02 -2.30135527e-02
  5.59597202e-02 -6.30667247e-03 -3.10181212e-02 -3.90187837e-02
  3.64403874e-02  9.97340190e-04  3.00204754e-03 -9.56783723e-03
  2.23880019e-02  5.92510179e-02  2.39593666e-02  1.92987192e-02
  5.46061732e-02  2.57099029e-02  7.05616549e-02 -2.38169469e-02
 -4.72634919e-02  3.49990204e-02  1.12785712e-01  8.77645041e-04
 -8.93344358e-02 -7.72484988e-02  3.74975428e-02  5.23320213e-02
 -5.67165352e-02  7.61595592e-02  9.24900058e-04  2.08332557e-02
  1.25707146e-02 -6.05471656e-02 -6.45504706e-03  1.88313273e-03
  7.19794109e-02  1.00851573e-01 -5.46565056e-02 -4.50348132e-08
 -2.38820128e-02  4.89208475e-02  4.77237813e-02  2.55931150e-02
 -4.28598896e-02 -3.98506373e-02 -1.21028259e-01  1.48632927e-02
  2.31099576e-02  2.91834790e-02 -8.33402649e-02  3.65091488e-02
  3.33902729e-03 -3.74769643e-02 -2.10912656e-02  4.37592529e-02
  8.84331092e-02  8.96065682e-02 -7.84561932e-02  4.31834674e-03
  6.54586330e-02 -3.64752822e-02 -2.69023180e-02  4.50585559e-02
  1.54991895e-02 -4.39316519e-02 -1.00563057e-01 -3.97949219e-02
  3.27082016e-02 -2.08458491e-02  7.67695233e-02  4.46818769e-02
  3.06374338e-02  8.00650045e-02 -4.98812720e-02 -2.38839667e-02
 -3.28195915e-02  1.19234473e-02  4.92752865e-02 -7.32155889e-03
 -1.95231307e-02  1.55393211e-02  1.49294902e-02  8.78876597e-02
 -1.97960213e-02  4.88899425e-02  1.05935642e-02 -5.80136329e-02
  1.34241004e-02  6.42291456e-02 -4.58925180e-02  2.01570746e-02
 -1.49283018e-02  1.02013193e-01 -6.78987429e-02  3.55925523e-02
  7.37962350e-02 -4.95046154e-02  7.21655712e-02  1.66092999e-02
  5.22853136e-02  2.09445544e-02 -6.10943884e-02  6.06754944e-02]"
12,../models/Camera Example/PictureTaking.sysml,"package PictureTaking {
	part def Exposure;
	
	action def Focus { out xrsl: Exposure; }
	action def Shoot { in xsf: Exposure; }	
		
	action takePicture {		
		action focus: Focus[1];
		flow focus.xrsl to shoot.xsf;
		action shoot: Shoot[1];
	}
}","I want to create a SysML v2 model named `PictureTaking` that encapsulates the process of taking a picture. The model should have a part called `Exposure` which represents the exposure settings or parameters for capturing an image.

Within this package, I will define two actions: 

1. **Focus** - This action outputs an `Exposure` instance through an output parameter named `xrsl`.
2. **Shoot** - This action takes an `Exposure` instance as input through an input parameter named `xsf`.

Additionally, I want to define a higher-level action named **takePicture** which consists of:
- A call to the `Focus` action, ensuring that it is executed once.
- A data flow that connects the output from `Focus` (`xrsl`) to the input for `Shoot` (`xsf`).
- A call to the `Shoot` action, also executed once.

This structure ensures a clear workflow from focusing to shooting, facilitating the picture-taking process while managing exposure settings efficiently.","[-1.35302190e-02 -8.39691758e-02 -1.47694407e-03  4.58314940e-02
 -4.00118940e-02 -3.30303088e-02  6.35494515e-02  2.29667854e-02
 -2.39267852e-02  2.14084815e-02  4.28991579e-02 -7.15705380e-02
  3.68443765e-02  6.22721873e-02  6.87393844e-02  4.75496650e-02
  2.52509676e-02  5.38099732e-04 -6.69383258e-02  2.30036285e-02
  8.77731442e-02 -1.27811190e-02  3.25983725e-02 -4.46553715e-03
 -8.35497901e-02 -6.89547732e-02 -2.25742231e-03  1.02987429e-02
  7.91328922e-02 -8.02367851e-02  8.78449604e-02  3.47154029e-02
 -3.47437300e-02  1.48620224e-02  4.42691408e-02  1.14952348e-01
  2.29067635e-02 -8.45558718e-02 -1.02781244e-01 -1.04440920e-01
  2.45368816e-02 -1.90577935e-02 -7.08028451e-02 -3.08963619e-02
  3.16876126e-03 -5.80734923e-04  4.68543917e-02 -2.76343077e-02
 -3.63607295e-02 -2.49647722e-02 -5.99099435e-02 -4.20403033e-02
  1.82400662e-02 -5.34354076e-02  1.82569388e-03  5.22030331e-02
  5.21785289e-04 -7.08325431e-02 -7.63453841e-02 -5.39566725e-02
 -1.00920670e-01 -1.10558304e-03 -9.28229913e-02 -5.45780696e-02
 -2.31533423e-02  6.80112243e-02  4.74036764e-03 -5.18250987e-02
  4.02632058e-02  7.09664747e-02 -1.01992764e-01  1.33738695e-02
 -1.83554143e-02 -4.52825651e-02 -4.18495014e-02 -6.05474524e-02
  2.35164743e-02 -3.53604816e-02 -2.33262256e-02 -1.13187373e-01
  6.75040856e-02 -2.48451214e-02 -7.57022575e-02  2.24670256e-03
  3.66646424e-02 -1.99500937e-02 -4.52294238e-02 -5.36629558e-02
  7.82065988e-02  3.89598235e-02 -3.15702260e-02 -7.49462247e-02
  2.46637501e-02  4.27546399e-03  7.97850788e-02 -8.92947800e-03
 -2.41237693e-02 -2.20911670e-02  1.21197151e-02  2.87327040e-02
 -5.42934723e-02  2.42478605e-02  1.07723605e-02 -1.62526742e-02
  5.45709357e-02 -3.69246281e-03 -3.85353528e-02 -4.70441654e-02
 -7.60013312e-02 -4.07511964e-02 -2.43828818e-02  4.59748432e-02
  8.96133948e-03  1.20453583e-03  8.65096822e-02  4.70041633e-02
  5.94600737e-02 -3.53460424e-02 -5.24546113e-03 -8.47435817e-02
  6.56565428e-02 -4.91167931e-03  3.39067145e-03  1.46851558e-02
  2.58787330e-02 -1.06330857e-01 -5.09588309e-02 -9.00893820e-34
 -6.24448666e-03  9.43219010e-03  2.91223209e-02  9.45991874e-02
  3.05896755e-02  8.30309913e-02  3.53016704e-02 -1.85533650e-02
  1.49017049e-03  3.40099260e-02 -6.85495362e-02 -8.09938386e-02
 -2.52200104e-02  3.03008538e-02  5.89498132e-02 -2.07753666e-02
 -8.64792056e-03  1.11626439e-01  3.40934144e-03  3.33979502e-02
  4.43466417e-02  1.73084848e-02 -1.06496714e-01 -1.64432637e-03
 -1.50811467e-02  3.34947556e-02  5.16083874e-02  1.74360462e-02
 -4.03428786e-02 -7.12662656e-03  1.87253188e-02 -2.42376495e-02
  1.69700608e-02  6.64728656e-02  2.48935744e-02  1.44255850e-02
  2.18348503e-02  2.75496822e-02  7.40037560e-02 -2.87450869e-02
  2.62020389e-03  7.77335912e-02 -1.35250669e-02  6.84959516e-02
 -8.46609771e-02 -4.55797650e-02 -9.95808020e-02  9.07523036e-02
 -4.17224616e-02  4.57461691e-03  7.91701078e-02 -2.61431336e-02
  9.64996889e-02 -7.30821788e-02 -2.92551387e-02 -3.38404886e-02
  3.29323928e-03  4.38600071e-02 -1.06281172e-02  6.04565702e-02
  2.04119682e-02 -1.80578940e-02 -6.43199012e-02  8.91744792e-02
  9.16416477e-03  6.36049956e-02 -1.28289107e-02 -3.56726982e-02
  3.71392816e-02 -4.22089780e-03 -8.49886686e-02  9.42329094e-02
 -4.32541259e-02 -1.09568480e-02  1.05808325e-01 -4.94069383e-02
 -2.88106743e-02 -5.71296997e-02 -3.87086417e-03  6.98671341e-02
 -1.05778091e-01  8.07750300e-02 -8.48094299e-02  4.53231856e-02
  4.34160568e-02 -4.21340428e-02 -3.90865169e-02 -5.66680022e-02
 -7.78689459e-02 -5.43953255e-02 -5.01606837e-02 -8.05085003e-02
 -2.00841185e-02 -2.85695717e-02  4.08054888e-02 -5.21372887e-34
  1.16734624e-01  2.86848694e-02  2.65095644e-02  7.68669471e-02
 -1.03191473e-02 -3.22230943e-02  4.61335927e-02 -2.65007112e-02
  1.41245276e-02  2.04009470e-02 -3.30247618e-02  4.67078201e-02
 -5.08137047e-02 -3.89052927e-02  4.52646762e-02 -1.50204739e-02
 -2.57439092e-02 -9.85335559e-02 -4.49988134e-02  1.66123398e-02
 -3.45058553e-02  8.87868702e-02  1.52863236e-02  4.45186868e-02
 -4.26635034e-02  1.84364915e-02 -7.39158457e-03  1.03251532e-01
  9.66662839e-02  2.11139228e-02 -8.25981051e-02 -3.27651873e-02
  4.83243875e-02 -3.75371724e-02 -2.63096225e-02 -1.45811802e-02
  2.07587611e-02 -2.54499633e-02 -2.62720808e-02  4.10166234e-02
  2.41209734e-02  1.28115295e-02 -6.19723201e-02  6.46827072e-02
  7.20702205e-03  2.18233205e-02  6.64000958e-03 -4.71802019e-02
 -6.70741424e-02 -3.44166122e-02 -7.62930587e-02 -2.45931819e-02
 -4.75112349e-02  8.33062604e-02  3.93616147e-02  2.17861645e-02
 -2.72554648e-03 -8.67952183e-02  2.07706839e-02  5.32406755e-03
  5.54923080e-02  9.90037574e-04 -2.01679487e-02 -3.43181230e-02
  1.28785763e-02 -1.26263853e-02 -1.06487116e-02 -4.18968387e-02
 -7.34925875e-03  3.09653897e-02 -5.82300243e-04 -1.54454513e-02
  3.63713838e-02  3.04860938e-02  4.78490777e-02 -5.24239615e-02
 -4.60652225e-02  9.59296711e-04  8.31048861e-02 -2.97709974e-03
 -8.65238234e-02 -4.48156074e-02  4.04491238e-02  6.22683652e-02
 -2.08197776e-02  4.00265194e-02 -4.83633811e-03  9.69603881e-02
  2.95985267e-02 -2.85778698e-02 -1.56510193e-02  1.50865773e-02
  6.16080500e-02  1.32648751e-01 -6.58802465e-02 -5.35603668e-08
 -6.44159690e-02  4.61802185e-02  5.74134290e-02  9.71654244e-03
 -3.08157336e-02  1.80491302e-02 -8.28498453e-02  2.51200106e-02
  5.47715761e-02 -1.11527601e-03 -7.56491581e-03  3.79047766e-02
  3.58710848e-02 -6.43590465e-02 -2.22861916e-02  1.63433515e-02
  7.81009421e-02  7.28841424e-02 -6.58702105e-02 -1.17819558e-03
  4.42790911e-02  1.48828430e-02 -2.74133347e-02  4.19749692e-03
  4.30149399e-02 -6.74592406e-02 -2.73713563e-02  4.76156324e-02
  5.26764020e-02 -3.54628079e-02  7.68965334e-02  3.23634446e-02
  2.30218749e-02  1.20292284e-01 -9.83163193e-02 -2.73871142e-03
 -1.40720671e-02  1.04779156e-03  3.38311791e-02  1.35864988e-02
 -3.43026891e-02 -2.59333067e-02  2.20999820e-03  5.42821959e-02
  3.67433252e-03  9.36833918e-02 -1.57721564e-02 -9.90299135e-02
  5.28041683e-02  6.04341105e-02 -5.93837760e-02  5.47281615e-02
 -1.78706162e-02  1.06852062e-01 -6.30641952e-02  3.59213836e-02
  5.24044000e-02 -7.76381837e-03  4.98604141e-02  4.78943670e-03
  2.66520157e-02 -2.46465411e-02 -1.06755309e-01  6.05270825e-02]"
13,../models/Cause and Effect Examples/CauseAndEffectExample.sysml,"package CauseAndEffectExample {
	private import CauseAndEffect::*;
	
	part def Causer1;
	part def Causer2;
	part def Effected1;
	part def Effected2;
	
	#multicausation connection def MultiCauseEffect {
		end #cause cause1 : Causer1;
		end #cause cause2 : Causer2;
		end #effect effect1 : Effected1;
		end #effect effect2 : Effected2;
	}
	
	part causer1 : Causer1;
	part causer2 : Causer2;
	part effected1 : Effected1;
	part effected2 : Effected2;
	
	#multicausation connection : MultiCauseEffect connect
		( cause1 ::> causer1, cause2 ::> causer2,
		  effect1 ::> effected1, effect2 ::> effected2 );
		  
	#multicausation connect
		( cause1 ::> causer1, cause2 ::> causer2,
		  effect1 ::> effected1, effect2 ::> effected2 );

    occurrence a;
    item b;
    part c;
    action d;
    
	#multicausation connection {
		end #cause ::> a;
		end #cause ::> b;
		end #effect ::> c;
		end #effect ::> d;
	}
	
	#cause causeA ::> a;
	#cause causeB ::> b;
	#effect effectC ::> c;
	#effect effectD ::> d;
	
	#multicausation connect ( causeA, causeB, effectC, effectD );
	
	#causation connect a to c;
	#causation connect b to d {
		@CausationMetadata {
			isNecessary = true;
			probability = 0.1;
		}
	}
}","To create a SysML v2 model for a cause and effect scenario, I will define a package called `CauseAndEffectExample`. This package will include the following elements:

1. **Parts Definition**: I will define four parts named `Causer1`, `Causer2`, `Effected1`, and `Effected2` that represent the entities involved in the causation.

2. **MultiCausation Connection**: I will create a connection type called `MultiCauseEffect` that specifies multiple causes and effects. This connection will link `cause1` to `Causer1` and `cause2` to `Causer2`, while connecting `effect1` to `Effected1` and `effect2` to `Effected2`.

3. **Instances**: I will instantiate each part (`causer1`, `causer2`, `effected1`, and `effected2`) to represent specific instances of the defined parts within the model.

4. **Causation Instances**: Another mulitcausation connection will be established to connect generic occurrences and items (labeled `a`, `b`, `c`, and `d`) to represent general causation relationships.

5. **Causation Metadata**: I will set additional metadata for specific causation connections (from `a` to `c` and from `b` to `d`), indicating that the second connection is necessary with a probability value of 0.1.

This model will visually represent the interactions and dependencies between causes and effects, allowing for later analysis and verification of relationships in the system under consideration.","[-4.35500499e-03 -6.55566007e-02  4.70807925e-02  1.45804398e-02
 -1.04553476e-02  8.76850728e-03  3.94438431e-02  1.60501804e-02
  1.96839105e-02  2.45365817e-02  2.34454479e-02 -8.52431953e-02
  6.16945028e-02 -9.30549670e-03  5.09903580e-02  3.94038521e-02
 -1.76526736e-02 -2.07938943e-02 -8.10700208e-02  1.39440261e-02
  7.35012367e-02 -4.52241525e-02 -3.54241282e-02  1.96478665e-02
 -1.07911989e-01 -5.62730245e-02 -1.61269512e-02  7.97056928e-02
  1.26890764e-01 -4.74283136e-02  4.45117382e-03  8.79875422e-02
 -1.30507380e-01  2.03472544e-02  4.70798127e-02  6.11595474e-02
  6.72323303e-03  1.46845244e-02 -1.13066547e-01 -2.09670886e-02
  7.44064450e-02 -1.05884187e-02 -2.90934741e-02 -4.18646038e-02
  2.03883853e-02 -3.85841355e-02  1.03108780e-02  7.16652907e-03
 -1.39702111e-02 -6.70902580e-02 -5.50647527e-02  3.11892992e-03
 -1.38615333e-02 -1.12230200e-02  4.28941175e-02 -1.74139086e-02
  6.38715848e-02 -2.20552813e-02 -1.45423993e-01 -6.57858187e-03
 -5.45815304e-02 -2.67617274e-02 -6.75478429e-02 -7.23081827e-02
 -9.04046837e-03  6.77410513e-02 -1.12919444e-02  5.15716746e-02
  8.12443048e-02  7.99198300e-02 -8.27711970e-02 -1.87808145e-02
  5.54379448e-03 -3.10221557e-02  8.68405774e-03  3.29874121e-02
  9.95710492e-02  1.28535992e-02  3.46066337e-03 -1.19909190e-01
  1.33284526e-02  2.53857626e-03 -2.40641478e-02 -5.04162833e-02
  2.75475103e-02 -4.94252928e-02  5.96153103e-02 -9.73607078e-02
  6.29905611e-02  1.01678699e-01  6.94776839e-03  2.25919252e-03
  1.27745584e-01 -1.14352824e-02  7.14455545e-02  5.17528430e-02
  2.53858697e-02  2.82813460e-02  7.32472166e-02  2.47103833e-02
 -2.41691656e-02  7.87296053e-03  3.40062827e-02  2.48713810e-02
  4.23887838e-03 -9.56129096e-03 -6.92970306e-02 -7.40920901e-02
 -3.29437889e-02 -8.57528821e-02 -2.42972933e-03  6.40381798e-02
 -8.55546352e-03 -8.78762156e-02 -2.63657551e-02  4.33307253e-02
  1.89644918e-02 -1.81814376e-02  6.15519956e-02 -2.74778157e-03
  7.73081835e-03 -7.41179101e-03  7.74769485e-02 -1.71997827e-02
  3.74782411e-03 -5.19665666e-02 -7.49047399e-02  2.72062676e-33
  1.45710837e-02 -7.67856315e-02 -8.25652014e-03  7.37779066e-02
  4.90368307e-02  1.01894893e-01 -1.10031171e-02  3.32713202e-02
 -7.23419935e-02  1.25090946e-02 -6.68483824e-02 -4.58871908e-02
 -5.41462302e-02 -6.12787716e-03  1.17453430e-02  7.05874944e-03
 -4.95083295e-02  1.76906940e-02 -2.20434032e-02  3.45240310e-02
 -9.91262961e-03 -3.48824225e-02 -6.55555949e-02  2.24062037e-02
  2.63219271e-02  6.62918761e-02  4.75761183e-02  2.16568783e-02
 -1.89984627e-02 -4.66462085e-03  2.51620226e-02 -1.28724109e-02
  6.56571286e-03  3.64378616e-02 -9.36178491e-03 -1.99125987e-02
  1.61871291e-03 -1.95312537e-02  4.09537777e-02 -4.77591045e-02
  8.64415616e-03  2.67112963e-02  2.64674965e-02  1.60681102e-02
 -2.82869451e-02 -5.63495606e-02 -9.31038931e-02  7.14712068e-02
  1.22775715e-02 -3.89647274e-03  3.76644060e-02 -1.59996585e-03
  9.03666094e-02 -1.81842670e-02 -3.90680395e-02  1.63674708e-02
 -3.15902792e-02  3.75974588e-02  3.08309663e-02  6.49198964e-02
 -6.44721165e-02  1.15239620e-02 -2.04160791e-02  4.48538847e-02
  8.76736790e-02  7.62381479e-02 -9.89633496e-04 -8.50484073e-02
  2.68156752e-02  3.04006878e-02 -1.12122305e-01  9.08419043e-02
 -6.12019077e-02  1.80307236e-02  1.91126298e-02 -7.04153553e-02
 -5.16515225e-02 -2.04356853e-02 -1.98516287e-02  7.08549172e-02
 -1.02697499e-01  5.52913509e-02 -3.05621941e-02  8.44627023e-02
 -6.77700937e-02  1.21960593e-02 -3.80662791e-02 -1.01686083e-01
 -2.85516549e-02 -7.76286423e-02  6.72211573e-02 -1.70569699e-02
  8.90465677e-02  1.18400250e-02 -3.24399248e-02 -5.13110043e-33
 -1.44587597e-02  3.88719961e-02  4.34883088e-02 -3.73103879e-02
  2.76027471e-02 -1.76160783e-02  1.07040135e-02 -4.97185215e-02
 -2.22032163e-02  2.14802586e-02  3.40498164e-02  5.44541935e-03
  6.86231814e-03 -5.21013960e-02 -1.51652861e-02  3.95628549e-02
 -2.97333184e-03 -1.12328626e-01  4.50186199e-03  6.86192811e-02
 -1.31325228e-02  4.34015915e-02  4.18902524e-02 -5.98169342e-02
  1.97245670e-03 -2.56452728e-02  2.62013543e-02  4.27353196e-03
  3.28970961e-02  3.69974859e-02  3.37691456e-02  3.36864106e-02
 -2.38327365e-02 -1.66634750e-02 -6.12685494e-02 -1.45349242e-02
  8.66488274e-03 -5.68747967e-02  2.85192509e-03 -6.92305565e-02
  6.41362835e-03  5.18972538e-02 -6.28560409e-02  2.24910062e-02
  2.97883656e-02  4.14427929e-02 -5.22001237e-02  6.54481677e-03
 -2.20610481e-02  1.08027216e-02 -8.86346176e-02 -2.79557779e-02
 -4.14418988e-02  1.94502063e-02 -4.33473550e-02 -9.02056508e-03
  2.66167186e-02 -7.20772967e-02 -3.47874276e-02 -1.51882702e-02
  1.49642732e-02 -8.06765854e-02  2.75605563e-02 -3.05824466e-02
  4.88617346e-02 -2.71316264e-02 -1.20961079e-02 -7.46135488e-02
  4.97119091e-02 -5.22718579e-02  1.99137139e-03  7.91490078e-02
 -5.45488261e-02 -7.91205838e-02  3.32736373e-02  2.27393378e-02
 -1.05586231e-01  1.48882493e-02  1.58528332e-02  4.02468555e-02
 -1.49099141e-01  3.56664248e-02  6.73206598e-02  4.41876650e-02
 -6.54807836e-02 -3.30037368e-03  5.17389923e-02  1.35065332e-01
  6.98120520e-02  4.65220734e-02 -8.01851973e-02  5.30019291e-02
  3.72844934e-03  1.61365420e-01 -6.78483099e-02 -5.58874795e-08
  3.03060878e-02 -2.28304905e-03 -4.77008633e-02  1.13664987e-02
  1.10795563e-02  2.10003811e-03 -1.54519394e-01  4.29058447e-02
 -3.95090505e-02  6.77727163e-02 -7.11533949e-02  7.99870118e-02
 -8.12356547e-02  2.51346827e-02  1.18278097e-02  3.35777700e-02
 -1.01475632e-02  6.25886256e-03 -7.65841454e-02 -5.85051477e-02
  4.28382084e-02 -7.27604202e-04 -1.70699786e-02  9.33293924e-02
  4.97411750e-02 -2.71907374e-02  3.29740942e-02  2.02344414e-02
  8.15025438e-03 -5.07689342e-02  2.87626758e-02 -2.35345494e-02
 -3.21820341e-02  6.42750114e-02 -4.64047603e-02  4.45904471e-02
 -2.56983042e-02  1.39998719e-02  5.37444800e-02  7.13838637e-03
  3.85803767e-02 -3.27901617e-02 -1.28378505e-02  6.90480620e-02
  5.41132614e-02 -5.58210490e-03 -9.23075303e-02 -7.54205585e-02
  2.25145649e-02  7.71050826e-02 -7.94626772e-02  3.68360281e-02
 -3.99089791e-02  6.55368790e-02 -2.18839776e-02  2.65498343e-03
  4.23154272e-02 -1.15710227e-02  9.64878350e-02 -5.44504225e-02
 -1.04072029e-02 -2.06021201e-02 -1.56231206e-02 -4.18490209e-02]"
14,../models/Cause and Effect Examples/MedicalDeviceFailure.sysml,"package MedicalDeviceFailure {
	private import CauseAndEffect::*;
	
	part medicalDevice {
		part battery {
			event occurrence depleted;
			event occurrence cannotBeCharged;
		}
		
		event occurrence deviceFails;
		
		ref patient {
			event occurrence therapyDelayed;
		}
		
		#multicausation connection {
			end #cause ::> battery.depleted;
			end #cause ::> battery.cannotBeCharged;
			end #effect ::> deviceFails;
		}
		
		#causation connect deviceFails to patient.therapyDelayed;
	}	
	
}","I want to create a SysML v2 model named ""MedicalDeviceFailure"" that captures the interactions and events related to a medical device and its battery. The model includes:

- A part called ""medicalDevice"" which contains:
  - A battery part with two events: ""depleted"" and ""cannotBeCharged"".
  - An event ""deviceFails"" for the medical device itself.
  - A reference to a ""patient"" part, with an event ""therapyDelayed"".

Additionally, I want to establish a multi-causation connection where both ""battery.depleted"" and ""battery.cannotBeCharged"" contribute as causes to the effect ""deviceFails"". Also, I need a causation connection linking ""deviceFails"" to ""patient.therapyDelayed"", indicating that a device failure can lead to a delay in patient therapy.","[-2.99357250e-02 -6.35388959e-03  2.37323511e-02  6.29926519e-03
  6.11790828e-03  8.18273351e-02  3.18202265e-02  5.59334643e-02
  1.29536828e-02  3.10686678e-02  3.90607789e-02 -7.90669769e-02
  7.59421960e-02  6.89813122e-02  1.94680202e-03  4.05546501e-02
 -1.13845663e-02  3.28125921e-03 -6.84896717e-03  5.67672439e-02
  8.57819170e-02 -2.49475054e-02  5.22582326e-04  5.73488465e-03
 -8.92769694e-02 -5.01819029e-02 -8.83545820e-03  4.03625406e-02
  3.26547772e-02 -3.52433510e-02  1.99061614e-02  5.14063612e-02
 -1.30031869e-01 -2.37927213e-02  1.05525531e-01  9.35347099e-03
  4.38279519e-03  6.05657771e-02 -7.61555657e-02 -3.83164436e-02
  5.96058555e-02 -1.67319197e-02  1.06807277e-02 -3.98016162e-03
  1.00758793e-02  2.87002092e-03 -1.73607599e-02  3.35875228e-02
 -1.53305186e-02  9.72569454e-03 -3.24444063e-02 -1.92797258e-02
  5.68882115e-02 -2.22331774e-03  3.75680476e-02 -9.12390300e-04
  1.38554545e-02 -2.21988745e-02 -1.39275938e-01 -5.69550842e-02
 -2.13057734e-02  1.22961327e-02 -9.66467783e-02 -3.38963680e-02
 -6.22461643e-03  1.09232053e-01 -1.66932009e-02  7.58817494e-02
  1.74262142e-03  1.14780821e-01 -1.82106532e-02 -5.33827506e-02
 -9.51596443e-03 -1.60712637e-02  2.45144311e-03  4.11293209e-02
  7.41877332e-02 -1.41440090e-02  2.53553092e-02 -9.50866714e-02
 -6.89814193e-03  3.58895934e-03 -2.02108715e-02 -9.37309396e-03
  3.81155983e-02 -8.80534202e-03  2.20573042e-03 -6.70010597e-02
  8.98652431e-03  2.97966022e-02 -1.44812157e-02 -9.36166849e-04
  1.22166574e-01 -3.38206813e-02  6.78155124e-02  2.64712665e-02
  3.72293009e-03 -2.96110548e-02  3.40580568e-02  4.46689315e-02
 -3.65491547e-02  2.78538913e-02 -2.73552705e-02  2.13229917e-02
  4.37655821e-02 -2.03046445e-02 -7.23288581e-02 -5.33664562e-02
 -3.40405740e-02 -1.85863525e-02  6.78226873e-02  6.87347874e-02
  2.48751361e-02 -3.01037785e-02  3.66128236e-02  9.23724994e-02
  2.10235398e-02  1.51840942e-02  9.96867418e-02 -7.01224580e-02
 -1.01949153e-02 -4.12031971e-02 -4.80773300e-02 -6.90930039e-02
 -4.19695541e-04 -8.78180936e-02 -7.41736367e-02 -9.64505513e-35
  2.05302462e-02 -2.43972037e-02  2.37824041e-02  6.00657575e-02
  3.65107805e-02  1.03592709e-01 -3.50508392e-02 -7.51813408e-03
 -1.71837006e-02 -4.68007987e-03 -6.40500784e-02 -3.27713266e-02
 -2.23507863e-02 -7.62283057e-02 -4.72882651e-02 -3.23143154e-02
 -3.52153443e-02  3.69269438e-02  1.77115798e-02 -1.93854212e-04
 -2.27359161e-02 -5.25787473e-02 -8.79364759e-02  4.67123687e-02
  4.24645096e-02  1.51372664e-02  4.81671989e-02  5.27482145e-02
  1.25246346e-02  2.95254737e-02  4.14610691e-02  2.39967718e-03
  2.50412934e-02 -1.31794009e-02 -2.85624731e-02 -4.43025306e-02
 -4.77577187e-02 -2.39918306e-02  5.36439866e-02 -8.39241501e-03
 -1.68511905e-02  2.46403390e-04 -7.71886529e-03 -1.45161916e-02
 -8.34614411e-02 -9.70912054e-02 -3.96095105e-02 -1.73161868e-02
 -2.04103198e-02 -1.23599125e-03  1.32399593e-02 -2.92028002e-02
  3.72750014e-02 -6.41427040e-02 -6.28527924e-02  1.71488151e-02
 -6.17218614e-02  5.36626801e-02  2.12702737e-03  4.67106961e-02
  1.13601042e-02  5.19147376e-03 -2.02591084e-02  2.85514798e-02
  7.41433427e-02  5.42803146e-02 -1.96825992e-02 -1.71094596e-01
 -8.59126262e-03 -2.65610069e-02 -8.77944976e-02  4.79383841e-02
 -5.32264151e-02 -1.00572500e-02  2.25231587e-03 -4.26812619e-02
 -3.90842231e-03  4.02674312e-03 -2.46275198e-02  1.08550284e-02
 -1.16071433e-01 -3.32232267e-02 -4.02985886e-02  1.15374327e-01
  5.15062886e-04 -4.94137928e-02 -7.56837651e-02 -9.48774517e-02
 -1.28058389e-01 -8.89932141e-02  2.47966088e-02 -1.85922980e-02
  7.75553212e-02  3.13349627e-02 -3.84116219e-03 -1.66321779e-33
  6.22523483e-03 -4.70904186e-02  1.31704643e-01 -5.32975979e-02
  7.65091702e-02 -3.73312868e-02  2.76958905e-02 -9.21892598e-02
 -2.36676745e-02  4.59389761e-02  3.52802388e-02  1.70738697e-02
 -4.64964248e-02  3.89880617e-03  2.74800062e-02  6.60064071e-02
  4.15834524e-02 -9.34775472e-02  2.70700641e-02  6.65153861e-02
  2.28669960e-02  6.97747171e-02  1.06691690e-02 -5.39336838e-02
  4.10755817e-03 -9.39057022e-03  3.58255431e-02  1.79957319e-03
  4.38166931e-02  1.55673129e-02 -4.13151160e-02 -3.12938448e-03
  3.53741981e-02 -1.70988590e-02 -4.39435318e-02 -2.71897670e-03
  5.53918593e-02 -9.56093594e-02 -2.79720873e-02 -7.28410780e-02
  6.19608387e-02  4.41793837e-02 -6.51511997e-02 -5.78753743e-03
  4.14577685e-02 -1.47406552e-02 -4.04956900e-02  1.62268355e-02
  1.92614552e-02  2.17399597e-02 -5.19642234e-02 -3.47952917e-02
 -3.62244174e-02  8.53647962e-02 -6.58251569e-02 -6.00927370e-03
  1.20828770e-01 -7.53076822e-02 -6.62829503e-02 -1.65031180e-02
  3.02913897e-02 -7.09170625e-02  1.71544608e-02  1.36684719e-02
  6.33981079e-02 -2.85462197e-02  2.14584228e-02 -1.11181885e-02
  5.64507581e-02 -4.81699146e-02  4.64409478e-02  1.17368802e-01
 -2.70904433e-02 -3.43577787e-02  2.60121506e-02 -2.22126953e-02
 -8.42986628e-02 -2.68678349e-02  1.07821682e-02 -6.58213273e-02
 -9.22802165e-02  2.16770489e-02  8.51355121e-02  1.11197187e-02
 -3.99619006e-02  2.74143871e-02  5.36222532e-02  1.36774644e-01
  5.96214496e-02  5.58780320e-02 -1.16486207e-01  3.26317223e-03
  2.45233625e-02  1.55959219e-01 -9.50678885e-02 -4.90069887e-08
  3.85452174e-02  5.44773303e-02  3.95358875e-02 -2.73237992e-02
 -2.19673254e-02 -1.31106265e-02 -9.14815888e-02 -4.41213027e-02
  1.34252962e-02  5.14758341e-02 -1.00101069e-01  6.95192888e-02
  8.92041158e-03  6.77075703e-03  2.33131163e-02  4.80025150e-02
 -9.11247451e-04  4.30423133e-02 -6.71843290e-02 -4.66627255e-03
  6.34959340e-02  4.11349954e-03 -2.70431228e-02  8.14043134e-02
  5.85996062e-02  7.11817760e-04 -2.09481455e-02  4.86160116e-03
  2.41175964e-02 -6.40368760e-02  3.35273449e-04  3.02739851e-02
 -2.30245087e-02  5.19227237e-03 -6.86533153e-02  2.08836831e-02
 -1.51193356e-02 -5.92619479e-02 -1.79010835e-02  1.00134211e-02
  5.08047901e-02  1.71213262e-02 -3.33081335e-02  8.84600207e-02
  8.42950344e-02 -1.49276282e-03 -2.11664047e-02 -1.14132091e-01
 -2.60802973e-02  1.06255285e-01 -6.49376214e-02  1.56341307e-02
 -5.15909353e-03  9.99411847e-03 -8.20618346e-02  6.14011586e-02
  2.45839674e-02  1.52821373e-02  4.42367345e-02 -3.24026681e-02
  8.88246223e-02  3.22969072e-02  2.68875491e-02 -2.39980314e-02]"
15,../models/Comment Examples/Comments.sysml,"package Comments {
	doc /* Documentation Comment */

	doc /* Documentation about Package */

	comment cmt /* Named Comment */	
	comment cmt_cmt about cmt /* Comment about Comment */
	
	comment about C /* Documention Comment on Part Def */
	part def C {
		doc /* Documentation in Part Def */
		comment /* Comment in Part Def */
		comment about Comments /* Comment about Package */
	}
}","To create a SysML v2 model for the package ""Comments,"" I want to define the following elements:

1. A package named ""Comments"" that contains:
   - A documentation comment that describes the purpose of the package.
   - A named comment (`cmt`) with an associated comment about it (`cmt_cmt`) that provides additional context on `cmt`.
   - Another comment that serves as documentation for a part definition `C`.

2. Inside the part definition `C`, I want to include:
   - A documentation comment explaining the part.
   - A general comment regarding the part definition.
   - A comment referencing the package Comments for clarity.

This model captures the relationships between comments, documentation, and part definitions within the package structure.","[-6.49848133e-02 -1.71000622e-02  3.40781957e-02  3.23835835e-02
  2.20106784e-02 -2.14840495e-03  7.19871521e-02  2.81766392e-02
 -2.00093128e-02 -1.91030148e-02  1.73410289e-02 -7.06089586e-02
  8.17444846e-02  7.22632781e-02  9.01981145e-02  5.24485186e-02
  5.61388843e-02 -1.08838901e-02 -4.04084474e-02  6.14868884e-04
  7.11646900e-02  2.48833839e-02  2.69265790e-02  7.09166899e-02
 -5.13735414e-02  5.93992099e-02 -1.22482227e-02  7.15786293e-02
  3.52687240e-02  2.25121994e-02  1.24624977e-02  9.93226096e-02
 -2.13226061e-02  3.00198961e-02  6.17272072e-02  7.95739591e-02
  2.40701251e-02 -2.21178997e-02 -2.78607048e-02 -6.33849278e-02
  3.17891082e-03  4.41318564e-02  5.58901485e-03  1.60867572e-02
  2.99023185e-02 -3.79406512e-02  4.91243675e-02 -2.24249102e-02
 -4.08175103e-02 -1.47853000e-02 -5.41914068e-02 -1.77074242e-02
 -8.86996742e-03 -3.58618349e-02  1.25307618e-02  1.01636752e-01
  3.38392034e-02 -3.60983312e-02 -1.29062757e-01 -1.44811431e-02
 -1.48001183e-02 -1.22636687e-02 -9.47131366e-02 -3.27558257e-02
 -8.37138295e-02  2.83866227e-02 -9.45092216e-02  2.17095241e-02
  1.75492186e-02  1.07152082e-01 -1.24392971e-01  2.03270465e-02
  4.84280661e-02  1.84499603e-02 -6.77976152e-03  3.29291262e-02
  8.91858488e-02  2.38427054e-02 -2.50287820e-03 -1.29628763e-01
 -3.70274968e-02  2.52444837e-02 -3.20858601e-03  5.97478542e-03
  1.51959378e-02 -3.73452529e-03  1.08170390e-01 -3.13453823e-02
  2.42043491e-02  4.53900024e-02 -1.51966437e-04 -1.31143436e-01
  8.79061669e-02 -2.17974372e-02  7.37111270e-02  4.50377800e-02
  5.23832142e-02 -4.73493747e-02  3.45045067e-02  2.92718168e-02
 -5.01183234e-02  8.73871669e-02  1.02030709e-01 -2.56152842e-02
 -1.12822913e-02  4.58395854e-02 -1.19820632e-01 -7.43846968e-02
 -6.88379183e-02 -7.05544204e-02 -3.93450297e-02  9.25748721e-02
 -6.14316687e-02 -3.83695029e-02  3.38553041e-02 -4.94957343e-02
  6.87841251e-02 -7.08220080e-02  9.64576900e-02 -6.22234121e-02
  4.78084460e-02 -2.16028579e-02  4.16219570e-02  5.76509386e-02
  5.76830134e-02 -2.72416994e-02 -1.00097410e-01 -2.12738139e-33
  8.40249099e-03  1.48870880e-02 -1.63147561e-02  1.12754941e-01
 -3.24632949e-03  8.91567618e-02  2.93640681e-02  7.77269667e-03
 -2.87506338e-02  1.03647076e-02 -4.57803681e-02 -5.57485372e-02
 -4.19261009e-02  2.79749054e-02 -3.86194065e-02  9.60021745e-03
 -6.81004450e-02  9.13497731e-02  1.26051074e-02 -7.12617720e-03
 -3.74956354e-02  5.18512428e-02 -9.16388258e-02  1.61365010e-02
  6.05966300e-02  1.08886585e-02  7.42296949e-02 -6.20382167e-02
 -6.53864741e-02 -1.99938752e-02  3.12861428e-02  6.44152379e-03
  7.36122429e-02  3.97262387e-02  2.87993494e-02 -6.85392180e-04
 -8.10873695e-03 -2.97849365e-02  5.54221421e-02 -5.69291599e-02
  8.34777206e-02  4.96348664e-02 -1.83511162e-04  5.22441603e-02
 -5.25830016e-02  6.06350022e-06 -6.09424599e-02  3.19411382e-02
  5.19485623e-02 -5.81161678e-02  3.45982090e-02  2.34755315e-02
  5.93511537e-02 -1.26882158e-02 -7.15015829e-02 -8.03386122e-02
  3.09113022e-02  4.83058952e-02 -3.73981567e-03 -2.97142379e-02
 -3.48969214e-02  2.68850289e-02 -5.99034969e-03  1.65050346e-02
  5.70646524e-02  3.38026658e-02 -6.82448596e-02 -6.49009598e-03
  6.91760406e-02 -3.01719848e-02 -6.36624992e-02  6.11240193e-02
 -1.29430201e-02  3.74890603e-02  5.16816368e-03 -5.65833971e-02
 -1.21553410e-02 -1.24911033e-02 -3.09154987e-02  9.75730084e-03
 -1.08263530e-01  4.69311252e-02 -3.66231725e-02  8.95018969e-03
 -2.89107934e-02 -1.91452540e-02  5.05243940e-03 -8.17088932e-02
 -4.82916050e-02 -1.29214898e-01 -1.73398238e-02 -5.15027456e-02
 -5.57885468e-02 -3.61504257e-02  5.01316274e-03  7.95106675e-35
  7.31443167e-02  9.61294491e-03  8.55704695e-02 -1.34530226e-02
 -3.39221954e-02 -5.70208132e-02  1.29350042e-03  5.84938237e-03
  2.31995005e-02  4.98353466e-02  1.15518905e-02 -1.51679646e-02
  1.00433063e-02 -2.05538310e-02  1.94104929e-02  3.44636962e-02
 -5.59193529e-02 -1.20378897e-01  6.39709160e-02  6.33258373e-02
  3.29492637e-03  3.42655256e-02  3.66453058e-03  5.74108865e-03
  5.50264679e-02 -4.06323932e-02  4.55117747e-02  2.33551636e-02
  4.59129326e-02 -2.65731867e-02  2.93877162e-02 -1.22074923e-02
 -2.87291184e-02 -1.18972488e-01 -5.36949933e-02 -6.64628893e-02
 -8.59339908e-02 -7.40792826e-02  7.19012879e-03 -7.40818214e-03
  3.64654623e-02  3.56431119e-02 -6.54349327e-02  4.15404998e-02
 -2.44531017e-02 -2.55808309e-02  2.98443139e-02 -3.61024030e-02
 -5.32410033e-02 -4.76997234e-02 -7.24576488e-02 -8.54399055e-02
 -4.12895111e-03  2.17880905e-02  2.92666280e-03  2.24450566e-02
  3.89983319e-02 -1.43923052e-02  5.42760976e-02 -4.28506136e-02
  5.03726006e-02  4.83131669e-02  1.69352181e-02 -1.64092798e-02
  1.39491213e-02 -6.80692419e-02 -3.13611478e-02 -5.62879741e-02
  3.90589796e-03 -8.15425254e-03 -1.92563087e-02  1.29333232e-02
 -3.50530855e-02  2.43629646e-02  9.64097977e-02 -6.38870522e-03
 -1.03406338e-02  4.02086973e-02  4.42413948e-02  1.19290249e-02
 -1.00638904e-01 -2.04913840e-02  2.38120351e-02  7.45467097e-02
 -2.86327861e-03 -7.67721608e-02  2.22383328e-02  1.30558491e-01
  8.38737004e-03 -4.96634282e-03 -3.49628143e-02  5.33409929e-03
  2.58929245e-02  1.32172316e-01 -1.58111807e-02 -4.41648780e-08
 -8.20385590e-02 -8.34122114e-03 -6.25967681e-02 -1.01175364e-02
 -1.71278685e-03  3.61942910e-02 -4.67770845e-02  2.47747824e-02
 -3.88280600e-02  4.65751402e-02 -2.49013603e-02  4.30976748e-02
 -9.11863670e-02 -9.22755059e-03 -9.40759629e-02  5.60807437e-02
 -3.59894219e-03  4.26926240e-02 -5.26111983e-02 -3.56635381e-03
  2.79269777e-02  5.83536737e-02 -1.48956636e-02  4.24944200e-02
  6.82623535e-02 -1.21751605e-02 -2.72168256e-02  3.61503027e-02
  3.79600003e-02 -1.57354455e-02  5.28799221e-02  5.08094160e-03
 -3.85479932e-03  8.97465739e-03  4.77876747e-03  3.70916277e-02
  8.83432105e-03  6.34093769e-04  1.17429107e-01  4.60651470e-03
 -3.61229852e-02 -3.94377559e-02 -5.43135926e-02  5.95427454e-02
  5.15413210e-02  2.47269366e-02 -1.14610031e-01 -7.87466094e-02
 -4.05669585e-02  1.05034346e-02 -4.52483334e-02  1.23276152e-02
 -8.39669257e-02  3.38379256e-02 -1.05127610e-01  4.49605547e-02
  2.59181391e-02 -1.68111008e-02  7.00566247e-02 -8.42135772e-02
 -6.15898967e-02  8.02888069e-03  1.35142356e-02  4.51854095e-02]"
16,../models/Flashlight Example/Flashlight Example.sysml,"package 'Flashlight Example' {
	
	attribute def OnOffCmd;
	attribute def Light;
	
	port def OnOffCmdPort {
		out onOffCmd : OnOffCmd;
	}
	
	port def LightPort {
		out light: Light;
	}
	
	part context {
		part user {
			port onOffCmdPort: OnOffCmdPort;
			perform illuminateRegion.sendOnOffCmd {
				out onOffCmd = onOffCmdPort.onOffCmd;
			}
		}
		
		interface userToFlashlight connect user.onOffCmdPort to flashlight.onOffCmdPort {
			ref flow references illuminateRegion.onOffCmdFlow
				from source.onOffCmd to target.onOffCmd; 
		}
		
		part flashlight {
			port onOffCmdPort: ~OnOffCmdPort;
			
			perform illuminateRegion.produceDirectedLight {
				in onOffCmd = onOffCmdPort.onOffCmd;
				out light = lightPort.light;
			}
			
			port lightPort: LightPort ;
		}
		part reflectingSource {
			port lightPort: ~LightPort;
			
			perform illuminateRegion.reflectLight {
				in light = lightPort.light;
			}
		}
	}
	
	action illuminateRegion {
		action sendOnOffCmd { out onOffCmd: OnOffCmd; }
		
		succession flow onOffCmdFlow from sendOnOffCmd.onOffCmd to produceDirectedLight.onOffCmd;
		
		action produceDirectedLight { in onOffCmd; out light: Light; }
		
		succession flow lightFlow from produceDirectedLight.light to reflectLight.light;
		
		action reflectLight { in light: Light; }
	}
	
	
	
}","I want to create a SysML v2 model named **""Flashlight Example.""** 

The model includes the following elements:

- **Attributes:**
  - `OnOffCmd` to represent commands for turning the flashlight on or off.
  - `Light` to represent the emitted light from the flashlight.

- **Ports:**
  - `OnOffCmdPort` for outputting the `OnOffCmd`.
  - `LightPort` for outputting the `Light`.

- **Parts:**
  - **User:** 
    - Contains the `onOffCmdPort` to send commands.
    - Performs the action `illuminateRegion.sendOnOffCmd` to send `OnOffCmd`.
  - **Flashlight:**
    - Contains `onOffCmdPort` to receive commands.
    - Performs `illuminateRegion.produceDirectedLight` to process commands and produce `Light`.
    - Outputs the `Light` through `LightPort`.
  - **Reflecting Source:**
    - Contains `lightPort` to take in `Light`.
    - Performs `illuminateRegion.reflectLight` to reflect the light.

- **Interface:**
  - `userToFlashlight` connects the `User` and `Flashlight` for command communication.

- **Action:**
  - **Illumination Region** defines actions:
    - `sendOnOffCmd` generates the `OnOffCmd`.
    - `produceDirectedLight` processes input command to output `Light`.
    - `reflectLight` takes in `Light` for reflection.
    
- **Flow:**
  - `onOffCmdFlow` links the sending and receiving of `OnOffCmd`.
  - `lightFlow` connects the output of `Light` to the reflecting source.

This model captures the interaction between a user sending commands to a flashlight which, based on those commands, emits light that is then reflected by a source.","[-1.65851973e-02 -8.41550604e-02  8.98962654e-03  7.77789578e-02
 -3.59631493e-03 -2.12322455e-02  2.50400733e-02  3.32400575e-02
 -2.81634796e-02  6.45688176e-02  7.23492876e-02 -1.20635435e-01
  2.81539652e-03  3.08111440e-02  5.70340604e-02  6.10793792e-02
  4.48295884e-02 -6.74092919e-02  2.86799826e-04 -5.67945605e-03
  1.41148314e-01 -6.27597887e-03  6.13160692e-02 -2.21010502e-02
 -5.61283305e-02 -6.58710152e-02  2.86588911e-02  2.63663791e-02
  3.11204456e-02 -7.63139427e-02  3.50454412e-02  6.27726316e-02
 -6.25065416e-02  1.40560977e-02  6.42041788e-02  5.02561033e-02
  7.78279230e-02 -8.92150328e-02 -1.04189999e-01 -1.08038656e-01
  5.79674989e-02 -5.65286055e-02 -4.06894721e-02 -6.35784864e-02
 -5.10155819e-02 -6.45690858e-02  1.98056996e-02 -5.07242717e-02
 -3.96245643e-02 -1.18215047e-02 -2.52716839e-02 -2.91058160e-02
  4.02275026e-02 -8.95245373e-03  2.30206475e-02  6.23196550e-02
 -1.44763151e-02  1.72121674e-02 -2.49967203e-02 -8.58130679e-02
 -5.56793772e-02 -4.41065896e-03 -7.38504305e-02 -9.46032554e-02
 -2.28506681e-02  2.10944656e-02 -8.60504657e-02 -1.27161676e-02
  9.60833672e-03  3.37008499e-02 -1.09796129e-01 -4.90318015e-02
  1.91500969e-02 -2.69366684e-03  1.38238131e-04 -8.05754773e-03
  6.63977414e-02  7.42829172e-03 -7.73723572e-02 -1.28398195e-01
 -5.80079295e-03 -7.99178146e-03 -9.39740613e-02  2.38860436e-02
  6.15181476e-02  4.95995879e-02 -5.33774449e-03 -2.01513357e-02
  3.55010852e-02  1.49511881e-02 -4.75101434e-02 -7.04640150e-02
  4.24081506e-03  3.75018176e-03  2.55686752e-02  1.61244981e-02
  2.46187840e-02 -2.31562508e-03 -3.56253646e-02  2.81642992e-02
 -2.05146093e-02 -5.75763546e-03  3.62735754e-03 -4.15076464e-02
  2.30911188e-02 -1.17441518e-02 -6.66698292e-02  1.78739987e-02
 -8.70751217e-02 -4.94854413e-02  5.90227991e-02  1.05057709e-01
 -6.72435462e-02 -2.61860974e-02  7.55596980e-02  5.04170880e-02
  3.05913296e-02  2.02984232e-02  1.80844292e-02 -2.30431370e-02
  3.25570740e-02 -8.01739190e-03  1.00552207e-02  1.05855763e-01
  6.98191673e-02 -4.96437475e-02 -2.57056369e-03  3.55173276e-34
  4.49571237e-02 -1.65805407e-02 -4.94573042e-02  9.49626416e-02
  4.83888276e-02  8.39787349e-02  6.35249466e-02  2.87940726e-02
 -3.47047597e-02  2.98673175e-02 -7.80399218e-02 -3.44116502e-02
 -1.15012266e-02 -1.59249250e-02  2.85429955e-02 -6.79505840e-02
  4.21787761e-02  8.41480270e-02 -1.19846957e-02 -7.13169249e-03
  5.19542284e-02  7.73746148e-02 -7.44774416e-02 -2.50205975e-02
 -5.77399228e-03  8.90728086e-02  6.28186716e-03  3.31790522e-02
 -2.39534862e-02  2.38315705e-02  5.49476296e-02  2.29902882e-02
  3.08214445e-02  3.18828970e-02  2.99343118e-03  1.85747370e-02
 -2.23422870e-02  9.20948759e-03  1.13557065e-02 -6.52609095e-02
 -2.61319261e-02  4.14326862e-02 -7.11231902e-02 -9.74295847e-03
 -6.01719394e-02 -6.62240908e-02 -7.13754222e-02  5.24194203e-02
  9.04797912e-02 -5.31799160e-03  2.46982388e-02 -3.66742648e-02
  4.54202853e-02 -7.92151969e-03  9.17073432e-03 -2.57443301e-02
 -1.62304174e-02  8.27623531e-02  8.06165412e-02  2.45105475e-02
  7.76009727e-03  5.09309471e-02 -8.47582333e-03  3.13262306e-02
  6.83326721e-02  3.64879705e-02  1.60281006e-02 -5.61912619e-02
  6.49923342e-04 -2.39101355e-03 -9.43963975e-02  6.64526001e-02
 -4.17838059e-03  7.70362541e-02  1.16003096e-01 -8.92338008e-02
 -5.73119195e-03 -5.03972322e-02 -4.46823798e-02  3.91801968e-02
 -9.44600105e-02  5.48261106e-02 -1.23864509e-01 -3.77341248e-02
  7.15284050e-02 -5.23836948e-02 -6.61417618e-02 -2.54145227e-02
 -9.74973440e-02 -7.86413178e-02  1.42052677e-02 -4.35500629e-02
 -2.48835478e-02 -4.17532139e-02 -6.58213049e-02 -3.54064335e-33
  6.16534352e-02  4.36741412e-02 -2.60644336e-03 -1.34878932e-03
 -4.72559929e-02 -5.23167402e-02  2.04521343e-02 -2.42398810e-02
 -1.06239468e-01  3.84767354e-02  2.92140879e-02  4.27060463e-02
 -7.17761219e-02 -6.63339579e-03  3.39881168e-03  1.35566830e-03
 -1.00059491e-02 -1.21995799e-01  5.32768592e-02  1.57113746e-02
 -5.15395924e-02  1.11012414e-01  2.92981928e-03  6.53751101e-03
 -8.99104699e-02 -3.92406108e-03  7.60533065e-02  9.14519429e-02
 -2.04448309e-02 -1.48400608e-02  3.04577835e-02  5.25221415e-02
 -1.39409420e-03 -2.15276796e-02 -5.39766550e-02 -6.49065375e-02
  6.95126876e-03  1.21461172e-02 -1.61218401e-02  6.12960942e-02
  3.90567183e-02 -1.58376116e-02 -5.03482781e-02  9.85572860e-03
 -5.70366532e-02 -7.99075235e-03 -2.16753483e-02 -4.61263396e-02
 -6.21932894e-02 -3.53380442e-02  2.13417765e-02 -7.36581683e-02
 -2.96359602e-02  2.41038874e-02 -1.19435331e-02  2.33461261e-02
  3.19633819e-02 -3.21475528e-02 -1.42131224e-02  3.19666341e-02
  8.64965096e-02 -4.40806784e-02  6.19104989e-02 -5.01459166e-02
  5.06599061e-02  2.90643703e-03 -2.40122117e-02 -6.91426126e-03
  3.84858586e-02 -2.50242022e-03  2.50403862e-02 -3.97274923e-03
  6.86415797e-03  2.78657712e-02  6.23076223e-02  6.93698321e-03
 -6.40706569e-02  2.80917436e-02  2.52282377e-02 -1.86076201e-02
 -7.97488093e-02  7.50397332e-04  3.21000032e-02  3.75029892e-02
 -3.24542224e-02 -1.45926112e-02 -3.56653030e-03  1.41459823e-01
 -2.22086739e-02 -7.76980864e-03 -5.45942336e-02  5.00400551e-02
  8.64032209e-02  1.42935023e-01 -9.53449681e-03 -6.30618331e-08
 -9.25211385e-02 -8.47287942e-03  1.70642808e-02  2.04593260e-02
 -3.57237160e-02  5.13317138e-02 -9.00394619e-02 -3.98331545e-02
  4.02921401e-02 -2.38384921e-02 -9.88526791e-02 -3.84582579e-03
 -4.45478112e-02 -3.92816402e-03  4.18564454e-02  2.40297224e-02
  4.22330759e-03  1.70640089e-02 -5.16646020e-02 -4.64498624e-02
  4.34021875e-02 -1.72357373e-02 -4.40092012e-02  4.80080349e-03
  6.43863231e-02  3.25541906e-02 -4.51455899e-02  4.14353907e-02
 -1.07296221e-02 -1.22171128e-03  1.01228885e-01 -3.24903266e-03
  4.07236703e-02  8.48907828e-02 -9.83457714e-02  5.73612936e-03
 -6.18956089e-02 -5.06530218e-02  5.53626381e-02 -2.62280740e-02
  1.61482836e-03  2.46199016e-02 -4.93548773e-02  1.30881267e-02
  2.40395982e-02  5.85828833e-02 -6.16072631e-03 -9.21924412e-02
 -7.44944904e-03  9.21105221e-02 -7.47665614e-02  2.13583689e-02
 -6.45039082e-02  5.10398075e-02 -8.35803077e-02  4.04063575e-02
  2.43635755e-02 -2.65587773e-02  3.01912539e-02 -1.40671022e-02
  6.69022873e-02  2.79311836e-03 -5.12955934e-02  6.64688647e-02]"
17,../models/Geometry Examples/CarWithEnvelopingShape.sysml,"package CarWithEnvelopingShape {
	private import ShapeItems::Box;
	private import SI::mm;

	part def Car {
		doc
		/*
		 * Example car with simple enveloping shape that is a solid box
		 */
	
		item boundingBox : Box [1] :> boundingShapes {
			:>> length = 4800 [mm];
			:>> width  = 1840 [mm];
			:>> height = 1350 [mm];
		}
	}
}","I want to create a SysML v2 model within a package named `CarWithEnvelopingShape`. This model should define a part called `Car`, which represents an example car with a simple enveloping shape represented as a solid box. The bounding box has specific dimensions: length of 4800 mm, width of 1840 mm, and height of 1350 mm. I will use the `Box` type from `ShapeItems` and millimeters from `SI` as the unit of measurement. The bounding box will be defined as a single instance in the part.","[ 5.28176799e-02  8.83793086e-03  4.89551313e-02  1.28900697e-02
 -6.16868027e-02 -1.29484953e-02  2.24338863e-02  4.52270880e-02
 -5.86736277e-02 -1.86532773e-02  3.00926343e-02 -4.00353484e-02
  1.55353518e-02  8.59362483e-02  1.85694490e-02 -7.05912784e-02
  3.45531255e-02  5.35986759e-02 -8.50466043e-02  9.38494280e-02
  9.75404158e-02  2.26310454e-02  1.62412375e-02  2.85773743e-02
 -4.73502427e-02 -4.22400162e-02  1.55915301e-02  6.26387596e-02
  1.05706632e-01 -8.04893672e-02  2.17513181e-02  4.86715026e-02
 -4.75706719e-02  4.65922654e-02  1.16780534e-01  3.47362980e-02
 -1.16409520e-02 -2.96510141e-02 -1.04444800e-02 -1.31752402e-01
  4.21252474e-02  9.07919649e-03 -2.17223298e-02 -3.23362788e-03
  3.45187746e-02 -2.15563495e-02  1.80763826e-02 -8.34642502e-04
  1.20610967e-02 -6.03126995e-02  3.27705853e-02  1.28185134e-02
  3.49869132e-02  8.77367705e-03 -5.43147326e-02  1.39998225e-02
  6.01002648e-02 -2.18506679e-02 -1.04259744e-01 -4.09580469e-02
 -2.24110149e-02 -1.42311528e-05 -2.81233378e-02 -1.08216621e-01
 -6.47350550e-02  1.16166594e-02 -5.57586327e-02 -1.52233765e-02
 -4.92333844e-02  1.10784955e-01 -5.29130064e-02 -2.23076567e-02
  4.12243344e-02  5.53670824e-02  4.92406152e-02 -4.82594892e-02
  8.05801898e-02 -1.25349043e-02  2.97401138e-02 -5.74489459e-02
 -5.66566102e-02  1.64508726e-02 -6.25706241e-02 -3.90279829e-03
 -1.47587517e-02 -9.27698426e-03  4.28873636e-02 -7.49149173e-03
  3.67965251e-02  2.42880862e-02 -2.49546096e-02 -9.65270400e-03
  3.94581817e-03  5.41873043e-03  2.97555774e-02 -5.47816493e-02
 -2.96439156e-02  5.54159991e-02 -1.18881697e-02  8.21129326e-03
 -4.54270616e-02  3.20896655e-02  6.32749721e-02  2.42820363e-02
  3.57144736e-02  2.94183455e-02 -5.38033880e-02 -9.08106640e-02
  1.38504058e-02 -4.04099077e-02  2.04446707e-02  5.65705262e-02
 -1.60798077e-02  3.31666833e-03  5.31542450e-02 -4.56002913e-03
  7.29138032e-03 -3.15086842e-02  2.07226519e-02 -1.12772956e-01
  3.91061418e-02 -2.09061075e-02  3.28278281e-02  3.04396581e-02
  3.02759204e-02  2.34870822e-04 -4.63965386e-02  1.32291741e-33
 -7.91963339e-02 -1.31547237e-02  2.75912452e-02  1.41491622e-01
  5.13110273e-02  1.06564902e-01  3.93028837e-03  6.04696013e-02
  8.78457539e-03  6.60311058e-02 -1.09621309e-01 -6.94096684e-02
 -2.21364424e-02 -2.19544116e-02  4.63781618e-02 -3.84935997e-02
 -7.39272535e-02  8.27280656e-02 -3.04017626e-02  1.31434249e-02
 -3.42789851e-02 -1.99046619e-02 -4.55791764e-02  3.24252248e-02
  1.72159877e-02  4.44455119e-03  6.54414818e-02 -2.33667600e-03
 -3.29841562e-02  2.37182416e-02  5.88815585e-02  1.98790468e-02
  3.25101130e-02  3.05477809e-02  1.18055437e-02 -4.55760583e-02
  1.42781725e-02  3.48495059e-02  2.50678938e-02 -3.39672342e-02
  1.23714820e-01  1.30298333e-02  7.39188269e-02  3.13541554e-02
 -8.76668319e-02 -3.98418494e-02 -2.69530173e-02  7.70192668e-02
 -2.89750565e-02 -8.52283537e-02  4.46188822e-02  2.42905002e-02
  4.97200154e-02 -2.91435439e-02 -4.14727218e-02 -4.65533994e-02
  1.77793205e-03  2.64824294e-02  3.14782485e-02  1.67558827e-02
 -3.21372859e-02  1.01737818e-02  1.86416693e-02  4.52699512e-02
  3.56748030e-02  4.22832817e-02 -5.62337227e-02 -1.20091602e-01
 -1.36034237e-03  5.24679385e-03 -2.98087634e-02  3.50906551e-02
 -4.94313166e-02  7.89867565e-02  2.85206325e-02 -8.27895179e-02
  5.44455163e-02  2.02104189e-02 -3.31749134e-02  2.78480183e-02
 -1.09640032e-01  6.78139403e-02 -4.05904241e-02 -6.00327812e-02
 -4.75003235e-02 -8.56312737e-02  9.79163963e-03 -6.88412189e-02
 -6.49939524e-03 -1.03485651e-01 -8.87736380e-02 -1.00948945e-01
 -3.65890115e-02 -2.73946915e-02 -5.18650226e-02 -1.77135134e-33
  5.29162697e-02  1.30518395e-02  6.16934784e-02  2.74816137e-02
 -1.53082469e-03 -5.43345436e-02 -2.64111068e-02  3.88190597e-02
 -6.98529929e-02  4.53817807e-02 -4.02022526e-03  3.34598147e-03
  1.87330730e-02  1.55004654e-02  4.78238091e-02  8.97227004e-02
 -3.76744643e-02 -1.83386296e-01  5.73504670e-03  6.08914308e-02
 -2.98972540e-02 -1.19717931e-02  2.88769207e-03  1.40288435e-02
 -1.86985899e-02 -4.17059986e-03 -1.35011394e-02  6.64301738e-02
 -3.63113806e-02  1.80033538e-02 -7.27220031e-04 -5.06547466e-02
 -8.21639504e-03 -4.71855104e-02 -1.29559547e-01 -8.98292288e-02
 -3.37059908e-02 -7.83869624e-02  1.33166974e-02  2.86445785e-02
 -5.96925840e-02  1.22341579e-02 -9.93337333e-02  3.78592908e-02
 -1.20058134e-02 -2.71730758e-02  8.08770210e-02 -2.79181171e-02
 -1.00648152e-02 -2.34817527e-02 -1.10504311e-02  2.47648987e-03
  4.77889143e-02  5.33875562e-02  4.02124971e-03  8.39006379e-02
 -4.36010398e-02 -4.38624360e-02  6.85803741e-02 -1.72507931e-02
  6.10724688e-02 -5.08259945e-02  6.22837692e-02 -3.07949986e-02
  1.71096865e-02 -3.89795229e-02  2.24410444e-02 -2.96398476e-02
 -1.38697142e-04 -1.08468710e-02  6.48434414e-03  5.58206178e-02
  4.59408425e-02  4.44064625e-02 -4.79258457e-03  2.83872755e-03
 -1.06607787e-02  6.02608435e-02  9.53038484e-02  7.51413498e-03
 -8.88002887e-02 -3.63321789e-02  2.21403502e-02  7.82459006e-02
  3.22427019e-03 -3.70132439e-02  3.38754877e-02  1.28856048e-01
 -2.81439647e-02  2.90107783e-02 -5.41594662e-02  3.84359844e-02
  2.87776161e-02  1.52931526e-01  6.23980584e-03 -4.86719252e-08
 -6.31337538e-02 -1.16713578e-02 -1.69098992e-02 -2.49252422e-03
 -7.45698214e-02  3.44916359e-02 -8.15293640e-02  2.69565731e-02
  7.40300398e-03  6.78547546e-02 -1.04215376e-01  8.54327437e-03
 -8.15156624e-02  1.87802091e-02 -6.50043488e-02  3.52506228e-02
 -2.83418037e-02  9.22885612e-02 -6.53220564e-02 -3.65147516e-02
  5.86869940e-02  4.39898670e-02  4.27655429e-02  3.05460133e-02
  4.74692928e-03 -4.66108024e-02 -8.84144753e-02 -1.91393029e-02
  6.34045452e-02 -1.61350220e-02  4.62481678e-02  3.28223072e-02
  6.45341128e-02  6.84197694e-02 -1.49830393e-02  9.86970030e-03
 -1.12958826e-01  4.25631292e-02  7.42830113e-02  5.18324599e-02
  4.93595339e-02 -1.94148216e-02  2.80052889e-02  2.75947079e-02
  3.65284272e-02  4.20316011e-02 -2.86147445e-02 -3.41316983e-02
  1.26814991e-02  9.23862755e-02  3.21632735e-02  6.17078543e-02
 -4.81646918e-02  5.14063835e-02 -5.13684079e-02  2.79002208e-02
 -2.77248174e-02 -1.60278808e-02  4.88514230e-02 -1.90783627e-02
 -8.96291211e-02  7.27971876e-03 -7.38094598e-02  1.96689572e-02]"
18,../models/Geometry Examples/CarWithShapeAndCSG.sysml,"package CarWithShapeAndCSG {
	private import SpatialItems::*;
	private import ShapeItems::*;
	private import Objects::Point;
	private import Quantities::VectorQuantityValue;
	private import MeasurementReferences::CoordinateFrame;
	private import MeasurementReferences::TranslationRotationSequence;
	private import MeasurementReferences::Translation;
	private import MeasurementReferences::Rotation;
	private import SI::*;

	part def Car :> SpatialItem {
		doc
		/*
		 * Car with simple engine
		 */
	
        item :>> shape = Cuboid(4800 [mm], 1840 [mm], 1350 [mm]);

        attribute datum :>> coordinateFrame {
            :>> mRefs = (mm, mm, mm);
        }

		part powerSource : Engine [1] :> componentItems {
			:>> ecf { 
				:>> mRefs = datum.mRefs;
				:>> transformation : TranslationRotationSequence {
					:>> source = datum;
					:>> elements = ( Translation((3800, (1840-190)/2, 40)[datum]) );
				}
			}
		}
	}

	part def Engine :> SpatialItem {
		doc
		/*
		 * Simple 2-cylinder engine
		 * 
		 * Note: The engine shape is modeled as a rectangular box with two cylindrical holes, a gross simplification.
		 */
	
		item :>> shape [1];
		
		attribute <ecf> engineCoordinateFrame :>> coordinateFrame;		

		part rawEngineBlock : SpatialItem [1] {
			item :>> shape : Box [1] {
	    		:>> length = 300 [mm];
	    		:>> width = 190 [mm];
	    		:>> height = 330 [mm];
			}
		}
		
		private attribute rearCylinderSpacing = 90 [mm];
		private item cylinder1 : SpatialItem [1] {
			item :>> shape : Cylinder [1] {
	    		:>> radius = 55 [mm];
	    		:>> height = 350 [mm];
			}
			attribute :>> coordinateFrame {
				:>> transformation : TranslationRotationSequence {
					:>> source = ecf;
					:>> elements = (Translation( (rearCylinderSpacing, rawEngineBlock.shape.width/2, -10)[ecf]));
				}
			}
		}
		
		private attribute cylinderSpacing = 2*cylinder1.shape.radius + 20 [mm];
		private item cylinder2 : SpatialItem [1] {
			item :>> shape : Cylinder [1] {
	    		:>> radius = cylinder1.shape.radius;
	    		:>> height = cylinder1.shape.height;
			}
			attribute :>> coordinateFrame {
				:>> transformation : TranslationRotationSequence {
					:>> source = ecf;
					:>> elements = ( Translation((rearCylinderSpacing + cylinderSpacing, rawEngineBlock.shape.width/2, -10)[ecf]) );
				}
			}
		}

		/* CSG difference of rawEngineBlock minus cylinder1 minus cylinder2 */
		attribute :> differencesOf[1] {
			item :>> elements = (rawEngineBlock, cylinder1, cylinder2);
		}
	}
}","The SysML v2 model ""CarWithShapeAndCSG"" defines a package containing a 3D model of a car equipped with a simple engine. 

### Model Components:
- **Car**: 
  - Represents the overall vehicle, modeled as a cuboid shape with specified dimensions (4800 mm x 1840 mm x 1350 mm).
  - Holds a coordinate frame for spatial referencing and includes an engine part positioned within.
  
- **Engine**:
  - A simplified model of a 2-cylinder engine, represented by a raw engine block (box shape) with specified dimensions (300 mm x 190 mm x 330 mm).
  - Contains two cylinders, modeled as cylindrical shapes, each with their own dimensions, and positioned relative to the engine block using translation transformations.
  - Incorporates a constructive solid geometry (CSG) representation that defines the engine as a subtraction of the cylindrical shapes from the engine block.

### Key Features:
- Utilizes coordinate frames for precise positioning.
- Defines transformations for component placements within the model.
- Simplifies complex geometries using basic shapes and CSG techniques.

This model serves as a foundational representation for further detailed design or analysis in engineering applications related to automotive systems.","[-5.89777455e-02  2.15320494e-02 -1.78011991e-02 -1.69369988e-02
 -2.05523334e-02 -7.81916175e-03 -7.08521307e-02  9.79008153e-02
  4.48760949e-03 -7.24468678e-02 -1.34628760e-02 -3.90484445e-02
  3.31466086e-02  2.57609016e-03 -3.26268040e-02 -6.45049065e-02
 -8.15184228e-03  7.26582408e-02 -6.52186051e-02  1.59875657e-02
  9.11618099e-02 -8.74015596e-03 -1.35274678e-02  6.26790663e-03
 -3.03791147e-02  1.65810790e-02 -4.72799912e-02  9.08838734e-02
  4.30497527e-02 -5.68469688e-02  1.47937033e-02  3.99494208e-02
 -4.10733856e-02  1.78337786e-02  4.48164381e-02 -6.83664158e-02
  9.45271552e-03 -1.23923728e-02 -6.69020116e-02 -9.03986320e-02
 -2.55268719e-02 -1.93360150e-02 -2.78038979e-02  1.36203086e-02
  6.48197755e-02  3.40770744e-02 -2.55184770e-02 -2.00092141e-02
 -6.17170781e-02 -1.10999629e-01 -7.29028061e-02 -5.10226712e-02
  1.11234142e-02  1.28347734e-02 -1.85324438e-02  4.19800691e-02
 -4.55457484e-04  1.77717628e-03 -4.50875200e-02 -4.59238216e-02
  4.47326936e-02 -2.53971238e-02 -3.79851349e-02 -1.51663776e-02
 -4.21555117e-02  2.86931684e-03 -7.60503858e-02 -2.04679035e-02
  1.42999487e-02  3.16881463e-02 -7.82983303e-02 -5.28310649e-02
 -2.50227544e-02  1.82461774e-03  7.15937885e-03 -5.79937212e-02
  1.66942980e-02  1.80264991e-02 -2.95235566e-03 -6.16323724e-02
 -1.24849575e-02  5.62254414e-02 -2.53308825e-02  1.19618597e-02
 -2.33621467e-02 -1.41147142e-02  4.55830097e-02 -1.28719630e-02
 -2.39591878e-02  5.57393283e-02  3.05163115e-02  2.20492836e-02
  5.73807536e-03 -2.31309440e-02  4.50560972e-02  1.78649798e-02
  6.60476312e-02  8.22363421e-03  1.06143750e-01  1.33200106e-03
  5.83820716e-02  5.76453134e-02  6.09056838e-02 -5.15071638e-02
 -2.05234867e-02  8.76082182e-02 -3.89768481e-02  1.71301533e-02
 -2.51919404e-03 -1.27972454e-01  7.68137281e-04  3.92849073e-02
 -5.69490194e-02 -2.46620029e-02 -2.44421251e-02 -3.12894545e-02
 -2.15520170e-02  1.07178802e-03  8.11782926e-02 -3.21284756e-02
 -1.41294431e-02 -3.83226871e-02  1.86646283e-02  1.78973023e-02
  5.19558936e-02  6.42018532e-03 -7.22454712e-02  3.63567362e-33
 -1.31622910e-01  3.55394669e-02 -1.74303427e-02  1.27493799e-01
 -8.42340849e-03  6.41089678e-02 -1.95888076e-02  4.19793166e-02
  8.08258653e-02  1.34730369e-01 -6.84624463e-02 -2.09799688e-03
 -2.43044440e-02  2.29050629e-02  3.06514353e-02 -9.72935557e-02
 -5.48651256e-02  2.46941019e-02 -7.00997487e-02  1.75560750e-02
  2.87424624e-02  6.85658157e-02  2.80048940e-02  2.80162189e-02
  7.17499033e-02  9.90487337e-02  1.88365690e-02 -2.03590281e-02
 -1.31600589e-01  3.63622271e-02  1.13363599e-03  1.88064259e-02
 -8.03301781e-02  5.28661683e-02  5.44481911e-03 -6.73127873e-03
 -2.24815439e-02 -8.35734308e-02  3.16572599e-02 -2.38922145e-02
  6.24156259e-02 -1.07024023e-02 -4.32702564e-02 -1.79866108e-03
 -1.08324900e-01  2.82402318e-02  1.65746920e-02  2.28371844e-02
  3.88173424e-02 -1.75950874e-03  3.94908749e-02  2.92591844e-02
  4.43129875e-02 -5.06226048e-02  3.03642508e-02  6.02758192e-02
  1.80306435e-02 -2.42564511e-02 -1.02489321e-02  6.92859367e-02
 -3.64081934e-02  2.77659427e-02 -2.10599247e-02 -4.71436307e-02
  1.41687999e-02  4.07721475e-02 -1.08212769e-01 -3.44612971e-02
  5.90942577e-02  6.52269199e-02 -5.03507927e-02  4.81250323e-02
  8.10110103e-03  8.71725231e-02  4.95209023e-02 -6.85556233e-02
  6.27095485e-03 -2.37073395e-02 -3.47767062e-02  4.75217365e-02
 -1.49357244e-01  1.32750839e-01 -4.56584543e-02 -1.17350563e-01
 -1.01329945e-02 -8.90790448e-02 -1.25011280e-02 -2.44558938e-02
 -2.80013774e-02 -7.59511963e-02 -3.95299755e-02 -7.27352649e-02
 -3.93924899e-02  3.04964073e-02 -1.63761284e-02 -5.72405358e-33
  2.13247761e-02  7.05461949e-03  2.75830440e-02  2.69308742e-02
 -1.92037970e-02 -5.41618988e-02  2.92745456e-02  1.51467826e-02
 -1.62427593e-02 -3.78730986e-03  4.32148576e-02  5.44357486e-02
  8.82743299e-02  3.61520052e-02  1.23963710e-02  1.44701255e-02
 -1.57069992e-02 -2.26710975e-01 -7.62179941e-02 -5.84988063e-03
  1.55476555e-02  1.25730662e-02 -3.03577762e-02  4.36640857e-03
  9.66046378e-03  1.93755012e-02 -6.55906722e-02 -2.41169687e-02
  6.57684579e-02  2.18977574e-02  3.91386189e-02 -2.83291284e-02
  6.01921417e-02 -8.17013811e-03 -7.23210648e-02 -8.52734596e-02
  2.75108069e-02 -1.78273693e-02  3.70526942e-03 -4.70668301e-02
 -1.42640127e-02  8.39604705e-04 -1.78371575e-02  5.67166619e-02
  4.59462181e-02  7.35934451e-02  6.52668253e-02 -6.01208359e-02
 -1.12444870e-02 -2.93805487e-02  2.13775188e-02 -7.74875423e-03
  5.04430160e-02  1.69984680e-02  4.87601943e-02  1.97130889e-02
 -6.97193714e-03 -7.82136545e-02  4.26053256e-02  2.11204886e-02
  5.89273460e-02 -8.53171125e-02  1.87718533e-02 -1.55090503e-02
 -5.18648513e-02 -5.78501597e-02 -3.77239622e-02 -4.70584556e-02
  1.39144715e-02 -2.50977892e-02  2.63626706e-02  6.16342053e-02
 -1.26488088e-02 -1.55872507e-02 -6.25663996e-02 -8.12814981e-02
  2.99225226e-02  2.36619823e-02  7.21240640e-02 -4.22642753e-02
 -3.33650969e-02 -7.70311756e-03  3.28685343e-02  8.36996660e-02
 -1.41842309e-02 -8.31452571e-03 -5.49966022e-02  7.90235847e-02
  1.81250769e-04 -3.92062403e-03 -3.47678289e-02  9.68564227e-02
  6.61409181e-03  1.66227624e-01 -3.26454937e-02 -5.22168619e-08
 -2.37535629e-02 -2.18559429e-02  1.88668445e-02 -3.51569317e-02
 -3.01352907e-02  2.41677146e-02 -4.46846783e-02 -3.13047739e-03
 -5.74598573e-02 -2.01829933e-02 -1.55580146e-02 -2.63392553e-03
 -2.41846070e-02  1.65659990e-02 -4.85744514e-03  9.22674611e-02
  2.94952299e-02  7.91383311e-02  1.26127014e-02 -1.78933144e-02
  5.93596436e-02 -1.04554743e-03 -5.86495660e-02  8.39297771e-02
  6.57655597e-02 -6.31094202e-02 -7.33456612e-02  4.02204059e-02
  8.88240114e-02 -3.70021649e-02  1.24694034e-02  2.97332723e-02
  1.24816246e-01  6.08509257e-02  3.08719538e-02 -7.26345042e-03
 -8.92970264e-02  3.51752117e-02  4.26215082e-02 -2.77640298e-02
  7.42406026e-02  1.16791716e-02 -2.39935610e-02  9.31584556e-03
  3.71815488e-02  7.12802112e-02 -3.52169834e-02 -8.03123713e-02
 -8.59506130e-02  8.31364393e-02  1.42791579e-02  2.49844547e-02
 -5.28365485e-02  1.04279004e-01 -3.04687209e-02  4.84868176e-02
  9.33663640e-03 -3.89032401e-02  4.55660038e-02 -4.88413051e-02
 -8.64422992e-02  8.08232725e-02 -1.02227973e-02 -2.55041476e-03]"
19,../models/Geometry Examples/ExternalShapeRefExample.sysml,"package ExternalShapeRefExample {
	private import ScalarValues::String;
	private import ShapeItems::*;
	private import ISQ::mass;
	private import SI::mm;

	metadata def ExternalShapeRef {
		doc
		/*
		 * Metadata to reference an externally defined shape.
		 */
	
		attribute purpose : String[1];
		attribute shapeIri : String[1];
	}
	
	part myBatteryUnit {
	    item :>> shape : Shell {
			metadata ExternalShapeRef {
				purpose = ""highLoD"";
				shapeIri = ""file:/detailed-geometry/LEMS-250W_BatteryHousing_Example.step"";
			}
		}		

		private item envelopingBoxBatteryUnit : Box :> envelopingShapes {
			:>> length = 140[mm];
			:>> width = 148[mm];
			:>> height = 90[mm];
		}
	}
}","Here's a concise description for the SysML v2 model you want to create:

---

**Package Name:** ExternalShapeRefExample

**Model Purpose:** This model defines a battery unit with an external shape reference.

**Components:**
- **Metadata Definition:** 
  - `ExternalShapeRef`: Contains attributes to describe the external shape.
    - Attributes:
      - `purpose`: A string to specify the intent of the shape reference (e.g., ""highLoD"").
      - `shapeIri`: A string containing the URI of the external shape file (e.g., ""file:/detailed-geometry/LEMS-250W_BatteryHousing_Example.step"").

- **Part Definition:**
  - `myBatteryUnit`: Represents the battery unit and includes a shape reference and an enveloping box.
    - **Shape:** 
      - Type: `Shell`
      - Metadata: Points to the external shape defined in `ExternalShapeRef`.
    - **Enveloping Box:** 
      - Type: `Box`
      - Dimensions specified as 140mm (length), 148mm (width), and 90mm (height).

---

This description focuses on the key elements of the SysML model and their structure, providing clarity on the purpose and components involved.","[-6.32159039e-02  2.07563024e-02 -5.57810105e-02  6.49888068e-03
  1.83068234e-02  1.82233879e-03  1.34651009e-02  1.13267347e-01
 -4.70338613e-02  3.55639085e-02  4.78088036e-02 -8.50248337e-02
  7.28633478e-02  3.52266394e-02  8.94586146e-02  5.19186677e-03
  3.51670794e-02 -1.98193621e-02 -5.74099682e-02  9.21267048e-02
  1.46444976e-01  2.51774807e-02  1.04556970e-01  2.11879015e-02
 -1.08736299e-03 -5.22233024e-02  2.98300292e-02  7.16928169e-02
 -3.30348946e-02 -8.70555639e-02  3.47391665e-02  4.17459235e-02
 -4.18532006e-02 -3.70443463e-02  1.48165554e-01  6.79422542e-02
  4.18862440e-02  4.64808010e-02 -3.36538441e-02 -1.30931318e-01
  1.72791928e-02 -1.09085059e-02 -9.72202979e-03 -3.77006084e-02
  3.27524287e-03 -2.94035627e-03  1.67814977e-02 -7.00902790e-02
 -2.10281257e-02  3.30218412e-02  3.39951413e-03 -4.55128476e-02
  3.38523984e-02  2.18910240e-02  7.72581296e-03  2.77526211e-02
  5.64120561e-02 -7.61946896e-03 -6.61975816e-02 -8.80387053e-02
 -1.27319004e-02 -5.91107085e-02  8.85817409e-03 -6.54056892e-02
 -5.11730239e-02 -3.38320471e-02 -2.39570793e-02  1.42092491e-02
 -1.89465713e-02 -1.00746891e-02 -4.76036742e-02 -2.65036281e-02
 -1.59437750e-02 -5.84605150e-02 -8.98982584e-03  1.68387517e-02
  5.04929014e-02  9.33324844e-02 -1.24071715e-02 -1.41958177e-01
  4.29264316e-03  4.00817618e-02 -1.42446319e-02  4.44373265e-02
  2.15341114e-02  3.22567858e-02  8.19164664e-02 -3.44526730e-02
 -3.08914501e-02  2.33378522e-02  8.26029456e-04 -2.97826342e-02
 -5.88648058e-02 -2.90067159e-02  5.30609563e-02  7.58725917e-03
 -4.87725101e-02  3.26534025e-02 -3.24780755e-02  3.18659544e-02
  3.71361971e-02  2.80303713e-02  7.53743276e-02 -9.49217193e-03
 -2.84917955e-03 -2.18752883e-02  2.10576504e-03  2.68435515e-02
  3.30478512e-02 -3.87575403e-02  4.36772220e-02  1.97400190e-02
  1.40313827e-03 -1.20335082e-02  4.59687449e-02  4.54220586e-02
  1.61423814e-02 -4.96885329e-02  6.52410742e-03 -9.08050314e-02
 -8.68304819e-03  6.54590176e-03  3.36163081e-02  2.37086415e-02
  1.19653381e-02 -1.25636971e-02 -5.68490475e-02 -4.19492792e-34
 -1.13245631e-02 -1.04855867e-02  2.30481774e-02  6.24013357e-02
  3.86638381e-02  5.64772598e-02  1.02209812e-02  1.36505002e-02
  2.07101405e-02  3.64581421e-02 -1.42742991e-01  1.17494334e-02
  2.73051225e-02  2.75083985e-02 -2.95261256e-02 -6.39922693e-02
 -4.12657931e-02  5.24672866e-02  4.54343297e-03 -4.26983722e-02
  5.39672375e-02 -3.09640560e-02 -9.08591822e-02 -2.49408484e-02
  2.96939053e-02  8.16746205e-02  1.12213813e-01 -2.98544280e-02
 -3.47037874e-02  4.02766503e-02  1.28069177e-01  1.27888853e-02
  2.31765658e-02 -1.98696665e-02  3.12727951e-02 -5.46599180e-02
 -2.03858260e-02  1.80487409e-02  5.93479117e-03 -8.62471610e-02
  6.66160956e-02  8.81942175e-03 -1.60158928e-02  2.11953949e-02
 -9.92807001e-02 -4.30576913e-02 -7.18458206e-04  1.29332272e-02
 -2.53121834e-03 -3.17512043e-02 -1.54047301e-02 -3.57757397e-02
  3.83619182e-02 -3.99509557e-02 -3.41826640e-02  4.54251515e-03
 -5.23985103e-02 -7.26022851e-03 -8.37770384e-03  5.84671181e-03
  1.22276889e-02  8.72371122e-02 -9.53130517e-03  1.92263369e-02
  9.88177210e-03  1.29276663e-02 -7.44202733e-02 -9.48930979e-02
  2.52658483e-02 -2.07678229e-02 -6.39136974e-03  3.39548700e-02
 -3.65601182e-02 -1.74631178e-02  3.90194468e-02 -7.61912763e-02
  2.10495032e-02 -8.62209126e-03 -5.44971451e-02  9.60182957e-03
 -1.10795617e-01  7.78190652e-03 -2.45341472e-02 -6.10428937e-02
  1.05898678e-02 -1.27722353e-01  1.22016845e-02 -1.06476828e-01
 -2.66930033e-02 -5.99736683e-02  1.64171797e-03 -1.19560190e-01
 -4.47450727e-02  4.25201422e-03 -4.02058214e-02 -1.66910371e-33
  6.04836978e-02  3.52651626e-02  1.16132408e-01 -2.61789467e-02
  1.85329597e-02  2.45495196e-02 -1.87759455e-02  2.00144313e-02
 -4.98403683e-02  3.37000564e-02 -6.57538250e-02  4.89082523e-02
  2.24586707e-02 -1.55830877e-02  6.97361454e-02  5.82955405e-02
 -6.91577569e-02 -1.64745718e-01  1.92300137e-02  3.54525745e-02
 -2.44140867e-02  3.93207259e-02  6.26097340e-03  5.35160266e-02
  3.54906917e-02  3.79305370e-02  2.61389986e-02  1.92576312e-02
  3.05542368e-02 -3.92641537e-02 -2.72394344e-03  2.46849656e-02
 -3.73417549e-02  3.16457152e-02 -9.40191969e-02 -5.98190352e-02
 -6.82639936e-03 -4.36028950e-02 -2.82252347e-03  7.62929674e-03
 -1.45994080e-02 -2.41894741e-02 -1.03186183e-01 -4.39560190e-02
 -3.62706073e-02 -5.25227115e-02 -2.96598114e-02  1.48935467e-02
 -5.75583875e-02 -3.72459814e-02 -1.52326636e-02 -7.44907111e-02
 -4.03727628e-02  8.85395408e-02  3.14404294e-02  5.49726188e-02
  4.24150703e-03  2.87424456e-02 -8.82876962e-02 -4.90526631e-02
  6.95080385e-02 -6.30662367e-02  4.78343405e-02 -1.28115276e-02
 -5.04819453e-02 -8.21287483e-02  2.64058150e-02 -6.87895119e-02
 -1.91097818e-02 -3.13504711e-02 -3.23639251e-02  1.63458809e-02
  8.05441756e-03  3.65524143e-02  6.75355867e-02 -2.60033794e-02
  7.70898350e-03 -4.15667146e-02  2.46827397e-02 -5.06288260e-02
 -5.55267967e-02 -3.78956972e-03  1.85624566e-02  2.71367878e-02
  1.34752104e-02 -5.67939058e-02  1.34842750e-02  1.49606004e-01
 -4.83483709e-02 -4.69722226e-02 -6.99672103e-02  1.26413191e-02
  2.46292092e-02  2.32947394e-01 -3.47451074e-03 -5.48416956e-08
 -5.05943447e-02  4.23578881e-02  3.41368467e-02  3.25587615e-02
 -1.02565423e-01 -1.02789691e-02  8.04192328e-04  5.17217144e-02
  3.62938154e-03  1.51555985e-02 -2.06484273e-02 -2.65988149e-03
 -2.36801822e-02  6.60080742e-03 -5.16964532e-02  6.06316961e-02
  3.77855077e-02  1.17897354e-01 -5.60070621e-03 -2.62866747e-02
  1.69683527e-02 -3.22006121e-02 -3.82916257e-02  3.15009654e-02
  3.45533714e-02  4.01534587e-02 -7.16790035e-02 -3.53141837e-02
  5.55180833e-02 -8.45422316e-03  4.19225059e-02  2.66174730e-02
  5.89950383e-02  2.95156762e-02 -1.42263353e-01  3.75533663e-02
 -3.79551649e-02  2.49681864e-02  4.47532460e-02  6.56734928e-02
  8.04037452e-02  1.95488241e-02 -1.41863781e-03 -1.41709112e-02
  8.79969355e-03 -4.82811127e-03 -6.11066527e-04 -4.71849702e-02
 -8.26985464e-02  1.33007452e-01 -5.08010015e-03  1.23658301e-02
  2.38830876e-03  4.60617319e-02 -6.92621917e-02  8.79755542e-02
 -4.96914461e-02 -4.41809138e-03  4.78523821e-02  3.76201309e-02
  4.61744480e-02 -1.27566289e-02 -4.44387682e-02  1.38491355e-02]"
20,../models/Geometry Examples/SimpleQuadcopter.sysml,"package SimpleQuadcopter {
    private import ISQ::*;
    private import SI::*;
    private import SpatialItems::*;
    private import ShapeItems::*;
    private import RealFunctions::sqrt;
    private import TrigFunctions::pi;
    private import TrigFunctions::tan;
    private import MeasurementReferences::CoordinateFrame;
    private import MeasurementReferences::TranslationRotationSequence;
    private import MeasurementReferences::Translation;
    private import MeasurementReferences::Rotation;

    part motorShape : SpatialItem {
        item :>> shape : Cylinder {
            :>> radius = 18 [mm];
            :>> height = 30 [mm];
        }
    }
    
    part def Strut :> SpatialItem {
        // By default will get same coordinateFrame.mRefs as owning SpatialItem, i.e.:
        // attribute :>> coordinateFrame { :>> mRefs = (mm, mm, mm); }
        
        /* rawStrut is a construction shape: a rectangular beam */
        part rawStrut : SpatialItem {
            item :>> shape : Box {
                :>> length = 160 [mm];
                :>> width = 15 [mm];
                :>> height = 8 [mm];
            }
            attribute :>> coordinateFrame {
                :>> transformation : TranslationRotationSequence {
                    :>> elements = (Translation( (0, shape.width/2, 0)[source]));
                }
            }        
        }

        /* motorCutout is a construction shape: a cylinder of the same shape as the  */
        part motorCutout : SpatialItem {
            item :>> shape = motorShape.shape;
            attribute :>> coordinateFrame {
                :>> transformation : TranslationRotationSequence {
                    :>> elements = (Translation( (175, 0, -1)[source]));
                }
            }
        }
        
        /* Strut shape is CSG difference of rawStrut minus motorCutout */
        attribute :> differencesOf[1] {
            item :>> elements = (rawStrut, motorCutout);
        }        
    }
    
    part def PropellerMotorAssy :> SpatialItem {
        // By default will get same coordinateFrame.mRefs as owning CompoundSpatialItem, i.e.:
        // attribute :>> coordinateFrame { :>> mRefs = (mm, mm, mm); }

        part propeller : SpatialItem {
            item :>> shape : Cylinder {
                doc /* propeller stay-out volume, without propeller shaft */
                :>> radius = 80 [mm];
                :>> height = 6 [mm];
            }
            attribute :>> coordinateFrame {
                :>> transformation : TranslationRotationSequence {
                    :>> elements = (Translation( (175, 0, 31)[source]));
                }
            }
        }

        part motor : SpatialItem {
            item :>> shape = motorShape.shape;
            attribute :>> coordinateFrame {
                :>> transformation : TranslationRotationSequence {
                    :>> elements = (Translation( (175, 0, 0)[source]));
                }
            }
        }
        
        // By default the shape of a PropellerMotorAssy is the union of its owned composite items and parts that are SpatialItems.
    }

    part def Camera :> SpatialItem {
        // By default will get same coordinateFrame.mRefs as owning CompoundSpatialItem, i.e.:
        // attribute :>> coordinateFrame { :>> mRefs = (mm, mm, mm); }

        part cameraHousing : SpatialItem {
            item :>> shape : Cylinder {
                :>> radius = 15 [mm];
                :>> height = 24 [mm];
            }
        }

        /* The field of view is modeled as an item, since it is not a part of the quadcopter but rather a stay-out volume 
         * that can for example be used to formulate a constraint.
         */
        item fieldOfView : SpatialItem {
            doc /* Conical field of view with half-top angle 20 degree */
            item :>> shape : Cone {
                :>> radius = height * tan(20 * pi/180) [mm];
                :>> height = 500 [mm];
            }
            attribute :>> coordinateFrame {
                :>> transformation : TranslationRotationSequence {
                    :>> elements = (Rotation( (0, 1, 0)[source], 180['°']));
                }
            }
        }
        
        // By default the shape of a Camera is the union of its owned composite items and parts that are SpatialItems.
    }

    part quadCopter : SpatialItem {
        attribute datum :>> coordinateFrame {
            doc /* The datum is the top level coordinate frame of the system-of-interest, i.e., the quadcopter.
                 * By convention its origin is placed at the bottom of the mainBody with the +X axis pointing in the 
                 * forward fligth (velocity) direction and the +Z axis pointing upward. The +Y axis completes the 
                 * right-handed Cartesian coordinate system.
                 */
            :>> mRefs = (mm, mm, mm);
        }

        part mainBody : SpatialItem {

            /* rawBody is a construction shape: the enveloping rectangular box */
            part rawBody : SpatialItem {
                item :>> shape : Box {
                    :>> length = 160 [mm];
                    :>> width = 15 [mm];
                    :>> height = 8 [mm];
                }
                attribute :>> coordinateFrame {
                    :>> transformation : TranslationRotationSequence {
                        :>> elements = (Translation( (0, shape.width/2, 0)[source]));
                    }
                }        
            }
            
            /* cuttingBox is a construction shape: the enveloping rectangular box */
            part cuttingCornersBox : SpatialItem {
                item :>> shape : Box {
                    :>> length = 105 [mm];
                    :>> width = 105 [mm];
                    :>> height = 60 [mm];
                }
                attribute :>> coordinateFrame {
                    :>> transformation : TranslationRotationSequence {
                        :>> elements = (Translation( (0, -shape.length/sqrt(2), -10)[source]), 
                                        Rotation((0, 0, 1)[source], 45['°']));
                    }
                }        
            }

            /* Main body shape is the CSG intersection of rawBody and cuttingCornersBox */
            attribute :> intersectionsOf[1] {
                item :>> elements = (rawBody, cuttingCornersBox);
            }
            // Current syntax is not end-user friendly
            // It will be possible to specify following simple CSG expression:
            // item :>> shape = rawBody & cuttingCornersBox;
        }

        // Helper construction parameters
        private attribute xStrut : LengthValue = 49.60[mm];
        private attribute yStrut : LengthValue = 24.65[mm];
        private attribute zStrut : LengthValue = 25[mm];
        private attribute zPMAssy : LengthValue = 12[mm];

        part strut1 : Strut {
            attribute :>> coordinateFrame {
                :>> transformation : TranslationRotationSequence {
                    :>> elements = (Translation( (xStrut.num, yStrut.num, zStrut.num)[source]), 
                                    Rotation((0, 0, 1)[source], 45['°']));
                }
            }        
        }
        part strut2 : Strut {
            attribute :>> coordinateFrame {
                :>> transformation : TranslationRotationSequence {
                    :>> elements = (Translation( (-xStrut.num, yStrut.num, zStrut.num)[source]), 
                                    Rotation((0, 0, 1)[source], 135['°']));
                }
            }        
        }
        part strut3 : Strut {
            attribute :>> coordinateFrame {
                :>> transformation : TranslationRotationSequence {
                    :>> elements = (Translation( (-xStrut.num, -yStrut.num, zStrut.num)[source]), 
                                    Rotation((0, 0, 1)[source], 225['°']));
                }
            }        
        }
        part strut4 : Strut {
            attribute :>> coordinateFrame {
                :>> transformation : TranslationRotationSequence {
                    :>> elements = (Translation( (xStrut.num, -yStrut.num, zStrut.num)[source]), 
                                    Rotation((0, 0, 1)[source], 315['°']));
                }
            }        
        }

        part propellerMotorAssy1 : PropellerMotorAssy {
            attribute :>> coordinateFrame {
                :>> transformation : TranslationRotationSequence {
                    :>> elements = (Translation( (xStrut.num, yStrut.num, zPMAssy.num)[source]), 
                                    Rotation((0, 0, 1)[source], 45['°']));
                }
            }        
        }
        part propellerMotorAssy2 : PropellerMotorAssy {
            attribute :>> coordinateFrame {
                :>> transformation : TranslationRotationSequence {
                    :>> elements = (Translation( (-xStrut.num, yStrut.num, zPMAssy.num)[source]), 
                                    Rotation((0, 0, 1)[source], 135['°']));
                }
            }        
        }
        part propellerMotorAssy3 : PropellerMotorAssy {
            attribute :>> coordinateFrame {
                :>> transformation : TranslationRotationSequence {
                    :>> elements = (Translation( (-xStrut.num, -yStrut.num, zPMAssy.num)[source]), 
                                    Rotation((0, 0, 1)[source], 225['°']));
                }
            }        
        }
        part propellerMotorAssy4 : PropellerMotorAssy {
            attribute :>> coordinateFrame {
                :>> transformation : TranslationRotationSequence {
                    :>> elements = (Translation( (xStrut.num, -yStrut.num, zPMAssy.num)[source]), 
                                    Rotation((0, 0, 1)[source], 315['°']));
                }
            }        
        }

        /* The camera is placed protruding from the +X face of the main body, rotated about the +Y axis over 50° downwards */
        part camera : Camera {
            attribute :>> coordinateFrame {
                :>> transformation : TranslationRotationSequence {
                    :>> elements = (Translation( (59, 0, 2)[source]), 
                                    Rotation((0, 1, 0)[source], 50['°']));
                }
            }        
        }
        
    }
}","Here’s a concise description of the SysML v2 model for a simple quadcopter:

**Model Overview:**
The `SimpleQuadcopter` package defines a 3D model of a quadcopter, composed of several spatial items including motors, struts, and a camera. The model utilizes basic geometric shapes like cylinders and boxes to represent the physical components.

1. **Motor Shape:** Defined as a cylinder with a radius of 18 mm and height of 30 mm.
  
2. **Strut Definition:** 
   - Raw strut: Box with dimensions 160 mm x 15 mm x 8 mm.
   - Motor cutout: Cylinder shaped similarly to the motor to represent the space needed for the motor within the strut.
   - The strut is constructed as a CSG difference of the raw strut and motor cutout.

3. **Propeller Motor Assembly:** Contains a propeller (cylinder with radius 80 mm and height 6 mm) and a motor, both positioned correctly within the quadcopter.

4. **Camera Component:**
   - Camera housing: Cylinder with radius 15 mm and height 24 mm.
   - Field of view: Defined as a conical shape with a half-top angle of 20 degrees, representing a stay-out volume.

5. **Quadcopter Assembly:**
   - The main body shape is defined as the intersection of an enveloping box (raw body) and a cutting box for corners.
   - Four struts and four motor assemblies (propellers) are positioned around the main body at specified angles.
   - The camera is attached to the main body, angled down at 50 degrees.

**Coordinate Frames:** All parts have default and specific coordinate frames that manage their positions and orientations in the 3D space.

**Helper Attributes:** Dimensions are managed using length values for maintaining consistency and facilitating adjustments.

This model effectively illustrates the spatial relationships and physical characteristics of a simple quadcopter, allowing for further analysis or simulation.","[-2.17589695e-04 -1.80836320e-02 -7.78424814e-02 -4.37776148e-02
 -5.96060697e-03  2.92413160e-02 -7.65015334e-02  1.03339188e-01
  4.43102643e-02  7.98398629e-02  1.07385837e-01 -1.43269624e-03
 -5.02498969e-02 -4.49078996e-03 -3.90385999e-03 -1.49138831e-03
  1.70557126e-02 -2.17640530e-02  2.68616453e-02  6.09371401e-02
  1.06536858e-01 -1.89278834e-02 -1.97818782e-02 -2.37982161e-02
 -2.67202482e-02  8.93381238e-03 -6.94856048e-02  1.35826945e-01
  2.09047459e-02 -8.86406600e-02  1.15582123e-02  2.31494494e-02
 -4.05222963e-05 -2.25955974e-02  9.62982625e-02 -2.55582426e-02
  2.80571375e-02 -3.80204469e-02 -7.37157017e-02 -5.08145466e-02
 -3.24644125e-03 -2.51263101e-02  2.43806979e-04 -3.40539925e-02
  6.01725839e-03  1.20853789e-01  5.84135130e-02  1.04871590e-03
  1.92659050e-02 -1.01587161e-01 -4.32063639e-02 -8.99252445e-02
  5.34753092e-02 -1.99654829e-02  4.49653342e-02  6.17696904e-02
 -7.10806921e-02 -3.16362679e-02 -2.27360963e-03 -8.85713995e-02
  4.14268635e-02  1.74795818e-02 -1.77021474e-02 -3.81340683e-02
 -1.14050983e-02 -1.00953402e-02 -8.52827132e-02 -7.83864558e-02
  1.66792106e-02  3.20527367e-02 -1.14506036e-01 -4.23677638e-03
  1.86268159e-03 -2.99488828e-02 -8.80303904e-02 -9.35326666e-02
  4.25083265e-02 -1.50973750e-02 -9.80467629e-03 -3.91234737e-03
  1.28442068e-02 -6.60330709e-03 -1.11044884e-01  1.62851252e-02
 -1.22878700e-02  3.01400255e-02  1.20386397e-02  1.30726798e-02
  4.17778827e-03 -2.52889264e-02  6.84348075e-03 -5.33229262e-02
 -4.09089401e-02 -3.47732529e-02  2.31455173e-02 -3.05632316e-02
  2.41106618e-02 -1.89206973e-02  4.14094180e-02 -2.55545173e-02
  3.45526747e-02 -6.20631408e-03  8.04131702e-02 -8.63989517e-02
 -1.71933242e-03  6.83984384e-02 -1.16526168e-02  9.49676894e-03
  3.08416113e-02 -7.36215487e-02 -9.66554582e-02  9.07408744e-02
 -7.72716701e-02 -2.22384138e-03  4.62550074e-02  2.46531516e-02
 -2.55584083e-02  9.27874912e-03  1.61224678e-02 -8.67792964e-02
  4.60002571e-02 -5.67758121e-02  2.96937358e-02  4.24937047e-02
  6.54919446e-02 -3.94832790e-02 -7.70913064e-02  2.33230881e-33
 -2.99196877e-02  7.60995224e-02  1.91009492e-02  9.36520249e-02
 -7.69501319e-04  6.88704625e-02  1.99767109e-02  3.28640603e-02
  6.12309314e-02  1.00971900e-01 -7.96645693e-03 -1.20460235e-01
  1.80125944e-02  5.81130944e-02  4.26769778e-02 -1.05435319e-01
 -8.43683816e-03 -1.94934849e-02 -3.49193178e-02 -1.39579456e-02
  5.43794744e-02  2.95236297e-02 -4.19556797e-02  8.11531618e-02
  7.21637309e-02  5.62018715e-02  6.94896206e-02 -1.41599523e-02
 -4.63817902e-02  1.77397691e-02  3.93423364e-02  3.24526895e-03
 -3.92437801e-02  5.16167991e-02  5.07587679e-02 -3.39826457e-02
 -9.54317674e-03 -6.19890504e-02  7.27359205e-03 -1.88813377e-02
 -9.63114575e-03 -1.52071426e-02 -3.87823544e-02 -3.40550928e-03
 -5.47683164e-02 -3.30534242e-02  1.94099080e-02  4.10339003e-03
  7.79877827e-02 -6.70430344e-03  4.33181711e-02  2.86901537e-02
  2.11761304e-04 -3.27355117e-02 -1.66227408e-02  8.91646836e-03
  3.81575748e-02 -2.61464063e-02 -6.15174435e-02  5.73147573e-02
 -3.56877446e-02 -1.32565163e-02 -4.38188165e-02 -8.18418786e-02
 -3.87276486e-02  8.28470811e-02 -3.27010732e-03 -4.20284010e-02
  5.57330400e-02  8.34399238e-02 -5.54099567e-02  2.17537954e-02
  7.19110109e-03 -1.35573922e-02  9.91893634e-02 -2.46120919e-03
 -5.36804497e-02 -2.50572208e-02  6.73215743e-03  2.77223326e-02
 -1.30951419e-01  9.31610316e-02 -5.85338995e-02 -4.69025336e-02
 -4.79090139e-02 -9.98086184e-02 -5.14472742e-03 -2.82902140e-02
 -1.07012792e-02 -8.55996162e-02 -1.57393534e-02 -8.95955041e-02
 -4.94119078e-02 -7.84797687e-03 -2.25324626e-03 -5.22327939e-33
 -6.12630975e-03  4.43713292e-02  4.49080439e-03  2.92059816e-02
 -4.55518737e-02 -3.21348682e-02  5.38435243e-02  7.51767606e-02
 -3.23725445e-03 -4.16343398e-02  2.10600588e-02  2.98465881e-02
 -3.86194885e-02  6.11301139e-02  4.18214202e-02  8.69027153e-02
 -7.20639452e-02 -9.36518535e-02 -9.73333663e-04 -2.96345633e-02
  9.94323194e-02  5.01720794e-02  9.84942168e-02 -6.57394305e-02
  7.00393841e-02  3.09558120e-02  8.54697544e-03  2.42233858e-03
  3.53940800e-02  3.40255946e-02  9.36389714e-03 -7.21949339e-02
  3.93822789e-02  2.78439559e-02 -9.77221802e-02 -9.30461437e-02
 -9.88647491e-02 -2.35443879e-02  4.35815519e-03 -7.99964070e-02
  8.82615428e-03  3.72282863e-02 -1.52536770e-02  3.09691392e-02
  4.61081188e-04 -3.18505876e-02  6.28669932e-02 -2.79431250e-02
  3.13259996e-02 -1.71326064e-02 -1.02688074e-02 -9.55323968e-03
  5.92498928e-02  4.60902229e-02  8.74925703e-02 -1.94420945e-02
 -6.81530917e-03 -8.61126482e-02 -2.32953746e-02  7.24831689e-03
  3.09526343e-02 -5.66369928e-02 -1.54010113e-02  2.38184575e-02
  1.60043184e-02 -3.92812751e-02  2.68385913e-02  2.97614466e-02
  5.59060827e-05  1.02861403e-02 -1.74627395e-03  5.84010966e-03
  5.60449734e-02 -1.87490713e-02 -4.67649065e-02 -2.27013323e-02
 -3.89657505e-02  6.97526261e-02  8.90045464e-02  1.87592283e-02
 -6.23431355e-02 -4.51631360e-02  2.97280345e-02  3.70368809e-02
 -5.77943306e-03 -5.85683296e-03 -1.31387245e-02  1.29882336e-01
 -8.99480714e-04  1.69145595e-02 -2.89627314e-02  6.85222819e-02
  1.22282751e-01  1.52327940e-01 -1.38497017e-02 -5.45769758e-08
 -5.44530079e-02  8.29749741e-03  2.86096707e-02 -4.73092496e-02
  4.20188829e-02  1.36127174e-02 -4.44221757e-02 -9.19372775e-03
 -2.85043903e-02  1.17796529e-02 -5.68200797e-02 -2.38942374e-02
 -3.38431187e-02  3.39884940e-03 -4.64363247e-02  7.53189698e-02
 -7.18553364e-03  4.22590487e-02  1.88788082e-02 -2.42656227e-02
  2.17522010e-02 -6.14900477e-02 -5.68795763e-02  6.10133968e-02
 -1.65383015e-02  3.53384018e-02 -9.47014168e-02  1.12299677e-02
 -1.51876649e-02  2.22535413e-02  1.93472393e-02  4.87614349e-02
  4.47195470e-02 -1.51621904e-02 -3.42768729e-02  1.74628496e-02
 -1.27094120e-01 -8.50526895e-03  6.85800165e-02  3.03800963e-02
  3.85958254e-02 -2.95849913e-03  3.94154787e-02  3.11347377e-02
  4.06787582e-02  6.31853789e-02 -3.33102830e-02 -1.62338227e-01
 -7.55417496e-02  2.65472592e-03  3.16899794e-04  4.42236364e-02
 -6.08216822e-02  6.35187030e-02 -5.22352196e-02  8.99173841e-02
 -1.71350446e-02 -3.31710465e-02 -7.03489454e-03 -5.11133224e-02
  3.56252082e-02  6.21199459e-02 -4.38915491e-02  6.64601326e-02]"
21,../models/Geometry Examples/VehicleGeometryAndCoordinateFrames.sysml,"package VehicleGeometryAndCoordinateFrames {
    private import TrigFunctions::*;
    private import ISQ::*;
    private import SI::*;
    private import Time::*;

    private import ShapeItems::*;
    private import SpatialItems::*;

    private import MeasurementReferences::CoordinateFrame;
    private import MeasurementReferences::TranslationRotationSequence;
    private import MeasurementReferences::Translation;
    private import MeasurementReferences::Rotation;
    
    private import Collections::Array;
    private import ScalarValues::Boolean;
    private import ScalarValues::Real;
    private import ScalarValues::Natural;
	private import ControlFunctions::forAll;
    
    part def Vehicle :> SpatialItem;

    part def Chassis :> SpatialItem {
        item :>> shape = Box(4800 [mm], 1840 [mm], 1350 [mm]);
    }

    part def Wheel :> SpatialItem {
		doc
		/*
		 * Generic wheel with lugbolts
		 * 
		 * The radius is estimated for a 22 inch hub plus 110 mm tire height.
		 * The wheel width is equal to the cylinder height.
		 * The wheel has 5 lugbolts that are evenly distributed along a circle centered at the wheel's center.
		 */
	
    	ref item :>> self : Wheel;
        item :>> shape : Cylinder {
            :>> radius = 22/2*25.4 + 110 [mm]; 
            :>> height = 220 [mm];
        }
        attribute <wcf> wheelCoordinateFrame : CoordinateFrame;
        
        attribute numberOfBolts : Natural = 5;	
		part lugBolts : LugBolt[1..numberOfBolts];
		
		/* 
		 * As an example of a more involved placement of composite parts, constrain the positions of the coordinate frame origins 
		 * of the lugbolts to a circle with radius lbpr distributed evenly over 360°.
		 */
        attribute <lbpr> lugBoltPlacementRadius :>> radius default 60 [mm];
		private attribute lugBoltDistributionAngle :>> planeAngle = 360/numberOfBolts ['°'];
        private attribute lbda : Real = lugBoltDistributionAngle.num * (pi/180); // lugBoltDistributionAngle in radian
		assert constraint {
			(1..numberOfBolts)->forAll {
				in i : Natural;
				private attribute lbcf = lugBolts#(i).coordinateFrame; 
				private attribute trs : TranslationRotationSequence {
					:>> source = wcf;
					:>> target = lbcf;
					:>> elements = Translation((lbpr*cos((i-1)*lbda), lbpr*sin((i-1)*lbda), -8)[wcf]); 
				}
				lbcf.transformation == trs
			}
		}
    }

    part def LugBolt :> SpatialItem {
    	item :>> shape : Cylinder {
    		:>> radius = 14 [mm];
    		:>> height = 40 [mm];
    	}
    }

    part vehicle : Vehicle, SpatialItem {
		/* 
		 * Vehicle frame origin at center of bottom plate of chassis
		 * with +Z upwards and +X in the forward (front) direction
		 */
        attribute datum :>> coordinateFrame {
            :>> mRefs = (mm, mm, mm);
        }

        part chassis : Chassis[1] :> componentItems {
			attribute :>> coordinateFrame {
				attribute :>> transformation : TranslationRotationSequence {
	 	          	attribute :>> source = datum;
                	attribute :>> elements = Translation((-(shape as Box).length/2, -(shape as Box).width/2, 0)[datum]);
                }
			}
        }

        private attribute plusXAxis : Array { :>> dimensions = 3; :>> elements : Real[3] = (1, 0, 0); }
        private attribute frontWheelXShift : Real = 1670;
        private attribute rearWheelXShift : Real = -1820;
        private attribute wheelYShift : Real = 720;

        part leftFrontWheel : Wheel[1] :> componentItems {
            attribute :>> coordinateFrame {
                attribute :>> transformation : TranslationRotationSequence {
	            	attribute :>> source = datum;
                	attribute :>> elements = (Translation((frontWheelXShift, wheelYShift, 80)[datum]), Rotation(plusXAxis[datum], -90['°']));
                }
            }
        }
        part rightFrontWheel : Wheel[1] :> componentItems {
            attribute :>> coordinateFrame {
                attribute :>> transformation : TranslationRotationSequence {
                	attribute :>> source = datum;
                	attribute :>> elements = (Translation((frontWheelXShift, -wheelYShift, 80)[datum]), Rotation((1, 0, 0)[datum], 90['°']));
                }
            }
        }
        part leftRearWheel : Wheel[1] :> componentItems {
            attribute :>> coordinateFrame {
                attribute :>> transformation : TranslationRotationSequence {
                	attribute :>> source = datum;
                	attribute :>> elements = (Translation((rearWheelXShift, wheelYShift, 80)[datum]), Rotation((1, 0, 0)[datum], 90['°']));
                }
            }
        }
        part rightRearWheel : Wheel[1] :> componentItems {
            attribute :>> coordinateFrame {
                attribute :>> transformation : TranslationRotationSequence {
					attribute :>> source = datum;
                	attribute :>> elements = (Translation((rearWheelXShift, -wheelYShift, 80)[datum]), Rotation((-1, 0, 0)[datum], 90['°']));
                }
            }
        }
    }
}
","This SysML v2 model describes the geometric representation and coordinate frames for a vehicle system, including the chassis and wheels. 

1. **Package Structure**:
   - The model is encapsulated within a package named `VehicleGeometryAndCoordinateFrames`, importing relevant mathematical functions, unit systems, and geometry definitions.

2. **Parts**:
   - **Vehicle**: The main component representing the vehicle, which aggregates its subsystems.
   - **Chassis**: Defined as a rectangular box with specified dimensions, representing the vehicle's frame.
   - **Wheel**: A cylindrical component with specific attributes, including radius and height. Each wheel has a defined number of lug bolts arranged in a circular pattern around it, with constraints ensuring correct positioning.

3. **LugBolt**: Each lug bolt is defined as a cylinder, essential for mounting the wheels.

4. **Coordinate Frames**:
   - The vehicle has a primary coordinate frame. The chassis is positioned relative to this frame, and each wheel's coordinate frame is defined by a specific transformation that includes both translation and rotation to accurately position them according to the vehicle's geometry.

5. **Transformations**: The model includes detailed specifications for how the wheels are positioned in relation to the chassis, including offsets in the X and Y directions. This setups the correct workspace for a standard vehicle layout.

Overall, this model is designed to accurately define the physical geometry and spatial configurations of a vehicle, suitable for further analysis and simulation.","[-2.15775222e-02 -3.02616917e-02 -3.88834998e-02 -2.68608890e-02
  6.08251281e-02 -3.00886687e-02  3.70334275e-03  9.83602107e-02
  3.91690470e-02 -4.08788491e-03  9.18847993e-02  4.56927828e-02
  5.11043891e-02 -1.03208888e-02 -5.90305701e-02  4.65432601e-03
 -5.33973286e-03  6.35503158e-02 -8.55621994e-02  5.98496459e-02
  6.81313872e-02 -8.44646320e-02  1.16785076e-02 -2.42407038e-03
 -8.87885839e-02  3.42385583e-02 -9.53139644e-03  1.19058684e-01
  4.43258701e-04 -4.09903079e-02  5.79022579e-02  7.23352730e-02
  4.53011207e-02  1.07481622e-03  1.54097928e-02 -3.19323875e-02
  3.10167465e-02 -7.98655301e-02 -9.69024897e-02 -6.53190836e-02
 -2.99032405e-02 -2.34256517e-02  3.26746516e-02  2.85982080e-02
  8.00701007e-02  3.03450059e-02  3.77220660e-02 -9.96240042e-03
 -6.74386322e-02 -4.24555503e-02 -8.91136006e-03  1.64915584e-02
  1.90897733e-02 -1.89956781e-02 -5.64676523e-02  9.84940976e-02
  1.72683075e-02 -1.42209772e-02 -2.34521609e-02 -5.29449023e-02
  7.20101222e-02 -2.57600727e-03 -4.93217632e-02 -7.65768858e-03
 -1.91433076e-02 -2.56781336e-02 -1.15570966e-02 -1.02727912e-01
  4.10520844e-03  5.81482202e-02 -7.64129758e-02 -5.16096279e-02
 -1.64979156e-02  4.45420109e-02  9.99236945e-03 -6.04917258e-02
  5.73697686e-02 -3.08227632e-02 -6.64225081e-04 -5.42949252e-02
 -4.43766378e-02  9.18131322e-02  5.48162907e-02 -1.13786496e-02
  4.31289757e-03 -4.77217920e-02  3.51359136e-02  6.99124783e-02
  9.52957082e-04  2.28463728e-02  1.13957869e-02 -6.30986169e-02
 -6.32575806e-03  7.05140829e-03  2.71719676e-02  7.34050423e-02
  4.75086533e-02 -1.21460455e-02  4.44449000e-02 -2.76602339e-04
  1.15130423e-03 -3.84608060e-02  5.43662123e-02  5.26792603e-03
 -6.73491731e-02  5.29063717e-02 -3.01406272e-02 -4.21678834e-03
 -1.22726604e-01 -7.52798542e-02  4.91486024e-03  5.05105741e-02
 -5.20709567e-02  3.86660430e-03 -5.27547561e-02 -2.93826852e-02
 -1.61142293e-02  5.17219752e-02  7.73509070e-02 -1.96423754e-02
  4.14553657e-02 -1.14041707e-02  5.59572466e-02  2.98108105e-02
  2.54588537e-02 -3.04080620e-02 -6.38419762e-02 -3.07058152e-35
 -1.22509681e-01 -1.68105923e-02  9.16165672e-03  8.56672674e-02
 -3.91815901e-02  3.16325575e-02  7.51173543e-03  1.10698128e-02
  5.86661696e-02  1.37470812e-01 -5.61846532e-02  1.51214357e-02
  5.82094640e-02 -3.65040675e-02  2.56175548e-02 -6.03529513e-02
 -1.08050611e-02  1.51602644e-02 -3.14409845e-02  4.15087864e-02
  4.45862487e-03  4.74193506e-02  3.26617691e-03 -2.90063564e-02
  6.88869655e-02  1.03787735e-01  2.38473713e-02 -1.49861362e-03
 -1.97291113e-02  2.67096367e-02 -8.67243949e-03  1.65103329e-03
 -3.27991396e-02  7.55396336e-02 -1.60379037e-02 -1.72273647e-02
 -7.10779801e-02 -8.07618126e-02  1.71964876e-02 -3.98474894e-02
  4.72172685e-02 -2.33821422e-02 -5.44408187e-02  2.77033132e-02
 -7.99777880e-02  3.81649584e-02  9.51878820e-03  9.57841426e-03
  3.36226337e-02  1.56740453e-02 -4.33157943e-02  9.90303792e-03
  3.72612551e-02 -4.72150482e-02  9.67398845e-03  6.87031029e-03
  1.11162467e-02 -9.88317467e-03 -2.11478192e-02  6.16159849e-02
 -4.40863408e-02  2.81961914e-02  2.78258193e-02 -7.92046711e-02
  3.32304537e-02  1.32688601e-02 -4.85181287e-02 -8.24522600e-02
  2.48925164e-02  4.17518839e-02 -4.01191525e-02  2.69273594e-02
  1.36921806e-02  1.17349871e-01  3.87731940e-03 -1.76852513e-02
  3.38819623e-02  4.83212210e-02 -7.64543414e-02  8.26677680e-03
 -1.86094016e-01  8.49710479e-02 -5.80613278e-02 -4.94159497e-02
 -2.92441919e-02 -6.18632771e-02 -9.21022147e-02 -8.02186728e-02
  1.34985615e-03 -8.60393941e-02 -2.86202412e-02 -9.86312106e-02
 -1.09848589e-01  1.36351315e-02 -2.71941852e-02 -2.59459687e-33
  4.93147969e-03  3.84626389e-02 -4.89729596e-03  4.03658822e-02
 -4.04174700e-02 -4.35442142e-02  1.48976482e-02 -3.77990417e-02
 -2.81794723e-02  2.61944775e-02  1.05482722e-02 -6.73559553e-04
 -2.69458145e-02  2.60888375e-02  7.04393014e-02  6.00421466e-02
 -6.83831749e-03 -1.48438945e-01 -4.52629551e-02  4.71037434e-04
  1.27082560e-02  6.40041381e-02 -2.26178542e-02 -7.95412343e-03
  3.57787646e-02 -3.88698913e-02  4.65291850e-02 -1.40298717e-02
 -6.48244610e-03  3.22245881e-02  3.28681874e-03 -9.62172002e-02
  5.86523153e-02  2.91679595e-02 -2.82248259e-02 -9.41526964e-02
 -6.52263761e-02 -6.84371442e-02 -3.37445512e-02 -6.47007022e-03
  1.04294373e-02  2.00351067e-02  5.68549801e-03  1.70181040e-02
 -8.05927534e-03  6.25116471e-03  5.34476824e-02  3.87405790e-03
  5.01463152e-02 -6.57355189e-02  1.44121926e-02 -1.05268899e-02
  4.90204915e-02 -9.90502164e-03  3.26187648e-02  3.25185321e-02
  1.02858115e-02 -4.58200201e-02  3.28627005e-02 -3.82849090e-02
  7.91765004e-02 -4.23316583e-02  2.31277011e-02  1.30191743e-02
 -1.21507766e-02 -3.60730365e-02 -3.67248505e-02 -7.19664395e-02
 -3.81159820e-02 -9.32759547e-04  1.91682740e-03 -5.87047171e-03
  1.05006984e-02  1.62314214e-02  1.43781295e-02 -6.94982242e-03
  1.32769626e-02  2.90748477e-02  6.41419888e-02 -9.49116126e-02
 -6.17919005e-02 -6.36995211e-02  8.54305625e-02  1.23044185e-01
 -5.15385829e-02  1.59830563e-02 -6.84207156e-02  8.35604519e-02
  7.10136294e-02  1.58544220e-02  3.54820117e-02  7.02348724e-02
 -1.37837008e-02  1.90507889e-01 -1.82229951e-02 -4.77874877e-08
 -8.21759030e-02  2.68007978e-03 -8.86799768e-03 -2.66436022e-02
 -5.23495935e-02  3.69574167e-02  2.64825020e-02 -9.08207707e-03
 -7.33390525e-02  4.98661436e-02 -1.31246261e-02 -1.83092616e-02
 -5.77677824e-02  4.63043340e-03 -4.34070593e-03  1.32004172e-01
 -8.90899263e-03  8.59373361e-02 -2.83046793e-02  3.10215936e-03
  7.69111589e-02 -1.80007983e-02  2.02452205e-02  4.45683524e-02
  2.63959300e-02 -4.32879254e-02 -6.62736073e-02  2.41332930e-02
  5.60518466e-02 -6.04229234e-02  5.71919829e-02  6.89789327e-03
  1.12952493e-01  2.97504198e-02 -1.14479102e-02  7.05366489e-04
 -9.30951238e-02  1.36362929e-02  7.68153220e-02  2.37074476e-02
 -6.48402376e-03 -1.39150617e-03 -4.11406830e-02  1.32196136e-02
  5.47447614e-02  8.49621743e-02 -1.13768034e-01 -4.72524092e-02
 -5.77897206e-02  2.79240008e-03 -2.09051333e-02  1.39255123e-02
 -8.53114128e-02  1.01526842e-01 -3.22576277e-02  3.33647616e-02
  2.98889186e-02 -3.59997749e-02  8.45160037e-02 -5.49213216e-02
 -8.96990746e-02  8.87956098e-02  9.05836839e-03 -2.78927386e-02]"
22,../models/Import Tests/AliasImport.sysml,"package AliasImport {
	package Definitions {
	    part def Vehicle;
	    
	    alias Car for Vehicle;
	}
	
	package Usages {
	    private import Definitions::Car;
	
	    part vehicle : Car;
	}
}","I want to create a SysML v2 model structured in a package named `AliasImport`. Inside this package, I have two sub-packages: `Definitions` and `Usages`.

In the `Definitions` package, I will define a part called `Vehicle`. Additionally, I want to create an alias named `Car` that refers to `Vehicle`.

In the `Usages` package, I need to privately import the alias `Car` from the `Definitions` package. Then, I will define a part called `vehicle` that has the type `Car`. 

This setup allows me to demonstrate how to use an alias in my model while keeping my structure organized and clear.","[-1.05807660e-02 -3.29997204e-02  4.69836257e-02 -4.17343853e-03
 -2.13100910e-02 -2.19393913e-02  8.86366293e-02  7.39862174e-02
 -1.34447524e-02  1.13826524e-02  3.51315588e-02 -5.32935634e-02
  4.76451777e-02  7.90783465e-02  5.94635680e-02  9.91102122e-03
  2.91522369e-02  2.55372915e-02 -9.92215704e-03  6.56407997e-02
  9.08900499e-02  3.64714712e-02 -8.42439942e-03  5.49760126e-02
 -6.96142092e-02 -2.30732281e-02  2.21704878e-02  7.46836662e-02
  6.41779453e-02 -6.12764508e-02  4.37189415e-02  1.32695124e-01
 -8.50871671e-03 -1.98564027e-03  8.73077139e-02  5.66210784e-02
  1.92044806e-02 -1.67349819e-02  2.50062998e-02 -1.16935968e-01
  7.76426941e-02  7.58094387e-03 -1.08776009e-02 -3.61530185e-02
 -1.49789709e-03 -6.12155795e-02  7.76733756e-02  1.88655071e-02
  1.60285849e-02 -5.53089380e-03 -2.25712229e-02 -6.96458220e-02
 -2.80495211e-02 -3.95779870e-02 -3.02108325e-04  7.06180409e-02
  1.47672277e-02  2.17681541e-03 -1.46057621e-01  1.67780854e-02
 -9.64938402e-02 -7.92970601e-03 -1.34885656e-02 -7.48561323e-02
 -1.11045636e-01  3.43286917e-02 -4.44523171e-02  2.71392949e-02
  4.33968119e-02  9.42425132e-02 -7.28966817e-02 -5.60234487e-03
  2.68884730e-02 -1.44073227e-02 -1.17401704e-02 -1.95803791e-02
  1.08100317e-01  3.73029970e-02 -1.36596365e-02 -1.03882380e-01
 -4.09347527e-02  8.54510814e-03 -4.34740707e-02 -1.13433497e-02
 -6.10267231e-03 -1.15412578e-03  6.92296326e-02 -4.64972220e-02
  4.67924699e-02  7.75741553e-03 -5.85801080e-02 -8.12623203e-02
  9.73966867e-02 -4.73871939e-02  2.77636182e-02  1.86304878e-02
  3.79118659e-02  6.68072551e-02  4.89703156e-02  3.46415341e-02
 -7.19399080e-02  6.83470815e-02  4.28711921e-02  1.64287146e-02
 -3.53487046e-03  5.96236773e-02 -3.97749692e-02 -1.09775715e-01
 -3.30208242e-02 -4.76838499e-02 -1.64883491e-02  9.30083841e-02
 -2.58692633e-02 -3.57396342e-02  2.76863202e-02  2.94176824e-02
  3.75985354e-02 -4.58788835e-02  4.77942266e-02 -1.03133425e-01
 -1.18637271e-02 -1.15810335e-02  9.72058922e-02  1.28454445e-02
  4.08446044e-02  1.01747341e-03 -4.76084128e-02 -5.74588141e-33
 -2.43643597e-02  2.24338919e-02 -1.39602041e-02  1.15040839e-01
  4.30237874e-02  4.78988253e-02  5.70359789e-02  5.34318872e-02
 -7.01626763e-02  4.91854213e-02 -3.67651694e-02 -3.64536978e-02
 -4.11845520e-02  3.26838605e-02 -3.61706056e-02 -2.29650061e-04
 -3.66380252e-02  5.11684082e-02 -1.35147129e-03  1.32492734e-02
  1.03279892e-02  1.23247504e-02 -7.06932023e-02 -5.10467740e-04
  5.26050366e-02  4.97698076e-02  4.36603241e-02 -2.76171677e-02
  4.51967828e-02  1.52939523e-03  5.76809868e-02  4.15909626e-02
  4.64313366e-02  2.97185313e-02  2.91846283e-02  2.42263861e-02
  7.38041417e-04  1.24804107e-02  3.97318937e-02 -2.98024472e-02
  1.20019726e-01  1.67651419e-02  2.86292867e-03  4.76638973e-02
 -4.43348102e-02 -3.52929160e-02 -3.66548672e-02  5.25622815e-02
  4.26351205e-02 -9.17201042e-02  2.82361396e-02  2.34074937e-03
  4.16449830e-02  1.69727262e-02 -8.22050124e-02 -4.85713668e-02
 -5.77715272e-03  1.89234987e-02  3.56211774e-02 -2.18452662e-02
 -3.85572165e-02  1.37619292e-02 -1.52674634e-02  5.67162931e-02
  5.59767820e-02  4.61990424e-02 -7.18138963e-02 -6.83293566e-02
  5.81185780e-02 -7.23421108e-03  6.70448225e-03  2.83709746e-02
 -1.16637371e-01  7.80926123e-02  1.88059844e-02 -5.95408604e-02
  9.09776334e-03  4.33391295e-02 -2.47004908e-02  4.08657454e-02
 -9.17128846e-02  3.38809974e-02 -6.04086705e-02  1.71592436e-03
 -2.32556183e-02 -4.19969894e-02  1.03637122e-03 -4.65457290e-02
 -3.57290916e-02 -1.19642332e-01 -7.10539743e-02 -5.53243831e-02
 -1.27204442e-02 -2.99992282e-02  1.19975824e-02  2.47587010e-33
  8.28088596e-02  7.09666908e-02  5.18870205e-02  1.50039569e-02
 -7.38796592e-02 -9.22689363e-02  3.96279134e-02  2.39678565e-02
 -4.91681509e-02  4.41587009e-02 -4.95294631e-02  2.28875559e-02
  3.77052650e-02 -6.68026507e-02  9.42870695e-03  5.07855928e-03
  1.30888801e-02 -1.47116706e-01 -5.27091697e-03  6.13240041e-02
 -6.72138408e-02  2.56675575e-02 -2.25048955e-03 -8.74740724e-03
  1.64511595e-02  1.22663239e-03 -4.18215664e-03  3.08476090e-02
 -4.57871221e-02  2.49682087e-02 -1.80650130e-02  6.09903829e-03
 -2.77255792e-02 -1.65128723e-01 -7.78243244e-02 -6.11129329e-02
 -1.36334360e-01 -2.29978897e-02  2.62739696e-02 -2.73812059e-02
 -3.14034522e-02  9.72588919e-03 -8.46178904e-02  3.85414436e-02
 -1.66978396e-03 -5.23543581e-02 -8.19133036e-03 -2.71237995e-02
 -1.72049217e-02 -3.41694131e-02 -3.71712819e-02 -1.40717509e-03
 -1.50619736e-02 -2.22862046e-02  8.02251231e-03  2.96036229e-02
  1.21699451e-02 -6.41104393e-03  6.65538609e-02 -3.18062380e-02
  6.54602796e-02  1.91638228e-02 -1.29869804e-02 -2.82025672e-02
 -3.46408691e-03 -9.83750597e-02 -6.01230487e-02 -6.96792379e-02
  3.59747224e-02 -4.78615426e-02 -3.74213085e-02  1.93484295e-02
 -1.49574168e-02  4.98347841e-02  2.85086818e-02 -2.72691473e-02
 -3.74269634e-02  1.28676996e-01  9.29820314e-02  5.40121645e-02
 -4.45883535e-02 -5.95784485e-02  2.33616773e-02  2.32339688e-02
 -4.62988578e-02 -3.53355221e-02  2.35150680e-02  1.00290813e-01
 -3.29368860e-02 -9.25578643e-03 -5.31851947e-02 -1.00447307e-03
 -1.03021308e-03  1.18012317e-01 -4.73692380e-02 -4.46170851e-08
 -2.25304607e-02  1.51972128e-02  2.89572007e-03  2.53899712e-02
 -8.83763805e-02  1.09614208e-02 -1.27917677e-01  4.21495782e-03
  7.11423112e-03  5.91259338e-02 -9.46475044e-02  4.10924032e-02
 -8.33169743e-02  1.61787048e-02 -6.76318333e-02  6.47819787e-02
  4.60040681e-02  7.75647238e-02 -6.97904304e-02 -3.37262489e-02
 -2.43869033e-02  3.44351903e-02  3.24242227e-02  5.09185605e-02
  4.21359576e-02 -1.83140691e-02  3.15526570e-03 -7.77815208e-02
  5.55992797e-02 -1.14391791e-02  4.12225425e-02  2.64886040e-02
  2.18635593e-02  9.57807153e-02  8.67145136e-03  7.17897853e-03
 -4.27634940e-02  2.76248064e-02  1.06211357e-01  3.63185890e-02
 -1.23102330e-02 -2.98216250e-02 -1.05545931e-02 -8.55220482e-03
 -1.72052737e-02  1.72242499e-03 -2.61040516e-02 -7.40483850e-02
  1.53781511e-02  8.37470293e-02  2.21899385e-03  4.53548171e-02
 -5.62203489e-02  3.62918898e-02 -8.03724378e-02  2.43390650e-02
 -2.30986625e-02 -4.51421551e-03  3.01356874e-02 -9.29211006e-02
 -5.59145696e-02 -3.51533480e-02 -1.52423130e-02  4.54095472e-03]"
23,../models/Import Tests/CircularImport.sysml,"package CircularImport {

	package P1 {
		public import P2::*;
		part def A;
	}
	package P2 {
		public import P1::*;
		part def B;
	}
	package Test1 {
		public import P1::*;
		part x: A;
		part y: B;
	}
	package Test2 {
		public import P2::*;
		part x: A;
		part y: B;
	}
	
	part x: P1::A;
	
	// The following should not fail.
	part y: P1::B;
	
}","I want to create a SysML v2 model that demonstrates circular imports between two packages, P1 and P2. In package P1, I will define a part A, and in package P2, I will define a part B. Both packages will import each other publicly. Additionally, I will create two test packages: Test1 and Test2. In Test1, I will import from P1 and reference parts A and B. In Test2, I will import from P2 and also reference parts A and B. Finally, I will define parts x and y at the package level, where x is of type P1::A and y is of type P1::B, ensuring that import dependencies do not cause failures.","[-2.87333243e-02 -6.37527034e-02 -2.79486533e-02 -5.02263792e-02
  3.68261151e-02  1.25533305e-02  9.99500696e-03  4.39939834e-03
 -6.80659711e-02  3.25927394e-03  4.58174311e-02 -3.26906629e-02
  7.68140554e-02  8.59370455e-02  5.67936189e-02 -1.05508848e-03
 -1.07746320e-02 -4.01445962e-02 -5.40353730e-03  3.89326476e-02
  3.22481878e-02 -3.35059837e-02 -3.32644321e-02  4.78325449e-02
 -1.07805505e-01  1.43357888e-02  2.02833787e-02  1.63321532e-02
  4.85672094e-02 -9.82687920e-02 -3.68754305e-02  1.06989771e-01
 -1.04236118e-01 -3.58026382e-03  7.84711689e-02  5.29228076e-02
  2.71306280e-02  1.24991778e-02  9.03678779e-03 -9.42078233e-02
  8.48259404e-02  5.90122910e-03  1.95541102e-02 -1.61893349e-02
 -7.83456769e-03 -4.78569791e-02 -7.16444245e-03  2.16492862e-02
 -1.52341975e-02 -4.16218080e-02 -2.62736734e-02 -6.76428992e-03
 -4.13441062e-02 -1.97054613e-02 -2.59047863e-03  7.82019719e-02
  6.61402196e-02 -5.50370775e-02 -1.30155623e-01  1.45095242e-02
 -4.44152541e-02 -1.50821796e-02 -5.84076792e-02 -6.49877042e-02
 -6.90013319e-02  2.73863319e-02 -6.79267123e-02  1.62674841e-02
  1.82005949e-02  8.46577510e-02 -1.08828619e-01 -3.03295515e-02
 -2.66169105e-02  1.05244452e-02  3.39632183e-02  2.70210188e-02
  7.23896995e-02  2.41211485e-02 -4.51226607e-02 -1.27930775e-01
 -7.55922198e-02  2.05707271e-02 -3.85807897e-03 -7.55186426e-04
  2.81485114e-02 -3.64868343e-02  4.38741706e-02 -7.63252228e-02
  5.73406853e-02  4.59667295e-02  4.78329603e-03 -2.92394478e-02
  8.25405568e-02  2.18806299e-03  9.39734802e-02  5.41004948e-02
  2.64357533e-02  1.79514242e-03  2.16875765e-02  2.80278828e-02
 -4.00773510e-02  2.39076372e-02  7.09242001e-02 -6.60358462e-03
  2.64759734e-03  3.30042876e-02 -3.52649093e-02 -1.27734020e-01
 -2.94329058e-02 -6.85685351e-02 -5.27384738e-03  7.67194554e-02
  1.72670893e-02 -6.76679537e-02 -2.04418767e-02  3.86480354e-02
  3.31066698e-02  9.65167827e-04  1.41193140e-02 -9.41187963e-02
 -3.69662303e-03 -7.04271952e-03  1.26772508e-01 -1.55399283e-02
  4.94306684e-02 -1.97389387e-02 -4.69018891e-02  7.08052851e-33
 -5.97248189e-02  1.67755894e-02 -2.70385426e-02  1.02557197e-01
 -4.98833060e-02  5.61649166e-02  7.30091929e-02 -7.41191953e-03
 -3.26443911e-02 -5.82671426e-02 -6.38598353e-02 -1.20048365e-02
 -4.11558822e-02  3.39347571e-02  1.97936967e-02  2.36663464e-02
 -2.71015032e-03  6.67440221e-02  3.31251174e-02 -1.38204852e-02
  2.14682575e-02 -1.64779481e-02 -5.89629225e-02  1.56371929e-02
  7.39117339e-02  4.79315259e-02  4.23972867e-02 -2.82575004e-02
 -1.24491751e-02  1.46820452e-02  9.43156928e-02  3.20217647e-02
  4.36986759e-02  3.96757387e-02 -1.09715723e-02  2.74330284e-02
 -3.87788713e-02  7.32223596e-03  3.00194882e-02 -3.80589180e-02
  5.69289513e-02  3.64740677e-02 -8.40224512e-03  7.09573627e-02
 -2.78840531e-02 -4.76003066e-02 -2.99462583e-02  3.97238322e-02
 -8.90972838e-03 -7.74608105e-02  2.26137359e-02  2.60225614e-03
  3.53100225e-02 -1.17774485e-02 -5.58815375e-02 -3.44322249e-02
  5.32878526e-02  1.43563608e-02  3.29062133e-03  3.08820698e-02
  3.72475162e-02  1.51676154e-02 -1.74288955e-02  6.76454306e-02
  7.39204437e-02  5.83381988e-02 -1.40930414e-01 -1.39835924e-01
  3.51616889e-02  2.21761372e-02 -2.44802106e-02  4.53429520e-02
 -9.36231390e-02  8.60324502e-02  5.59896417e-02 -7.18550310e-02
  8.39933474e-03  3.50656360e-02  5.25381453e-02 -2.78291013e-03
 -9.71523374e-02  5.50835021e-02 -2.71607051e-03 -3.02099902e-02
 -4.62643281e-02 -6.51292279e-02 -1.60690900e-02 -5.67453168e-02
 -2.32352242e-02 -9.33438689e-02  5.73228253e-03 -2.70829052e-02
  3.71709540e-02  7.30996160e-03  3.70417647e-02 -7.18356500e-33
  6.60843588e-03  8.53857771e-02  1.07713312e-01  4.67129722e-02
 -1.02367429e-02 -4.26406860e-02  3.56360935e-02 -3.79665606e-02
  2.02511474e-02  1.02700993e-01 -4.94725108e-02 -2.67680152e-03
  5.25838844e-02 -5.87502401e-03  3.58922556e-02  1.62628852e-03
  1.11391786e-02 -8.95015895e-02 -9.06921364e-03  6.67258054e-02
  1.76413190e-02  3.93082760e-02  9.27102286e-03 -9.37718246e-03
  1.77955795e-02  4.30772118e-02  3.12604778e-03  2.02392600e-02
 -2.44888403e-02  3.51281576e-02 -2.03617476e-02  2.56509352e-02
  1.73815843e-02 -1.14346042e-01 -5.13604395e-02 -3.07309777e-02
 -8.88107419e-02 -6.17636228e-03 -4.37933840e-02  1.83219109e-02
 -9.42080189e-03  6.28608018e-02 -1.09847039e-01 -6.47676503e-03
 -1.31685734e-02 -5.44736721e-02  6.01894669e-02 -1.41745303e-02
 -3.48938368e-02 -7.48333782e-02 -8.03486705e-02  7.06381127e-02
  1.78913660e-02  1.39882392e-03  1.91696954e-03  4.06235047e-02
  1.60482153e-02  6.00633472e-02  8.08527321e-02 -5.18321358e-02
  4.82840557e-03  8.63069610e-04  5.51286526e-02 -2.51256712e-02
  3.17446440e-02 -2.37003751e-02  1.17350128e-02 -4.85857874e-02
  3.30009386e-02 -4.68305050e-04  2.11325232e-02  1.09907903e-01
  5.32402890e-03 -9.55833588e-03  5.43512255e-02 -1.26024382e-02
 -4.09385525e-02  7.40989745e-02  5.53285778e-02  1.81751270e-02
 -1.11588188e-01 -2.01967894e-03  6.49595037e-02  6.06130175e-02
 -6.64444640e-02 -3.61782014e-02  6.71080798e-02  4.33533415e-02
  6.85523916e-03  3.03348377e-02 -3.04603819e-02  3.27375457e-02
  4.78427205e-03  1.05639786e-01  2.44787931e-02 -5.19691810e-08
 -5.86278401e-02 -4.08534296e-02 -3.68020162e-02  6.94502592e-02
 -5.72166312e-03 -7.44328927e-03 -1.00836188e-01 -2.96020824e-02
 -3.36119032e-04  5.13597652e-02 -1.73994794e-01  1.16142452e-01
 -1.91545412e-02 -1.23162474e-02 -4.86494415e-02  6.19182698e-02
  2.64044162e-02  9.15399101e-03 -8.53744075e-02 -4.44901548e-02
  2.01586429e-02  1.15957595e-02  5.27040921e-02  1.12091161e-01
  5.32497466e-03  3.83512350e-03  2.15605460e-02 -2.99012773e-02
  1.03164002e-01 -4.10857461e-02  4.23421040e-02  5.32050384e-03
 -1.99256409e-02  2.54071876e-02 -1.24543170e-02  4.40202886e-03
 -6.61925587e-04  3.74700204e-02  4.46639694e-02  1.72989219e-02
 -3.35616693e-02 -5.01165278e-02 -5.83615266e-02  2.89863665e-02
  5.77314831e-02 -4.05340921e-03 -1.29292056e-01 -1.23119533e-01
 -4.56370637e-02 -1.89178623e-02 -4.51549068e-02  3.16978507e-02
 -3.93523499e-02  4.47540358e-02 -7.52376392e-02  1.72030423e-02
 -6.99572192e-05 -1.91205442e-02  6.84884051e-03 -9.61001962e-02
 -5.08885756e-02 -2.21749544e-02  4.09778953e-02 -3.06874067e-02]"
24,../models/Import Tests/PrivateImportTest.sysml,"package PrivateImportTest {
	package P1 {
		part def A;
	}
	package P2 {
		private import P1::*;
	}

	part x: P1::A;
	
	public import P2::*;
	// This should fail.
	// A is not visible, because the import in P2 is private.
	// part y: A;
	// part y1: P2::A;
	
	package P3 {
		part def B;
	}
	
	private import P3::*;
	
	// This should not fail.
	// Private import only restricts visibility outside the package.
	part z: B;
	
	package P4 {
		public import all P2::*;
		
		// This should not fail because ""import all"" overrides private import.
		part z1: A;
	}	
}","I want to create a SysML v2 model structured as follows:

1. Define a top-level package named `PrivateImportTest`.
2. Inside this package, create a sub-package `P1` with a part `A`.
3. Create another sub-package `P2`, which has a private import of all elements from `P1`.
4. Define a part `x` in the top-level package that refers to `P1::A` (this is fine because it references `A` directly).
5. Attempt to define part `y` as `A` and part `y1` as `P2::A`, both of which should fail due to the private import in `P2` restricting access to `A`.
6. Create sub-package `P3` containing a part `B`.
7. `P2` should have a private import of `P3`, allowing access to `B` within the same package.
8. Define part `z` as `B` in the top-level package, which should succeed since private import only restricts visibility outside the package.
9. Create a sub-package `P4`, which publicly imports everything from `P2`.
10. In `P4`, define part `z1` as `A`, which should succeed because the public import from `P2` overrides the private visibility restriction, allowing access to `A`. 

The structure encapsulates and illustrates the effects of private and public imports in package visibility.","[-4.93543483e-02 -6.30481988e-02  2.36558914e-02 -8.11085477e-03
  3.42612565e-02  2.14736821e-04  3.79926749e-02  1.62969436e-02
 -4.88338210e-02  1.85120720e-02  5.39085120e-02 -5.99394031e-02
  6.83446825e-02  6.98375180e-02  8.32928345e-02  3.94119322e-02
  1.61120370e-02 -3.04859113e-02 -6.79393560e-02  3.25538702e-02
  7.45359659e-02  3.38431471e-03  1.56267751e-02  4.64035831e-02
 -5.46783283e-02 -2.68661473e-02 -4.25822986e-03  7.80125484e-02
  8.58379900e-02 -5.82124107e-02  7.39055406e-03  6.27621785e-02
 -5.33125028e-02  1.63538437e-02  1.46218315e-01  9.05854627e-02
  3.59416800e-03 -5.07824644e-02 -6.62037544e-03 -7.34652281e-02
  4.97568995e-02 -1.85007006e-02 -5.35389520e-02 -3.58203202e-02
 -4.41321023e-02 -2.75397189e-02  4.82704043e-02  3.56672332e-03
 -4.74856347e-02 -4.97642048e-02 -5.66512980e-02 -4.36492637e-02
 -4.21348028e-02 -3.07081752e-02  1.07959304e-02  7.18264207e-02
  2.49957740e-02 -7.84996599e-02 -1.25615746e-01 -1.68888401e-02
 -6.66598231e-02 -3.00660660e-03 -4.78406250e-02 -8.74633938e-02
 -6.06188178e-02  1.04696732e-02 -6.95921630e-02  2.79855300e-02
  6.32162718e-03  1.08500719e-01 -6.39060065e-02 -3.49638285e-03
  4.73317206e-02  4.51876894e-02  2.47591361e-02 -5.24378475e-03
  8.61455649e-02  1.23103289e-03 -2.14938223e-02 -1.38519377e-01
 -3.83106135e-02  4.82472079e-03 -1.72325168e-02 -3.23410146e-02
 -1.96060445e-02 -2.72666011e-02  5.72507903e-02 -5.43205515e-02
  3.21653150e-02  6.03580698e-02 -6.72056945e-03 -8.09795409e-02
  5.65801375e-02  5.14476188e-03  1.02380134e-01 -9.42490716e-03
  2.64886543e-02  4.78298143e-02  3.11476607e-02  1.64587498e-02
 -5.51144704e-02  6.22048192e-02  8.67990255e-02 -1.55359542e-03
 -2.16066521e-02  5.62835485e-02 -4.40924093e-02 -9.46731046e-02
 -4.78859432e-02 -3.48164141e-02 -4.26436663e-02  5.14112972e-02
  2.72194529e-03 -5.98224737e-02  1.12584997e-02  4.45056483e-02
  5.87906465e-02 -2.32828758e-03 -8.85391049e-03 -6.78425282e-02
  2.03093421e-03  2.77274046e-02  1.41688511e-01  5.14858868e-03
  3.80816795e-02  1.70462653e-02 -9.36338007e-02 -1.06223030e-34
 -3.19360718e-02 -4.06073742e-02 -2.66070422e-02  7.17016011e-02
 -4.86145215e-03  7.36219361e-02  4.68447171e-02  1.48354974e-02
 -9.84184667e-02  5.69816455e-02 -2.05514375e-02 -2.82926988e-02
 -1.83864105e-02  5.19380858e-03  6.51726425e-02 -1.97901085e-04
  2.51910053e-02  3.62268724e-02  3.75807621e-02 -2.15320326e-02
 -2.41627404e-03 -1.15179066e-02 -5.97968996e-02 -6.65250327e-03
 -8.79589096e-03  5.67805432e-02  7.15706795e-02 -5.93871996e-02
  2.62661651e-02  4.42752428e-03  2.65139621e-02  5.31940535e-02
  2.43396405e-02  3.23417783e-02  4.01906744e-02 -2.36380426e-03
  2.18781792e-02 -5.66121563e-03  3.63080800e-02 -3.40900235e-02
  7.25049078e-02  9.98866651e-03  1.63916312e-02  5.91501594e-02
 -2.29870975e-02 -4.48377244e-02 -7.57395700e-02  1.16539091e-01
 -4.11188602e-03 -3.53679247e-02  1.02339126e-02  3.72929648e-02
  1.84992347e-02 -3.84171382e-02 -4.22046781e-02 -5.06266914e-02
  4.95962566e-03  4.01128419e-02 -5.92721114e-03 -1.51632288e-02
  3.59103791e-02  4.56909388e-02  1.05679939e-02  9.81734395e-02
  1.89600307e-02  2.99198721e-02 -9.34633985e-02 -5.14437146e-02
  6.05894811e-02 -1.80565901e-02 -7.56082982e-02  3.76132876e-02
 -6.94605485e-02  7.30808452e-02  9.06580780e-03 -9.66576114e-02
  1.62599031e-02  7.23776892e-02  3.05158217e-02 -5.08188866e-02
 -9.69966501e-02  7.13172108e-02 -4.61569875e-02  4.23717760e-02
 -4.47959341e-02 -3.37468125e-02 -2.98590511e-02 -2.16273591e-02
 -2.02006269e-02 -8.00928771e-02 -1.85550451e-02 -1.03039391e-01
  1.35070533e-02 -6.96232393e-02  8.11771117e-03 -2.29570777e-33
  4.77271155e-02  6.54920116e-02 -3.08721297e-04 -5.82927559e-03
 -1.83543880e-02 -7.29121715e-02  1.20075494e-02 -1.58508141e-02
 -6.66577881e-03  9.15873051e-02 -3.69734988e-02  4.10875641e-02
  7.68188909e-02 -8.36135447e-02  8.71130731e-03  8.52333941e-03
 -1.40451388e-02 -8.02211240e-02  3.82654718e-03  6.08311445e-02
 -1.81215107e-02  1.12151332e-01  1.56898741e-02  5.90037815e-02
  6.26320168e-02  1.68643948e-02 -3.30092274e-02  6.33284077e-02
  7.47255096e-03  1.86824575e-02 -1.15849059e-02  3.39843556e-02
 -5.56364991e-02 -1.03498049e-01 -6.25923723e-02 -8.53757113e-02
 -1.13157041e-01 -2.71674562e-02  3.25467214e-02 -1.69182606e-02
  8.44710693e-03  2.79344525e-02 -7.67117590e-02  1.96888968e-02
  3.12552531e-03 -6.36271480e-03  3.52499597e-02 -5.46844602e-02
 -6.42025992e-02 -5.52065708e-02 -9.59032103e-02 -1.08741866e-02
  5.25753498e-02  5.95785305e-03 -8.44024215e-03  4.88334224e-02
  2.19149049e-04  1.57065950e-02  7.44942129e-02 -4.80007157e-02
  1.18523844e-01  3.76488790e-02 -1.51839945e-02 -1.28636612e-02
  3.28187048e-02 -7.27980584e-02 -3.63813341e-02 -6.07657060e-03
  5.58830276e-02 -5.95729053e-02 -4.62389626e-02  7.56997708e-03
  3.15214880e-02  2.89374888e-02  4.52025160e-02  3.79537344e-02
 -7.11729228e-02  9.96960327e-02  5.76687306e-02  5.30404337e-02
 -9.94341522e-02 -4.08276767e-02 -3.55687155e-03  1.27014425e-02
  1.03133060e-02 -6.60190433e-02  6.42301440e-02  1.86034329e-02
  1.43323501e-03 -4.30721156e-02 -1.02840466e-02 -2.44398173e-02
 -7.25310575e-03  1.34987459e-01 -4.32109693e-03 -5.16855749e-08
  2.52812691e-02 -2.19749138e-02 -4.57088947e-02  1.52988089e-02
  7.50896009e-03 -9.73243918e-03 -1.15088075e-01 -2.92310212e-02
  6.92964823e-04  6.93364143e-02 -7.40825012e-02  3.60832773e-02
 -5.30976988e-02  9.21634305e-03 -1.20925702e-01  2.37705056e-02
 -2.68446505e-02  4.03862484e-02 -7.87561387e-02 -5.77757806e-02
 -4.66797911e-02  5.09006158e-03  2.18695439e-02  8.33749995e-02
  1.46954358e-02  2.84927688e-03  1.30079351e-02 -7.80489296e-02
  7.97717869e-02 -6.10319711e-03  5.99555038e-02 -2.48724571e-03
  3.05485465e-02  6.59890920e-02 -1.96502879e-02  4.62304391e-02
 -2.49648970e-02  7.22199604e-02  5.23788035e-02  1.59935337e-02
  1.83057936e-03 -9.29054469e-02 -2.44918149e-02  3.80402431e-02
 -2.25048438e-02 -3.24837305e-02 -1.12912379e-01 -8.10419172e-02
  2.43732370e-02  5.29278293e-02 -2.40622275e-02  5.19069098e-02
 -4.83784564e-02  4.69725020e-02 -2.65171602e-02  7.18803033e-02
  3.45513574e-03  2.63220631e-02  1.39231877e-02 -8.37309882e-02
 -2.03778408e-02  7.12218229e-03 -4.76203077e-02  1.53715927e-02]"
25,../models/Import Tests/QualifiedNameImportTest.sysml,"package QualifiedNameImportTest {
	package P1 {
		part def A;
	}
	package P2 {
		package P2a {
			public import P1::*;
		}
		// The following should not fail.
		// A is a member of P2a because of the import.
		part x: P2a::A;
	}
}","To generate the SysML v2 model `QualifiedNameImportTest`, I want to create a structure that includes two packages: `P1` and `P2`. 

1. In package `P1`, I will define a part named `A`.
2. In package `P2`, I will create a subpackage `P2a`.
3. Within `P2a`, I will perform a public import of all contents from package `P1` using `public import P1::*;`.
4. Finally, I will define a part `x` in `P2` that references the imported part `A` from `P2a` as `part x: P2a::A;`.

This model will demonstrate the use of qualified name imports across packages, ensuring that `A` is accessible within `P2a`.","[-6.20723441e-02 -3.50662991e-02 -1.09277759e-03  6.05887361e-03
 -3.13902553e-03 -3.51164788e-02  4.54669073e-02  2.15062462e-02
 -6.26283810e-02  7.74808787e-03  4.46956083e-02 -5.33074141e-02
  7.81185627e-02  7.07846433e-02  6.11749329e-02 -1.74597430e-04
  2.74380781e-02 -9.76727810e-03 -4.22979426e-03  1.21841487e-02
  4.09455337e-02  1.05963647e-02  2.69501004e-03  3.06962747e-02
 -7.45874494e-02 -5.49542159e-03 -4.38004583e-02  7.43114874e-02
  1.08034663e-01 -7.39897415e-02  2.42717713e-02  1.00000970e-01
 -5.39562143e-02  4.57510240e-02  1.20049611e-01  8.86425972e-02
  3.41847315e-02 -4.94187772e-02 -1.86032001e-02 -7.92499781e-02
  1.08950227e-01  1.17256325e-02 -1.17951380e-02 -6.35904120e-03
 -2.59770453e-02 -6.03126958e-02  3.82970609e-02  2.38744193e-03
 -5.54342754e-02 -4.03808281e-02 -5.67758679e-02 -3.98021564e-02
 -4.09079269e-02 -1.43946735e-02 -9.97998193e-03  7.36310929e-02
  7.45876506e-02 -3.67407575e-02 -1.31209582e-01  4.28577745e-03
 -3.64786014e-02 -2.73565575e-03 -6.60617799e-02 -4.81208563e-02
 -5.31605259e-02  6.06138771e-03 -3.92947011e-02 -1.08178994e-02
  4.91840616e-02  5.66804372e-02 -1.05387330e-01  3.23593840e-02
  4.45147194e-02  4.06380482e-02  3.21422704e-02  2.95585934e-02
  6.77942559e-02  1.08640688e-02 -3.61318397e-03 -1.17416359e-01
 -4.03653048e-02  2.41945917e-03 -3.57393622e-02 -3.05413138e-02
  2.04169713e-02  7.58656301e-03  5.29604144e-02 -7.64330253e-02
  3.29434387e-02  2.55099703e-02 -7.04670185e-03 -1.08904988e-01
  7.16659948e-02  4.03674878e-02  6.79957345e-02  4.62430380e-02
  4.55112010e-02  5.26722372e-02  6.61639720e-02  2.69982498e-02
 -6.10667132e-02  7.08758384e-02  7.76903853e-02  2.66862637e-03
 -4.50334214e-02  3.35283987e-02 -6.00458309e-02 -1.10055909e-01
 -1.80076156e-02 -3.83669250e-02 -4.13409621e-02  7.77521878e-02
  6.92246808e-03 -7.44913071e-02 -2.16240305e-02  3.65414545e-02
  1.86487474e-02 -6.66949723e-04  3.92943667e-03 -4.18216214e-02
 -1.63234044e-02 -5.11702150e-04  1.39536604e-01 -3.26096406e-03
  5.91908433e-02 -3.83387762e-03 -7.04306960e-02  1.92447105e-33
 -2.34480426e-02  3.40404129e-03 -1.40962042e-02  1.11602858e-01
 -4.76328889e-03  6.03748672e-02  8.51328447e-02  1.58503763e-02
 -5.04934154e-02  1.70932580e-02 -6.24962263e-02 -1.44320019e-02
 -4.07768302e-02  2.43848693e-02  2.75147110e-02  3.60980034e-02
 -3.89903449e-02  7.31945857e-02  1.47278272e-02  2.44099833e-02
  3.48723903e-02 -2.17311159e-02 -4.34773527e-02 -2.67168246e-02
  5.09496778e-02  6.87939674e-02  6.61825389e-02 -3.77871953e-02
 -9.14475787e-03  2.51740515e-02  4.59185205e-02 -6.58295234e-04
  4.54219356e-02  5.04336692e-02  2.01913416e-02  5.58844721e-03
  3.95312440e-03 -1.67640559e-02 -8.23575724e-03 -2.39338074e-02
  4.73496765e-02  2.81712878e-02  2.76740659e-02  7.50835910e-02
 -3.53684314e-02 -9.44958180e-02 -9.57893282e-02  4.78907377e-02
  3.93104516e-02 -7.97889829e-02  5.19968644e-02  2.70784162e-02
  2.88483836e-02 -1.11058038e-02 -6.18401393e-02 -4.24560495e-02
  3.36727388e-02  4.48717177e-02  8.32417887e-03  2.11344659e-03
  4.28603351e-04  3.95630561e-02 -3.79911624e-02  9.46209431e-02
  5.14306575e-02  5.15818782e-02 -6.20333925e-02 -5.72881140e-02
  5.87914623e-02  4.90008108e-02 -4.78876978e-02  6.37013651e-03
 -1.11283310e-01  8.77239257e-02  4.90871109e-02 -1.05456434e-01
 -3.19447974e-03  5.80264404e-02  1.32599985e-02 -1.56267006e-02
 -6.59758672e-02  5.84907718e-02 -4.69494238e-02  2.77543720e-02
 -5.50955199e-02 -3.28231491e-02 -3.93121690e-03 -6.82288706e-02
 -2.30546650e-02 -1.42271280e-01  2.06494201e-02 -2.62410212e-02
  9.67144780e-03 -5.20291626e-02  2.61289701e-02 -2.89777761e-33
  6.78372309e-02  6.06299415e-02  5.30383475e-02  9.80752800e-03
 -3.48751843e-02 -1.00902967e-01  2.00073160e-02 -1.70739684e-02
 -7.11684767e-03  7.93478265e-02 -2.37760190e-02 -1.74952932e-02
  4.91450690e-02 -6.61972612e-02  2.23942865e-02  8.23338516e-03
 -3.84799838e-02 -1.10445797e-01  6.17321162e-03  5.13658859e-02
 -1.39329880e-02  8.01831782e-02  1.13947885e-02 -7.76347145e-03
  1.30635090e-02 -1.18263988e-02 -9.43714380e-03  1.82842109e-02
 -1.30166039e-02  4.50808145e-02 -2.18771631e-03  4.43420745e-02
 -9.10550505e-02 -7.83368871e-02 -1.02662928e-01 -5.28061092e-02
 -1.13838539e-01 -4.28516464e-03  3.37354094e-02  2.44800206e-02
  1.76690216e-03  8.23137611e-02 -8.54708254e-02  3.07657477e-02
 -1.61203146e-02 -9.92561877e-03  1.88065805e-02 -4.69870903e-02
 -2.85359882e-02 -6.01374283e-02 -5.89653552e-02  8.00790358e-03
  3.44948401e-03 -7.83127453e-03  1.55593455e-02  4.66242954e-02
 -3.83796245e-02  2.05513109e-02  4.72920090e-02 -3.00495885e-02
  6.57063425e-02  4.67752516e-02  5.95989870e-03 -1.54155819e-02
  1.70401670e-03 -5.06169498e-02 -4.51505594e-02 -3.81572396e-02
  3.87651362e-02 -5.98483011e-02 -1.22141438e-02  2.62900796e-02
 -1.62992813e-02  4.37881686e-02  4.33441103e-02  3.78669426e-02
 -7.96074867e-02  1.29748642e-01  6.86939433e-02  1.68864261e-02
 -1.15386516e-01 -3.68849039e-02 -1.25020724e-02  5.39751612e-02
 -4.57175495e-03 -5.89523986e-02  8.50389227e-02  6.50053695e-02
 -9.64775868e-03 -3.96135524e-02  8.18491075e-03  3.01288776e-02
  3.66332904e-02  1.00533254e-01  1.85605530e-02 -4.55796147e-08
 -4.26530279e-02 -3.55581418e-02 -7.62542114e-02  3.54058333e-02
 -3.58627178e-02  3.10145933e-02 -1.20064594e-01  6.48910040e-03
  3.53625952e-03  4.19070721e-02 -7.45818540e-02  6.67689294e-02
 -6.76664338e-02  2.35405425e-03 -9.41566750e-02  3.33236977e-02
 -5.76165970e-04  9.96979401e-02 -8.97667855e-02 -4.00408506e-02
 -3.56339919e-03  4.15546484e-02  4.76971306e-02  7.22668469e-02
  1.06242876e-02  2.70711873e-02  3.52770016e-02 -3.90600339e-02
  5.49291819e-02 -1.82622671e-02  4.77238819e-02 -1.03069209e-02
 -5.42896055e-03  2.46019326e-02 -1.64547041e-02  6.51121736e-02
  9.06511769e-03  3.15823518e-02  6.68598562e-02  4.47935537e-02
 -1.41864745e-02 -6.83161169e-02 -4.52444479e-02  1.98769663e-02
  1.62410157e-04 -2.75778621e-02 -1.26242340e-01 -6.26347736e-02
 -3.28049660e-02  2.36475859e-02 -2.77194716e-02  1.49713857e-02
 -6.11678064e-02  5.98839764e-03 -6.87460750e-02  1.91082023e-02
 -3.80505361e-02 -1.46045312e-02 -2.45095813e-03 -1.21282414e-01
 -3.95682976e-02 -1.19433599e-02  3.44022512e-02  1.20867335e-03]"
26,../models/Individuals Examples/AnalysisIndividualExample.sysml,"package AnalysisIndividualExample {
    private import ScalarValues::*;
    private import Quantities::*;
    private import ISQ::*;
    private import USCustomaryUnits::*;
    
	package VehicleQuantities {
	    private import MeasurementReferences::*;
	    
	    attribute def DistancePerVolumeUnit :> DerivedUnit {
	    	private attribute distancePF: QuantityPowerFactor[1] { :>> quantity = isq.L; :>> exponent = 1; }
	        private attribute volumePF: QuantityPowerFactor[1] { :>> quantity = isq.L; :>> exponent = -3; }
	        attribute :>> quantityDimension { :>> quantityPowerFactors = (distancePF, volumePF); }
	    }

	    attribute def DistancePerVolumeValue :> ScalarQuantityValue {
	        :>> num : Real;
	        :>> mRef : DistancePerVolumeUnit;
	    }
	    
	    attribute gallon : VolumeUnit = 231.0 * 'in' ** 3;
	    attribute mpg : DistancePerVolumeUnit = 'mi' / gallon;
	    attribute hp : PowerUnit = 745.7[SI::W];
	}
	
	package VehicleModel {
	    public import VehicleQuantities::*;
	    
	    part def Vehicle {
	    	attribute power :> ISQ::power;
	    }
	    
	    part def Engine {
	    	attribute peakPower :> ISQ::power;
	    	attribute fuelEfficiency : Real;
	    }
	    
	    part vehicle_c1 : Vehicle {
	    	attribute :>> power = engine.peakPower;
	    	part engine : Engine[1];
	    }
	}
	
	package FuelEconomyAnalysisModel {
	    private import VehicleModel::*;
	    private import SequenceFunctions::size;
	    private import SampledFunctions::SampledFunction;
	    private import SampledFunctions::SamplePair;
	    private import ControlFunctions::forAll;
	    
	    action def FuelConsumption {
			in power : PowerValue[*];
			out fuelEconomy : DistancePerVolumeValue;
		}
		
		analysis def FuelEconomyAnalysis {
			subject vehicle: Vehicle;

		    action fuelConsumption : FuelConsumption {
		    	in power = vehicle.power;
		        out fuelEconomy : DistancePerVolumeValue;
	        }
	        
			return calculatedFuelEconomy : DistancePerVolumeValue =
				fuelConsumption.fuelEconomy;	        
	    }
	}
	
	package IndividualAnalysisModel {
		private import VehicleModel::*;
		private import FuelEconomyAnalysisModel::*;
		
		individual part def Vehicle_1 :> Vehicle;
		individual part def Engine_1 :> Engine;
		
		individual analysis def FuelEconomyAnalysis_1 :> FuelEconomyAnalysis;
		individual action def FuelConsumption_1 :> FuelConsumption;
		
		individual analysis fuelEconomyAnalysis_1 : FuelEconomyAnalysis_1 {
			subject vehicle : Vehicle_1 :> vehicle_c1 {
				individual part :>> engine : Engine_1 {
					attribute :>> peakPower = 200[hp];
					attribute :>> fuelEfficiency = 0.4;
				}
			}
			individual action :>> fuelConsumption : FuelEconomyAnalysis_1 {
				snapshot :>> done :> fuelConsumption {
					out :>> fuelEconomy = 35[mph];
				}
			}
		}
		
	}
	
}","To create the SysML v2 model for a vehicle fuel economy analysis, I'll define a structured package named `AnalysisIndividualExample`. This package includes several sub-packages for managing vehicle quantities, vehicle models, and fuel economy analyses. 

1. **VehicleQuantities**: This package defines the units and values relevant to vehicle measurements.
   - It includes a derived unit `DistancePerVolumeUnit`, modeling the quantity of distance per volume (miles per gallon) using distance and volume power factors.
   - It also defines `DistancePerVolumeValue`, which combines a numeric value with the `DistancePerVolumeUnit`.
   - Commonly used measurements like `gallon`, `mpg`, and `hp` are specified.

2. **VehicleModel**: Here, I establish components of a vehicle.
   - A `Vehicle` part has an attribute for power.
   - An `Engine` part holds attributes for `peakPower` and `fuelEfficiency`.
   - An example part `vehicle_c1` is created, incorporating an engine instance and linking peak power to the vehicle power.

3. **FuelEconomyAnalysisModel**: This package focuses on defining the analysis actions.
   - An action `FuelConsumption` takes power input and outputs fuel economy.
   - The `FuelEconomyAnalysis` defines an overall analysis process for calculating fuel economy based on vehicle power.

4. **IndividualAnalysisModel**: This package is designed for a specific instance of analysis.
   - Individual parts `Vehicle_1` and `Engine_1` are defined here.
   - An individual analysis instance `FuelEconomyAnalysis_1` executes the analysis action `FuelConsumption_1`.
   - A specific analysis `fuelEconomyAnalysis_1` configures the vehicle with its engine's peak power and fuel efficiency and captures the resulting fuel economy.

Overall, the model captures the structural relationships between vehicle attributes and their effects on fuel economy, facilitating a specific analysis of a vehicle's performance.","[-1.31361969e-02 -3.48651521e-02 -6.29329085e-02  2.34539229e-02
  1.35655385e-02 -1.41300829e-02 -5.84549941e-02  8.39914680e-02
 -3.27064507e-02 -2.78574992e-02 -3.80377140e-04 -8.70619640e-02
  3.23498659e-02  4.66865674e-02 -3.36199328e-02 -3.00619807e-02
  3.04059754e-03  2.18784250e-02 -7.63726160e-02  1.36847924e-02
  1.51141778e-01  2.68314648e-02  7.92379528e-02  1.09668020e-02
  1.88186690e-02 -3.24974805e-02 -5.78256547e-02  6.95301965e-02
 -2.52218342e-05 -2.49932632e-02  2.12496109e-02  1.85257830e-02
  7.21074343e-02 -9.53622349e-03  6.66063726e-02 -1.47636980e-02
  5.11946231e-02  4.99620149e-03 -6.72226921e-02 -3.10187694e-02
 -3.50042023e-02 -1.13026083e-01 -3.02261207e-02 -4.89794416e-03
  2.06021555e-02 -5.69152981e-02 -8.24710540e-03  1.33647146e-02
 -1.78786255e-02  1.31516159e-02 -4.19085175e-02  2.87026539e-02
 -3.50825973e-02 -6.81723328e-03  1.54966479e-02  3.02055329e-02
  4.28502075e-02 -9.07131005e-03 -7.84436092e-02 -1.01951867e-01
 -3.47169377e-02 -8.35782907e-04 -6.48095757e-02 -4.12340201e-02
 -5.66729084e-02 -1.21820569e-02 -4.16202061e-02  2.14372389e-02
 -5.01526752e-03  7.27548003e-02 -8.71462896e-02 -6.06541894e-02
  2.69596203e-04  7.77663663e-03 -3.78287509e-02 -3.17288861e-02
  8.14698413e-02  3.50872427e-02  2.81071551e-02 -1.09759904e-01
 -1.51859149e-02  3.93550936e-03 -6.10641055e-02 -4.98197041e-02
  1.72770005e-02 -1.55108701e-03  4.03314121e-02 -1.50869917e-02
  5.46231121e-02  1.56690441e-02  5.60432952e-03  1.35153076e-02
  6.19914988e-03 -2.31725797e-02  1.00543186e-01  4.49054688e-03
  1.11289620e-02 -2.35005319e-02  9.39218700e-02 -4.24437225e-03
  1.99088659e-02  6.61565289e-02  6.07888633e-03 -2.35311519e-02
 -4.45020497e-02  2.33290438e-02 -9.37569607e-03  6.36866391e-02
  1.91140547e-02 -4.38541956e-02  6.72844276e-02  4.72439378e-02
 -3.29160802e-02 -2.97555961e-02  5.86152337e-02  3.34669426e-02
  3.63235176e-02 -4.79481630e-02  6.38099685e-02 -1.67300049e-02
 -8.36316645e-02 -5.80501258e-02  5.36803640e-02  5.09607457e-02
  1.00234486e-01  1.10997260e-02 -4.84019183e-02  4.93973858e-34
 -1.27232343e-01 -4.75933850e-02  1.85358815e-03  1.07719190e-01
 -8.38252231e-02  9.90025699e-02 -6.19921833e-02 -4.81857889e-04
  2.95994803e-02  4.87088412e-02 -6.70307130e-02  1.01244189e-01
 -1.64394919e-02 -4.41881595e-03  5.39340712e-02 -1.05546545e-02
 -2.26587281e-02  5.23213856e-02 -1.99083183e-02 -5.94663732e-02
  3.90111841e-02 -1.68021210e-02 -1.55881941e-02  7.35997874e-03
  8.55247304e-02  5.33993877e-02  5.85545264e-02 -5.19162184e-03
 -6.50800318e-02  5.78242540e-02  2.50210632e-02  3.88273150e-02
 -4.33369204e-02 -2.99134906e-02 -1.79970525e-02  8.91672913e-03
 -3.21768969e-02 -4.42732358e-03  5.03515042e-02 -3.73861752e-02
  1.36710098e-02  7.71407690e-03 -4.44149686e-04 -4.41679806e-02
 -1.22281030e-01  1.75515506e-02  1.39125567e-02  2.76921615e-02
  7.48687759e-02  1.45568466e-02 -2.87037622e-02 -5.55974394e-02
  1.62473060e-02 -4.21143062e-02 -7.05324560e-02  8.27568546e-02
  1.51473237e-02 -1.50479227e-02 -4.22975235e-03  1.49748744e-02
 -9.23368111e-02  5.39548732e-02  8.66210274e-03 -8.05453956e-02
  2.92102080e-02  3.54400873e-02 -9.83280018e-02 -5.53801917e-02
  1.44130606e-02  4.00280543e-02 -3.85567099e-02  9.46232490e-03
 -2.74772407e-03  8.45939294e-02  9.45017412e-02 -7.19028711e-02
  7.58213550e-02 -6.70250272e-03 -1.07431382e-01  1.64305717e-02
 -1.34115592e-01  1.27503425e-01 -6.64364779e-03 -9.66291055e-02
 -1.66725682e-03 -8.51839259e-02 -3.17439027e-02 -2.75024548e-02
 -4.87599708e-02 -1.23007350e-01 -1.06752543e-02 -3.57784219e-02
 -1.08187534e-01 -1.41517920e-02 -3.36944424e-02 -3.67136053e-33
  1.56223378e-03  7.36927316e-02  4.35133316e-02  3.16597410e-02
  4.32709530e-02 -2.79945284e-02  1.53586846e-02 -3.00084874e-02
  6.76872255e-03 -2.54506823e-02 -2.10161712e-02  8.82049557e-03
  6.82442635e-03  5.14698168e-03  3.64586450e-02  5.41498959e-02
  1.44706480e-02 -2.21265197e-01 -2.79362071e-02  3.36814895e-02
 -3.08198463e-02  1.00718271e-02 -1.29551711e-02  9.07428190e-03
 -2.85854191e-02 -2.50693820e-02  9.46445391e-04 -3.82170379e-02
  2.75311098e-02 -8.82309526e-02  5.82383797e-02  1.35501381e-02
  5.54024614e-03 -5.57499938e-02 -6.03067726e-02 -6.13072403e-02
 -4.60796990e-03 -7.78268799e-02 -5.42996116e-02  5.57053052e-02
  2.13644579e-02  1.73657183e-02  7.85851292e-03 -3.13832611e-02
  9.85471811e-03  7.12448871e-03  6.45052865e-02 -8.87469649e-02
 -5.69643872e-03 -6.61254674e-02  8.76453370e-02 -2.23931689e-02
 -2.42141392e-02  6.55064955e-02 -8.64301529e-03  3.01432330e-02
  4.59080935e-02  3.02109197e-02 -3.32568325e-02 -1.25181610e-02
  7.59997740e-02 -2.29771435e-02  1.81776825e-02  5.84267415e-02
 -7.25314468e-02 -6.08436726e-02 -1.81839652e-02 -7.79284090e-02
  4.11013290e-02 -7.47477915e-03 -6.04318343e-02  2.27174088e-02
  3.90949212e-02  6.11638948e-02 -4.92916517e-02 -3.02929096e-02
 -5.43115921e-02  2.93428693e-02  7.60118291e-02 -1.75221786e-02
 -3.51283960e-02  4.23552319e-02  5.33947796e-02  1.40544232e-02
 -1.02983108e-02 -6.07958958e-02 -7.74942432e-03  8.14397931e-02
 -8.24072678e-03 -4.19818098e-03 -1.96733419e-02  3.90024520e-02
 -6.91239312e-02  1.29977986e-01 -5.42690381e-02 -5.62003670e-08
 -2.96601485e-02  6.54298253e-03  5.79828732e-02  2.22642403e-02
 -4.23145294e-02  2.12672781e-02 -6.03738949e-02  2.28917301e-02
 -3.66949402e-02  5.35886511e-02  5.13764396e-02  3.88652831e-02
 -3.09848227e-02  4.49276716e-03 -3.62585261e-02  1.45139787e-02
  5.19768074e-02  7.67408833e-02 -2.89490819e-02  6.07490307e-03
  6.43786117e-02  6.06668256e-02 -1.03294395e-01  3.68731618e-02
  1.20060831e-01 -4.47566882e-02 -7.09557906e-02 -3.84789542e-03
  6.86734989e-02 -5.64644001e-02  7.41385818e-02  7.68756717e-02
  4.73999046e-02  1.95625760e-02  6.10924186e-03  5.75274751e-02
 -6.14924803e-02  6.69934228e-02  6.35997020e-03  9.04352814e-02
  6.46981075e-02  1.03449067e-02 -1.11092469e-02  1.53224368e-03
  3.59464847e-02  5.21504991e-02 -8.15047845e-02 -4.24488895e-02
 -2.34435908e-02  4.14186493e-02  2.46834345e-02  1.10164350e-02
 -7.22777918e-02  6.89771101e-02 -2.84169875e-02 -2.72648707e-02
 -6.00016713e-02 -1.53321419e-02  3.24767195e-02 -6.32223934e-02
  2.49064015e-03  5.26319519e-02 -3.34333703e-02  3.92785855e-03]"
27,../models/Individuals Examples/JohnIndividualExample.sysml,"package JohnIndividualExample {
	
	item def Person {
		doc	
		/*
		 * This is the definition of the class of persons, each of whom has an age.
		 */

		attribute age : ScalarValues::Natural;		
		
		timeslice asPresident : Person [0..*] {
			doc
			/*
			 * These are the periods during which a Person is president.
			 */
		}
	}
	
	individual item def John :> Person {
		doc
		/*
		 * This the definition of the individual Person who is John.
		 * There is at most one such person.
		 */
	}
	
	item def Country {
		doc
		/*
		 * This is the definition of the class of countries, each of which may have 
		 * at most one president (at any point in time).
		 */
		ref presidentOfCountry[0..1] : Person :> presidentOfCountry.asPresident;
	}
	
	individual item def UnitedStates :> Country {
		doc
		/*
		 * This is the definition of the individual country that is the
		 * United States. It contains a single instance. The United States
		 * always has a president who must be at least 35 years old.
		 */
		 
		ref presidentOfUS[1] :>> presidentOfCountry {
	   		assert constraint { age >= 35 } 
	  	}
	}
	
	timeslice item UnitedStatesWithJohnAsPresident[*] : UnitedStates {
		doc
		/*
		 * These are the time slices of the United States during
		 * which John is president of the United States.
		 */
		ref :>> presidentOfUS : John;
	}
}","To create a SysML v2 model for this scenario, I would like to structure it as follows:

1. **Package Definition**: Create a package named `JohnIndividualExample`.

2. **Person Definition**: Define a class called `Person`. Each `Person` should have:
   - An attribute `age` of type `ScalarValues::Natural`.
   - A timeslice association `asPresident` that links to multiple time periods during which a `Person` serves as president.

3. **Individual Definition for John**: Define an individual instance of `Person` named `John`, specifying that there is at most one such instance.

4. **Country Definition**: Define a class called `Country`, which may have:
   - A reference `presidentOfCountry` that relates to at most one `Person` (the president).

5. **Individual Definition for United States**: Define an individual instance of `Country` named `UnitedStates`. It should:
   - Specify that there is only one instance of the United States.
   - Include a reference `presidentOfUS`, linking to a `Person` with a constraint that ensures the president must be at least 35 years old.

6. **Timeslice for United States with John as President**: Define a timeslice `UnitedStatesWithJohnAsPresident` that represents the periods when John is president of the United States, linking back to `John` as the reference.

This concise description captures the overall structure of the model, its entities, attributes, references, and constraints, providing a clear and fundamental overview for generating the SysML v2 model.","[-1.73779484e-02 -2.50703394e-02  2.86530191e-03 -1.39754694e-02
 -3.83114479e-02  1.62918866e-02  4.69232351e-02 -4.07046899e-02
 -8.38555098e-02  4.04923744e-02  2.24534906e-02 -1.19719684e-01
  6.40186965e-02  7.00839311e-02  4.32100296e-02  5.33925444e-02
 -1.22977104e-02  2.64181726e-04 -3.76799032e-02  2.64768302e-02
  1.29838184e-01 -6.38751462e-02 -8.75225104e-03  1.49710570e-02
 -8.53936300e-02 -4.07685786e-02  2.17314847e-02  3.87675762e-02
  4.19106856e-02 -4.41620238e-02  3.06413528e-02  5.20928204e-02
  2.47832108e-02  5.53355068e-02  9.99578312e-02  2.40722094e-02
  3.48634757e-02  1.44015551e-02 -4.55120280e-02 -3.19418646e-02
  3.08647621e-02 -1.02745695e-02  2.41019782e-02 -3.67400534e-02
 -5.18161943e-03 -4.18789648e-02  1.74102169e-02  1.30099831e-02
 -1.01428907e-02 -1.02218529e-02 -1.77413989e-02  1.73244122e-02
 -1.35177001e-02 -3.38604860e-02  1.28292292e-02  5.14521897e-02
 -3.67268100e-02 -5.64594939e-02 -1.42424032e-01 -1.01113275e-01
 -7.00700954e-02 -3.08456738e-02 -3.50923985e-02 -6.34388253e-02
 -3.00246850e-02  4.31070477e-02 -7.60697201e-02  1.99791342e-02
  7.87618831e-02  8.84520262e-02 -4.10462096e-02 -2.49207467e-02
 -1.91615000e-02  6.24638535e-02 -1.41244866e-02 -3.21080610e-02
  7.14658275e-02  6.19972646e-02  1.27035147e-02 -9.61532146e-02
 -6.13197573e-02  3.22699510e-02 -9.91454069e-03 -2.93445773e-02
  4.67757210e-02 -2.29144730e-02  2.47227959e-02 -6.96016997e-02
  2.43955031e-02  7.08277524e-02 -1.10124042e-02  8.20443907e-04
  1.54522315e-01 -7.82440975e-03  1.23789750e-01  4.42524701e-02
  4.99559045e-02 -8.57171789e-03  4.39794026e-02  5.14635965e-02
 -9.87187102e-02  4.34544310e-02  7.21210763e-02  4.29149643e-02
 -5.62661365e-02  9.30471066e-03 -1.20062254e-01 -6.38981536e-02
 -7.41767064e-02 -8.15831944e-02 -2.63709892e-02  6.26736209e-02
 -6.97416738e-02 -4.77671064e-02  1.06081441e-02 -2.22337451e-02
  3.15132178e-02 -2.91546006e-02  2.50135586e-02 -7.11607113e-02
  2.88895648e-02  2.38179881e-02  5.67663498e-02 -9.08441842e-03
  2.55004168e-02 -2.24027596e-03 -6.15648776e-02 -3.16029820e-35
 -1.85746960e-02  3.57214268e-03 -1.86055489e-02  1.36699542e-01
 -1.53365443e-02  7.60243312e-02 -1.95821710e-02  1.82028562e-02
 -2.14665178e-02  3.06968875e-02 -2.72637289e-02 -3.05554364e-02
  1.38507374e-02  2.62550749e-02  1.72666032e-02  2.47497074e-02
 -8.94038472e-03  6.37451038e-02 -2.07161414e-03  1.36359576e-02
  3.57954726e-02  4.88815829e-02 -7.42775127e-02 -1.52217494e-02
  5.81314713e-02  5.39656281e-02  5.85740134e-02  1.51807154e-02
 -2.20624208e-02  9.69769782e-04  5.48016801e-02 -2.04111803e-02
 -3.65869584e-03 -3.58535186e-03  4.60617207e-02  1.19034657e-02
  3.55144031e-02  8.66883155e-03  5.20828478e-02 -9.63160694e-02
  2.36254893e-02  2.90931165e-02  3.08976453e-02  7.55756870e-02
 -1.64263528e-02 -2.24008318e-02  3.55708748e-02  5.04157767e-02
  1.62840763e-03  2.76967455e-02  1.96536500e-02 -2.21482757e-02
  8.92735459e-03 -2.22714692e-02 -5.39129563e-02 -3.05642635e-02
  5.46432473e-03  9.61055458e-02  4.15070070e-04  1.18252784e-02
  4.21375223e-02 -3.14211547e-02 -2.33589597e-02  5.91393411e-02
  1.38038853e-02  4.59997309e-03 -9.49911624e-02 -4.96221706e-02
  1.23381719e-01  1.84644628e-02  1.06338933e-02  6.42215610e-02
 -8.65688846e-02  6.29493743e-02  4.76858988e-02 -6.01080954e-02
  9.04937610e-02 -2.70390157e-02 -4.58601564e-02  2.60843523e-02
 -1.15787171e-01  3.92242521e-02 -3.81861441e-02  3.41860652e-02
 -6.91731367e-03 -3.46029028e-02  2.66138036e-02 -9.49196368e-02
 -2.87514720e-02 -8.84239301e-02 -1.00216595e-02 -8.74041319e-02
 -4.85236757e-03 -2.66213734e-02  1.28050672e-03 -3.44146359e-33
  2.39370018e-02  1.43403364e-02  6.13381453e-02 -4.08852249e-02
  2.79640369e-02 -7.28468969e-02 -6.73512416e-03  5.98890334e-03
 -5.23686074e-02 -3.12113836e-02 -5.86986635e-03 -3.84728587e-03
  1.05703078e-01 -9.55370441e-03  9.96317901e-03  6.43891618e-02
 -1.69897408e-04 -1.73176751e-01  2.32570572e-03  1.13666959e-01
 -5.08518890e-02  4.17060666e-02 -1.17327385e-02  7.32791657e-03
  4.29775007e-02 -2.04904284e-02 -3.98958363e-02 -2.11789701e-02
  9.94762592e-03 -7.19994027e-03  7.76223233e-03 -3.94102372e-02
 -2.53335815e-02 -1.07377298e-01 -8.80607590e-02 -6.19239174e-02
 -5.02736345e-02 -6.12134412e-02  8.77007376e-03  2.26315856e-02
  1.42417615e-02 -3.40282707e-03 -6.83057010e-02 -1.59846377e-02
 -3.03319879e-02  8.91366694e-03  2.14547908e-05 -1.63777471e-02
 -6.60123974e-02 -6.34024814e-02 -1.01897657e-01 -6.13012351e-02
 -2.50987429e-02  3.26666236e-03 -3.68010579e-03  9.48402192e-03
  1.25832949e-02 -2.65543871e-02  5.59622943e-02  2.22439617e-02
  1.81312542e-02  5.27534867e-03 -7.43967830e-04  4.67067100e-02
  6.11534668e-03 -1.11621775e-01 -6.67617917e-02 -5.35644330e-02
 -2.85704676e-02 -1.35079287e-02 -1.79880224e-02 -3.56107280e-02
 -8.21752623e-02  1.28991446e-02  3.28933373e-02 -2.57951524e-02
 -5.35266064e-02  9.58709642e-02  7.93741345e-02 -2.50707623e-02
 -1.63757831e-01  4.94202599e-03  5.04230568e-03  2.24940721e-02
 -4.11044173e-02 -4.74063493e-02  1.05601668e-01  8.34446251e-02
  1.52218211e-02  5.76681942e-02 -5.87937459e-02  7.00469315e-03
 -3.51922959e-02  1.38803139e-01 -6.76470101e-02 -5.94766369e-08
 -2.33532283e-02  3.89687940e-02  1.62594579e-02  4.25214581e-02
 -1.41868806e-02 -6.82475511e-04 -4.00487073e-02 -3.33516039e-02
  4.75794682e-03  4.39419188e-02 -2.93830931e-02  8.15435275e-02
 -3.02186869e-02 -1.88985225e-02 -1.87323224e-02  2.38914471e-02
 -3.28280888e-02  6.92528263e-02 -8.29246119e-02  5.69702163e-02
  2.41629332e-02  2.59589702e-02 -3.20175663e-02  4.03291509e-02
  3.87153588e-02 -1.98790943e-03  1.09391147e-02  6.56680530e-03
  6.71375319e-02 -5.58972219e-03  5.17043099e-02  3.90084051e-02
 -2.60303915e-02  4.49427776e-02 -2.47787274e-02  1.33197652e-02
 -1.05096720e-01  1.31967822e-02  6.33762032e-02  1.92952845e-02
  2.85865143e-02 -2.04486642e-02 -6.80630282e-02  5.26614413e-02
  8.60035419e-02  3.70342797e-03 -8.52167010e-02 -9.48124751e-02
 -6.58644224e-03  4.39221933e-02 -9.23845395e-02  4.22181599e-02
 -4.97353189e-02  2.74214260e-02 -2.02200264e-02  3.02885715e-02
  3.24877016e-02  3.21917720e-02  6.53712079e-02 -1.05541453e-01
  6.91331318e-03 -2.99092550e-02 -7.02172443e-02  1.39548872e-02]"
28,../models/Interaction Sequencing Examples/ServerSequenceModel.sysml,"package ServerSequenceModel {
	private import ScalarValues::String;
	public import SignalDefinitions::*;

	package SignalDefinitions {
	    item def Subscribe {
	    	attribute topic : String;
	    	ref part subscriber;
	    }
	    
		item def Publish {
			attribute topic : String;
			ref publication;
		}
		
		item def Deliver {
			ref publication;
		}
	}

	part def PubSubSequence {
		part producer[1] {
			event occurrence publish_source_event;
		}
		
		message publish_message from producer.publish_source_event to server.publish_target_event;
		
		part server[1] {
			event occurrence subscribe_target_event;
			then event occurrence publish_target_event;
			then event occurrence deliver_source_event;
		}
		
		message subscribe_message from consumer.subscribe_source_event to server.subscribe_target_event;
		message deliver_message from server.deliver_source_event to consumer.deliver_target_event;
		
		part consumer {
			event occurrence subscribe_source_event;
			then event occurrence deliver_target_event;
		}
	}
}","To generate a SysML v2 model for a Pub/Sub sequence, I would describe the model as follows:

**Model Overview:**
This model, named `ServerSequenceModel`, focuses on a publish-subscribe communication pattern involving a producer, a server, and a consumer. It defines the signals for subscribing, publishing, and delivering messages between these components.

**Package Structure:**
1. **SignalDefinitions:** 
   - Defines three key signals: `Subscribe`, `Publish`, and `Deliver`. Each signal has relevant attributes and references:
     - `Subscribe`: Includes a topic and links to the subscriber component.
     - `Publish`: Contains a topic and a reference to the publication.
     - `Deliver`: References the publication to be delivered.

2. **Part Definition - PubSubSequence:**
   - **Producer:** 
     - Has an event `publish_source_event`, which triggers a message for publishing.
     - The message `publish_message` is sent to `server.publish_target_event`.
   - **Server:**
     - Contains three events: `subscribe_target_event`, `publish_target_event`, and `deliver_source_event`.
     - It connects to the consumer through messages:
       - `subscribe_message` from `consumer.subscribe_source_event` to `server.subscribe_target_event`.
       - `deliver_message` from `server.deliver_source_event` to `consumer.deliver_target_event`.
   - **Consumer:**
     - Initiates with `subscribe_source_event` and concludes with `deliver_target_event`.

This model effectively captures the flow and interactions within a typical pub/sub architecture.","[-4.06380324e-03 -1.09711275e-01 -1.05792889e-02  5.11944890e-02
 -2.05885284e-02 -2.41491925e-02  3.82438477e-04 -3.38199772e-02
  4.15216852e-03  4.10909280e-02 -4.60990332e-02 -3.43506671e-02
  5.79203106e-02 -3.35935620e-04  4.61906269e-02 -1.11350464e-02
  7.49608204e-02 -1.09380059e-01  1.34971086e-02  1.97660108e-03
  1.86460391e-02  7.73040503e-02  2.50615878e-03  3.18370983e-02
 -4.93385568e-02 -1.13473296e-01 -7.77972571e-04  3.64803076e-02
  7.46284053e-02 -1.58306789e-02  9.30502415e-02  2.52595134e-02
 -1.26193995e-02  3.57732549e-02  8.24733675e-02  2.51375940e-02
  7.63798654e-02 -1.05494618e-01 -5.08902222e-02  5.87133644e-03
  1.27938375e-01 -8.54216889e-02 -9.96754020e-02 -2.29344480e-02
  1.68542024e-02 -5.92579283e-02 -5.29453456e-02  6.85624406e-03
 -5.48833609e-02  3.24875079e-02 -3.22279483e-02 -6.96511567e-02
 -1.08011309e-02  6.47002310e-02  4.93535921e-02  3.36325504e-02
 -2.15242319e-02  1.98285505e-02 -3.52318957e-02 -5.94949648e-02
 -2.46639084e-03 -3.07089407e-02 -1.25852600e-01 -5.87028153e-02
  4.52837953e-03  7.60460272e-02 -2.47990564e-02  3.44514735e-02
  8.27729926e-02  6.42264858e-02 -9.75147411e-02 -4.29582670e-02
 -2.10807025e-02 -1.16283223e-02  2.14235876e-02 -3.49817090e-02
  4.15598638e-02  8.12375825e-03 -2.71083303e-02 -1.19483531e-01
 -3.19206119e-02 -4.07662839e-02 -5.36636077e-02 -2.55616028e-02
 -6.02169819e-02 -1.81970857e-02  3.79724093e-02 -7.26587623e-02
  8.02636612e-03  1.19119389e-02 -1.32271899e-02  7.20889634e-03
  4.85772416e-02 -4.77983500e-04  3.05994637e-02  5.27350977e-02
  2.35322805e-04 -1.19583905e-02  8.45081210e-02  2.31973194e-02
  3.24939587e-03  8.39343295e-02  4.41942178e-02 -3.00243199e-02
 -2.01548506e-02 -5.94289824e-02 -1.18358545e-01  8.54580663e-03
 -7.00289086e-02  1.38065750e-02 -5.12501001e-02  1.11301288e-01
  3.19846384e-02 -3.21415029e-02  6.97265938e-02  7.65620247e-02
  5.28564043e-02  4.15893905e-02 -6.17624028e-03 -5.61612435e-02
  1.15456674e-02  2.08083238e-03  5.81349023e-02  4.21332754e-02
  1.85723156e-02 -8.78504571e-03 -5.45748994e-02  5.73305125e-34
  3.99642214e-02 -8.67625978e-03 -4.06791791e-02  1.00212790e-01
  1.09218836e-01  8.66556093e-02 -1.24712987e-02 -5.60259521e-02
 -2.04653013e-02  4.56609055e-02 -5.54153025e-02  2.28039920e-03
 -2.95577031e-02  1.17918313e-03  3.59134339e-02 -6.98239505e-02
 -1.30216172e-02  8.52165446e-02  8.59994721e-03  2.47638058e-02
 -7.98749644e-03 -2.93405894e-02 -7.40805492e-02  1.67232212e-02
  4.13189158e-02  5.40505983e-02  4.27785367e-02  2.73279846e-02
 -5.45447059e-02  1.45327402e-02  1.01976451e-02  8.13628510e-02
  1.92786530e-02 -2.20115948e-02  6.61658181e-04 -3.87953892e-02
  1.51485158e-02 -5.20841442e-02  1.77011732e-02 -6.03716485e-02
  3.82709838e-02 -1.46208629e-02 -3.86466645e-02 -6.02927990e-03
 -8.51386189e-02 -3.61466780e-02 -5.26799038e-02 -4.54667360e-02
  1.16242729e-01 -5.55399470e-02  7.53476545e-02 -3.35086547e-02
  4.51518409e-02  2.26288033e-03 -1.70779657e-02 -2.72349976e-02
  3.06560062e-02  3.20671834e-02  2.78053917e-02  4.03933898e-02
 -2.37558689e-02 -2.20959838e-02  3.99117433e-02 -3.06237675e-03
  9.16220471e-02  2.08008755e-02 -8.79088789e-02 -7.12506622e-02
  3.83575559e-02  8.48197099e-03  1.45298420e-02  7.49141276e-02
 -1.83517095e-02 -2.36994890e-03  4.07397039e-02 -7.31068105e-02
 -6.11963421e-02  4.93886764e-04 -1.64060742e-02  9.18126702e-02
 -8.36036131e-02  8.79922658e-02 -1.03763565e-01  3.23446952e-02
  3.91603373e-02 -3.80328111e-02 -1.31672032e-05 -4.32487838e-02
 -1.32826492e-01 -9.36372206e-02  3.31836333e-03 -1.29981674e-02
  2.47834455e-02  3.10628186e-03  1.89576503e-02 -2.50743745e-33
 -1.03321588e-02 -3.95613397e-03 -7.49245957e-02  6.57387124e-03
 -7.11946711e-02 -9.28476378e-02 -4.30770181e-02  2.64945114e-03
  5.68235945e-03  4.23449799e-02 -1.13988696e-02 -2.52234060e-02
  1.45821003e-02  1.68363024e-02 -3.19361910e-02 -2.67101191e-02
  4.53290232e-02 -1.71637177e-01  1.43535286e-02  3.16880122e-02
  2.03383863e-02  8.83369427e-03 -1.38588175e-02 -2.04494805e-03
  4.32598814e-02 -9.62944608e-03  6.66481331e-02  9.15231034e-02
 -3.57458461e-03 -6.48588687e-02  4.56817355e-03  2.56533138e-02
  4.87789437e-02 -7.39936754e-02 -5.74328154e-02 -3.61294188e-02
  3.63371260e-02  2.69933771e-02 -8.78468808e-03 -4.43869196e-02
  3.94934602e-02  4.73153032e-02 -9.48787108e-02 -4.61780131e-02
  8.14808067e-03 -2.09192913e-02  5.23353703e-02  1.28485244e-02
 -3.55559252e-02 -3.45615223e-02 -3.07446951e-03 -6.82633221e-02
  7.43371248e-02  6.40571415e-02 -3.35590690e-02  8.07503387e-02
 -5.47866672e-02  1.52253313e-02  3.53122130e-02  2.18971744e-02
  6.58044070e-02  2.36541741e-02  4.02883999e-03 -2.97649335e-02
  5.11291698e-02 -2.22969465e-02  5.99673623e-03 -3.16731706e-02
  4.23641130e-02 -2.77913418e-02  9.90829244e-03  5.09559643e-03
 -1.77074987e-02  3.71433422e-02  7.81661943e-02 -1.01517774e-02
 -5.96641116e-02  2.86721345e-02  1.44096203e-02  1.83154102e-02
 -2.06575170e-01  4.61699963e-02 -4.54347581e-02  8.12531337e-02
 -5.92127442e-03 -7.41938576e-02  8.27896073e-02  7.64412880e-02
 -1.71804558e-02 -3.83671373e-02 -1.65210217e-02 -1.45406742e-03
 -2.53453329e-02  1.08424366e-01 -2.58189999e-02 -5.30728528e-08
 -9.00950506e-02  6.84746681e-03 -5.06468676e-02  1.90434940e-02
  7.35903010e-02  4.52136099e-02 -1.60659384e-02 -7.52413571e-02
  8.64689145e-03  1.06306346e-02 -1.17834590e-01 -6.22126693e-03
 -4.83544692e-02  5.38497290e-04  4.07136679e-02  1.00700166e-02
  3.98607031e-02 -8.30120232e-04 -8.26665089e-02 -8.15735757e-02
  7.40319341e-02  2.12962553e-02  2.90552676e-02  2.38995105e-02
  2.16891840e-02 -1.60778668e-02  5.44478521e-02  2.84819826e-02
  1.16799003e-03 -2.41216924e-02  2.58531119e-03 -1.47196967e-02
 -1.95466243e-02  2.90794671e-02 -7.32446015e-02  5.49741387e-02
  9.05960187e-05 -1.18832076e-02  5.43066300e-02  9.29801986e-02
  5.00306375e-02 -3.64949219e-02 -3.40823233e-02  6.05458170e-02
 -3.76696624e-02  5.44269159e-02 -6.49377927e-02 -3.07086203e-02
  4.74537164e-02  3.78506519e-02 -1.84551496e-02  1.04290235e-03
  2.32125632e-02 -1.18207987e-02 -8.34325105e-02  2.58186255e-02
  2.39612907e-02 -2.15991959e-02  1.02884218e-01  1.82104427e-02
  3.29325721e-02  6.81244731e-02 -3.85106169e-02 -1.21576935e-02]"
29,../models/Interaction Sequencing Examples/ServerSequenceModelOutside.sysml,"package ServerSequenceModelOutside {
	public import ServerSequenceModel::*;

	part def PubSubSequenceOutside :> PubSubSequence {
		part :>> producer {
			event publish_source_event = publish_message.start;
		}
		
		part :>> server {
			event occurrence :>> subscribe_target_event = subscribe_message.done;
			then event occurrence :>> publish_target_event = publish_message.done;
			then event occurrence :>> deliver_source_event = deliver_message.start;
		}
		
		part :>> consumer {  /* Redundant with timing constraints on server and generic transfers. */
			event occurrence :>> subscribe_source_event = subscribe_message.start;
			then event occurrence :>> deliver_target_event = deliver_message.done;
		}
	}
}","To generate the SysML v2 model described, I will create a package named `ServerSequenceModelOutside` that contains a sequence model for a publisher-subscriber scenario. The main components will include parts for a producer, server, and consumer, each responsible for specific events in the sequence.

1. **Package**: `ServerSequenceModelOutside`
2. **Import**: `ServerSequenceModel.*`
3. **Part Definition**: A part `PubSubSequenceOutside` derived from `PubSubSequence`
4. **Producer Part**: Defines an event `publish_source_event` triggered by `publish_message.start`.
5. **Server Part**: 
   - Defines an occurrence event `subscribe_target_event` triggered by `subscribe_message.done`.
   - An event assigned to `publish_target_event` that occurs after `subscribe_target_event`, triggered by `publish_message.done`.
   - Defines a `deliver_source_event` that occurs after `publish_target_event`, triggered by `deliver_message.start`.
6. **Consumer Part**: 
   - Defines an occurrence event `subscribe_source_event` triggered by `subscribe_message.start`.
   - An event `deliver_target_event` that occurs after `subscribe_source_event`, triggered by `deliver_message.done`.
   - Note: The consumer part has redundant timing constraints that align with the server and generic transfers.

This concise model leverages event sequencing to effectively illustrate the publisher-subscriber interaction in an asynchronous messaging environment.","[-1.52922524e-02 -7.45118037e-02 -1.53766293e-02  6.54963702e-02
 -1.60860568e-02 -2.10286155e-02  6.53249724e-03 -3.68485190e-02
  1.87072922e-02  5.36008701e-02 -4.76178306e-04 -5.90589456e-02
  3.79627757e-02 -1.35689033e-02  5.28561603e-03 -2.72398796e-02
  3.83908190e-02 -8.13259408e-02 -4.27116035e-03 -1.26100006e-02
  2.82496621e-04  5.19721247e-02 -1.93342678e-02  3.45445164e-02
 -6.39333129e-02 -1.18309341e-01  1.97179727e-02  4.37784642e-02
  7.00766593e-02 -7.60796340e-03  6.43654540e-02  9.59638786e-03
 -3.50166112e-02  3.29504758e-02  1.56786501e-01  1.01100774e-02
  5.19635603e-02 -1.01105176e-01 -5.90713359e-02 -2.55541988e-02
  1.46594971e-01 -6.66941255e-02 -6.11677580e-02 -1.79150198e-02
  2.07995754e-02 -6.97563514e-02 -4.25764732e-02  1.68738849e-02
 -4.78800796e-02  2.41472609e-02 -4.62222174e-02 -4.08354476e-02
 -3.60233174e-03  2.34083105e-02  5.10505326e-02  3.55677083e-02
  1.26158809e-02 -2.28591934e-02 -5.29357828e-02 -6.12594001e-02
 -1.38182081e-02 -3.97215933e-02 -1.31281063e-01 -5.96393310e-02
 -2.81132571e-02  7.54478797e-02 -6.35761674e-03  5.14653698e-02
  9.01920795e-02  4.59027402e-02 -9.21819285e-02 -3.46437953e-02
 -3.86404321e-02 -6.54135772e-04  1.71474628e-02 -1.85207147e-02
  2.67798826e-02 -9.00065433e-03 -4.48015705e-02 -1.34610534e-01
 -5.56551479e-02 -6.17888421e-02 -3.18507664e-02 -7.60114612e-03
 -3.92789580e-02 -3.80195305e-02  3.78996432e-02 -1.91449970e-02
  6.23252094e-02  3.43990400e-02 -3.73566523e-02 -6.01150515e-03
  5.99058494e-02  2.85405433e-03  2.99391150e-02  9.54374075e-02
  6.51720259e-03  1.23266364e-02  8.87468010e-02  1.73195582e-02
 -2.61133313e-02  4.51459475e-02  5.57227544e-02 -2.83735292e-03
 -4.62685013e-03 -3.50269265e-02 -1.12099625e-01 -2.80716754e-02
 -7.66546056e-02 -1.32543910e-02 -4.64406610e-02  1.15898699e-01
  7.76761621e-02 -4.87635098e-02  5.84775321e-02  5.81831522e-02
  4.40157913e-02  3.55486088e-02 -3.11484188e-02 -5.24197631e-02
  5.40093035e-02  1.00903725e-02  3.90724018e-02  2.85195336e-02
  2.14026105e-02 -1.29618375e-02 -3.39341089e-02  1.60183183e-33
  2.51144972e-02 -3.87519263e-02 -2.53686979e-02  1.08672865e-01
  9.67890099e-02  1.07915141e-01 -2.64498428e-03 -4.29931581e-02
 -3.14306580e-02  2.78307814e-02 -6.13419302e-02 -3.83800566e-02
 -3.74438465e-02 -4.16414924e-02  3.17859650e-02 -7.26227015e-02
  3.08811571e-03  1.15720846e-01  1.08011207e-02  6.50939718e-02
 -2.03808863e-03 -3.47440131e-02 -6.81966245e-02  2.72010304e-02
  3.68506201e-02  9.23393816e-02  4.61406820e-02  5.67971580e-02
 -4.21292000e-02  1.08561460e-02  4.94836308e-02  6.02650568e-02
  7.07572233e-03 -1.95704922e-02 -1.29043357e-02 -1.89113580e-02
  2.06624647e-03 -5.51772043e-02  3.68738174e-02 -5.37085086e-02
 -9.49829724e-03  1.55953821e-02 -7.27428272e-02  7.65847974e-03
 -9.73403677e-02 -6.82322755e-02 -7.57664740e-02 -5.54040037e-02
  1.16752692e-01 -9.60110277e-02  8.10476914e-02 -3.71742062e-02
  9.03495476e-02 -4.12639370e-03 -9.95158218e-03 -3.64188813e-02
  4.09690551e-02  1.20729953e-02  5.46590760e-02  3.82135734e-02
 -1.59745999e-02 -5.85222570e-03  1.04427082e-03  4.17631678e-03
  1.10407107e-01  5.31406933e-03 -2.96426006e-02 -8.56458917e-02
  1.30761666e-02  8.89330928e-04  3.09017394e-02  5.00728898e-02
 -1.48576526e-02 -4.18402022e-03  5.36614470e-02 -6.96946830e-02
 -1.37449689e-02 -4.95297741e-03 -3.01012266e-02  6.69893995e-02
 -9.05926526e-02  8.49142373e-02 -9.98820066e-02  8.95689242e-03
  2.97799353e-02 -5.32705672e-02 -2.88558416e-02 -1.23772621e-02
 -9.42972377e-02 -8.64871219e-02  8.72423220e-03 -4.96732220e-02
  3.83020081e-02  1.49090188e-02  4.02536662e-03 -3.00655088e-33
 -1.29810683e-02 -7.12396670e-03 -1.58312358e-02  1.62923418e-03
 -4.97797541e-02 -7.35331476e-02 -6.06575534e-02  8.04221690e-06
 -1.15194693e-02  8.89782142e-03 -6.64872909e-03 -2.16017086e-02
  2.63161566e-02 -5.25507284e-03  2.93347170e-03 -9.53969720e-04
  5.99965230e-02 -1.51172847e-01  9.92068928e-03  3.31046730e-02
  2.66902503e-02  1.57391708e-02 -4.39630002e-02 -1.45234037e-02
  1.45825092e-02 -7.06044585e-03  4.52102982e-02  8.18168446e-02
 -7.09949899e-03 -6.10996820e-02 -1.49860163e-03  1.01205613e-02
  2.47329548e-02 -5.36337160e-02 -5.08274660e-02 -4.40580398e-02
  3.30981947e-02  3.19345780e-02 -1.42919561e-02 -7.16175092e-03
  6.77220747e-02  4.75513265e-02 -1.25901937e-01  5.25018200e-04
  2.02904711e-03  3.35253007e-03  6.68756366e-02  7.46110594e-03
  2.29500178e-02 -1.82951763e-02 -3.98444943e-02 -7.02070594e-02
  3.51781398e-02  5.72106466e-02 -1.52647076e-02  5.37413545e-02
 -3.84871382e-03  6.45130035e-03  7.00313784e-03 -1.64566131e-03
  3.74664702e-02 -6.97024632e-03  5.51632158e-02 -2.06556413e-02
  4.09958698e-02  6.06971188e-03 -2.41977852e-02 -9.40105598e-03
  3.30574773e-02 -3.96943130e-02  1.64389610e-02  3.47210579e-02
 -5.42912148e-02  5.61324432e-02  5.09553216e-02  2.16501597e-02
 -7.90973231e-02  4.22193035e-02  3.70523743e-02  3.51586044e-02
 -1.99720949e-01  4.62963991e-02  1.13665070e-02  8.03864747e-02
 -1.96786169e-02 -4.81315814e-02  9.03819129e-02  9.95356217e-02
  9.01288353e-03 -1.25183882e-02 -4.86753881e-02 -2.06660107e-02
  2.84853764e-02  1.17315665e-01 -3.37196253e-02 -5.51058186e-08
 -1.11182161e-01 -6.65043900e-03 -2.72760727e-02  8.83220788e-03
  8.34524632e-02  5.05937077e-02 -4.12173308e-02 -4.31331173e-02
  1.92678235e-02 -5.38341654e-03 -1.11835755e-01  3.21734673e-03
 -1.14300409e-02 -1.17717718e-03  2.84130834e-02  2.26176344e-02
  4.94249277e-02  1.84215326e-02 -7.85709769e-02 -6.81233183e-02
  7.00969398e-02  6.23661689e-02  3.84277627e-02  7.81675614e-03
 -2.55440967e-03 -1.34984637e-02  2.95270942e-02  1.90326013e-02
  1.60898026e-02 -4.71340567e-02  1.93289965e-02 -4.18993197e-02
 -1.94201916e-02  7.40131876e-03 -6.66741654e-02  6.08312637e-02
 -1.72630902e-02 -3.20470110e-02  8.93731341e-02  1.45033831e-02
  6.19278997e-02 -1.93432253e-02 -4.71503735e-02  5.87494895e-02
 -3.10712699e-02  2.66528726e-02 -9.35291350e-02 -3.93931530e-02
  3.79376933e-02  1.87484771e-02 -6.06382377e-02 -1.98689736e-02
  4.57024807e-03  5.43564605e-03 -6.25908226e-02  3.06604747e-02
  3.07221115e-02 -1.51783442e-02  1.34210035e-01  2.33648457e-02
  2.21498869e-02  2.99486872e-02 -6.03732169e-02 -5.26771834e-03]"
30,../models/Interaction Sequencing Examples/ServerSequenceOutsideRealization-2.sysml,"package ServerSequenceOutsideRealization_2 {
	private import ScalarValues::String;
	private import ServerSequenceModelOutside::*;
	private import Configuration::*;
	
	package Configuration {
		
		port def PublicationPort;
		
		port def SubscriptionPort;
		
		part producer_2[1] {
			attribute someTopic : String;
			private item somePublication;
			/* Requiring FIFO sort (as opposed to just default) to make arrival/leave ordering
			 * in ServerSequenceModelOutside.sysml equivalent to accept/send ordering in
			 * ServerSquenceRealization-2.sysml. */
			:>> incomingTransferSort = Occurrences::earlierFirstIncomingTransferSort;
			
			port publicationPort : ~PublicationPort;
			
			perform action producerBehavior {
				action publish send Publish(someTopic, somePublication) via publicationPort;
			}
		}
		
		interface producer_2.publicationPort to server_2.publicationPort;
		
		part server_2[1] {
			port publicationPort : PublicationPort;
			port subscriptionPort : SubscriptionPort;
			:>> incomingTransferSort = Occurrences::earlierFirstIncomingTransferSort;
			
			exhibit state serverBehavior {
				entry; then waitForSubscription;
				
				state waitForSubscription;
				transition subscribing
					first waitForSubscription
					accept sub : Subscribe via subscriptionPort
					then waitForPublication;
					
				state waitForPublication;
				transition delivering
					first waitForPublication
					accept pub : Publish via publicationPort
					if pub.topic == subscribing.sub.topic
					do send Deliver(pub.publication) to subscribing.sub.subscriber
					then waitForPublication;
			}
		}
		
		interface consumer_2.subscriptionPort to server_2.subscriptionPort;
		
		part consumer_2[1] {
			attribute myTopic : String;
			:>> incomingTransferSort = Occurrences::earlierFirstIncomingTransferSort;
			
			port subscriptionPort : ~SubscriptionPort;
			
			perform action consumerBehavior {
				action subscribe send Subscribe(myTopic, consumer_2) to server_2;
				then action delivery accept Deliver via consumer_2;
			}
		}
		
	}
	
	part realization_2 : PubSubSequence {
		part :>> producer :> producer_2;
		part :>> server :> server_2;
		part :>> consumer :> consumer_2;

		message :>> publish_message: Transfers::MessageTransfer {
 			end :>> source = producer.publicationPort;
 			end :>> target = server.publicationPort;
 		}
		message :>> subscribe_message: Transfers::MessageTransfer {
 			end :>> source = consumer.subscriptionPort;
 			end :>> target = server.subscriptionPort;
 		}
		message :>> deliver_message: Transfers::MessageTransfer {
 			end :>> source = server;
 			end :>> target = consumer;
 		}
 		
 		/* Binding sent/accept messages to specification model messages. */
		  /* Sends */
 		bind producer_2.producerBehavior.publish.sentMessage = publish_message;
 		bind consumer_2.consumerBehavior.subscribe.sentMessage = subscribe_message;
 		bind server_2.serverBehavior.delivering.effect.sentMessage = deliver_message;
 		  /* Accepts */
 		bind consumer_2.consumerBehavior.delivery.acceptedMessage = subscribe_message;
 		bind server_2.serverBehavior.subscribing.accepter.acceptedMessage = subscribe_message;
 		bind server_2.serverBehavior.delivering.accepter.acceptedMessage = publish_message;
	}
}","To create the SysML v2 model `ServerSequenceOutsideRealization_2`, I want to model a simple publish-subscribe architecture consisting of a producer, a server, and a consumer. The model will encapsulate the interactions among these components using ports for communication.

1. **Package Structure**: The root package is `ServerSequenceOutsideRealization_2`, which imports necessary types from `ScalarValues` and `ServerSequenceModelOutside`.

2. **Configuration Package**: Inside the `Configuration` package, I will define communication ports:
   - `PublicationPort` for publishing messages.
   - `SubscriptionPort` for subscribing to topics.

3. **Producer**:
   - I will declare a `producer_2` part with an attribute `someTopic` of type `String` and a private item `somePublication`.
   - The producer will have an `incomingTransferSort` set to FIFO to maintain the order of messages.
   - It will have a port `publicationPort` for sending publications and define an action `producerBehavior` to publish messages.

4. **Server**:
   - The `server_2` part will include both publishing and subscription ports and will also have a FIFO sorting for incoming messages.
   - It will maintain states for subscription and publication management: `waitForSubscription` and `waitForPublication`, with transitions to handle `Subscribe` and `Publish` messages.
   - On receiving a publication, it will deliver the message to the subscribed consumer.

5. **Consumer**:
   - The `consumer_2` part will define a topic attribute and a subscription port.
   - It will implement `consumerBehavior` to subscribe to the server and accept delivered messages.

6. **Realization**:
   - A separate part `realization_2` is defined as `PubSubSequence`, which connects the producer, server, and consumer.
   - It specifies message transfers for publish, subscribe, and deliver actions with bindings to the respective message flows.

Overall, this model captures the interactions in a synchronous pub-sub system while ensuring ordered messaging between components.","[ 2.13256455e-04 -6.40904307e-02 -2.06266250e-02  4.13883515e-02
 -5.46213500e-02 -3.07222456e-03  5.51650561e-02 -1.02081895e-02
 -5.77574559e-02  5.62295988e-02  4.22307849e-02 -6.44494742e-02
  5.81531599e-02  3.58105339e-02  5.74780852e-02  1.18082054e-02
  1.20822877e-01 -9.44983363e-02 -4.03175056e-02  5.36980070e-02
  3.22447903e-03  4.27121371e-02 -4.92887385e-03  1.37701770e-03
 -1.07916586e-01 -8.51628110e-02  7.80615350e-03  2.19851616e-03
  5.64773604e-02 -4.34113815e-02  4.15081307e-02  4.79532629e-02
 -7.35931024e-02  3.07388846e-02  9.15936828e-02  4.40947227e-02
  9.98631492e-02 -9.32877734e-02 -9.97409523e-02 -4.47293893e-02
  1.34611979e-01 -6.00397848e-02 -3.29545178e-02 -2.66617965e-02
 -2.51950324e-02 -8.88433307e-02 -7.98588991e-03 -1.63698010e-02
 -5.81661351e-02 -4.73737568e-02 -8.27098489e-02 -1.90238208e-02
 -9.62513406e-03  5.91559149e-02  1.13702128e-02  1.99685730e-02
 -1.94861945e-02 -3.92541708e-03 -8.30183625e-02 -2.95146797e-02
  5.36343502e-03 -3.15772444e-02 -7.23312497e-02 -5.83827607e-02
 -2.67145820e-02  2.22615954e-02  1.98652167e-02  2.90262382e-02
  2.39190906e-02  5.12224101e-02 -8.05766359e-02 -4.31253314e-02
 -5.05610257e-02 -1.55990594e-03  4.94096354e-02 -2.40244959e-02
  4.39564325e-02 -9.59582813e-03 -1.33403279e-02 -1.29645422e-01
 -1.05389040e-02 -4.08394001e-02 -1.16285317e-01 -1.15047768e-02
 -5.74390367e-02 -2.70545501e-02 -7.27629708e-03 -6.25821128e-02
  5.52680865e-02  4.41575013e-02  5.10568311e-03  1.57299638e-02
  3.40694636e-02 -1.62229091e-02  3.36180218e-02  3.28240357e-02
 -2.86342180e-03  1.03671635e-02  2.47802231e-02  3.80064175e-02
 -1.14204520e-02  4.32969369e-02  6.60253018e-02  6.61680195e-03
 -4.86790575e-02 -6.34218529e-02 -8.79753977e-02 -4.97990176e-02
 -7.25873187e-02 -6.98427949e-03 -2.75580436e-02  1.22225761e-01
  9.04792547e-03 -2.75312420e-02  1.17626926e-02  9.63133276e-02
  6.70516416e-02 -4.07517655e-03 -1.17692621e-02 -7.02162981e-02
  2.76794354e-03  1.92507040e-02  7.43491501e-02  6.05058298e-02
  5.79246879e-02  4.62320459e-04 -2.77473219e-02  1.51507529e-33
  1.26520321e-02 -4.88712569e-04 -5.16254939e-02  1.00180410e-01
  8.90917405e-02  1.03054047e-01  3.30749899e-02 -2.13839784e-02
 -8.66167713e-03  4.42729145e-03 -7.63625279e-02 -4.57428116e-03
 -4.03021462e-02 -4.60333889e-03  5.36035858e-02 -2.85204705e-02
  2.34903619e-02  1.06785566e-01  2.05850303e-02  7.79970968e-03
  3.23763080e-02 -3.25777195e-02 -9.73245800e-02 -5.16800443e-04
  3.35352980e-02  4.43029702e-02  2.38103811e-02  2.00720895e-02
 -6.92217648e-02  1.98824592e-02  6.63683489e-02  7.00062737e-02
  2.99473889e-02  3.13822255e-02  2.12125238e-02 -4.54630144e-02
  4.83315019e-03 -6.08030781e-02  1.48839476e-02 -7.74886832e-02
 -2.90941000e-02  3.67905907e-02 -5.90410717e-02  2.73127183e-02
 -2.95974910e-02 -6.17127456e-02 -6.07228130e-02  1.03697749e-02
  6.57977387e-02 -8.77878666e-02  7.44681284e-02 -9.94106941e-03
  7.51662776e-02  1.55953253e-02  2.33165314e-03 -2.30631884e-02
  3.80435549e-02  5.96141145e-02  4.75223316e-03  6.49669096e-02
 -6.58827126e-02  3.43678147e-02 -7.49784615e-03 -7.09736394e-03
  1.00144245e-01  5.73743694e-02 -7.53166974e-02 -9.81111228e-02
  6.03649579e-02 -1.80005897e-02 -1.31373843e-02  6.61917478e-02
 -4.27045673e-02  7.89780468e-02  5.03960475e-02 -4.69084680e-02
 -3.25270928e-02 -2.11525913e-02  9.23425145e-03  1.92048382e-02
 -9.49456319e-02  1.25176564e-01 -8.00798088e-02  7.38639310e-02
 -1.22408499e-03 -4.97028604e-02 -2.34457683e-02  4.08554217e-03
 -3.00897118e-02 -5.09020388e-02 -9.96255782e-03 -3.34329088e-03
  5.36027923e-02 -2.21240781e-02  4.52265479e-02 -3.05387022e-33
 -3.99014242e-02  8.84807389e-03 -5.52805662e-02 -3.35740508e-03
 -3.26483250e-02 -8.15159902e-02 -3.19317821e-03 -8.44679400e-03
  1.33499233e-02 -1.52370697e-02 -2.59898286e-02 -1.21802771e-02
  2.26080921e-02 -4.38976139e-02 -1.06608775e-02 -1.66221801e-02
  1.66128799e-02 -1.56293690e-01  3.22999619e-02  5.08047529e-02
 -1.93151291e-02  5.39266914e-02  1.86915733e-02  1.16269458e-02
 -4.77282843e-03  9.64234676e-03  2.38705259e-02  7.65220523e-02
 -6.27679331e-03 -3.58052626e-02  2.46917773e-02  1.80793274e-03
  4.03670520e-02 -6.62308559e-02 -7.33854920e-02 -2.99997684e-02
 -1.83793320e-03  5.37567213e-02  1.79876573e-02  9.34252981e-03
  3.68305966e-02  1.41407317e-03 -1.29055351e-01  2.29833461e-02
 -6.58037560e-03 -3.03605590e-02  8.93008895e-03 -3.36718522e-02
 -1.28057003e-02 -3.84865515e-02 -5.10120317e-02 -4.06083949e-02
  3.07373013e-02  3.15979533e-02 -5.42411162e-03  8.87240544e-02
  2.11072303e-02  3.41680105e-04  3.34064327e-02  2.56750733e-02
  6.20359518e-02  1.72313023e-03  2.91728657e-02 -4.42587137e-02
  4.46312502e-02  1.54675485e-03  1.66007597e-02 -2.92617269e-02
  4.12787125e-02 -3.03400457e-02  9.34670959e-03 -1.09032113e-02
 -3.41093764e-02  2.69474611e-02  7.39229769e-02  5.39601501e-03
 -8.69629011e-02  5.48930578e-02  7.75597021e-02  9.76062119e-02
 -1.92614406e-01  5.11537082e-02 -2.65542511e-02  3.15784477e-02
  1.55904014e-02 -1.06646560e-01  7.57614821e-02  3.00189182e-02
 -8.92283488e-03 -6.98382407e-02 -1.23115880e-02 -3.91619559e-03
 -2.69904602e-02  1.05112061e-01 -3.25921886e-02 -5.03977304e-08
 -4.75283675e-02 -3.45999338e-02 -4.74162623e-02  5.43953218e-02
  1.70891229e-02  2.35076621e-02 -5.68416640e-02 -7.25875348e-02
  3.06408163e-02  5.55792227e-02 -1.20937020e-01  1.69523302e-02
 -2.47036777e-02 -5.13371488e-04  4.79236692e-02 -8.93509202e-03
  2.69159861e-02 -3.25180367e-02 -1.26546666e-01 -6.28429651e-02
  7.17018321e-02  3.43064219e-03 -5.22493443e-04  1.86102670e-02
  1.24603165e-02 -1.60287526e-02  5.30595928e-02  6.62013190e-03
  4.58167791e-02  6.80483058e-02  3.35745253e-02 -2.55564731e-02
  1.05052702e-02  9.05710235e-02 -8.12313706e-02  2.67665666e-02
 -1.12502063e-02 -2.92179585e-02  5.74873500e-02  5.15440516e-02
  2.75676642e-02 -1.67637523e-02 -8.33178610e-02  6.02676496e-02
  4.72609848e-02  5.31612113e-02 -4.59464602e-02 -3.56706381e-02
  2.48664580e-02  9.47065875e-02 -7.13494644e-02 -1.26843378e-02
  1.18643185e-02  2.70890277e-02 -6.18929341e-02  2.27653421e-02
  2.24203207e-02 -1.41227422e-02  8.74622017e-02 -1.93809054e-03
 -2.68340819e-02  3.40933613e-02 -3.56010757e-02  6.02089008e-03]"
31,../models/Interaction Sequencing Examples/ServerSequenceOutsideRealization-3.sysml,"package ServerSequenceOutsideRealization_3 {
	private import ScalarValues::String;
	private import ServerSequenceModelOutside::*;
	private import Configuration::*;
	
	package Configuration {
		
		port def PublicationPort {
			in ref publish : Publish;
		}
		
		port def SubscriptionPort {
			in ref subscribe : Subscribe;
			out ref deliver : Deliver;
		}
		
		interface def PublicationInterface {
			end source : ~PublicationPort;
			end target : PublicationPort;
		}
		
		interface def SubscriptionInterface {
			end source : ~SubscriptionPort;
			end target : SubscriptionPort;
		}
		
		part producer_3[1] {
			attribute someTopic : String;
			private item somePublication;
			
			port publicationPort : ~PublicationPort {
				out ref :>> publish;
			}
			
			perform action producerBehavior {
				action publish {
					out ref request : Publish[1] = Publish(someTopic, somePublication);
				}
			}
			
			/* Internal flows are instantaneous to make arrival/leave ordering in SequenceModelOutside.sysml
			 * equivalent to ordering participant internals in ServerSequenceRealization-3.sysml. */
			flow publish_request from producerBehavior.publish.request to publicationPort.publish
				{ attribute :>> isInstant = true;}
		}
		
		interface publication_interface : PublicationInterface connect producer_3.publicationPort to server_3.publicationPort {
			flow publish_request from publication_interface.source.publish to publication_interface.target.publish;
		}
		
		part server_3[1] {
			port publicationPort : PublicationPort {
				in ref :>> publish;
			}
			port subscriptionPort : SubscriptionPort {
				in ref :>> subscribe;
				out ref :>> deliver;
			}
						
			flow subscribe_request from subscriptionPort.subscribe to serverBehavior.subscribing.request
				{ attribute :>> isInstant = true;}
			flow publish_request from publicationPort.publish to serverBehavior.publishing.request
				{ attribute :>> isInstant = true;}
			flow deliver_response from serverBehavior.delivering.response to subscriptionPort.deliver
				{ attribute :>> isInstant = true;}
			
			perform action serverBehavior {
				
				action subscribing {
					in ref request : Subscribe[1];
					out attribute topic : String[1] = request.topic;
				}
				
				then merge continuePublishing;			
				then action publishing {
					in ref request : Publish[1];
					out attribute topic[1] = request.topic;
					out ref publication[1] = request.publication;
				}
				
				then decide;
					if publishing.topic == subscribing.topic then delivering;
					else continuePublishing;
					
				then action delivering {
					in topic : String[1] = subscribing.topic;
					in publication[1] = publishing.publication;
					out ref response : Deliver = Deliver(publication);
				}
				then continuePublishing;
				
			}
		}
		
		interface subscription_interface : SubscriptionInterface connect consumer_3.subscriptionPort to server_3.subscriptionPort {
			flow subscribe_request from subscription_interface.source.subscribe to subscription_interface.target.subscribe;
			flow deliver_response from subscription_interface.target.deliver to subscription_interface.source.deliver;
		}
		
		part consumer_3[1] {
			attribute myTopic : String;
			
			port subscriptionPort : ~SubscriptionPort {
				out ref :>> subscribe;
				in ref :>> deliver;
			}
			
			flow subscribe_request from consumerBehavior.subscribe.request to subscriptionPort.subscribe
				{ attribute :>> isInstant = true;}
			flow deliver_response from subscriptionPort.deliver to consumerBehavior.delivery.response
				{ attribute :>> isInstant = true;}

			perform action consumerBehavior {
				action subscribe {
					out ref request : Subscribe = Subscribe(myTopic);
				}
				then action delivery {
					in ref response : Deliver;
				}
			}
		}
		
	}
	
	part realization_2 : PubSubSequence {
		part :>> producer :> producer_3 {
			event producerBehavior.publish[1] :>> publish_source_event;
		}

		part :>> server :> server_3 {
			event serverBehavior.subscribing[1] :>> subscribe_target_event;
			event serverBehavior.publishing[1] :>> publish_target_event;
			event serverBehavior.delivering[1] :>> deliver_source_event;
		}
		
		part :>> consumer :> consumer_3 {
			event consumerBehavior.subscribe[1] :>> subscribe_source_event;
			event consumerBehavior.delivery[1] :>> deliver_target_event;
		}
		
		flow :>> publish_message from producer.producerBehavior.publish.request to server.serverBehavior.publishing.request {
			event producer.publish_request[1];
			then event publication_interface.publish_request[1];
			then event server.publish_request[1];
		}
		
		flow :>> subscribe_message from consumer.consumerBehavior.subscribe.request to server.serverBehavior.subscribing.request {
			event consumer.subscribe_request[1];
			then event subscription_interface.subscribe_request[1];
			then event server.subscribe_request[1];
		}
		
		flow :>> deliver_message from server.serverBehavior.delivering.response to consumer.consumerBehavior.delivery.response {
			event server.deliver_response[1];
			then event subscription_interface.deliver_response[1];
			then event consumer.deliver_response[1];
		}
	}
}","To create a SysML v2 model named `ServerSequenceOutsideRealization_3`, I need to encapsulate a publish-subscribe pattern with three main components: a producer, a server, and a consumer. The model will be structured as follows:

1. **Package Structure**: The model will be organized within a package called `ServerSequenceOutsideRealization_3` that includes necessary imports for types and configurations.

2. **Configuration Package**: Define two ports for publication and subscription:
   - **PublicationPort**: for publishing messages.
   - **SubscriptionPort**: for subscribing to messages and delivering them.

3. **Interfaces**: 
   - **PublicationInterface**: describes the connection for publishing.
   - **SubscriptionInterface**: describes the connection for subscribing and delivering.

4. **Producer Component**: 
   - Create a `producer_3` part that manages publication:
     - An attribute for storing the topic and a private item for the publication.
     - A port for publication that initiates a publish action encapsulating the behavior to send publish requests.

5. **Server Component**: 
   - Define a `server_3` part with ports for both publication and subscription, handling the incoming requests and processing them:
     - A behavior that subscribes to topics, publishes messages, and delivers messages based on topic matches.

6. **Consumer Component**: 
   - Define a `consumer_3` part that subscribes to a topic and processes delivered messages:
     - Has a subscription port to send subscribe requests and receive messages.

7. **Event and Flow Definitions**: 
   - Create flows to manage communication between the producer, server, and consumer, ensuring message transmission is tracked through events:
     - Flows for publishing messages from producer to server.
     - Flows for subscribing from consumer to server.
     - Flows for message delivery from server back to the consumer.

8. **Realization Part**: 
   - Encapsulate the interaction between components through a realization part called `realization_2`, connecting all parts and defining event sequencing for communication across the publish-subscribe architecture.

This concise layout will effectively model the interactions necessary for a basic pub-sub system using SysML v2 constructs.","[-4.00850177e-02 -8.60971212e-02 -1.35852033e-02  3.58500145e-02
 -2.46464275e-02  3.78195453e-03  3.59637439e-02 -1.63453706e-02
 -7.28168115e-02  7.38139823e-02  3.72768752e-02 -7.27771446e-02
  4.50074822e-02  4.67314087e-02  7.72234723e-02 -1.82070825e-02
  7.56504089e-02 -6.48253709e-02 -1.68627240e-02  5.10217361e-02
  5.27304709e-02  4.47036102e-02  9.69485566e-03 -3.86056234e-03
 -8.23891908e-02 -7.02995360e-02  1.13647757e-02  1.09516620e-03
  5.53010404e-02 -3.09336185e-02  7.43215457e-02  4.78985533e-02
 -5.23911864e-02  2.93800998e-02  8.98887664e-02  6.85285704e-05
  6.94251508e-02 -7.35765398e-02 -8.93192366e-02 -3.60818692e-02
  1.36180073e-01 -5.89362644e-02 -6.44956976e-02 -4.02813442e-02
 -1.06427055e-02 -8.52470621e-02 -3.00993454e-02 -1.24554969e-02
 -2.20372304e-02 -3.09795849e-02 -1.47082126e-02 -5.05780689e-02
  1.45003083e-03  4.53393981e-02  5.53482957e-03  8.63885507e-03
 -1.29707372e-02  9.24017397e-04 -7.49746487e-02 -2.69616209e-02
  2.90274043e-02 -3.48700918e-02 -9.64378640e-02 -4.28712741e-02
 -1.33822598e-02  4.39425148e-02 -1.94642488e-02  2.73505356e-02
  5.30533977e-02  5.26835807e-02 -1.35910735e-01 -2.77983211e-02
 -3.28226015e-02 -9.20187123e-03  5.02035469e-02 -3.52756716e-02
  3.97719368e-02 -3.01558673e-02 -1.72271561e-02 -1.47383556e-01
  1.95556358e-02  7.07932794e-03 -7.39567056e-02  1.17886951e-02
 -5.65738529e-02 -3.16463746e-02  2.26536542e-02 -5.10070845e-02
  3.06566078e-02  1.12801706e-02  8.43716413e-03 -1.52270391e-03
  3.06682829e-02 -2.15263516e-02 -1.05373142e-02  4.84531373e-02
 -4.11446542e-02 -8.29402544e-03  3.27474028e-02  2.66352035e-02
 -1.28158862e-02  4.63277707e-03  5.17823808e-02  4.78908606e-03
 -2.52711829e-02 -7.08027557e-02 -9.19218808e-02 -2.01772172e-02
 -9.20058042e-02  3.02281752e-02 -5.37267439e-02  1.09194592e-01
 -1.40375709e-02 -6.50281385e-02  3.46065499e-02  1.13003567e-01
  4.56335507e-02  2.38850862e-02  2.97653154e-02 -6.06371276e-02
  9.70880222e-03  2.95690540e-02  6.75958320e-02  1.98556576e-02
  6.45526350e-02 -7.45426724e-03 -3.41159068e-02  3.57706558e-34
 -9.72554367e-03  5.17566036e-03 -6.06514141e-02  1.17905773e-01
  1.05881736e-01  7.71305785e-02  4.61773500e-02 -8.41310713e-03
 -2.30686069e-02  3.89450379e-02 -7.40586892e-02  1.86014697e-02
 -5.46995811e-02  3.89943048e-02  2.30673607e-02 -5.11855669e-02
  8.07194319e-03  1.37283370e-01  1.42618166e-02  1.80549379e-02
  1.30742108e-02 -1.01685403e-02 -5.75195551e-02  4.82849171e-03
  2.92794891e-02  4.87492122e-02  2.92278640e-02  3.04985773e-02
 -3.96781638e-02  6.74888911e-03  1.07731797e-01  6.52450025e-02
  3.04370597e-02  2.76492885e-03  1.33161210e-02 -3.71338278e-02
  1.01959137e-02 -5.42579554e-02  2.22829524e-02 -6.22928813e-02
 -2.83360239e-02  2.77790204e-02 -4.81572077e-02  1.68335612e-03
 -5.13224937e-02 -1.94033477e-02 -2.62414422e-02 -4.06106040e-02
  1.27055615e-01 -1.08492926e-01  8.80540162e-02  1.20753879e-02
  8.18438306e-02 -2.18774341e-02  3.46072204e-02 -2.53040493e-02
  5.02514914e-02  6.76428005e-02  2.93192938e-02  5.94551163e-03
 -7.51193017e-02  1.65573284e-02 -2.36051111e-03  2.40295776e-03
  7.82434791e-02  5.51934727e-02 -8.41283426e-02 -1.02834322e-01
  1.01122707e-02 -8.41519702e-03 -3.70278698e-03  5.55088148e-02
 -5.31532764e-02  5.29401489e-02  5.29134870e-02 -5.72789609e-02
 -3.19480821e-02  1.38344662e-02 -1.24340290e-02  3.31880338e-02
 -1.30679026e-01  8.94145593e-02 -8.90274793e-02  6.85138330e-02
 -1.07274484e-02 -5.46425804e-02 -2.35236734e-02  1.25388633e-02
 -1.82447135e-02 -7.33635575e-02  1.78608391e-02 -3.01410910e-02
  2.33082660e-02 -2.41622683e-02  4.37026657e-02 -2.39394457e-33
 -8.93699937e-03  1.20282965e-02 -5.71082458e-02 -4.16524969e-02
 -6.65623546e-02 -7.01881796e-02 -3.38294543e-02  1.60247311e-02
  1.19415149e-02  1.48475459e-02  7.93116167e-03 -5.65871364e-04
  4.64013480e-02 -3.02523077e-02 -4.93391789e-02 -9.84528568e-03
  9.86971986e-03 -1.58665732e-01  3.40853631e-02  3.34880576e-02
 -2.43614893e-02  3.77765484e-02 -2.14325759e-04 -1.14963157e-02
  2.30342392e-02 -1.21866714e-03  3.33623588e-02  8.60003456e-02
  9.06895753e-03 -3.98548208e-02 -1.93543863e-02 -1.33787114e-02
  6.82366565e-02 -7.64745697e-02 -6.59644306e-02 -3.36914733e-02
 -2.38931514e-02  4.45753634e-02 -2.05446724e-02 -2.49041952e-02
  2.25199806e-03 -2.17388365e-02 -8.57398957e-02  1.55549059e-02
  1.73442401e-02 -5.25115542e-02  1.12129236e-02 -1.42738055e-02
 -1.23404237e-02 -2.37139314e-02 -6.57580197e-02 -7.39114806e-02
  4.67675216e-02  4.42926260e-03 -5.85901376e-04  1.17305756e-01
  6.49791583e-03 -8.37046001e-03  2.09905654e-02  3.90242832e-03
  7.33213127e-02 -5.74836554e-03  2.33911350e-02 -4.28110585e-02
  3.62958424e-02 -3.29331495e-04 -1.49188908e-02 -4.51612994e-02
  4.93591204e-02 -3.97827215e-02 -8.87596514e-03 -2.86033060e-02
 -1.56287905e-02 -6.78455504e-03  9.25955698e-02  4.10619844e-03
 -6.53115734e-02  5.56023456e-02  5.25416695e-02  7.10930154e-02
 -2.05223277e-01  3.51674333e-02 -2.57615559e-02  6.19519763e-02
  2.42309016e-03 -1.03773087e-01  6.89233914e-02  4.40836027e-02
  2.57089380e-02 -3.90025005e-02 -3.76148634e-02  3.35733080e-03
  5.44386043e-04  1.28032804e-01 -1.74065921e-02 -5.58019693e-08
 -5.31501845e-02 -1.64440088e-02 -2.39544120e-02  7.28025625e-04
  1.60128139e-02  4.67874743e-02 -2.72646844e-02 -7.21999481e-02
  1.76154040e-02  5.89490756e-02 -1.17790587e-01  4.88628037e-02
 -3.90890054e-02  1.13859689e-02  3.26389037e-02  3.84158595e-03
  5.15339077e-02  2.49396935e-02 -1.17693000e-01 -7.66340271e-02
  5.39869368e-02  1.60071477e-02  2.87430324e-02  1.75828654e-02
  2.79738959e-02  2.75194235e-02  3.74217331e-02 -1.34364301e-02
  4.10176627e-02  4.21593897e-02  2.49938332e-02 -3.49309593e-02
  6.96922280e-03  7.08344877e-02 -7.67240897e-02  4.68741916e-02
 -4.66865376e-02 -1.22164683e-02  5.18835038e-02  4.82834168e-02
  5.45456074e-02 -9.73978173e-03 -5.55561781e-02  5.89752942e-02
  3.05225085e-02  6.58558086e-02 -8.82432908e-02 -3.39611694e-02
  3.48789208e-02  6.60821944e-02 -7.46497512e-02 -1.87373962e-02
 -1.43190417e-02  3.23455036e-02 -8.26981962e-02  3.69922891e-02
  7.40215974e-03 -1.10175684e-02  1.00754507e-01 -8.79278872e-03
 -3.01265940e-02  1.15992222e-02 -6.62139338e-03  1.68070514e-02]"
32,../models/Interaction Sequencing Examples/ServerSequenceRealization-2.sysml,"package ServerSequenceRealization_2 {
	private import ScalarValues::String;
	private import ServerSequenceModel::*;
	private import Configuration::*;
	
	package Configuration {
		
		port def PublicationPort;
		
		port def SubscriptionPort;
		
		part producer_2[1] {
			attribute someTopic : String;
			private item somePublication;
			
			port publicationPort : ~PublicationPort;
			
			perform action producerBehavior {	
				action publish send Publish(someTopic, somePublication) via publicationPort;
			}
		}
		
		interface producer_2.publicationPort to server_2.publicationPort;
		
		part server_2[1] {
			port publicationPort : PublicationPort;
			port subscriptionPort : SubscriptionPort;
			
			exhibit state serverBehavior {
				entry; then waitForSubscription;
				
				state waitForSubscription;
				transition subscribing
					first waitForSubscription
					accept sub : Subscribe via subscriptionPort
					then waitForPublication;
					
				state waitForPublication;
				transition delivering
					first waitForPublication
					accept pub : Publish via publicationPort
					if pub.topic == subscribing.sub.topic
					do send Deliver(pub.publication) to subscribing.sub.subscriber
					then waitForPublication;
			}
		}
		
		interface consumer_2.subscriptionPort to server_2.subscriptionPort;
		
		part consumer_2[1] {
			attribute myTopic : String;
			
			port subscriptionPort : ~SubscriptionPort;
			
			perform action consumerBehavior {
				action subscribe send Subscribe(myTopic, consumer_2) to server_2;
				then action delivery accept Deliver via consumer_2;
			}
		}
		
	}
	
	part realization_2 : PubSubSequence {
		part :>> producer :> producer_2 {
			event producerBehavior.publish[1] :>> publish_source_event;
		}

		part :>> server :> server_2 {
			event serverBehavior.subscribing.accepter[1] :>> subscribe_target_event;
			event serverBehavior.delivering.accepter[1] :>> publish_target_event;
			event serverBehavior.delivering.effect[1] :>> deliver_source_event;
		}
		
		part :>> consumer :> consumer_2 {
			event consumerBehavior.subscribe[1] :>> subscribe_source_event;
			event consumerBehavior.delivery[1] :>> deliver_target_event;
		}

		message :>> publish_message: Transfers::MessageTransfer {
 			end :>> source = producer.publicationPort;
 			end :>> target = server.publicationPort;
 		}
		message :>> subscribe_message: Transfers::MessageTransfer {
 			end :>> source = consumer.subscriptionPort;
 			end :>> target = server.subscriptionPort;
 		}
		message :>> deliver_message: Transfers::MessageTransfer {
 			end :>> source = server;
 			end :>> target = consumer;
 		}
 		
 		/* Binding sent/accept messages to specification model messages. */
		  /* Sends */
 		bind producer_2.producerBehavior.publish.sentMessage = publish_message;
 		bind consumer_2.consumerBehavior.subscribe.sentMessage = subscribe_message;
 		bind server_2.serverBehavior.delivering.effect.sentMessage = deliver_message;
 		  /* Accepts */
 		bind consumer_2.consumerBehavior.delivery.acceptedMessage = subscribe_message;
 		bind server_2.serverBehavior.subscribing.accepter.acceptedMessage = subscribe_message;
 		bind server_2.serverBehavior.delivering.accepter.acceptedMessage = publish_message;
	}
}","I want to create a SysML v2 model for a publish-subscribe architecture with the following components and behaviors:

1. **Packages and Imports**: The model is encapsulated in a package named `ServerSequenceRealization_2`, importing necessary types like `String` and components of the `ServerSequenceModel`.

2. **Configuration Package**: Inside this package, I define a `Configuration` section that includes:
   - A `PublicationPort` and `SubscriptionPort` for communication.
   - A `producer_2` part that has an attribute `someTopic`, ports for publication, and a behavior that publishes messages to the server with a specific topic and publication.
   - A `server_2` part with publication and subscription ports, and a defined state behavior that manages waiting for subscriptions and delivering published messages to subscribers.
   - A `consumer_2` part that subscribes to a topic and accepts delivered messages from the server.

3. **Realization Part**: The realization aspect of the model (`realization_2`) orchestrates interactions between the producer, server, and consumer, mapping their behaviors to events and message transfers. This consists of:
   - Events for publishing, subscribing, and delivering messages connected to specific sources and targets.
   - Message definitions for `publish_message`, `subscribe_message`, and `deliver_message`, detailing how communication occurs between producer, server, and consumer.
   - Binding of sent and accepted messages to their respective behavior actions.

In summary, the model captures the dynamics of a publish-subscribe system including producers, consumers, and a server mediator, focusing on message handling and state transitions.","[ 2.54966831e-03 -7.56180212e-02 -1.51599277e-04  5.17937653e-02
 -2.34610606e-02 -9.90455039e-03  4.50747237e-02 -2.85871178e-02
 -7.39400368e-03  5.89686185e-02  3.58481109e-02 -6.29537404e-02
  7.54662678e-02  3.22992355e-02  5.71155772e-02 -1.70531757e-02
  9.80294943e-02 -7.81864449e-02 -3.94290239e-02  6.21181950e-02
  2.81044487e-02  5.28623015e-02 -3.42749408e-03  2.01521926e-02
 -9.48957652e-02 -4.09196839e-02 -1.60588026e-02  3.14331171e-03
  3.99904139e-02 -3.96689363e-02  5.63786291e-02  5.63667677e-02
 -6.18344173e-02  4.52553257e-02  1.06473140e-01  4.56847884e-02
  7.60437846e-02 -8.32794160e-02 -7.95763656e-02 -3.78573388e-02
  1.18875161e-01 -6.08376488e-02 -5.62313348e-02 -1.57986637e-02
  2.86793482e-04 -6.56769946e-02 -1.49967964e-03  4.62996250e-04
 -7.54036009e-02 -2.42005792e-02 -5.76073192e-02 -4.15305682e-02
 -1.52549483e-02  5.15659675e-02  1.31196519e-02  5.77447340e-02
  1.64690707e-02 -2.67213280e-03 -8.89587477e-02 -4.77291718e-02
  6.48299139e-03 -2.83962432e-02 -9.27466825e-02 -4.29744124e-02
 -3.76330018e-02  5.92398159e-02 -3.70504297e-02  1.94215737e-02
  3.77450585e-02  6.72978312e-02 -1.05491944e-01 -3.08286455e-02
 -3.48141491e-02 -2.18264735e-03  5.30317649e-02 -6.51756898e-02
  4.34753522e-02 -4.20766929e-03 -2.25661136e-03 -1.51393160e-01
 -2.35582353e-03 -3.99402296e-03 -6.93309382e-02 -2.57284637e-03
 -6.31943047e-02 -2.88013909e-02  5.70901390e-03 -4.74387780e-02
  5.69401719e-02 -3.76388361e-03 -1.93014380e-03 -7.05787679e-04
  5.82288876e-02 -1.41629418e-02  2.32750494e-02  2.40533873e-02
  7.15796137e-03  3.43283825e-03  6.14934415e-02  2.01165490e-02
  3.13962228e-03  5.99049889e-02  1.11965477e-01 -2.62223314e-02
 -4.85178120e-02 -5.67938052e-02 -1.12346016e-01 -1.65601503e-02
 -1.02663033e-01  1.62563357e-03 -4.24130745e-02  7.99582675e-02
  1.42298248e-02 -2.61095203e-02  5.70171624e-02  9.11933407e-02
  6.11808635e-02  7.21250661e-03  8.91666301e-03 -4.78775799e-02
  6.05041394e-04 -5.76952333e-03  7.84629062e-02  3.10000367e-02
  4.66190539e-02 -6.94369990e-03 -4.76789437e-02 -1.12264429e-34
 -2.81287525e-02 -2.02324074e-02 -6.84246421e-02  1.17892317e-01
  8.07108283e-02  8.70212242e-02  2.90141683e-02 -4.20731455e-02
 -1.45087554e-03  2.53956467e-02 -6.19123615e-02  1.66043714e-02
 -5.01952916e-02  6.04115613e-02  5.43467142e-02 -4.57451977e-02
  2.26562773e-03  1.10523380e-01  5.71614085e-03  7.23246019e-03
  2.48176046e-02  8.81994143e-03 -6.73244298e-02 -2.68396619e-03
  5.72000109e-02  2.82649975e-02  3.77591960e-02  1.53984549e-02
 -6.25854731e-02  1.74916303e-03  5.00116721e-02  7.02114403e-02
  2.93262172e-02  1.88845322e-02 -1.91685501e-02 -2.38150749e-02
  2.56375857e-02 -5.13386950e-02  1.48788039e-02 -8.30114707e-02
 -1.94323026e-02  4.23624516e-02 -4.06001508e-02  3.24103497e-02
 -5.81063405e-02 -4.40315716e-02 -2.43274774e-02 -6.06695469e-03
  8.83904845e-02 -9.75140929e-02  9.10287350e-02 -1.62925422e-02
  9.19100195e-02 -3.49768475e-02 -3.48759606e-03 -3.86243090e-02
  2.74193324e-02  4.85605262e-02  9.77109000e-03  4.47695181e-02
 -2.75758114e-02 -6.50331052e-03  1.06506152e-02 -1.13814725e-02
  8.87272879e-02  3.70655619e-02 -1.00371815e-01 -9.67174098e-02
  5.08353375e-02 -9.03972611e-03 -7.66410900e-04  6.16394915e-02
 -3.41973491e-02  4.60345484e-02  6.13858216e-02 -8.61930698e-02
 -4.65469509e-02 -1.89434569e-02 -2.06457879e-02  5.56927696e-02
 -1.09360538e-01  6.84635118e-02 -1.01770937e-01  6.83690533e-02
  3.51696787e-03 -6.31981790e-02 -1.41249280e-02 -1.43468222e-02
 -6.34552315e-02 -7.27893785e-02 -1.23085510e-02 -9.83202644e-03
  2.42744498e-02  2.40190024e-03  6.47802800e-02 -2.49693092e-33
 -3.40434350e-03 -1.82293169e-02 -2.90850457e-02  5.30555472e-03
 -4.19969819e-02 -7.26345032e-02 -5.57307079e-02 -1.58626642e-02
 -4.15348634e-03 -3.28332372e-02 -2.26040483e-02 -2.45134551e-02
  7.48226373e-03  4.39880602e-03 -3.00228484e-02 -3.43352999e-03
  3.51156555e-02 -1.66423470e-01  3.94837186e-02  5.59938066e-02
 -2.39874534e-02  4.44543920e-02 -2.34093517e-02  1.24650067e-02
  2.68533546e-02  4.27575316e-03  1.91997644e-02  8.16473439e-02
  1.66280698e-02 -3.74523103e-02 -8.45384318e-03 -2.13584267e-02
  5.16297780e-02 -8.10950324e-02 -7.13490844e-02 -3.05125937e-02
 -2.55381316e-02  2.35697571e-02 -8.59984139e-04 -1.92098506e-02
  1.86547600e-02 -7.84647185e-03 -1.30960837e-01  1.69816557e-02
  2.13603787e-02 -2.84694210e-02  2.63672303e-02 -1.46101285e-02
 -2.90066581e-02 -5.17429411e-02 -3.66006717e-02 -5.61824404e-02
  5.64242005e-02  1.63962431e-02 -9.15942155e-03  1.10076584e-01
 -1.19394725e-02 -8.92709009e-03  2.07406059e-02 -1.35462694e-02
  5.19854799e-02  1.31735681e-02  2.23486535e-02 -5.51292747e-02
  2.96941437e-02  7.87400408e-04  1.80408056e-03 -3.82148661e-02
  4.61130887e-02 -3.15354317e-02 -7.30654271e-03 -1.25252660e-02
 -5.79482280e-02  3.00917146e-03  9.37466994e-02 -1.33786667e-02
 -7.82668591e-02  5.78524843e-02  5.47306538e-02  5.53966612e-02
 -2.13381708e-01  4.51431759e-02 -1.93133466e-02  6.34869188e-02
 -6.12732954e-03 -7.77334347e-02  4.34906930e-02  5.57327457e-02
  1.65423360e-02 -5.05463034e-02 -1.58146638e-02  1.03605734e-02
 -5.02573960e-02  1.37633175e-01 -5.17210178e-02 -5.58229019e-08
 -5.98005690e-02 -8.32005683e-03 -3.51836607e-02  1.68585181e-02
  5.17464951e-02  7.61626214e-02 -3.93365063e-02 -7.13173002e-02
  1.47309033e-02  6.29270002e-02 -1.34424612e-01  3.32071185e-02
 -3.41627821e-02  4.95048799e-03  1.09065399e-02  2.77921055e-02
  4.01454270e-02  3.56162695e-04 -1.02527015e-01 -6.66900128e-02
  9.09572691e-02  4.80685048e-02  6.12732908e-03  1.75064970e-02
  2.45515481e-02 -2.20739450e-02  2.89513916e-02 -4.01901919e-03
  4.52947840e-02  3.16320919e-02  3.80846933e-02 -2.73092035e-02
 -2.52783159e-03  5.08842096e-02 -6.22830689e-02  2.91295368e-02
  1.43626537e-02 -3.99262048e-02  4.48537841e-02  2.80322526e-02
  4.79989201e-02 -1.34495338e-02 -4.74736951e-02  6.42203763e-02
  3.45551185e-02  2.03967039e-02 -6.55733719e-02 -5.57900518e-02
  4.06797379e-02  6.65853396e-02 -6.86644316e-02 -7.88456108e-03
 -2.04675384e-02  4.49500792e-02 -8.17642137e-02  7.86319841e-03
  1.99781302e-02  1.24930241e-03  8.20794851e-02 -5.84959192e-03
  8.38323589e-03  1.70945711e-02 -3.50687541e-02  4.18951362e-03]"
33,../models/Interaction Sequencing Examples/ServerSequenceRealization-3.sysml,"package ServerSequenceRealization_3 {
	private import ScalarValues::String;
	private import ServerSequenceModel::*;
	private import Configuration::*;
	
	package Configuration {
		
		port def PublicationPort {
			in ref publish : Publish;
		}
		
		port def SubscriptionPort {
			in ref subscribe : Subscribe;
			out ref deliver : Deliver;
		}
		
		interface def PublicationInterface {
			end source : ~PublicationPort;
			end target : PublicationPort;
		}
		
		interface def SubscriptionInterface {
			end source : ~SubscriptionPort;
			end target : SubscriptionPort;
		}
		
		part producer_3[1] {
			attribute someTopic : String;
			private item somePublication;
			
			port publicationPort : ~PublicationPort {
				out ref :>> publish;
			}
			
			perform action producerBehavior {
				action publish {
					out ref request : Publish[1] = Publish(someTopic, somePublication);
				}
			}
			
			flow publish_request from producerBehavior.publish.request to publicationPort.publish;
		}
		
		interface publication_interface : PublicationInterface connect producer_3.publicationPort to server_3.publicationPort {
			flow publish_request from publication_interface.source.publish to publication_interface.target.publish;
		}
		
		part server_3[1] {
			port publicationPort : PublicationPort {
				in ref :>> publish;
			}
			port subscriptionPort : SubscriptionPort {
				in ref :>> subscribe;
				out ref :>> deliver;
			}
						
			flow subscribe_request from subscriptionPort.subscribe to serverBehavior.subscribing.request;
			flow publish_request from publicationPort.publish to serverBehavior.publishing.request;
			flow deliver_response from serverBehavior.delivering.response to subscriptionPort.deliver;
			
			perform action serverBehavior {
				
				action subscribing {
					in ref request : Subscribe[1];
					out attribute topic : String[1] = request.topic;
				}
				
				then merge continuePublishing;			
				then action publishing {
					in ref request : Publish[1];
					out attribute topic[1] = request.topic;
					out ref publication[1] = request.publication;
				}
				
				then decide;
					if publishing.topic == subscribing.topic then delivering;
					else continuePublishing;
					
				then action delivering {
					in topic : String[1] = subscribing.topic;
					in publication[1] = publishing.publication;
					out ref response : Deliver = Deliver(publication);
				}
				then continuePublishing;
				
			}
		}
		
		interface subscription_interface : SubscriptionInterface connect consumer_3.subscriptionPort to server_3.subscriptionPort {
			flow subscribe_request from subscription_interface.source.subscribe to subscription_interface.target.subscribe;
			flow deliver_response from subscription_interface.target.deliver to subscription_interface.source.deliver;
		}
		
		part consumer_3[1] {
			attribute myTopic : String;
			
			port subscriptionPort : ~SubscriptionPort {
				out ref :>> subscribe;
				in ref :>> deliver;
			}
			
			flow subscribe_request from consumerBehavior.subscribe.request to subscriptionPort.subscribe;
			flow deliver_response from subscriptionPort.deliver to consumerBehavior.delivery.response;

			perform action consumerBehavior {
				action subscribe {
					out ref request : Subscribe = Subscribe(myTopic);
				}
				then action delivery {
					in ref response : Deliver;
				}
			}
		}
		
	}
	
	part realization_2 : PubSubSequence {
		part :>> producer :> producer_3 {
			event producerBehavior.publish[1] :>> publish_source_event;
		}

		part :>> server :> server_3 {
			event serverBehavior.subscribing[1] :>> subscribe_target_event;
			event serverBehavior.publishing[1] :>> publish_target_event;
			event serverBehavior.delivering[1] :>> deliver_source_event;
		}
		
		part :>> consumer :> consumer_3 {
			event consumerBehavior.subscribe[1] :>> subscribe_source_event;
			event consumerBehavior.delivery[1] :>> deliver_target_event;
		}
		
		flow :>> publish_message from producer.producerBehavior.publish.request to server.serverBehavior.publishing.request {
			event producer.publish_request[1];
			then event publication_interface.publish_request[1];
			then event server.publish_request[1];
		}
		
		flow :>> subscribe_message from consumer.consumerBehavior.subscribe.request to server.serverBehavior.subscribing.request {
			event consumer.subscribe_request[1];
			then event subscription_interface.subscribe_request[1];
			then event server.subscribe_request[1];
		}
		
		flow :>> deliver_message from server.serverBehavior.delivering.response to consumer.consumerBehavior.delivery.response {
			event server.deliver_response[1];
			then event subscription_interface.deliver_response[1];
			then event consumer.deliver_response[1];
		}
	}
}","To create the SysML v2 model for the `ServerSequenceRealization_3` package, I want to define a publish-subscribe system with three main components: a producer, a server, and a consumer. The model should include:

1. **Ports**: Define `PublicationPort` for publishing messages and `SubscriptionPort` for subscribing to messages and delivering them.
2. **Interfaces**: Establish `PublicationInterface` for connections between producers and servers, and `SubscriptionInterface` for connections between consumers and servers.
3. **Producer**: A single instance with a behavior that publishes messages to a specified topic using the `publicationPort`.
4. **Server**: A single instance that manages subscriptions and publishes messages. It includes behavior for subscribing to topics and delivering messages based on subscriptions.
5. **Consumer**: A single instance that subscribes to a topic and processes delivered messages.
6. **Connections**: Use interfaces to connect the `producer`, `server`, and `consumer`, ensuring the correct flows for publishing, subscribing, and delivering messages.
7. **Events and Flows**: Define events to trigger the behavior of these components and establish flows for sending messages between them based on their behavior.

Overall, the model captures the interactions and behaviors of each component in the publish-subscribe system, enabling effective communication and data delivery.","[-2.24836525e-02 -1.04117468e-01 -4.24055494e-02  4.00294736e-02
 -3.96246314e-02 -1.95916370e-02  4.41298895e-02 -4.89028357e-02
 -1.86219402e-02  8.47932175e-02  1.63078047e-02 -5.96614778e-02
  8.54992419e-02  5.32517694e-02  5.41078039e-02 -4.49925810e-02
  1.02700077e-01 -9.13659260e-02 -6.30548364e-03  4.04634103e-02
  1.50226243e-02  4.76084240e-02 -4.42980137e-03  3.11587974e-02
 -8.05751309e-02 -1.00491248e-01 -5.95272752e-03  5.39061241e-03
  5.14659323e-02 -4.07258347e-02  4.88724895e-02  2.83694528e-02
 -4.90190089e-02  4.48407866e-02  8.90235230e-02 -5.96745219e-03
  9.73848850e-02 -5.91679141e-02 -1.19532213e-01  9.60409641e-03
  1.51369020e-01 -6.39665201e-02 -6.31845519e-02 -3.58013250e-02
 -1.69193819e-02 -6.12753779e-02 -3.83538008e-02  8.50576628e-03
 -1.83694977e-02 -3.95952119e-03 -3.68527025e-02 -4.43252176e-02
 -1.17458031e-02  8.06483552e-02  2.42575947e-02 -3.83192464e-03
 -8.57521221e-03 -3.31997056e-03 -7.32482225e-02 -1.63706075e-02
  1.26167219e-02 -2.37373281e-02 -8.71551111e-02 -4.55269329e-02
 -8.74588452e-03  3.01785897e-02 -1.47092883e-02  3.42002995e-02
  2.60347482e-02  5.91458417e-02 -1.30023643e-01 -3.30921412e-02
 -3.86731029e-02 -7.44073838e-03  2.87421737e-02 -4.36871611e-02
  3.21612433e-02 -5.43552674e-02 -8.86371639e-03 -1.32577568e-01
 -1.26452446e-02  6.51692972e-05 -8.53809044e-02  1.58035557e-03
 -5.97740971e-02 -5.64096384e-02  9.26828943e-03 -7.87586495e-02
  5.32629266e-02  1.98768321e-02  1.90808754e-02  4.18075919e-02
  4.97813150e-02  3.69137852e-03  4.38834028e-03  2.99099181e-02
 -1.11230984e-02 -1.33850425e-02  6.65427223e-02  3.65356058e-02
  5.97206689e-03  2.33157650e-02  8.77595916e-02  1.07953288e-02
 -3.15161757e-02 -5.00908569e-02 -1.00062527e-01 -1.54292509e-02
 -7.55483657e-02  1.92438029e-02 -4.66600023e-02  1.06756903e-01
 -2.00638417e-02 -4.61732149e-02  2.24603433e-02  9.74332318e-02
  5.90673350e-02  8.51146504e-03  2.14348994e-02 -4.85081710e-02
 -2.31860913e-02  3.08875199e-02  6.77276701e-02  1.03662601e-02
  4.71746549e-02  5.10649756e-03 -4.12479229e-02  6.59626726e-34
 -3.50156948e-02 -2.48285010e-02 -5.50158508e-02  9.75850448e-02
  8.28004107e-02  9.23238769e-02 -9.42090061e-03 -1.10224970e-02
 -1.55292330e-02  5.00518456e-03 -4.96354513e-02  5.60624115e-02
 -2.26055719e-02  2.63147205e-02  3.42368186e-02 -4.73031290e-02
  1.30741065e-02  1.16078347e-01  2.87159123e-02  2.42711250e-02
  4.94901044e-03 -3.72439139e-02 -5.78158312e-02 -1.71851367e-03
  5.23893759e-02  4.83389422e-02  4.04790528e-02  3.60754505e-02
 -2.13463400e-02  5.27083268e-03  6.48849607e-02  6.81235641e-02
  3.88323776e-02  2.07304172e-02 -1.61002371e-02 -1.86559763e-02
  1.61301177e-02 -6.21588118e-02 -9.82330460e-03 -4.87507470e-02
 -2.20992044e-02  3.29538621e-02 -3.99753824e-02 -1.82693098e-02
 -4.63931039e-02  7.45111750e-03 -4.39150594e-02 -5.64785348e-03
  1.25690654e-01 -9.08319876e-02  8.96782726e-02 -2.07309220e-02
  6.28766418e-02  3.70123214e-03  3.73861976e-02 -3.72981988e-02
  9.13275033e-03  5.30909859e-02  4.93898476e-03  2.14262959e-02
 -6.18824027e-02  3.90736712e-03 -1.38186233e-03  3.86904227e-03
  8.10378492e-02  6.02836423e-02 -6.71194270e-02 -8.29628780e-02
  3.09233125e-02 -2.27446901e-03 -8.76596570e-03  7.13905767e-02
 -3.72151323e-02  7.25857243e-02  3.82022075e-02 -5.11422269e-02
 -4.88866940e-02  1.20527763e-02  6.79209363e-03  6.40793368e-02
 -1.14004709e-01  8.37598592e-02 -1.05834872e-01  7.21931458e-02
 -1.45500368e-02 -3.61514539e-02 -3.65904672e-03  5.08879544e-03
 -2.38060523e-02 -7.73880184e-02  1.41561115e-02 -5.06526791e-03
  5.64407781e-02  1.57443564e-02  2.28276546e-03 -2.19872159e-33
 -4.36034389e-02  2.17906758e-03 -6.65909201e-02 -1.14098871e-02
 -6.37562349e-02 -5.84211349e-02 -2.48820577e-02 -1.12979757e-02
 -8.39860272e-03 -2.22455095e-02 -1.19373668e-02 -2.27748118e-02
  3.79824229e-02 -1.01924958e-02 -3.94007154e-02 -4.42458689e-02
  2.49298755e-02 -1.74684063e-01  8.47023726e-03  6.83239549e-02
 -1.85516905e-02  5.97824194e-02 -1.46290977e-02 -3.25507745e-02
  3.64549011e-02 -1.57140512e-02  2.87398826e-02  7.13955536e-02
 -1.22127924e-02 -5.56851886e-02  1.33315977e-02 -2.42985114e-02
  5.08140624e-02 -9.43963379e-02 -6.16222620e-02 -1.77000854e-02
  1.27023850e-02  5.18067442e-02 -1.85461100e-02 -3.92318517e-02
  3.70417610e-02 -3.21327187e-02 -1.18389025e-01  1.43257063e-02
  1.73993260e-02 -4.63592354e-03  1.04815944e-03 -1.62475985e-02
 -1.24420943e-02 -1.05785113e-02 -6.68247342e-02 -9.66865867e-02
  7.95889497e-02  4.43468243e-03 -1.67089831e-02  8.99992213e-02
  9.40111838e-03  2.15233583e-02  4.22309823e-02  1.86744183e-02
  7.67095089e-02 -3.47462483e-02  1.35038048e-02 -2.05365010e-02
  4.31051888e-02  1.06825605e-02  1.22829769e-02 -1.55141763e-02
  4.86966223e-02 -3.75333279e-02 -5.16090635e-03 -1.17672468e-02
 -3.70135158e-02 -2.95354519e-02  7.51056522e-02  5.90171777e-02
 -5.76503798e-02  3.73396687e-02  3.35915275e-02  6.47357777e-02
 -2.00109035e-01  7.89595619e-02 -3.67644429e-02  5.45922481e-02
  2.98287743e-03 -1.14126734e-01  9.06949192e-02  2.98195425e-02
  3.51467691e-02 -4.46293354e-02 -3.09197642e-02 -1.29751842e-02
 -2.21554842e-02  1.01812288e-01 -4.27393205e-02 -5.13684597e-08
 -3.69926468e-02 -1.91773511e-02 -3.25183123e-02  2.90237693e-03
  3.63759995e-02  8.18186700e-02 -2.71725040e-02 -7.14502484e-02
  1.64937265e-02  8.64073783e-02 -1.14822254e-01  1.35202724e-02
 -9.31752380e-03 -7.94693548e-03  6.11484163e-02 -4.10507340e-03
  3.31190787e-02 -3.12268408e-03 -1.00525096e-01 -6.45049810e-02
  6.46918789e-02  3.95687819e-02  2.40607485e-02  1.05380649e-02
  1.05119394e-02 -7.82244653e-03  6.29080757e-02  1.00110192e-03
 -9.46219079e-03  1.42056961e-02  1.00438306e-02 -2.90875193e-02
 -1.31442165e-03  7.23564476e-02 -5.55416644e-02  4.06004153e-02
 -5.25900349e-02  4.85054823e-03  1.91279892e-02  6.63265064e-02
  6.53165430e-02 -1.68916229e-02 -6.41550273e-02  4.91016917e-02
  4.42104526e-02  6.25933036e-02 -1.01866432e-01 -1.43981399e-02
  4.03586850e-02  6.57459870e-02 -9.11483914e-02 -4.27311799e-03
  3.22487839e-02  1.36094121e-02 -5.89453280e-02  7.39527494e-03
  1.78408418e-02 -7.96510745e-03  7.08869994e-02  2.53455080e-02
  1.69324887e-03  3.99149843e-02 -1.16120325e-02  1.25348223e-02]"
34,../models/Mass Roll-up Example/MassConstraintExample.sysml,"package MassConstraintExample {
	private import ISQ::*;
	private import SI::*;
	private import NumericalFunctions::*;
	
	part def Engine {
		attribute m :> mass;
	}
	
	part def Transmission {
		attribute m :> mass;
	}
	
	part def Vehicle1 {
		attribute m : MassValue = eng.m + trans.m;
		
		part eng : Engine {
			attribute :>> m : MassValue;
		}
		
		part trans : Transmission {
			attribute :>> m : MassValue;
		}
	}
	
	part def Vehicle2 {
		assert constraint { m == eng.m + trans.m }
		
		attribute m : MassValue;
		
		part eng : Engine {
			attribute :>> m : MassValue;
		}
		
		part trans : Transmission {
			attribute :>> m : MassValue;
		}
	}
	
	constraint def MassConstraint3 {
		in totalMass : MassValue; 
		in partMasses : MassValue[0..*];
			
		totalMass == sum(partMasses)
	}
	
	part def Vehicle3 {
		assert constraint massConstraint : MassConstraint3 {
			in totalMass = m;
			in partMasses = (eng.m, trans.m);
		}
		
		attribute m : MassValue;
		
		part eng {
			attribute m : MassValue;
		}
		
		part trans {
			attribute m : MassValue;
		}
	}
	
	constraint def MassConstraint4 {
		in totalMass : MassValue;
		in partMasses : MassValue[0..*];
	}
	
	constraint mc : MassConstraint4 {
		in totalMass : MassValue; 
		in partMasses : MassValue[0..*];
		
		totalMass == sum(partMasses)
	}
	
	part def Vehicle4 {
		assert mc {
			in totalMass = m;
			in partMasses = (eng.m, trans.m);
		}
		
		attribute m : MassValue;
		
		part eng : Engine {
			attribute :>> m : MassValue;
		}
		
		part trans : Transmission {
			attribute :>> m : MassValue;
		}
	}
	
	constraint def MassLimit {
		in mass : MassValue; 
		in maxMass : MassValue;
			
		mass <= maxMass
	}
	
	part def Vehicle5 {
		assert constraint ml : MassLimit {
			in mass = m;
			in maxMass = 2500 [kg];
		}
		
		attribute m : MassValue = eng.m + trans.m;
		
		part eng : Engine {
			attribute :>> m : MassValue;
		}
		
		part trans : Transmission {
			attribute :>> m : MassValue;
		}
	}	
	
}","Here’s a concise description of the SysML v2 model for the ""MassConstraintExample"" package:

---

**Package Name:** MassConstraintExample

**Imports:** 
- ISQ (Integration Specification Quantities)
- SI (International System of Units)
- NumericalFunctions

**Model Overview:**
This package defines several vehicle parts (Engine and Transmission) and creates multiple vehicle configurations (Vehicle1 to Vehicle5) with various mass constraints.

**Components:**
1. **Parts:**
   - **Engine:** Contains a mass attribute.
   - **Transmission:** Contains a mass attribute.

2. **Vehicles:**
   - **Vehicle1:** 
     - Calculates total mass as a sum of its Engine and Transmission.
     - Engine and Transmission are parts with mass attributes.
  
   - **Vehicle2:** 
     - Enforces a constraint ensuring total mass equals the sum of its Engine and Transmission masses.
  
   - **Vehicle3:** 
     - Utilizes a custom constraint (MassConstraint3) to relate total mass to part masses.
  
   - **Vehicle4:** 
     - Uses a defined MassConstraint4 to manage part mass relationships with the total mass.
  
   - **Vehicle5:** 
     - Implements a MassLimit constraint ensuring total mass does not exceed 2500 kg.

**Constraints:**
- **MassConstraint3:** Relates total mass to an arbitrary number of part masses using summation.
- **MassConstraint4:** Generalized form of the previous constraint for modularity.
- **MassLimit:** Ensures mass does not exceed a specified maximum.

---

This model serves as a framework for analyzing and enforcing mass constraints in vehicle design, ensuring that the sum of the masses of components aligns with specified requirements.","[-3.00075579e-02 -2.14994419e-02  5.67285519e-04  1.89860296e-02
  1.70881916e-02  5.27134258e-03 -1.31414542e-02  4.84906547e-02
 -6.48826510e-02 -1.99769996e-02  2.86271647e-02 -9.25560519e-02
  3.28073837e-02 -4.89630131e-03 -3.84812579e-02 -4.01267735e-03
  1.16097527e-02  3.51483412e-02 -6.39637336e-02  5.71933202e-02
  1.12361237e-01 -2.45006057e-03  4.68632439e-03 -2.54467689e-02
 -4.07223701e-02 -7.11571947e-02 -5.36576211e-02  7.37443417e-02
  1.48364762e-02 -6.75943941e-02 -2.15163175e-02  2.96526290e-02
 -1.25586344e-02 -8.58944189e-03  6.07038662e-02 -4.92540225e-02
 -8.86564795e-03 -4.82959487e-02 -9.61276069e-02 -3.13541815e-02
 -1.76313091e-02 -5.05224057e-02 -2.89128255e-02 -1.98622141e-02
  6.72394782e-02  1.57782398e-02 -4.17006090e-02  1.62860025e-02
  2.11621020e-02 -4.25349735e-02  1.01947961e-02  2.16010306e-02
 -2.73929331e-02  3.37736085e-02 -3.40839066e-02 -2.40593888e-02
  2.42091194e-02 -1.95850898e-02 -7.05505386e-02 -1.02041848e-02
  3.30336988e-02 -1.10840239e-02 -7.58270174e-02 -4.50973436e-02
 -1.21811163e-02  1.24205416e-02 -5.55916652e-02 -2.85754278e-02
  1.33547578e-02  1.19397342e-01 -5.11561707e-02 -7.05270618e-02
 -5.48660057e-03  4.33309637e-02  5.54220155e-02 -5.52734546e-02
  1.17044874e-01  4.06252556e-02  1.03489943e-02 -8.23819339e-02
 -4.18657586e-02  4.42397855e-02 -5.97489737e-02 -7.39442855e-02
 -2.82808417e-03 -6.42544106e-02  4.41450253e-03  2.93270666e-02
  7.20727369e-02  5.35733700e-02  1.85677484e-02  1.61190890e-03
  1.87082738e-02  8.18149559e-03  1.08848169e-01  1.45838428e-02
 -3.52923796e-02 -2.17477139e-02  8.10455531e-02  1.94512606e-02
  1.10940565e-03  5.71957566e-02  3.05488836e-02 -7.35869259e-03
 -3.60630043e-02  7.62424916e-02 -1.84568819e-02  2.62131486e-02
 -5.64888380e-02 -5.75213470e-02  7.51652643e-02  5.31384982e-02
  2.16838960e-02 -7.02914000e-02 -5.18996827e-02  1.74003206e-02
  7.06827939e-02 -1.84659883e-02  8.16195682e-02 -4.55602929e-02
 -3.27465907e-02 -6.29773512e-02  6.74200058e-02  4.35919017e-02
  8.32848996e-02 -3.28875408e-02 -7.06486925e-02  5.00965938e-34
 -1.46570265e-01 -5.02745844e-02  2.40470469e-02  1.01308130e-01
 -6.14451095e-02  5.09463511e-02 -2.86779795e-02  1.73174199e-02
 -8.70337524e-03  4.67080399e-02 -8.31548348e-02 -1.69622172e-02
 -5.32944910e-02 -2.43384913e-02  3.97263728e-02 -6.19920790e-02
  3.27711441e-02  5.63737117e-02  3.24324407e-02 -1.54509228e-02
  5.93395717e-02  2.36614924e-02 -3.55506241e-02 -1.25604365e-02
  6.35460988e-02  7.86194056e-02  1.15858810e-02 -1.85796022e-02
 -5.26736900e-02  3.16748694e-02 -2.66488753e-02  2.09682472e-02
 -2.42302008e-02  4.79891570e-03 -1.42359622e-02 -2.34168284e-02
 -6.18832931e-02 -5.12927100e-02  1.99474022e-02 -1.40900780e-02
  4.00138088e-02 -3.22359754e-03 -2.96148639e-02 -1.87041387e-02
 -1.40955478e-01 -2.80972552e-02  5.92651293e-02  3.17766182e-02
  5.88096976e-02  3.60486005e-03 -1.43094305e-02 -5.37133403e-03
  2.35630628e-02 -4.11141142e-02 -4.33164798e-02  4.55114208e-02
  1.30408658e-02  3.18675116e-02 -2.34681871e-02  5.39001226e-02
 -9.56308693e-02 -1.98615040e-03  3.26011814e-02 -2.47544553e-02
  9.16061476e-02  7.58504346e-02 -1.01120114e-01 -6.29375651e-02
  4.53408360e-02  4.21599224e-02 -6.76736608e-02 -1.35679785e-02
  7.27650290e-03  3.55408862e-02  1.11073270e-01 -7.98137933e-02
  5.07832430e-02 -5.16419578e-03 -4.39820327e-02  1.12546803e-02
 -1.80663660e-01  1.55885950e-01 -2.40716394e-02 -1.41380858e-02
 -2.30353903e-02 -3.54188345e-02 -2.56531723e-02 -2.99589410e-02
 -2.15039384e-02 -9.23725963e-02 -1.94637850e-02 -4.99759242e-02
 -6.20718673e-02  2.89283618e-02  1.23389228e-03 -3.32174279e-33
 -6.26371941e-03  6.22366518e-02  4.03949767e-02  9.40081431e-04
  4.35028051e-04 -3.75120342e-02  9.80948564e-03 -3.41624543e-02
 -2.65133101e-02  7.42989928e-02  5.31015471e-02 -3.69830281e-02
  1.57589850e-03 -2.05394942e-02  5.52668888e-03  3.53340916e-02
  1.03336796e-02 -1.63486257e-01 -5.52005647e-03  4.59454693e-02
  3.06497682e-02  6.54560253e-02  3.35172154e-02 -3.22605819e-02
  3.09068691e-02 -4.31852229e-02 -2.19063964e-02  1.20968344e-02
  1.75436810e-02 -1.45523641e-02  2.42095347e-02 -1.66271068e-02
  2.63661798e-02  5.59471454e-03 -3.45819034e-02 -9.24357474e-02
  2.22657016e-03  4.01036516e-02 -1.63705964e-02  4.45348136e-02
  7.49395089e-03 -4.38347575e-04  1.85335968e-02  1.60360113e-02
  3.02250851e-02  3.16536278e-02  6.49125651e-02 -4.11002859e-02
  1.99376978e-02 -3.11724413e-02  2.29599830e-02 -5.23357168e-02
 -3.57573410e-03  1.67387091e-02  4.03071428e-03  3.23008932e-02
  3.32885832e-02 -2.69212537e-02 -1.49378516e-02 -1.40701644e-02
  3.68031859e-02 -6.81045949e-02  3.28039713e-02 -1.81182120e-02
  1.20644402e-02 -4.27168012e-02 -2.12237798e-02 -8.91546309e-02
 -1.31497728e-02 -1.62419304e-02 -1.22510232e-02  3.63291427e-02
  6.94330707e-02  2.21349597e-02 -6.09655515e-04 -2.95404475e-02
  2.38360502e-02  3.82296443e-02  9.32509452e-02 -6.77762255e-02
 -7.58706704e-02 -1.01500750e-02  7.43439943e-02  9.18626338e-02
 -1.04134202e-01  4.19876259e-03 -1.95778143e-02  1.35787338e-01
  1.70967337e-02  6.47057369e-02 -8.57353359e-02  4.56175134e-02
  4.77230325e-02  1.06452107e-01 -9.80397835e-02 -5.39945368e-08
  2.71006469e-02 -2.86172796e-02 -4.73083034e-02 -5.57672419e-02
 -1.10082077e-02  4.30877060e-02 -1.13352619e-01  9.93854250e-04
 -3.22511084e-02  6.22110963e-02  1.95152462e-02  3.39971669e-02
  1.62231624e-02 -2.23463010e-02 -7.47868791e-02  3.39630321e-02
 -3.24876024e-03  7.37928506e-03 -4.02973890e-02 -7.73785785e-02
  5.84452003e-02 -9.14636825e-04 -5.45200594e-02  5.54927103e-02
  9.56508592e-02 -4.63398024e-02 -3.64742912e-02  2.85051186e-02
  6.08637109e-02 -1.58717241e-02  4.00157906e-02  2.27479655e-02
  3.47123668e-02  8.90646577e-02 -1.34819176e-03  1.41356094e-02
 -6.29153699e-02  8.08837935e-02  5.61640002e-02  2.66654277e-03
  9.16410536e-02  3.25456113e-02 -1.89466160e-02  1.62844416e-02
  6.88626543e-02  1.17837220e-01 -1.56842828e-01 -7.65469745e-02
 -5.72404936e-02  3.29324268e-02 -1.92317029e-03  3.78606431e-02
 -7.47203380e-02  1.14476055e-01 -2.25895029e-02 -3.33228298e-02
 -2.23688576e-02 -5.07761538e-02  7.36235380e-02 -7.00793192e-02
 -1.74456406e-02  5.06834686e-02 -1.13143986e-02 -1.76079180e-02]"
35,../models/Mass Roll-up Example/MassRollup.sysml,"package MassRollup {
	private import NumericalFunctions::*;
	
	part def MassedThing {
		attribute mass :> ISQ::mass; 
		attribute totalMass :> ISQ::mass;
	}
	
	part simpleThing : MassedThing {
		attribute redefines totalMass = mass;
	}
	
	part compositeThing : MassedThing {
		part subcomponents: MassedThing[*];
		
		attribute redefines totalMass default
			mass + sum(subcomponents.totalMass); 
	}
	
	part filteredMassThing :> compositeThing {
		abstract attribute minMass :> ISQ::mass;
		
		attribute redefines totalMass =
			mass + sum(subcomponents.totalMass.?{in p :> ISQ::mass; p > minMass});
	}

}","I want to create a SysML v2 model called ""MassRollup"" that represents a hierarchical structure of massed objects. The model has the following components:

1. A `MassedThing` part with two attributes: `mass` and `totalMass`, both of type mass from the ISQ library.

2. A `simpleThing` part that extends `MassedThing` and redefines the `totalMass` attribute to equal its `mass`, indicating that it has no subcomponents.

3. A `compositeThing` part that also extends `MassedThing`. It contains a collection of `subcomponents`, which are of type `MassedThing`. The `totalMass` is redefined to be the sum of its own mass and the total mass of its subcomponents.

4. A `filteredMassThing`, which extends `compositeThing`, introduces an abstract attribute `minMass`. It redefines `totalMass` to sum the masses of its subcomponents that exceed the `minMass` threshold.

Overall, this model captures the concept of mass aggregation considering both individual masses and the structured organization of massed components while allowing for filtering based on a minimum mass criterion.","[ 1.16638709e-02 -1.88487135e-02  5.98358586e-02  7.04684258e-02
  9.07751545e-03 -2.60683428e-02  2.19765566e-02 -3.88942007e-03
 -1.49668870e-03  4.61024698e-03  3.50223854e-03 -1.08107880e-01
  2.03089640e-02  8.47008750e-02 -2.21825559e-02  4.15255353e-02
  5.13190962e-02  7.13171363e-02 -7.62282386e-02 -1.59245133e-02
  7.62233883e-02 -5.13769202e-02 -3.05938218e-02  1.08670630e-02
 -1.06127681e-02  5.97099494e-03 -6.13788962e-02  3.49621177e-02
  7.58318305e-02 -7.02187046e-02 -1.92888938e-02  5.75057603e-02
  1.84130128e-02  6.27716184e-02  5.36081940e-02  4.84749712e-02
  2.02624742e-02 -1.88498162e-02 -4.74765524e-02 -4.97725680e-02
  4.63939011e-02  7.64234886e-02 -8.41342099e-03 -4.28193584e-02
  2.97592562e-02  1.72119457e-02 -3.28411954e-03 -3.10185030e-02
 -3.23963836e-02 -3.68810929e-02 -4.55644280e-02  1.79983433e-02
 -3.35226022e-02  8.22899565e-02  3.51818308e-04  3.15898620e-02
 -6.11724593e-02 -1.04281619e-01 -1.05131142e-01 -8.51392820e-02
 -5.27409762e-02 -1.26869567e-02 -4.28222716e-02 -5.23122102e-02
  4.28703800e-02  5.85881211e-02 -3.70027870e-02  3.16800587e-02
  3.81369926e-02  1.34062454e-01  1.59331113e-02 -1.95823815e-02
  1.98524650e-02  7.11188614e-02  5.06103747e-02  2.33028121e-02
  5.29169030e-02 -1.77324507e-02  3.09997909e-02 -1.36142094e-02
 -6.03232533e-02 -3.75836855e-04 -6.16898872e-02 -6.76691309e-02
  2.59563550e-02 -3.99227142e-02 -2.29689031e-04 -6.95090592e-02
  3.75939533e-02  2.02684477e-02 -3.12377159e-02 -3.76967527e-02
  8.96008685e-02  1.52459824e-02  9.43717957e-02 -2.13890448e-02
  2.45241472e-03  2.94519123e-02  1.03148758e-01  4.02810052e-02
 -1.32027259e-02  8.25972259e-02  7.83326700e-02 -8.99696946e-02
 -2.94687841e-02 -1.83020476e-02 -1.02654090e-02  3.31588872e-02
 -1.75870564e-02 -4.58426662e-02  7.36496318e-03  4.80881855e-02
  3.00541166e-02 -6.28194734e-02  3.62475216e-02  4.53668498e-02
  1.29644006e-01 -1.51494741e-02 -1.16551779e-02 -9.75801274e-02
  5.24106510e-02  2.93992609e-02  8.06376189e-02  1.86608620e-02
  9.01300609e-02  5.54925688e-02 -1.25492349e-01  2.43766341e-33
  1.86331440e-02 -5.01453914e-02  5.08062877e-02  6.14675842e-02
  3.90690705e-03  5.16102985e-02  4.09643427e-02  2.52390970e-02
 -9.16207302e-03  1.02719732e-01 -5.17223813e-02  2.80587319e-02
 -4.94261235e-02  2.23465934e-02  5.51942848e-02 -1.09678961e-01
  8.72015581e-03  6.75617829e-02 -2.35907342e-02 -5.78567535e-02
 -4.31770422e-02  4.27095257e-02 -3.18640321e-02  1.47813521e-02
  2.65141185e-02  2.73411591e-02  6.97842520e-03 -4.39696619e-03
 -9.78732407e-02  2.03160364e-02 -1.00141140e-02  5.65075390e-02
 -7.05517679e-02  4.36835587e-02 -1.79117490e-02 -1.36603713e-02
  1.04730772e-02 -7.40471110e-02  8.05687755e-02 -1.01497509e-01
 -1.21362798e-03  1.59506686e-02  5.91286505e-03 -8.12026039e-02
 -8.62181038e-02 -5.72295710e-02 -2.46604532e-02  3.55258584e-02
 -5.26746102e-02 -3.68962102e-02  1.00458018e-01  5.31876413e-03
  2.04396769e-02 -1.00010235e-04 -5.68354055e-02  3.12395114e-02
  1.29792606e-02  7.80579075e-02  2.01427042e-02  6.08181097e-02
 -1.00423498e-02 -7.44472863e-03  5.11255395e-03  7.84090906e-02
  5.09800091e-02  7.67003000e-02 -1.39994686e-02 -1.40160015e-02
  8.97762850e-02  5.68989431e-03 -2.26143077e-02  7.10329264e-02
 -5.31533919e-02  7.97483996e-02  5.27133904e-02 -9.68356654e-02
  5.16065955e-02 -5.14943413e-02 -5.25846034e-02  1.08157797e-02
 -1.18164562e-01  7.49583244e-02 -1.23949470e-02 -5.11032529e-03
 -8.33943337e-02 -9.70089622e-03  2.82376334e-02 -5.36129139e-02
 -3.52913588e-02 -8.97729769e-02 -4.23407368e-02 -5.66270947e-02
 -3.81708657e-03 -4.27304246e-02  1.96292419e-02 -3.20157384e-33
 -4.03553583e-02 -3.80177586e-03  7.22476654e-03 -1.98083259e-02
 -7.96033628e-03 -1.24490947e-01 -2.99440371e-03  3.29631828e-02
 -2.62262393e-02 -1.52861821e-02  2.35232350e-04 -1.32743763e-02
  6.07101386e-03 -5.15741743e-02  9.57452599e-03  7.51192644e-02
 -1.27797648e-02 -1.30638883e-01  5.31619601e-02  3.27496268e-02
 -3.69738266e-02  1.22510307e-01  1.70999561e-02  3.59317288e-02
 -9.73509438e-03  1.54147157e-02 -4.48018163e-02  1.46550573e-02
  9.80917811e-02  3.99704045e-03  5.21111954e-03 -4.12928360e-03
  1.84717905e-02 -6.36229068e-02 -2.35803202e-02 -1.00124642e-01
 -5.06794965e-03 -5.45929335e-02  1.21104689e-02 -3.68638262e-02
 -4.60427515e-02  1.75476540e-02 -4.41902764e-02  3.47055085e-02
  4.72562425e-02 -4.97033000e-02  5.30132614e-02 -1.25145726e-02
 -1.31491404e-02 -3.79229747e-02 -3.58202644e-02 -6.02238439e-02
  3.50924977e-03  6.34932667e-02 -2.35976223e-02  8.45197123e-03
 -4.32908721e-03 -5.65160289e-02  1.96340941e-02 -2.55286377e-02
 -1.44708920e-02 -6.05802126e-02 -5.12701832e-02 -3.96944731e-02
  4.57960702e-02  3.02652409e-03 -4.07681614e-02 -1.05947480e-01
 -2.26717442e-02 -5.06402832e-03  2.61051804e-02 -5.39942496e-02
  1.64576583e-02  4.61264998e-02  2.58718915e-02 -4.40051667e-02
 -2.71733012e-02  9.05881301e-02  8.59606415e-02 -1.32869035e-02
 -9.72072780e-02 -3.91273573e-02  4.56410833e-02  5.00092097e-02
  1.99441798e-02 -1.16209798e-01  2.22701188e-02  1.20257206e-01
 -4.39349860e-02  4.12941836e-02 -5.46135306e-02 -4.14627157e-02
  3.59280854e-02  1.36977643e-01 -1.77855324e-02 -6.06652861e-08
 -2.98044067e-02 -5.15266694e-03 -4.05054726e-02 -1.44142387e-02
  3.49895842e-02  1.45237874e-02 -6.71833977e-02  6.08733818e-02
 -5.35848029e-02  4.50169370e-02 -3.93837281e-02  3.77149135e-02
 -4.43747789e-02 -3.95026756e-03 -2.18097903e-02 -2.27861665e-03
 -3.73900197e-02  1.00841466e-02 -6.73329681e-02  2.62369942e-02
  3.53787653e-02  1.44265657e-02 -6.95381165e-02  4.68191355e-02
  2.20496804e-02  4.59078047e-03 -1.95209123e-02  6.42692577e-03
  3.92798558e-02  3.98385525e-02  3.44943553e-02  9.03344452e-02
  9.37346369e-03  7.77014568e-02 -4.98120673e-02  4.99571338e-02
 -5.53281531e-02 -3.19594773e-03 -5.05632628e-03 -3.53975082e-03
  5.40825464e-02 -5.56126609e-02 -1.74178574e-02  4.69842106e-02
  4.68358258e-03  9.03275423e-03 -1.55101597e-01 -3.82281579e-02
  5.17461412e-02  9.71294045e-02 -6.37550186e-03 -1.39193535e-02
 -4.04754393e-02  6.73079537e-03 -8.58231112e-02 -2.84491619e-03
  2.88665667e-02  3.24014239e-02  7.79301971e-02 -6.07157573e-02
  7.53904283e-02 -3.80503051e-02 -2.20499970e-02  1.73395183e-02]"
36,../models/Mass Roll-up Example/Vehicles.sysml,"package VehicleMasses {
	private import ScalarValues::*;
	private import MassRollup::*;
	
	part def CarPart :> MassedThing {			
		attribute serialNumber: String;
	}
	
	part car: CarPart :> compositeThing {	
		attribute vin redefines serialNumber;
		
		part carParts: CarPart[*] redefines subcomponents;
		
		part engine :> simpleThing, carParts {
			//...
		}
		
		part transmission :> simpleThing, carParts {
			//...
		}
	}

	// Example usage
	private import SI::*;	
	part c :> car {
		redefines mass = 1000 [kg];
		part redefines engine {
			redefines mass = 100 [kg];
		}
		
		part redefines transmission {
			redefines mass = 50 [kg];
		}	
	}
	
	// c.totalMass --> 1150.0 [kg]
}","I want to generate a SysML v2 model that captures the mass structure of a car. The model should be organized within a `VehicleMasses` package. 

1. **CarPart**: Define a part called `CarPart` that represents a generic vehicle component with an attribute `serialNumber` of type `String`.
  
2. **Car Composition**: Create a composite part named `car` that extends `CarPart`. This `car` will:
   - Redefine the `serialNumber` through an attribute `vin`.
   - Contain a collection of subcomponents (other `CarPart` instances) specified as `carParts`.
   - Include essential components like `engine` and `transmission`, which are defined as `simpleThing` types.

3. **Mass Assignments**: Implement an example usage where I create a specific instance `c` of the `car`:
   - Redefine the `mass` of `c` to be 1000 kg.
   - Redefine the masses of `engine` and `transmission` as 100 kg and 50 kg, respectively.

4. **Mass Calculation**: Ensure that the total mass of the car (`c.totalMass`) calculates as 1150.0 kg, which is the sum of the car's mass and its components' masses.

This model structure will help manage vehicle mass details clearly and effectively.","[-1.55273348e-03  7.41408265e-04  3.78427356e-02  2.93115545e-02
 -4.33820933e-02 -1.04157990e-02 -3.22663318e-03  6.77072406e-02
 -6.93482533e-02 -6.90045021e-03  4.81267720e-02 -1.18165344e-01
  7.20288185e-03  3.77978534e-02  6.11206796e-03 -1.01523232e-02
  3.15881148e-02  4.87455651e-02 -4.18246835e-02  7.64750317e-02
  8.24015215e-02  5.10810781e-03  2.05137348e-03  1.89479608e-02
 -4.39520031e-02 -3.99929099e-02 -3.32967080e-02  8.93397108e-02
  9.14635360e-02 -6.07668869e-02  3.03681418e-02  7.35025182e-02
 -3.01239826e-02  1.88430783e-03  1.00059070e-01  2.99194232e-02
 -2.90431622e-02 -1.81845762e-02 -7.19891414e-02 -6.71090558e-02
  4.63662259e-02 -8.27668176e-04 -3.45202051e-02 -5.39264735e-03
  7.28797019e-02 -3.40822637e-02  2.33998634e-02  7.46505801e-03
  1.60100572e-02 -3.06030530e-02 -5.20293191e-02  3.65992673e-02
 -1.36015350e-02  1.48689458e-02 -3.83890532e-02 -1.12387473e-02
  4.36446480e-02 -6.04022890e-02 -7.56543204e-02 -9.04907361e-02
 -4.34475690e-02 -2.44066082e-02 -3.38510945e-02 -1.14796720e-01
 -1.78890713e-02  3.10607422e-02 -3.86084504e-02  8.81372578e-03
  1.86018031e-02  1.50520325e-01 -2.99643422e-03 -2.33831033e-02
  2.91661508e-02  8.03652331e-02  1.46506261e-02 -3.66074941e-03
  2.94519048e-02 -1.76988530e-03  5.19510452e-03 -6.86625689e-02
 -3.19452062e-02  5.87200839e-03 -7.08849356e-02 -7.98540786e-02
  2.91117989e-02  6.27172459e-03  5.74070551e-02  3.75315733e-02
  1.29602179e-02  5.29260077e-02 -2.06668135e-02 -2.97846161e-02
  8.57271776e-02 -1.33157633e-02  7.06380829e-02  2.02387776e-02
  1.38569539e-02  3.36684249e-02  8.16804394e-02  1.34654921e-02
 -1.85560007e-02  9.12569910e-02  8.05146322e-02 -1.07517419e-02
 -7.07695261e-02  6.06864206e-02 -7.83200338e-02 -6.48285402e-03
 -3.12215742e-02 -7.35022575e-02  3.14968601e-02  1.03313081e-01
 -2.93310788e-02 -6.16223700e-02  1.70946959e-02  5.99659514e-03
  6.88561723e-02 -3.26242670e-02  8.06819182e-03 -8.35387129e-03
  2.91039031e-02 -2.93566175e-02  6.93698525e-02  6.12187572e-02
  5.04617468e-02 -3.83566469e-02 -6.92802444e-02 -1.12582916e-33
 -6.56870082e-02 -4.33314145e-02  3.78527008e-02  1.29660755e-01
 -5.02654584e-03  5.16298078e-02  2.07882542e-02  6.25698566e-02
  7.05902884e-03  4.01858389e-02 -7.86291584e-02 -6.62866458e-02
 -6.02504164e-02  2.46291235e-02  2.74235029e-02 -4.06484306e-02
  2.02331711e-02  4.31299321e-02 -1.90239493e-02 -2.74352916e-02
  2.35135164e-02  2.41279043e-02 -3.46839204e-02 -1.87662523e-02
  1.85337495e-02  9.98102576e-02  4.00170684e-02 -2.13745590e-02
 -9.24248621e-02  1.11241927e-02  2.55956128e-02  4.16504219e-03
  2.08673980e-02  5.56677952e-02 -1.11538889e-02 -2.08871160e-02
 -4.13497305e-03 -3.58087011e-02  4.39270325e-02 -4.52546515e-02
  7.92393088e-02  4.02916782e-02 -2.52512054e-05  1.50636164e-02
 -8.48296881e-02 -4.33305614e-02  1.05008017e-02  1.04016885e-01
  2.52900198e-02 -1.16534391e-02  6.06800877e-02  7.47664506e-03
  2.22475789e-02 -2.16171332e-02 -4.69413139e-02  2.39941869e-02
 -3.13976686e-03  4.66535762e-02  1.54935857e-02  8.37695785e-03
 -4.67620753e-02  5.11943847e-02  3.35076544e-03  6.34906292e-02
  4.72716196e-03  6.53362349e-02 -7.71360993e-02 -6.16819672e-02
  5.31827845e-02  4.12103347e-02 -2.48221122e-02  2.15206854e-02
 -7.16253445e-02  6.70738220e-02  6.63478971e-02 -3.90984379e-02
  1.62534378e-02 -2.51176395e-02 -1.09211750e-01  1.17526120e-02
 -1.21673740e-01  1.87440932e-01 -5.44991642e-02  1.86990015e-02
 -2.71475765e-05 -5.51421009e-02 -7.34841218e-03 -4.49036807e-02
 -2.84731351e-02 -6.79902434e-02  3.54993460e-03 -1.07443944e-01
 -6.04189634e-02 -4.31932993e-02 -4.50907685e-02 -1.28930204e-33
  5.15861483e-03  5.96310981e-02  3.54775451e-02 -1.13468543e-02
 -1.94807518e-02 -9.54431072e-02 -2.48606838e-02 -3.68450917e-02
 -9.47745815e-02  1.84355527e-02 -4.22073575e-03 -9.80850402e-03
  1.91813009e-03 -3.97633687e-02 -1.49353445e-02  5.71545288e-02
 -2.43856106e-02 -1.47662729e-01 -9.51124914e-03  1.31661603e-02
 -3.54466103e-02  9.61256996e-02  6.98916614e-02  1.58574469e-02
  7.78686209e-03  1.07662436e-02 -3.41167599e-02  3.82897258e-02
  7.79369250e-02 -3.29039171e-02  1.12493085e-02 -1.46646928e-02
  1.35680083e-02 -4.74992767e-02 -4.37290035e-02 -4.28407751e-02
 -5.17274486e-03  1.32834530e-02  1.81761384e-03  3.03048007e-02
 -2.14641523e-02  1.58191733e-02 -7.97399431e-02  1.74384639e-02
 -5.74746635e-03 -4.50128280e-02  8.70320126e-02 -3.16797979e-02
  5.84979765e-02 -2.33991668e-02 -1.88670144e-03 -6.66185766e-02
 -8.51238798e-03  3.74432164e-03 -1.78397773e-03  2.60070860e-02
  4.74203713e-02 -5.79228029e-02  1.66004431e-02 -2.92004850e-02
  1.89347453e-02 -4.47850414e-02  2.73091961e-02 -4.39592339e-02
  1.51317138e-02 -7.00183436e-02 -2.43080352e-02 -7.14917630e-02
 -2.90340204e-02 -2.67470907e-02 -1.56919491e-02  4.63868864e-02
  5.43329008e-02  2.65075210e-02 -4.89562564e-03 -1.93335935e-02
 -2.67375503e-02  1.01294547e-01  1.27040669e-01 -4.26612943e-02
 -8.36610049e-02 -4.33695652e-02  6.17520772e-02  5.34836166e-02
 -1.91552248e-02 -3.54771353e-02  8.27562436e-03  8.89743418e-02
 -1.71794537e-02  4.81416844e-02 -6.01232573e-02  4.87818234e-02
  2.46240869e-02  1.57144561e-01 -5.52584454e-02 -5.74830139e-08
 -2.37019965e-03 -3.08128335e-02 -4.73873839e-02  2.83007533e-03
 -1.75350662e-02 -2.65240241e-02 -1.40178591e-01 -1.92516260e-02
 -9.45082493e-03  1.96377821e-02 -2.74444148e-02 -7.66006019e-03
 -2.28003561e-02 -9.37766768e-03 -6.53933585e-02  1.77966133e-02
 -1.10667897e-02  2.41695400e-02 -1.01608895e-01 -7.54753873e-02
  3.62238251e-02  1.45524796e-02 -6.81690276e-02  5.99192455e-02
  8.54666233e-02 -6.42801523e-02 -4.25944366e-02 -1.50782792e-02
  7.94912651e-02  1.53002078e-02  4.00213972e-02  2.84488536e-02
  1.63070988e-02  7.28841051e-02 -3.16096917e-02 -3.42697371e-03
 -5.53230345e-02  5.20764552e-02  6.82212561e-02 -1.65932644e-02
  5.80432415e-02 -2.46962104e-02 -4.54132073e-02  1.18981609e-02
  4.11543176e-02  3.51713523e-02 -1.67991564e-01 -5.10540009e-02
  1.32872048e-03  6.94106519e-02 -2.65573300e-02  1.82626750e-02
 -7.49553144e-02  6.51987419e-02 -4.49062139e-02 -4.65616264e-04
  1.16797276e-02  8.29836912e-03  1.09527819e-01 -1.07169859e-01
 -9.35257133e-03  2.94075767e-03 -2.47118771e-02 -1.73505358e-02]"
37,../models/Metadata Examples/IssueMetadataExample.sysml,"package IssueMetadataExample {
	private import ModelingMetadata::Issue;
	
    //Example: the following identifies an issue with the interface
    
    metadata InterfaceCompatibilityIssue : Issue about engineToTransmissionInterface {
    	text = ""This issue is about the interface compatability between the engine and transmission."" +
               ""The interface def includes an end defined by a ClutchPort."" +
               ""However, the interface usage connects the transmission port that is defined by ~DrivePwrPort."" +
               ""This should have surfaced a compatibility issue, since the interface is not really compatible with its definition"";
    }
    
    interface def EngineToTransmissionInterface{
        end p1:DrivePwrPort;
        end p2:ClutchPort;
    }
    port def DrivePwrPort;
    port def ClutchPort;
    
    part engine{
        port drivePwrPort:DrivePwrPort;
    }
    part transmission{
        port clutchPort:~DrivePwrPort;
    }

    interface engineToTransmissionInterface:EngineToTransmissionInterface
        connect engine.drivePwrPort to transmission.clutchPort;       

}","This SysML v2 model describes an issue related to the compatibility of an interface between an engine and a transmission. The model is structured within a package named `IssueMetadataExample`, which imports `ModelingMetadata::Issue`. 

The central feature of this model is the metadata `InterfaceCompatibilityIssue`, which succinctly describes a compatibility problem concerning the `EngineToTransmissionInterface`. The text highlights that although the interface definition includes a `ClutchPort`, its implementation connects a `DrivePwrPort` from the transmission, leading to an incompatibility.

Key components of the model include:

- The interface `EngineToTransmissionInterface`, which defines two ends: `DrivePwrPort` and `ClutchPort`.
- The definition of the ports `DrivePwrPort` and `ClutchPort`.
- Two parts, `engine` and `transmission`, which utilize these ports appropriately. The `engine` connects its `drivePwrPort` to the `transmission`'s `clutchPort`, but due to the port types, a compatibility issue arises.

Together, this model effectively captures and communicates a specific interface compatibility issue in a systems engineering context.","[-3.86765413e-02 -4.99565080e-02  1.44701181e-02  1.37238558e-02
 -1.81288291e-02  1.54531216e-02 -1.56014804e-02  3.26611027e-02
 -6.67584464e-02 -3.07966806e-02  5.28242029e-02 -2.88309669e-03
  3.11079305e-02  1.31229870e-02 -8.21736117e-04 -2.13312488e-02
  9.06373113e-02 -8.69200677e-02 -1.34501345e-02  8.50028023e-02
  7.59576783e-02  2.50120331e-02 -4.22391333e-02 -1.03108287e-02
 -8.75824466e-02 -6.08464368e-02 -1.84517410e-02  5.19021563e-02
  2.73531191e-02 -6.97522238e-02 -7.22254664e-02  7.49226511e-02
 -1.40090525e-01  2.95965262e-02 -1.06680011e-02 -4.91151251e-02
  7.42636546e-02 -6.03451729e-02 -5.29963970e-02 -1.05919361e-01
  4.70950454e-02 -6.06183931e-02 -2.16978509e-02 -1.58488266e-02
  6.73879543e-03 -4.65806946e-02  4.83199507e-02 -4.55581583e-02
 -3.20498124e-02 -2.60376725e-02 -1.12355694e-01  3.34372371e-02
  3.57270092e-02  3.32950540e-02  3.93651053e-02  2.61276718e-02
  4.31178957e-02  1.77172404e-02 -8.59351158e-02  2.28477698e-02
 -1.53646730e-02  2.45082844e-02 -6.61885962e-02 -1.70687139e-02
 -1.50220785e-02 -2.13187262e-02  1.49462251e-02 -6.94411919e-02
 -2.73671094e-03 -2.13688612e-02 -1.32466391e-01 -7.83084929e-02
 -4.47788984e-02  1.69869307e-02  3.35707031e-02 -6.37658779e-03
  3.53550874e-02  1.66952591e-02  2.02890933e-02 -1.55709580e-01
 -4.75945771e-02  2.81802285e-02 -5.80166839e-02  1.98167954e-02
  5.07740714e-02 -3.86528894e-02  2.51001865e-03 -5.91033176e-02
  4.46922518e-02  2.33557932e-02 -3.20838727e-02 -2.62400154e-02
  5.83649352e-02  6.16690703e-03  8.30904320e-02  4.85001653e-02
  5.22374138e-02  1.89902727e-03  5.47772564e-04  2.78895441e-02
 -1.83862355e-02  4.46413010e-02 -2.30065193e-02  2.92435591e-03
 -6.93850666e-02  7.86710065e-03 -7.60007352e-02 -2.69230679e-02
 -1.02452330e-01 -7.14347810e-02  5.81447259e-02  6.28732964e-02
 -2.56823506e-02 -6.87412918e-02 -1.44750867e-02  5.12440801e-02
 -6.30797446e-02 -9.91255324e-03  1.22835785e-02 -3.76596972e-02
 -6.91210032e-02 -2.63975281e-02  5.25714681e-02  2.21964773e-02
  8.19028616e-02 -2.74017733e-02 -1.19002769e-02 -5.33189682e-34
 -3.76563072e-02 -5.19052744e-02 -1.68742687e-02  1.16565615e-01
  3.93194072e-02  7.04660341e-02 -6.66980122e-05  2.51821540e-02
  2.76737679e-02  1.61504429e-02 -8.33057016e-02  7.11972313e-03
 -7.11128414e-02  9.22898576e-03  4.85872217e-02  5.61027694e-03
 -3.49187776e-02  5.58205545e-02 -2.84103560e-03  8.14504456e-03
  1.14078812e-01 -2.58895755e-02 -3.29013020e-02 -3.59724462e-02
  4.71648201e-02  1.20080493e-01  3.91568057e-03  3.94040085e-02
  2.11023297e-02  7.43959099e-02  3.29190157e-02  2.81053167e-02
 -8.05232767e-03 -1.69451293e-02  2.12031994e-02 -5.42104878e-02
 -6.64910078e-02 -5.70089817e-02 -2.59922110e-02 -3.74123380e-02
  4.08604555e-03 -1.71853136e-03 -9.02215019e-02 -2.68381294e-02
 -4.18186598e-02 -9.44437981e-02  4.67150547e-02  5.24694510e-02
  5.73319271e-02  4.60595228e-02  1.56390704e-02 -3.32687385e-02
  5.98767586e-02  1.24378139e-02 -1.80062186e-02  1.46956462e-02
  4.85955551e-03  4.53096405e-02 -1.41568519e-02  8.79059955e-02
 -8.00126195e-02  2.12544892e-02 -1.05004301e-02 -9.84371454e-03
  1.33169085e-01  1.10607110e-01  1.47998482e-02 -8.21383223e-02
  1.59092695e-02  5.86470440e-02 -5.68244159e-02  1.23712106e-03
 -5.47389835e-02  1.03277959e-01  2.92576775e-02 -8.93895403e-02
 -8.77714753e-02 -2.78140567e-02 -1.29581168e-02  5.56640476e-02
 -1.18250035e-01  5.37788235e-02 -4.31855582e-02 -1.05262371e-02
 -3.29735614e-02 -4.21736799e-02 -3.63965333e-03 -3.27481702e-03
  2.21461058e-02 -7.98721835e-02  7.60756060e-02  1.98703595e-02
  1.78904645e-02  2.87318658e-02  3.10109630e-02 -2.48953155e-33
 -1.50697315e-02 -3.15532386e-02  1.29417358e-02 -6.33039325e-03
 -7.12180138e-02 -5.42298481e-02  1.26848845e-02  6.95599057e-03
 -1.71340369e-02  4.45486680e-02  5.09650633e-02  8.79813638e-03
  3.71243693e-02 -4.97381687e-02 -3.10827419e-02 -2.94008777e-02
 -2.95358766e-02 -1.57029018e-01  9.50973760e-03  5.73505946e-02
  5.11631519e-02  7.60380849e-02  6.67507946e-02 -2.45978050e-02
 -1.00604640e-02 -2.45397147e-02 -2.07442883e-02  1.20228291e-01
  1.13162864e-02 -2.77234660e-03  9.10384208e-02  8.41585081e-03
  6.96140528e-03 -5.63161932e-02 -1.12365447e-02 -3.21842171e-02
 -5.23317680e-02  9.37429722e-03 -4.51425128e-02  2.58243755e-02
  1.05838589e-02  2.40453286e-03 -3.35713737e-02  5.33235669e-02
  6.11923961e-03 -9.99962911e-03 -5.55645898e-02 -8.73734280e-02
  3.22658643e-02 -5.63666187e-02  5.91698363e-02 -2.08520964e-02
  1.16976574e-01  2.14688927e-02  2.90308967e-02  6.47775829e-02
  2.52028052e-02 -4.74872813e-03 -7.20663182e-03  5.74421883e-02
  1.31377771e-01 -1.23604499e-02  5.76954447e-02 -1.87394023e-02
  3.40029486e-02 -3.27700675e-02 -7.24817067e-03 -4.67288010e-02
  3.18708755e-02  3.03210951e-02  6.51190728e-02 -2.38085003e-03
  4.46555056e-02 -3.67074497e-02  4.94010746e-02 -9.42821801e-03
 -2.79417764e-02  4.01796922e-02  2.97043901e-02 -6.56580133e-03
 -4.75092344e-02  1.68450475e-02  2.04264056e-02  3.96178737e-02
 -5.20593487e-02 -4.19938602e-02 -2.97776442e-02  1.01291113e-01
  7.14759827e-02 -5.22744022e-02 -7.67512619e-02  4.09783907e-02
 -7.05018863e-02  1.30980447e-01 -3.85823660e-02 -5.03791640e-08
 -1.38728218e-02 -1.06582446e-02 -4.16997857e-02 -2.37171799e-02
 -1.08670574e-02  1.16845565e-02 -8.18069801e-02 -2.31866278e-02
  6.49596006e-03  7.11099505e-02  6.30367547e-03  2.08222363e-02
 -2.20728014e-02  1.08776344e-02  4.94899340e-02  6.08468137e-04
  4.03962508e-02  2.43408773e-02 -8.01793486e-02 -5.27988039e-02
  7.20362216e-02 -5.97015247e-02 -2.77837235e-02  1.47503782e-02
  6.15995675e-02 -1.22848805e-02  5.31811407e-03  2.42439434e-02
 -2.95824260e-02  5.77616785e-03 -5.59074525e-03 -2.90128984e-03
  5.98756969e-02  8.78056586e-02 -8.20173696e-02  1.26286089e-01
 -1.43652568e-02  5.92383221e-02  6.17509149e-02 -2.03280337e-02
  8.50697905e-02  1.86309163e-02 -5.79220764e-02  2.98565775e-02
  1.78905930e-02  4.06500362e-02 -4.88607660e-02 -1.64351966e-02
 -6.60845265e-02  8.71745199e-02 -9.02844146e-02  2.34505963e-02
 -5.77657223e-02  4.83487211e-02 -8.71979967e-02 -7.22885923e-03
 -5.21334857e-02 -2.84344498e-02  1.54131670e-02 -5.36833890e-04
  5.52807860e-02  7.38553554e-02  4.20563407e-02  3.96887921e-02]"
38,../models/Metadata Examples/RationaleMetadataExample.sysml,"package RationaleMetadataExample {
	private import ModelingMetadata::Rationale;
	
    /* Example: the following provides the rationale for selecting the engine4cyl based on a trade study analysis. 
    The rationale could be contained in the vehicle configuration with the selected engine */
    
    part engine;
    part engine4cyl :> engine;
    part engine6cyl :> engine;
    
    metadata engineSelectionRationale : Rationale about engine4cyl {
    	text = ""This rationale for selecting the engine4cyl refers to the engineTradeOffAnalysis."";
    	explanation = engineTradeOffAnalysis;
    }
    
    private import TradeStudies::*;
    analysis engineTradeOffAnalysis:TradeStudy{
        subject alternatives :> engine [2] = (engine4cyl, engine6cyl);

        /* ... */
        
        return selectedEngine :> engine;
     }
}","To create a SysML v2 model named `RationaleMetadataExample`, I need to define a package that encapsulates the rationale for selecting an engine based on a trade study analysis. Here’s a concise overview of the components I need:

1. **Package Definition**: Create the package `RationaleMetadataExample` to hold all related elements.
  
2. **Imports**: Include required imports such as `ModelingMetadata::Rationale` for rationale descriptions and `TradeStudies` for trade study analyses.

3. **Parts Definition**:
   - Define a generic part named `engine`.
   - Create two specific parts, `engine4cyl` and `engine6cyl`, that are typed as `engine`.

4. **Metadata for Rationale**:
   - Define `engineSelectionRationale` as a metadata element of type `Rationale`, specifically for `engine4cyl`.
   - Provide a rationale as text referencing the selection based on the `engineTradeOffAnalysis`.

5. **Analysis Definition**:
   - Create `engineTradeOffAnalysis` as a trade study that evaluates the alternatives formed by `engine4cyl` and `engine6cyl`.
   - Ensure it returns the selected engine in accordance with the analysis results.

This structure helps in documenting the decision-making process behind engine selection in a vehicle configuration, providing clarity and traceability of the rationale used.","[-2.28255596e-02  5.90559701e-03 -3.27886343e-02  9.98252537e-03
 -5.51464269e-04  3.89946736e-02  5.61731607e-02  6.09882176e-02
 -7.26476684e-02 -3.33237723e-02 -1.24084409e-02 -1.41661346e-01
  2.62851287e-02  3.51850949e-02  1.06868632e-02  2.98131984e-02
  1.51253697e-02 -4.56263348e-02 -5.52628599e-02  3.55204158e-02
  4.89607900e-02  1.65384002e-02  3.46483663e-02  2.53187791e-02
 -3.10686342e-02  5.10462234e-03 -2.80492213e-02  8.14815983e-02
  3.20288576e-02 -2.40906477e-02  2.89948732e-02  1.22465499e-01
 -2.24988069e-03  4.39116877e-04  9.99115184e-02  7.02950284e-02
 -2.52728444e-02 -3.39541622e-02 -1.03104450e-02 -2.99730990e-02
 -1.44675549e-04 -8.53049289e-03 -5.19601889e-02 -3.07920184e-02
 -6.37705391e-03 -9.38918293e-02  1.45435771e-02 -5.53561077e-02
 -2.05641426e-02 -1.99329667e-02 -1.42859340e-01 -1.39242727e-02
 -4.21209596e-02 -5.13111129e-02  3.26284803e-02  5.21616600e-02
 -7.09251268e-03 -4.43094485e-02 -1.10418096e-01 -5.08086532e-02
 -2.28003529e-03 -1.23070702e-02 -5.87504990e-02 -3.51347215e-02
 -4.64097746e-02  5.85324503e-02 -6.85339049e-02 -1.10980282e-02
  1.38065666e-02  3.12931463e-02 -9.04684290e-02 -4.61734422e-02
 -1.19965356e-02  1.14257000e-02 -1.71723384e-02  1.02413213e-02
  4.70125154e-02  8.17922410e-06  1.59225184e-02 -1.53124616e-01
 -2.05137841e-02 -7.78354425e-03 -3.79310064e-02 -4.30741645e-02
  6.60931319e-02  3.50425532e-03  1.06299706e-01 -4.46752757e-02
  8.06269795e-02  8.48647803e-02  9.00752284e-03 -6.67178631e-02
  7.87309706e-02 -1.56114409e-02  1.45495147e-01  6.12205938e-02
  2.72111204e-02  2.71984842e-02  8.51583332e-02  4.69919108e-02
  4.71958658e-03  3.56700979e-02 -4.16900450e-03  1.57086737e-03
 -1.11009069e-01  1.04286028e-02 -2.91988216e-02 -2.70692129e-02
 -2.98101604e-02 -7.59820938e-02 -2.88106762e-02  5.13249412e-02
 -3.84793058e-02 -7.45138526e-02  1.72458135e-03  6.34125024e-02
  2.42297240e-02 -3.21006179e-02  3.82393599e-02 -1.33773824e-02
  2.08583754e-03 -1.36175589e-03  1.19375564e-01 -1.23949321e-02
  8.16987231e-02  1.66039485e-02 -8.34921449e-02  1.54442766e-33
 -4.91001830e-02 -3.97013053e-02 -2.60476395e-02  9.30797532e-02
 -2.37899809e-03  3.29575501e-02 -1.32962512e-02  9.97478887e-03
 -5.54823242e-02  3.49081457e-02 -4.96148951e-02  8.28616396e-02
 -8.27988163e-02  8.90828576e-03  5.12178093e-02 -1.41545932e-03
 -6.69124648e-02  6.59175590e-02  1.46251414e-02 -3.31171677e-02
  2.86141355e-02 -4.72831763e-02 -4.28826101e-02  2.77859569e-02
  1.22419475e-02  7.27456063e-02  5.22146374e-02 -3.94120924e-02
 -5.64071275e-02  3.60397100e-02  2.09720209e-02 -2.75259372e-02
 -2.48632692e-02  2.03521959e-02 -2.35786475e-02  1.76017955e-02
 -4.88861054e-02 -1.10169454e-02  1.92210823e-02 -1.48242405e-02
  4.48091067e-02  3.07206698e-02 -1.23097468e-02 -1.34701822e-02
  2.18809322e-02  3.08457911e-02 -5.23276217e-02  4.26117778e-02
  7.26597309e-02 -1.24086412e-02  1.75684933e-02 -3.80220897e-02
  9.28088948e-02 -2.77349539e-02 -5.70420474e-02  2.66929958e-02
 -6.68816781e-03  3.58754583e-02  9.77803674e-03  1.56460367e-02
 -9.43960994e-02  7.61995390e-02 -4.65238327e-03 -1.86927598e-02
  3.77795957e-02  9.79290828e-02 -1.00981042e-01 -5.65188676e-02
  6.18611043e-03  1.55548495e-03 -5.26493676e-02 -1.19779026e-02
  2.05600299e-02  1.05522558e-01  9.82559845e-02 -6.09733462e-02
 -1.14704315e-02  1.63472649e-02 -5.28492555e-02 -4.83394749e-02
 -9.79826152e-02  9.61861536e-02  2.01632828e-02 -1.50158899e-02
 -1.58388577e-02 -4.92117181e-02 -1.77180208e-02 -5.49094677e-02
  9.19585954e-03 -5.65027185e-02 -5.07031865e-02 -4.18515466e-02
 -8.08759704e-02 -3.49291004e-02 -5.18383831e-03 -4.08151916e-33
  2.57018507e-02  2.56735068e-02  1.59010068e-02  3.86303081e-03
 -2.06798315e-03 -3.18151787e-02 -1.50189372e-02 -5.09241745e-02
  8.00398216e-02  1.52314538e-02  5.14157452e-02 -4.58942354e-02
  5.06931692e-02 -5.45273125e-02 -3.42236236e-02  2.53309812e-02
 -5.64333238e-02 -1.46878704e-01 -6.87904702e-03  1.05596602e-01
 -8.68894160e-03  5.37855327e-02 -2.52950434e-02  2.65683457e-02
  8.47055018e-02  5.30773401e-02  1.01410979e-02  8.36394820e-03
  8.79915357e-02 -2.62264460e-02 -2.63831094e-02  1.68440323e-02
  4.96103661e-03 -8.99901092e-02 -5.72485030e-02 -1.89513396e-02
  1.03184534e-03 -5.69602139e-02 -5.43798208e-02  7.67523050e-02
  2.55925301e-02  2.31238883e-02 -4.36181985e-02  3.24885510e-02
 -1.35983629e-02 -3.06048207e-02 -3.72669683e-03 -6.51762411e-02
  1.83296949e-02 -7.15417489e-02  1.45400716e-02  1.05388900e-02
  9.93932039e-03  1.12701044e-03 -3.59394215e-02  6.34406507e-02
  7.56929889e-02 -1.44785475e-02 -3.79422074e-03  7.93834031e-03
  8.53411555e-02  2.63431519e-02  4.16210517e-02 -3.41566503e-02
  1.14644375e-02 -8.53061825e-02 -3.87223586e-02 -5.16862012e-02
 -3.26410821e-03 -3.21786925e-02 -6.03803918e-02 -1.63237806e-02
  1.31986346e-02  6.34416938e-03  4.65960056e-02  1.56379137e-02
 -6.29744306e-02  6.08892217e-02  1.35198489e-01  3.68290730e-02
 -4.01734710e-02  4.52630222e-02  9.05450583e-02  3.31668779e-02
 -1.10695679e-02 -5.83903156e-02 -1.67790148e-02  8.64233002e-02
  1.05786519e-02 -5.40380552e-02 -4.57152491e-03 -1.82549283e-03
  1.25434408e-02  1.25222012e-01 -3.74053195e-02 -5.36084031e-08
  2.47609187e-02 -5.99529929e-02 -3.08563411e-02  3.99915464e-02
  1.38224587e-02 -1.61617645e-03 -9.25559476e-02 -1.16459681e-02
 -3.79795991e-02  1.45372320e-02 -2.01422311e-02  6.88360780e-02
 -9.46444869e-02  5.67648783e-02 -1.00921541e-01 -4.86651016e-03
 -2.28715800e-02  8.46522525e-02 -6.62737563e-02 -8.72258693e-02
  4.72154059e-02  4.48966771e-02 -1.60319619e-02  8.74869339e-03
  1.08987898e-01 -5.57631701e-02 -4.22153249e-02  2.46253307e-03
  7.67406374e-02  1.69999301e-02  1.54174576e-02  3.24901417e-02
  3.46585959e-02 -1.99881494e-02 -5.65180974e-03  6.25842204e-03
 -2.26595271e-02  4.44913656e-02  5.04991636e-02  4.66916263e-02
 -4.41741124e-02 -4.65562521e-03 -7.59913400e-02  6.87356247e-03
  2.51632482e-02  1.42523851e-02 -1.51445657e-01 -5.05507737e-02
  8.09257571e-03  6.60705045e-02 -3.02862599e-02 -6.87164348e-03
  5.89503767e-03  7.01268017e-02 -5.15352413e-02  9.01953503e-02
 -1.77902151e-02 -2.55260039e-02 -1.51438294e-02 -1.51719451e-01
 -3.51143070e-02  1.83618348e-02  2.71390174e-02  8.44184868e-03]"
39,../models/Metadata Examples/RequirementMetadataExample.sysml,"package RequirementMetadataExample {
	private import Metaobjects::SemanticMetadata;
	private import ModelingMetadata::*;
	private import RiskMetadata::*;
	private import RiskLevelEnum::*;
	
	requirement def Goal;
	requirement goals : Goal[*] nonunique;
	metadata def goal :> SemanticMetadata {
	    :>> baseType = goals meta SysML::RequirementUsage;
	}

    requirement <'1'> vehicleMassRequirement {
        doc /* The total mass of a vehicle shall be less than or equal to the required mass. */
 
        @StatusInfo {
            status = StatusKind::tbd;
            risk {
		    	totalRisk = high;
		    	technicalRisk = medium;
		    	scheduleRisk = low;
		    	costRisk = medium;
		    }            
		    originator = ""Bob"";
            owner = ""Mary"";
        }
    }
    
    #goal requirement deliverPayload {
    	assume #goal constraint payloadMassLimit;
    	require #goal vehicleMassRequirement;
    }
    
}","Here is a concise description for generating the requested SysML v2 model:

**Model Description:**

Create a SysML v2 package named `RequirementMetadataExample`. The package imports several metadata types, including `SemanticMetadata`, `ModelingMetadata`, and `RiskMetadata`. 

Define a requirement type `Goal` and a non-unique collection of `goals` of this type. Specify metadata for the `goal` to indicate its base type as `SysML::RequirementUsage`.

Introduce a specific requirement instance named `vehicleMassRequirement` with the doc string specifying that the total mass of a vehicle shall not exceed a defined mass. Include a `@StatusInfo` annotation detailing the requirement's status and associated risks (high total risk, medium technical and cost risk, low schedule risk), with originator ""Bob"" and owner ""Mary"".

Under the `#goal` requirement, include a requirement `deliverPayload` that has constraints: it assumes a payload mass limit and requires the `vehicleMassRequirement`.","[ 3.65607347e-03 -9.98545717e-03 -2.40138099e-02  6.59867981e-03
 -5.93498424e-02 -8.82282853e-03  1.70537103e-02  6.65396973e-02
 -8.36446583e-02  5.10012731e-02  1.77189279e-02 -1.44900456e-01
  8.50716084e-02  5.65231591e-02  2.26911325e-02  4.68769995e-03
  3.10016312e-02 -3.67529765e-02 -8.23531225e-02  6.25347570e-02
  1.70669779e-01  1.87707003e-02  2.40676617e-03  1.60971172e-02
 -8.49308521e-02 -7.54009634e-02 -2.76544821e-02  7.06480518e-02
  7.91594014e-03 -3.73149589e-02  2.79751811e-02  3.32500748e-02
  3.88460979e-02 -1.54429274e-02  1.46939859e-01  7.16906087e-03
 -3.67970616e-02 -5.29914051e-02 -5.38273714e-02 -6.79117292e-02
 -1.39957685e-02 -4.73762415e-02 -3.87348533e-02 -3.60428616e-02
  1.47726089e-02 -6.30018264e-02 -1.34630250e-02 -5.85240137e-04
  1.23049263e-02  4.15091217e-02 -6.07457682e-02 -2.45494023e-02
  1.95359644e-02 -2.44753510e-02 -1.28260488e-02 -7.31485151e-03
 -3.44705139e-03 -4.43363637e-02 -1.13695838e-01 -1.04089029e-01
 -3.86283286e-02 -2.71749571e-02 -5.38177490e-02 -7.72933885e-02
 -2.69700382e-02  3.09204422e-02 -7.85510764e-02 -1.44709852e-02
  3.48942280e-02  9.59831700e-02 -2.35952586e-02 -4.64842245e-02
 -2.67695002e-02  5.24772853e-02  3.09462659e-02 -1.28937680e-02
  8.29810575e-02  3.24159600e-02  2.28492375e-02 -8.23557824e-02
 -3.25137302e-02  1.85384080e-02 -7.30829360e-03  4.85240668e-03
  4.21986356e-02 -2.32312698e-02  5.90831451e-02  3.43987904e-02
  5.97413145e-02  7.02352896e-02  1.04483971e-02 -3.64660397e-02
  4.48874608e-02  3.41604501e-02  5.52800484e-02  1.12550994e-02
 -3.78669500e-02 -1.88995618e-02 -4.00348427e-03  5.14566638e-02
 -1.15063041e-02 -2.25679763e-03  7.58911744e-02 -6.43612817e-03
 -3.98249142e-02  1.26560396e-02 -5.07688187e-02 -2.21238770e-02
 -5.56775965e-02 -2.87298765e-02  6.45440742e-02  1.02386683e-01
  1.58400815e-02 -8.14242288e-02 -2.68026926e-02  6.88013360e-02
  1.75984092e-02 -1.88381970e-02  2.98206192e-02 -8.97170678e-02
 -3.53372768e-02 -3.10909469e-02  8.30116346e-02  3.98575049e-03
  4.41941880e-02 -1.64308026e-02 -3.47093530e-02  4.01264364e-33
 -6.64759651e-02 -2.05220077e-02  4.90752161e-02  7.96782151e-02
  1.05539020e-02  3.02967727e-02 -1.07988035e-02  2.98537929e-02
 -1.35890339e-02 -2.05569770e-02 -6.57555908e-02 -4.77609411e-02
 -4.23493646e-02 -4.72227111e-02  2.25682463e-02 -8.90418738e-02
 -4.42463905e-03  6.33753538e-02  2.06515957e-02 -4.07558028e-03
  2.18829922e-02 -3.80816869e-02 -3.81260291e-02 -9.43595823e-03
  6.38880283e-02  1.07122451e-01  4.86773103e-02 -1.94651622e-03
 -6.46357909e-02  3.71513106e-02  5.69903627e-02  2.53405422e-02
  1.41216228e-02 -3.45607148e-03 -2.13013217e-02 -6.37824787e-03
 -7.34598637e-02 -2.91738585e-02  3.88655663e-02 -6.54024491e-03
  4.69364934e-02 -2.59332778e-03 -2.01507006e-02  7.81400129e-02
 -1.03489473e-01 -4.80172411e-02  6.33147582e-02  1.79385510e-03
  4.34060097e-02  1.14643089e-02  2.77179908e-02 -4.62096483e-02
  1.01447096e-02 -2.18010824e-02 -7.40416870e-02 -1.59489773e-02
  4.27232198e-02 -1.48183256e-02  4.55889851e-03  1.48308510e-02
 -5.94481267e-02 -2.49115098e-02  4.09642085e-02  6.40685186e-02
  8.34048912e-02  7.40678683e-02 -2.95930523e-02 -7.32576773e-02
  3.70516032e-02 -5.47313783e-03 -2.65735649e-02 -7.49770086e-03
 -1.66733041e-02  4.11958285e-02  4.27377596e-02 -5.98820113e-02
  9.61649418e-02 -2.46180501e-03 -4.45171818e-02  4.17241640e-02
 -1.08218372e-01  1.06771544e-01 -2.99881659e-02 -1.48159321e-02
  3.22828628e-02 -1.65574923e-02 -2.41919626e-02 -2.32667085e-02
 -3.15817371e-02 -8.34154412e-02  4.89838980e-03 -4.97925878e-02
 -9.07173976e-02  3.96174155e-02  1.39510520e-02 -2.86798012e-33
  1.94505565e-02  2.23400500e-02  2.46857293e-02 -1.05548752e-02
  6.30062148e-02 -7.55510330e-02  2.39438936e-02 -5.25657088e-02
 -1.44349327e-02  4.87612598e-02 -2.80249342e-02 -4.06777076e-02
  2.77975965e-02 -9.40999668e-03 -1.53722875e-02 -1.40430043e-02
 -8.36225692e-03 -1.28848866e-01 -8.04575067e-03  5.32392338e-02
 -1.89547171e-03  9.15009230e-02 -4.59458381e-02  4.93165962e-02
  4.42264378e-02  1.72463655e-02 -1.94700304e-02  4.27122414e-02
  4.62851226e-02 -2.37032287e-02  3.53628807e-02 -3.82927805e-02
 -1.00507895e-02 -3.39399613e-02 -2.30374243e-02 -1.07740507e-01
 -2.86190920e-02  5.17684547e-03 -3.86233255e-02  1.17612004e-01
  5.22458088e-03  2.55697742e-02 -6.21815473e-02  9.98214167e-03
  7.27891224e-03  7.46486825e-04  9.97675285e-02 -7.96448663e-02
  3.07853241e-02 -3.48135307e-02 -3.49012669e-03 -2.96862666e-02
 -4.36539985e-02  6.42547980e-02  5.80371032e-03 -1.47674009e-02
  3.10379488e-04 -5.97204380e-02 -5.47233783e-03  5.14981570e-03
  5.64579219e-02  4.11643982e-02  4.64833863e-02 -2.74125263e-02
  2.11192053e-02 -4.63198014e-02 -2.08841208e-02 -1.05893038e-01
 -2.83357482e-02  4.00045961e-02 -1.05262855e-02  1.52208647e-02
  2.88750492e-02  4.68719602e-02  2.74924766e-02 -2.99826507e-02
 -4.54306789e-02  6.36273250e-02  8.78978297e-02 -7.03333393e-02
 -7.40073472e-02  6.66424865e-03  9.44484323e-02  1.37998208e-01
 -1.45691084e-02 -1.62923858e-02  2.00593695e-02  9.75666642e-02
  1.05668642e-02  1.32439926e-01 -3.95283587e-02  9.54981614e-03
  3.29476595e-02  1.34155631e-01 -8.05489346e-02 -5.35589564e-08
 -5.12471013e-02  4.39854711e-02 -5.44248857e-02 -3.05562411e-02
  4.43810821e-02  1.92538481e-02 -5.38892485e-02 -7.77089298e-02
 -2.08972935e-02  3.64614241e-02 -1.19336089e-02  5.99677265e-02
 -3.11765820e-02  1.23909507e-02 -7.93065503e-02  5.43668158e-02
  3.77787612e-02  7.51814246e-02 -4.38502915e-02 -4.54606414e-02
  4.12248634e-02  2.42057219e-02 -3.03759072e-02  2.38208827e-02
  9.98654068e-02 -1.44961439e-02 -2.23421566e-02  6.30255640e-02
  6.02047853e-02  1.49457762e-02 -4.01033234e-04 -1.88279094e-03
  4.46112305e-02  2.74840407e-02 -2.72528119e-02  2.27100234e-02
 -7.59948865e-02  3.20522338e-02  4.33665514e-02 -1.19740134e-02
  9.20745358e-02  6.35900944e-02  1.69151016e-02  3.42089497e-02
  3.90338004e-02  8.47024918e-02 -1.72307521e-01 -6.82065412e-02
 -3.79266702e-02  2.12834608e-02 -7.60574639e-03 -3.81406620e-02
 -5.47992140e-02  1.33280411e-01 -7.58815035e-02  2.88833678e-02
 -7.21272174e-03  8.28414876e-03  5.96545003e-02 -4.46415842e-02
  5.03484271e-02  5.32180294e-02  7.41346739e-03 -1.25794401e-02]"
40,../models/Metadata Examples/RiskMetadataExample.sysml,"package RiskMetadataExample {
	private import RiskMetadata::*;
	private import RiskLevelEnum::*;
	
    part engine4cyl{
        @Risk {
            totalRisk = high;
            technicalRisk = medium;
            scheduleRisk = medium;
        }
        @Risk {
        	totalRisk { 
        		probability = 0.3;
        		impact = 0.7;
        	}        	
        }
    }
        
}","This SysML v2 model, named `RiskMetadataExample`, defines a package for capturing risk metadata associated with an engine component. It imports relevant risk metadata and risk level enumerations.

Within the package, there is a part named `engine4cyl`, which includes two risk annotations. The first annotation provides a qualitative assessment of risks, specifying `totalRisk` as high and both `technicalRisk` and `scheduleRisk` as medium. The second annotation breaks down the `totalRisk` into quantitative properties, assigning a probability of 0.3 and an impact of 0.7. This model is designed to clearly represent and categorize the risks associated with the engine component.","[-1.16801253e-02  2.63784695e-02 -4.73737903e-02  1.46159399e-02
  7.60267451e-02  1.88425817e-02  3.96034531e-02  7.42227361e-02
 -1.86384413e-02 -5.28272279e-02 -1.92533620e-02 -9.63125601e-02
  6.70324117e-02 -1.27125373e-02 -7.39641488e-02  8.75848904e-03
 -1.77433211e-02 -2.60320809e-02 -9.75142419e-02  2.54733581e-02
  6.83644190e-02  3.16941701e-02 -1.43257715e-02  1.90495793e-02
 -5.47110774e-02 -2.45658178e-02 -1.32705523e-02  1.23013422e-01
 -1.51804630e-02 -6.22747652e-02 -1.32629182e-02  8.63376707e-02
  1.64267216e-02 -3.66573259e-02  4.70591784e-02 -4.42007976e-03
 -2.49259491e-02 -4.78384756e-02 -2.32546404e-02 -3.57262865e-02
 -1.03202612e-04 -6.42160997e-02 -4.99329753e-02  3.52654010e-02
 -6.73531648e-03 -5.16971648e-02 -8.46107118e-03 -1.23547480e-01
 -1.57683305e-02 -1.66104790e-02 -8.87149274e-02 -7.72267506e-02
  1.05259102e-02 -3.29637267e-02  1.61635745e-02 -1.75949819e-02
 -5.50681315e-02 -1.00240447e-01 -1.38739571e-01  1.62175950e-02
  3.83480601e-02 -2.60485541e-02 -5.48218563e-02  4.32614535e-02
  1.69678014e-02  2.37657074e-02 -4.47432920e-02  1.77504700e-02
  1.26804952e-02 -7.81139173e-03 -6.33515641e-02 -5.03898896e-02
 -4.49912436e-02  7.38367729e-04 -1.64324827e-02  4.08930182e-02
  1.49205998e-02 -2.94087995e-02  3.84395272e-02 -1.42076373e-01
 -2.54204050e-02 -3.96656431e-03  3.00473385e-02  4.23848815e-03
  5.74418381e-02  2.51306649e-02  8.30641836e-02 -6.05518185e-02
  8.02839622e-02  1.15088172e-01  1.56301644e-03 -6.79173097e-02
  1.19254597e-01  9.22803283e-02  4.93511781e-02  9.85663906e-02
 -1.82191357e-02 -6.27356470e-02  2.52241958e-02  2.79052593e-02
 -6.90311659e-03  9.48935095e-03 -2.92798765e-02  1.06361434e-02
 -2.77104676e-02 -9.57572646e-03 -1.60696916e-02 -1.81823485e-02
 -3.02241892e-02 -1.02695160e-01  4.10825647e-02  1.00366563e-01
  5.51644852e-03 -1.18086077e-01 -2.29827389e-02  2.79026162e-02
 -5.61659634e-02 -1.88145190e-02  3.05484999e-02 -4.23588194e-02
 -2.78875642e-02 -3.12843770e-02  1.36046603e-01  4.55255387e-03
  2.61670575e-02  1.23970564e-02 -4.96491343e-02  2.94130213e-33
  2.84385365e-02 -5.23754545e-02 -3.22986804e-02  1.90498549e-02
  2.25047655e-02  8.49619601e-03 -4.08528112e-02 -1.21615257e-03
  1.09459106e-02 -2.51521375e-02 -1.43840648e-02  2.49002762e-02
 -3.09934709e-02 -4.35048230e-02  5.14497720e-02  6.67142868e-03
 -2.96187513e-02  1.27317086e-01 -1.45390350e-02 -2.97375955e-02
  2.60584559e-02 -5.16090021e-02 -7.74342520e-03 -5.37381880e-03
  6.31659627e-02  9.79075581e-02  1.23721873e-02 -4.41896059e-02
 -2.89560128e-02  6.92626089e-02  4.78273118e-03  6.91729337e-02
 -7.27686938e-03 -2.64326092e-02  2.94308532e-02  7.44232610e-02
 -9.66063067e-02 -1.81958149e-03  4.20469679e-02  3.80286686e-02
  9.01814364e-03 -2.08132546e-02 -2.40309257e-02 -1.85832139e-02
 -4.11739685e-02 -3.05549949e-02 -1.94531865e-02  2.73743942e-02
  3.05012520e-02 -2.11070180e-02 -1.37457456e-02 -4.05235402e-02
  1.10839568e-01  3.99068557e-02 -6.79053888e-02  6.14180826e-02
  7.70997927e-02 -2.07293592e-02 -3.00673358e-02  4.34949212e-02
 -1.11796781e-01  7.52485693e-02 -1.48484414e-03 -8.71764123e-03
  3.69907990e-02  8.99763182e-02  1.75300539e-02 -4.23895903e-02
 -1.83866657e-02  8.15836638e-02 -4.91743609e-02  2.20972877e-02
 -1.16992053e-02  4.64319438e-02  2.17457227e-02 -3.34757566e-02
 -1.91000476e-02 -3.32381353e-02 -3.03017255e-02  1.51132252e-02
 -9.44072306e-02  3.07414662e-02  8.33493099e-03 -2.59837583e-02
 -3.32683744e-03  8.20894912e-03 -1.39111402e-02 -3.92085165e-02
 -6.40960485e-02  1.29952775e-02  1.59245227e-02 -5.53579479e-02
  5.25606656e-03  5.90465665e-02 -4.05904353e-02 -3.67971462e-33
 -9.16555077e-02  4.43308204e-02 -3.93182188e-02  6.54396936e-02
 -2.68414784e-02 -8.95751268e-02  1.38143422e-02  2.27508936e-02
  3.02624218e-02  9.88584086e-02 -1.00687798e-03  5.33111319e-02
  1.57493390e-02 -2.15022508e-02  3.15608867e-02 -2.32924847e-03
 -5.90490960e-02 -1.11316703e-01 -4.32227664e-02 -1.86491534e-02
  3.04543283e-02  2.81614624e-02 -8.23409632e-02  6.23296872e-02
 -1.02013238e-02  4.32014316e-02 -2.59743612e-02 -2.85800658e-02
  3.92127112e-02 -4.60160226e-02  5.80594549e-03  4.57128137e-02
  3.96600217e-02  4.11258824e-03  1.32158380e-02 -4.85472567e-02
  3.39575484e-02 -1.44070759e-01 -5.41782426e-03  4.45426702e-02
  1.60472114e-02  7.42452219e-02 -9.51139107e-02 -2.21295319e-02
  1.76772811e-02  4.79935156e-03  3.86893302e-02 -6.73522279e-02
  6.69800267e-02 -5.00915982e-02  3.88502777e-02  7.44536519e-03
  3.79271321e-02  8.42742994e-02 -5.78820109e-02  1.68138838e-04
  7.75445893e-04 -4.43121493e-02 -1.11761764e-02  1.14839330e-01
  3.31416093e-02  1.60990003e-02  1.33237718e-02  3.31193907e-03
 -3.75760011e-02 -2.36926712e-02 -8.39468539e-02 -4.63828482e-02
 -1.70972273e-02 -2.11483147e-02  7.69570917e-02  3.35447192e-02
 -3.20516415e-02 -3.55259292e-02 -5.78060821e-02 -9.22927931e-02
  2.09648497e-02  4.00140621e-02  3.19687352e-02 -6.07777480e-03
 -4.47310833e-03  2.53429133e-02  8.17826763e-02  1.82705075e-02
  7.38579128e-03 -1.08751142e-02  1.48897134e-02  7.28523061e-02
  1.26684634e-02  1.80911776e-02 -6.57902583e-02  7.55085647e-02
 -4.94796559e-02  1.10248908e-01 -7.19535276e-02 -4.60564458e-08
  2.19718199e-02  1.85706411e-02  7.03729093e-02  8.70316010e-03
  7.75138512e-02  7.56097073e-03 -4.07323055e-02  6.02743104e-02
 -1.72507670e-02  2.17554774e-02  1.06220886e-01  4.80451398e-02
 -3.83001752e-02 -2.30092779e-02 -3.33844274e-02  5.88034429e-02
 -1.46205705e-02  7.72053599e-02 -6.17103316e-02 -8.92670732e-03
  9.67929140e-02  1.28520401e-02 -3.19473110e-02 -5.82850985e-02
  5.77716976e-02 -6.89977929e-02  6.49622381e-02  1.08573712e-01
  5.65356351e-02  5.48604038e-03 -4.18939143e-02  1.02748617e-03
  6.53042346e-02  6.62649944e-02 -2.32378896e-02  1.29366696e-01
 -2.91578211e-02 -3.64665780e-03 -2.93300417e-03  5.70104830e-02
  1.42402425e-02 -1.30006075e-02  1.83387920e-02  4.45135757e-02
  9.29522421e-03  1.56400669e-02 -1.54775411e-01 -6.39263764e-02
  2.02023946e-02 -2.74295956e-02 -6.36774525e-02  4.07524873e-04
 -2.76033636e-02  1.60527557e-01 -5.45828417e-02  1.21923164e-02
 -1.31437937e-02  1.91132557e-02  1.48481419e-02 -5.95613457e-02
  9.52151977e-03 -2.48604175e-02  3.15111056e-02 -1.06675806e-03]"
41,../models/Metadata Examples/VerificationMetadataExample.sysml,"package VerificationMetadataExample {
	private import VerificationCases::*;
	private import VerificationMethodKind::*;
	
    verification def MassTest;
    verification massTests:MassTest {
        @VerificationMethod{ kind = (test,demo); }
        objective {
        }
        action weighVehicle {
        	@VerificationMethod{ kind = analyze; }
        }
    }
	
}","The model is structured under the package `VerificationMetadataExample`, which imports the necessary elements from `VerificationCases` and `VerificationMethodKind`. It defines a verification instance, `MassTest`, encapsulating a series of attributes.

Within `massTests`, which is an instance of `MassTest`, a verification method is specified using the `@VerificationMethod` annotation, indicating it can be executed as either a test or a demo. The objective of the mass tests is noted but left unspecified. 

The model includes a specific action, `weighVehicle`, which is also annotated with a `@VerificationMethod`, categorizing it under the analyze method.

This concise representation facilitates the organization of verification activities related to mass testing, combining different verification methods and associated actions.","[-5.52540980e-02  1.09333480e-02 -3.82498764e-02  3.45035829e-02
  4.02394757e-02 -7.30646327e-02  3.40394266e-02  6.80277590e-04
 -2.81331185e-02  3.00122034e-02  6.13321997e-02 -9.53905284e-02
  9.01286229e-02  2.52002180e-02 -5.72569855e-02 -5.59449270e-02
  3.21275219e-02 -1.82312028e-03 -2.73156315e-02  3.46666612e-02
  3.10886819e-02 -6.08857535e-02 -3.14837205e-03  2.36473288e-02
 -7.97153115e-02 -3.71019058e-02 -1.86921228e-02  2.67548673e-02
 -1.45272501e-02 -7.53988177e-02  1.06592454e-01  6.26222938e-02
  3.96433212e-02  3.82606164e-02  4.48560901e-02  5.56341931e-02
 -9.29599907e-03 -6.60372227e-02 -2.13575270e-02 -1.87176485e-02
 -4.53979038e-02 -9.98656079e-02  4.99285907e-02  2.41359789e-03
  5.02037816e-02 -2.82921251e-02  6.29913853e-03  1.66865648e-03
 -1.10037878e-01  9.63298231e-03  6.25221711e-03 -5.23361377e-02
 -3.00217625e-02 -7.38064433e-03 -6.12322204e-02 -2.28386074e-02
  1.08375400e-01 -5.71806729e-02 -2.70618647e-02  4.51405533e-02
  1.09133134e-02 -2.58449670e-02 -9.04515237e-02  4.73450348e-02
  8.68450105e-02  3.47278602e-02 -4.95150872e-02 -7.43415356e-02
  7.04447702e-02 -3.67676467e-02  7.75358966e-03 -3.19368355e-02
 -9.99667682e-04  4.62076142e-02  3.96256410e-02  3.55306268e-02
 -5.63560836e-02  1.58915129e-02  7.46206716e-02 -5.98855428e-02
 -8.07427242e-02  2.79434733e-02 -4.62934896e-02 -3.38875577e-02
  5.12664802e-02  3.59646827e-02  3.27394344e-02  4.96767163e-02
  1.41033949e-03  3.28992903e-02  5.53439073e-02  1.64683326e-03
 -4.85398062e-02  2.99262907e-02  2.31597712e-03  3.88556570e-02
  1.25987884e-02  9.39875608e-04  2.47364268e-02  4.39007655e-02
  3.03909853e-02  4.87710647e-02  4.83091027e-02 -2.76497807e-02
  1.28165213e-02  1.62041970e-02 -4.64334711e-03 -6.01415709e-02
  3.96655723e-02 -6.05319589e-02 -2.35810000e-02  3.99736734e-03
  6.06145523e-02 -2.83299964e-02  9.35249496e-03 -1.04119107e-02
  2.74406075e-02  4.12092581e-02 -2.27523800e-02 -1.02158524e-02
 -1.02813272e-02 -1.09793320e-02  7.85652548e-02 -8.10492784e-02
  5.46008013e-02  7.93841258e-02 -9.55168307e-02  8.58450025e-34
  2.29321723e-03 -3.68218608e-02  1.74015071e-02  7.65676796e-02
 -6.67017400e-02 -4.97396179e-02  5.54816425e-03  5.96962646e-02
  1.27993801e-04 -4.33405787e-02 -1.53518375e-02  4.24496792e-02
 -2.11500954e-02  6.78363442e-02  3.12564299e-02  3.66789773e-02
 -2.19369456e-02  5.93231171e-02 -4.86818794e-03  3.99378277e-02
  6.48692921e-02 -8.72142911e-02  3.22431736e-02 -1.59674268e-02
  2.87239030e-02  8.06255192e-02  4.36962135e-02  2.43743043e-02
 -8.26952383e-02  3.73349860e-02 -3.93940583e-02 -1.58209763e-02
 -5.33268638e-02  7.14104101e-02  2.76624262e-02  4.56188247e-02
  2.90770903e-02 -4.52214740e-02 -2.99997777e-02 -7.41552636e-02
 -6.20285701e-03 -2.46391799e-02 -7.38991098e-03  1.90252867e-02
 -1.83590353e-02 -3.94609384e-02 -2.28310172e-02  1.88589692e-02
  6.83134496e-02  4.26950082e-02  8.34450647e-02 -1.43914297e-02
  4.15544845e-02 -3.82362530e-02 -8.90703127e-02  6.38733730e-02
  8.83750990e-03  9.72213317e-03  4.17349152e-02  6.58096746e-02
 -1.14749614e-02  3.30097377e-02 -4.59625125e-02  4.47472110e-02
  1.22667802e-02  4.25532945e-02 -7.34400526e-02 -4.83001731e-02
  7.61900023e-02  3.72497439e-02 -1.89788993e-02  2.97801243e-03
 -3.87057550e-02  4.73784544e-02  4.70378855e-03 -8.11720937e-02
  2.82454807e-02  9.91645362e-03 -4.61794175e-02 -2.26205662e-02
  6.65655034e-03  5.74249290e-02 -3.84079032e-02 -4.13142927e-02
 -5.53185195e-02 -1.90956406e-02 -1.43533573e-02 -7.81558752e-02
 -2.45941803e-02 -1.11263491e-01 -3.34195048e-02  2.43247896e-02
 -6.48604706e-02  2.33506169e-02  7.33057857e-02 -1.79839781e-33
  3.93880531e-03  3.23464628e-03 -6.07928038e-02  8.50499868e-02
  3.52235027e-02 -8.67296234e-02  8.74903053e-04 -1.21113462e-02
 -5.04760817e-02  6.40649302e-03 -1.06503442e-03 -1.02524959e-01
 -2.29675937e-02 -3.56188938e-02  1.79680325e-02 -6.59598932e-02
 -1.15916237e-01 -6.10362291e-02  1.53970495e-02  7.86711350e-02
  5.14078215e-02  1.22226208e-01 -3.28189321e-02  2.04763152e-02
 -3.40995751e-02 -1.67285688e-02 -1.09701287e-02 -3.44217084e-02
  9.92473662e-02  2.31347084e-02  9.83492285e-02  7.80684575e-02
 -2.57487483e-02  4.30096649e-02  1.32428273e-03 -1.62491053e-02
  1.24512061e-01  4.85617258e-02  8.84285197e-02  9.13127586e-02
  3.52832340e-02  5.83471693e-02 -6.54210597e-02  3.69162252e-03
  1.55938296e-02  3.24225537e-02  1.50516247e-02 -3.62907238e-02
 -2.39946041e-03 -8.39687958e-02 -9.66739468e-03 -3.60077582e-02
 -1.02161733e-03  8.29464104e-03 -7.02467095e-03  1.28222015e-02
  7.25691300e-03 -3.18369940e-02 -5.78574911e-02  1.70559250e-02
 -2.56396346e-02  3.13429199e-02  3.15399356e-02  5.93406297e-02
 -4.33664732e-02  3.66926529e-02  6.73995959e-03 -6.92162663e-02
 -1.39097916e-02  5.68866767e-02  3.21881287e-02 -4.74301428e-02
 -8.50213412e-03  2.63194810e-03  6.65763319e-02 -1.00730725e-01
 -1.53855456e-03 -9.52641107e-03  1.80090722e-02 -5.00940345e-02
 -1.99398752e-02 -5.30743189e-02  5.16073518e-02  5.77602796e-02
 -2.65309662e-02 -5.23496307e-02 -1.94838904e-02  5.70728555e-02
 -6.01487085e-02  4.23697084e-02 -4.33145799e-02  5.41447662e-02
 -1.36520099e-02 -4.87087807e-03 -8.73740837e-02 -4.76692819e-08
 -5.09468801e-02 -4.10189033e-02  4.34114523e-02  4.99066822e-02
 -8.09241459e-03  1.80177763e-02 -7.51052722e-02 -5.05359508e-02
  3.65327410e-02 -4.26527224e-02  4.91621643e-02 -5.12936106e-03
 -1.02511376e-01 -4.60714623e-02 -2.35667974e-02 -1.32494457e-02
  2.52086539e-02  4.53514494e-02 -9.91588831e-02  2.94377953e-02
  3.40299588e-03  2.80149672e-02 -4.51585688e-02  2.95197442e-02
  6.48692995e-02  1.28732724e-02  2.41116192e-02  1.31769642e-01
 -3.62815261e-02  5.81900403e-02  3.54569815e-02  3.92809436e-02
 -6.00535050e-02 -1.67854112e-02  8.11823551e-03  1.30221486e-01
  2.49550790e-02  2.56352797e-02  5.76224774e-02  1.10740475e-02
 -6.26219139e-02  3.55855674e-02 -8.53483528e-02 -1.35383417e-03
  4.80515547e-02  1.37752909e-02 -1.91723555e-01 -7.96536729e-02
 -6.77459389e-02 -2.96825040e-02 -1.94822121e-02 -3.90475988e-02
 -1.08637437e-01  1.05419204e-01 -1.28373712e-01  1.03675701e-01
  5.55452555e-02 -5.03079258e-02  2.77069286e-02 -1.16851320e-02
  1.16914615e-01  4.18099090e-02  1.00353315e-01 -6.44205287e-02]"
42,../models/Packet Example/Packets.sysml,"package Packets {
	private import ScalarValues::*;
	private import Time::DateTime;
	
	attribute 'packet header' { }
	
	attribute 'packet data field' {	
		attribute 'packet secondary header' redefines 'packet header';
		attribute 'user data field';
	}
	
	part def 'Data Packet' {
		attribute 'packet primary header' redefines 'packet header' {
			attribute 'packet version number': Integer;
			attribute 'packet identification': String;
			attribute 'packet data length': Integer;
		}
		attribute redefines 'packet data field';
	}
	
	part def 'Thermal Data Packet' :> 'Data Packet' {
		attribute 'packet data field' redefines Packets::'packet data field'{
			attribute 'packet secondary header' redefines 'packet header' {
				attribute 'packet timestamp': DateTime;
				attribute 'telemetry packet type': String;
			}
			
			attribute 'user data field' redefines Packets::'packet data field'::'user data field' {
				attribute timestamp: DateTime;
				attribute temperature: Real;
			}
		}
	}
	
}","I want to create a SysML v2 model to represent communication packets for data transmission, specifically defining a structure for ""Data Packets"" and a specialized version for ""Thermal Data Packets"". 

In this model:

1. **Package**: I'll create a package named `Packets`.
2. **Import Statements**: I'll include imports for scalar values and date-time data types.
3. **Attributes**:
   - I'll define a primary attribute called `packet header`.
   - I'll create a `packet data field` which will contain a secondary header (redefined from `packet header`) and a user data field.

4. **Parts**:
   - I'll create a part definition for `Data Packet`, which will include a primary header with attributes such as `packet version number`, `packet identification`, and `packet data length`.
   - This part will also redefine the `packet data field`.

5. **Subclassing**: 
   - A specialized part defined as `Thermal Data Packet` will extend `Data Packet`. 
   - In `Thermal Data Packet`, the `packet data field` will be further redefined to include:
     - A secondary header with `packet timestamp` and `telemetry packet type`.
     - A user data field that captures `timestamp` and `temperature`.

This concise organization helps in modeling the specifics of packet data transmission for telemetry purposes, tailored to the needs of thermal data monitoring.","[-2.75250133e-02  1.73548702e-02  5.39421327e-02 -7.97113124e-03
 -6.13425160e-03 -2.88843866e-02  6.89134970e-02  7.85464980e-03
 -8.53587985e-02  7.84295797e-03 -1.56897102e-02 -8.36639106e-02
  3.28892842e-02  5.93598671e-02  7.75946155e-02 -1.50101585e-02
  6.31697625e-02 -1.54877855e-02 -3.05797569e-02  1.36158578e-02
  3.24530043e-02  3.67408879e-02 -3.06586712e-03  1.73290987e-02
 -4.91572879e-02  1.74055658e-02  3.82456630e-02  1.01747878e-01
  5.12408838e-02 -4.88182642e-02 -7.43013516e-04  8.27463716e-02
 -6.45623580e-02  4.77516949e-02  4.79258150e-02  3.01421955e-02
  5.05626202e-02  1.29600456e-02 -5.20238578e-02 -3.83781199e-03
  3.12286150e-02 -6.62523583e-02 -4.46318313e-02  3.97636369e-02
  6.51731901e-03 -2.81785876e-02  4.74329367e-02 -4.25295644e-02
 -3.24478634e-02 -3.01994085e-02 -1.41659835e-02  5.26848175e-02
 -2.17035203e-03  6.06270358e-02  2.16095764e-02  5.32307774e-02
 -9.88568272e-03 -6.94015995e-03 -1.38927057e-01 -1.10629415e-02
 -1.26879841e-01 -2.56443974e-02 -3.89728248e-02 -5.89575619e-02
 -3.27181481e-02  1.21527696e-02 -6.44541457e-02  2.04572566e-02
  4.88073789e-02  7.87971765e-02 -8.00489932e-02  5.59649570e-03
 -3.86543274e-02  7.51784518e-02  1.57724111e-03 -2.35514864e-02
  8.79452750e-02  6.09030165e-02  1.01970183e-02 -1.50032833e-01
 -6.33604228e-02 -1.67506502e-03 -3.61437015e-02 -3.22803743e-02
 -7.34934059e-04 -3.44450325e-02  4.48366143e-02 -2.50213128e-02
 -6.09404817e-02  1.43434210e-02  8.06791708e-03 -1.46087762e-02
  8.37310627e-02  1.89956035e-02  4.83349897e-02  4.14254069e-02
 -8.87453649e-03  1.69596879e-03  5.67320697e-02  1.96835361e-02
 -7.43966922e-02  5.87908644e-03  2.31158677e-02  4.95599173e-02
  1.13043580e-02 -2.12711934e-02 -5.25672287e-02 -5.99663928e-02
 -9.08373371e-02 -5.34287021e-02 -2.53044832e-02  6.40567541e-02
 -7.65097588e-02 -1.02278754e-01  4.00673933e-02  4.39541601e-02
 -2.55564544e-02  1.04071097e-02 -2.84938160e-02 -7.67423958e-02
 -1.82658415e-02 -4.88069840e-02  7.69069269e-02  3.05383578e-02
  2.37389859e-02 -4.66679782e-02 -5.70645295e-02 -5.45063460e-34
 -2.00926606e-02  1.78036634e-02 -6.55451193e-02  1.16761900e-01
 -1.83592029e-02  5.23842499e-02  6.27116337e-02 -2.16727257e-02
 -2.84393970e-02  6.64112940e-02 -7.83756152e-02 -2.57300008e-02
 -4.18565311e-02  3.80275510e-02  7.01286420e-02  4.19448456e-03
 -3.53981964e-02  4.13899757e-02 -3.72841867e-04  1.87702314e-03
  5.74667305e-02  3.40662524e-02 -2.37540770e-02  1.56830414e-03
  5.01190685e-02  7.32202604e-02  4.07480635e-02 -1.19351838e-02
 -5.22840656e-02  2.43958645e-02  3.37124132e-02  1.28384428e-02
  7.39432126e-02  1.29566174e-02  9.77420527e-03 -2.28587259e-02
  1.25787093e-03 -9.75251850e-03  4.87559885e-02 -3.65343355e-02
  7.59104937e-02  3.00691836e-02  2.31004599e-03  7.79756764e-03
 -9.05539989e-02 -4.06105965e-02 -2.97820242e-03  3.30916122e-02
  8.45646136e-04 -8.32065567e-02  7.10466355e-02  4.74592485e-03
  6.90975487e-02 -1.85160320e-02 -5.49361520e-02 -3.77102904e-02
  3.29768918e-02  5.40793128e-02  1.39946816e-02  3.95598412e-02
 -1.88863538e-02  2.72654593e-02 -1.10015012e-02  7.61054642e-03
  2.15561278e-02  5.08197621e-02 -4.41300757e-02 -7.76077211e-02
  6.53106198e-02 -8.37942865e-03 -5.96155319e-03  7.37025440e-02
 -8.08705911e-02  7.51514137e-02  6.72746152e-02 -5.70679568e-02
  4.62063551e-02  3.00263707e-02 -1.79058255e-03  4.74744327e-02
 -1.26223430e-01  8.58668089e-02 -3.22920792e-02  1.63967125e-02
 -5.02516553e-02 -1.00134522e-01  1.05190615e-03 -5.43452725e-02
 -5.13666309e-02 -4.99484316e-02 -3.50857154e-02 -7.54941180e-02
 -1.09100267e-02 -1.18517643e-02 -1.07203191e-03 -1.92123054e-33
  8.25370401e-02  6.66449592e-02  2.21292186e-03  3.04994415e-02
 -5.63217103e-02 -3.84764858e-02  9.04667005e-02  3.85321230e-02
 -1.66149475e-02  5.71759492e-02  2.97040306e-02  8.36098474e-03
  5.38984919e-03 -7.17258677e-02  3.22273001e-02  2.84330584e-02
 -1.01611108e-01 -1.56155765e-01  2.96373609e-02  1.71602163e-02
 -6.17949851e-02  8.31395313e-02 -6.74845874e-02 -1.87298767e-02
  1.40341781e-02 -2.43082941e-02 -1.68397475e-03  3.96041274e-02
  8.03570915e-03 -2.79758628e-02  1.14032449e-02 -3.59037817e-02
 -7.60741439e-03 -1.14546426e-01 -5.19356914e-02 -5.06193861e-02
  1.12552010e-02 -3.70865986e-02  1.08186284e-03  6.80553243e-02
  7.93400686e-03  4.81155626e-02 -8.67161155e-02  2.90430412e-02
  4.29800414e-02 -3.26484293e-02  8.60475935e-03 -1.38961971e-02
 -3.51976752e-02 -6.94380552e-02  1.71841439e-02  2.61325063e-03
  1.86993703e-02  3.84231880e-02  3.74928373e-03  1.01014718e-01
  4.22873050e-02 -9.18070972e-03  9.16033052e-03 -3.81868612e-03
  4.93388884e-02 -6.09026700e-02  3.86557020e-02  6.75929524e-03
  2.68820636e-02 -4.17098105e-02 -1.18245920e-02 -7.11892173e-02
 -1.95339490e-02 -4.33082543e-02 -2.45646527e-03 -1.42428465e-02
  6.96049910e-03  2.50532515e-02  6.77377656e-02 -4.18110043e-02
 -5.38078956e-02  1.29348487e-01  1.03139505e-01  6.02590181e-02
 -1.58794716e-01  2.43326053e-02 -1.19716488e-02  7.12684840e-02
  2.06526555e-02 -2.77601127e-02  3.74824628e-02  7.19161257e-02
  4.11941111e-03 -8.58476460e-02 -3.60267535e-02 -2.20652744e-02
 -4.10082415e-02  1.89328671e-01 -4.23092470e-02 -5.34820863e-08
 -6.89408630e-02 -1.53264087e-02 -2.38586753e-03  3.64271551e-02
  1.07309744e-02  3.98914814e-02 -1.45056173e-01 -2.99917888e-02
  6.68803528e-02  3.79273333e-02 -7.40423426e-02  6.18415847e-02
 -6.08954020e-02 -4.45011258e-02 -2.68761665e-02  3.85587290e-02
 -9.60600376e-03 -8.30709282e-03 -6.58660904e-02 -3.43632177e-02
  6.66916743e-02  2.65221298e-02 -5.23826480e-02  3.45952287e-02
  2.28893533e-02 -2.33867182e-03  4.31216322e-03  1.62145887e-02
  6.54136762e-02 -3.72502431e-02  2.60810629e-02 -2.18364257e-05
  3.18689123e-02  5.30376844e-02  1.35577982e-02  1.21317608e-02
 -2.97149122e-02  4.09174897e-02  5.37840649e-02  3.65476012e-02
 -1.03607569e-02 -1.03372484e-01 -4.24393788e-02  2.60144528e-02
  6.20210394e-02  4.50334884e-02 -1.30672261e-01 -3.72707509e-02
 -2.22414751e-02  7.98660740e-02 -2.17090710e-03  3.64689715e-02
 -5.46589829e-02  5.46592511e-02 -5.62822148e-02 -2.05283053e-03
 -2.39191335e-02 -1.92969330e-02  3.65726873e-02 -9.46845487e-02
 -2.57636048e-02  1.01321768e-02 -7.96400234e-02  8.84768553e-03]"
43,../models/Packet Example/PacketUsage.sysml,"package 'Packet Usage' {
	public import Packets::*;
	private import ScalarValues::Real;
	
	part packet1: 'Thermal Data Packet';
	part packet2: 'Thermal Data Packet';
	part packet3: 'Thermal Data Packet' {
		attribute 'special data field' redefines 'packet data field'{
			attribute redefines 'user data field' {
				attribute 'special data': Real;
			}
		}
	}
	
}
	
","I want to create a SysML v2 model packaged as 'Packet Usage'. This package will include three parts, all instances of the 'Thermal Data Packet'. The first two instances, packet1 and packet2, will use the standard attributes of the Thermal Data Packet. The third instance, packet3, will redefine the 'packet data field' from the original packet structure, introducing a new attribute called 'special data field'. Within this redefined field, I want to further redefine the 'user data field' to include an attribute named 'special data' of type Real. The 'Packets' and 'ScalarValues::Real' packages will be imported appropriately to support these definitions.","[-2.02824436e-02 -1.41052073e-02  8.90144613e-04  4.12871391e-02
 -4.99449074e-02 -2.23815665e-02  1.18875116e-01 -5.56699634e-02
 -6.79063872e-02  1.41423056e-02  7.06004426e-02 -5.92681952e-02
  5.40500553e-03  9.27375555e-02  7.25330487e-02 -9.33711044e-03
  6.27676547e-02  6.75318716e-03 -6.88865766e-05  3.33507769e-02
  7.22996444e-02  1.38169900e-02 -3.81882116e-02  4.28102948e-02
 -1.26792407e-02 -3.50907221e-02 -2.38312408e-03  6.54810071e-02
  3.94358113e-02 -6.32477552e-02  2.75698286e-02  1.08057432e-01
 -5.02847917e-02 -3.70779820e-03  7.32475743e-02  4.11297530e-02
  2.79995762e-02  2.23904345e-02 -5.09603880e-02 -3.54159251e-03
  4.34015542e-02 -6.10516891e-02 -1.88570376e-02  6.06554076e-02
 -2.41804477e-02 -1.80459563e-02  6.66790828e-02 -4.78540361e-02
  1.61972940e-02  2.52251104e-02 -2.79801041e-02  6.51659220e-02
  3.88017599e-03  4.60790247e-02  3.37577984e-02  4.04469408e-02
 -1.73853012e-03  2.59118271e-03 -1.34789050e-01 -2.87124626e-02
 -1.01266339e-01  1.12083666e-02  1.57323270e-03 -3.85934003e-02
 -5.05544022e-02  5.88889159e-02 -7.99395069e-02 -1.37647372e-02
  4.89901863e-02  7.46266395e-02 -5.26457205e-02  1.18397288e-02
 -3.46951969e-02  1.11182248e-02  1.60969198e-02 -4.24645981e-03
  1.69327967e-02  4.46248055e-02  2.67752614e-02 -7.34008178e-02
 -8.20674468e-03 -3.95298377e-03 -5.49495742e-02 -1.35085406e-02
  2.02495996e-02  2.28720438e-03  2.00995840e-02 -6.15857206e-02
  2.63389153e-03  1.77956428e-02  4.03972110e-03 -1.36466390e-02
  9.42166820e-02 -1.38812168e-02  1.80541445e-02  1.48509480e-02
 -1.96658317e-02  6.65912637e-03  2.50623003e-02 -2.57466566e-02
 -6.77506179e-02  1.14248646e-02  1.08093983e-02  4.53383066e-02
  2.45208777e-02  2.87139602e-03 -7.09724575e-02 -8.00052509e-02
 -8.31230953e-02 -3.33186463e-02 -1.59584917e-03  7.60861859e-02
 -6.33227974e-02 -1.08456105e-01  5.17149046e-02  4.07881513e-02
 -2.45672595e-02 -3.28075476e-02 -2.73966715e-02 -8.23654085e-02
 -2.63565555e-02 -2.73012873e-02  1.05493262e-01  8.34379718e-03
  4.00631614e-02 -3.77504155e-02 -9.13859457e-02  2.82612099e-34
 -6.02243952e-02  6.30849227e-02 -1.42565602e-02  9.05606300e-02
 -1.27797574e-02  3.48052830e-02  1.65073276e-02 -1.88744757e-02
 -4.87761386e-03 -1.67999836e-03 -4.70124520e-02  5.75377792e-02
 -3.84022072e-02 -1.26375062e-02  6.53848723e-02  3.29752155e-02
 -6.46533892e-02  2.02402938e-02  3.99294309e-02 -1.07038207e-03
  3.93965542e-02  2.17135455e-02 -4.23634015e-02  1.61165968e-02
  5.75552583e-02  3.73087488e-02  2.38219667e-02  2.64612585e-02
 -7.35818350e-04  1.68122239e-02  7.69097432e-02  2.88644526e-02
  9.26853418e-02  5.83709702e-02 -9.44234431e-03 -1.91103164e-02
 -8.34497903e-03 -1.59435458e-02  5.02272546e-02  3.11078038e-03
  1.47647828e-01  5.28022721e-02  2.96448619e-04  6.24252334e-02
 -9.29351598e-02 -2.85254754e-02  2.53404826e-02  3.68082859e-02
  1.56930555e-02 -7.91731551e-02  5.45118377e-02  1.52921425e-02
  4.65660207e-02  5.86507050e-03 -7.04010054e-02 -4.77875061e-02
  1.53594576e-02  5.86919971e-02 -2.09579580e-02  1.25130061e-02
 -3.71718109e-02  2.24159136e-02  3.16482224e-02  1.19515713e-02
  1.21779631e-04  2.54792441e-03 -7.79115036e-03 -8.56158286e-02
  2.32571755e-02  2.44287737e-02 -7.93216005e-03  7.86872208e-02
 -9.72458348e-02  5.01033999e-02  3.30779552e-02 -9.93059650e-02
 -9.54842754e-03  1.11739319e-02 -1.76449902e-02  3.84387970e-02
 -1.29388079e-01  3.42236683e-02 -6.18475825e-02  6.04995340e-02
 -4.79658879e-02 -9.88916755e-02  1.78709708e-03 -6.65203929e-02
 -1.65946782e-02 -9.04219970e-02  1.42329605e-02 -8.71813372e-02
 -6.68229163e-02 -3.38255055e-02 -5.26431389e-02 -1.51456891e-33
  5.73599525e-02  3.31737101e-02 -6.86095853e-04  6.53615966e-02
 -9.28587932e-03 -6.55270070e-02  1.11357257e-01  5.67119196e-02
  2.78473366e-02  2.59527713e-02 -6.15966693e-03  7.36288307e-03
 -1.16781555e-02 -4.07495387e-02  6.73962459e-02  1.31570539e-02
 -8.24487209e-02 -1.52122736e-01  1.15519634e-03  2.87814215e-02
 -6.07185476e-02  3.46524082e-02 -1.31308939e-02  1.21422363e-02
  1.82820167e-02 -8.34041927e-03  3.64290318e-03  1.87183302e-02
  1.42948003e-02 -4.43937704e-02 -1.19029237e-02  1.04801534e-02
 -8.23993981e-03 -1.19204536e-01 -7.18759671e-02 -3.63466702e-02
  5.05249854e-03  1.19412914e-02 -6.65199012e-03  7.41636679e-02
  4.00171764e-02  5.32149971e-02 -1.57387942e-01  1.56358462e-02
  3.73903885e-02  1.24288294e-02 -1.03359120e-02 -6.05751723e-02
  1.95962726e-03 -9.48309824e-02  2.55647674e-02 -2.62598377e-02
 -6.67884760e-03  4.83588651e-02 -2.11250167e-02  5.94576485e-02
  4.23466787e-02 -1.22651234e-02  3.50019597e-02  9.74478666e-04
  5.01357578e-02 -6.32147565e-02  2.61383448e-02  1.29929148e-02
 -4.11855523e-03 -3.48680206e-02  1.92506351e-02 -6.42255396e-02
 -3.74097116e-02 -6.99751899e-02  3.45511325e-02 -2.91727632e-02
 -2.71519572e-02  2.71437783e-02  1.98041108e-02 -6.00539818e-02
 -4.11074497e-02  1.03611186e-01  1.01618685e-01  6.00906052e-02
 -8.74140859e-02 -1.04864463e-02  4.94154766e-02  7.20758215e-02
  3.05679552e-02 -6.30004779e-02  2.79785041e-02  7.08986074e-02
 -3.43578644e-02 -6.17199205e-03 -5.38085438e-02  1.25845578e-02
 -7.27114156e-02  1.58383518e-01 -2.86500640e-02 -4.32414637e-08
 -8.41954723e-02  2.31017247e-02  1.97365265e-02  5.33246025e-02
  7.11615570e-03  2.56494321e-02 -1.39317229e-01 -5.32517629e-03
  5.13612032e-02  6.53417110e-02 -8.94448161e-02  6.99600503e-02
 -2.13340260e-02 -3.18977125e-02 -1.56322103e-02  8.97861719e-02
 -4.24932949e-02  1.75856762e-02 -4.82723936e-02  3.34540405e-03
  7.28775561e-02  7.56435394e-02 -8.03381875e-02  2.74914838e-02
  4.31693569e-02  2.55111847e-02 -6.48705661e-03 -3.65438983e-02
  8.70982856e-02 -6.53640600e-03  3.12425587e-02 -2.66076308e-02
  6.56093284e-02  4.45888638e-02 -1.85771622e-02 -1.83222312e-02
 -4.21638787e-02  3.68523113e-02  7.78257176e-02  5.44916354e-02
 -6.04510605e-02 -6.19364232e-02 -5.79962730e-02  1.25781186e-02
  4.10688929e-02  2.10479107e-02 -1.43117234e-01 -6.85469992e-03
  2.00153459e-02  6.83495998e-02  3.64911333e-02  3.79860811e-02
 -7.59871304e-02  6.90991655e-02 -7.20858425e-02 -3.96880433e-02
 -1.03052771e-02  2.36704722e-02  2.20384449e-02 -8.77540633e-02
 -3.07458397e-02 -2.86025945e-02 -3.01236920e-02  3.50921042e-02]"
44,../models/Requirements Examples/HSUVRequirements.sysml,"package HSUVRequirements {
	private import Requirements::*;
	
	requirement <'UR1.1'> Load: FunctionalRequirementCheck {
		// The following requirements are composite sub-requirements.
		requirement Passengers;
		requirement FuelCapacity;
		requirement Cargo;
	}
	
	requirement <'UR1.2'> EcoFriendliness: PerformanceRequirementCheck {
		requirement <'URI1.2.1'> Emissions: PerformanceRequirementCheck {
			/* The car shall meet 2010 Kyoto Accord emissions standards. */
		}
	}
	
	requirement <'UR1.3'> Performance: PerformanceRequirementCheck {
		requirement Acceleration;
		requirement <'UR1.3.1'> FuelEconomy: PerformanceRequirementCheck {
			/* User shall obtain fuel economy better than that provided by
			 * 95% of cars built in 2004.
			 */
		}
		requirement Braking;
		requirement Range;
		requirement Power;
	}
	
	requirement <'UR1.4'> Ergonomics;
	
	// Syntactically, should this be explicitly marked as a ""group""?
	requirement HybridSUVSpec {		
		// The following requirements are required by reference.
		require Load;
		require EcoFriendliness;
		require Performance;
		require Ergonomics;
	}
}","I want to create a SysML v2 model named `HSUVRequirements` that defines a set of requirements for a Hybrid SUV. The model includes the following:

1. A composite requirement `Load` that consists of three sub-requirements: `Passengers`, `FuelCapacity`, and `Cargo`.
2. A requirement `EcoFriendliness` that includes a sub-requirement `Emissions`, specifying that the car must meet the 2010 Kyoto Accord emissions standards.
3. A requirement `Performance` that includes several sub-requirements: `Acceleration`, `Braking`, `Range`, `Power`, and a sub-requirement `FuelEconomy` with a condition that fuel economy must be better than 95% of cars from 2004.
4. A standalone requirement `Ergonomics`.
5. A `HybridSUVSpec` requirement that references the four previous requirements (Load, EcoFriendliness, Performance, and Ergonomics) as essential components.

Please ensure that the model reflects the hierarchical structure of these requirements accurately.","[ 1.02905966e-02  4.79189446e-03  1.11409547e-02 -3.87870707e-03
  1.03342617e-02  1.51056601e-02 -4.88199927e-02  7.21169189e-02
 -8.36889297e-02 -1.62050612e-02  1.56130828e-03 -9.26077366e-02
  7.89548382e-02  1.84487905e-02  4.13316935e-02 -2.40782686e-02
  4.76052910e-02 -4.08544578e-02 -8.38072225e-02  1.60194431e-02
  7.01609552e-02 -2.20040046e-02  7.83242881e-02 -3.03369146e-02
 -4.62006591e-02 -1.05580883e-02  2.13705073e-03  7.93414563e-02
  5.42863365e-03 -3.91252972e-02  7.35348985e-02  1.15448255e-02
  3.15555967e-02 -3.99861149e-02  9.25147012e-02  1.24996668e-03
 -1.29545843e-02 -5.06182089e-02 -8.27685148e-02  2.40542199e-02
 -4.01413776e-02 -5.91842197e-02 -1.14156371e-02 -2.55219359e-02
  1.60205774e-02 -2.34141182e-02 -3.96884941e-02 -3.44666876e-02
  2.20715278e-03  1.79848690e-02 -1.63079090e-02  1.95712503e-02
 -1.77525263e-02 -5.38380146e-02 -5.71950190e-02  4.30374593e-03
 -1.59083772e-02 -2.80435123e-02 -6.76025450e-02 -7.95643628e-02
  1.24871396e-02 -1.36895981e-02 -4.17142026e-02 -5.05448543e-02
 -3.63391191e-02  2.33209562e-02 -5.40835001e-02  2.53172144e-02
 -4.82534710e-03  1.27154320e-01 -6.86990693e-02 -2.46424936e-02
 -1.70753691e-02 -1.86978024e-03  1.32450461e-02 -4.37461399e-03
  1.02813423e-01  3.13367210e-02  3.04175727e-02 -1.32488519e-01
 -6.12242930e-02  4.42963205e-02 -1.20547988e-01 -5.71844773e-03
  2.87169293e-02  2.73460969e-02  2.42697205e-02 -7.78301731e-02
 -8.80778302e-03 -4.48340783e-03  2.08976846e-02 -5.43323793e-02
  7.98641592e-02 -2.52864007e-02  9.87120792e-02  2.47071609e-02
  4.45296504e-02 -5.36947474e-02  7.68580958e-02  1.51770152e-02
 -5.01158498e-02  2.10692305e-02  1.33844540e-01  6.38152733e-02
 -8.76175985e-02 -1.79866031e-02 -2.58836593e-03  5.27452156e-02
 -1.41369998e-02 -3.68445963e-02  2.33465489e-02  3.45321260e-02
  2.38258932e-02 -3.26270722e-02  2.49517970e-02 -5.28276898e-03
  6.31585494e-02 -7.39886686e-02  9.51583833e-02  2.46811137e-02
 -5.18922061e-02 -5.91726825e-02  1.19566686e-01  3.05741802e-02
  6.64458200e-02 -1.04182221e-01 -3.34252827e-02  7.72075251e-34
 -5.63900620e-02  1.28230988e-03  1.36694256e-02  8.26137066e-02
 -5.23823872e-02  7.04429373e-02 -5.84064163e-02  1.50899205e-03
 -1.58326067e-02  3.36499326e-02 -7.06899092e-02 -2.77579459e-03
 -3.60816866e-02  1.88273601e-02  5.93935996e-02 -1.81009807e-02
 -7.18957260e-02  5.76933920e-02 -3.23008522e-02 -4.90360484e-02
 -3.10886204e-02 -1.91402752e-02 -8.32236721e-04 -3.56972888e-02
  7.10142329e-02  4.65273447e-02  8.20822567e-02 -3.23826401e-03
 -6.81783482e-02  2.81535648e-02  2.19766237e-02  9.26349126e-03
 -2.66623665e-02 -3.28956754e-03 -7.60458689e-03  5.25538996e-02
 -2.54380237e-02 -1.32623902e-02  2.74235327e-02 -7.67820654e-03
  5.35872625e-03 -1.23456344e-02  3.70896198e-02  3.85576338e-02
 -2.21480355e-02 -2.43027229e-03  5.93053661e-02  5.16176522e-02
 -1.15854265e-02  4.88893017e-02 -4.72258963e-02  3.26802779e-04
  3.32355164e-02 -9.67004746e-02 -7.44227245e-02 -1.96581278e-02
  1.94829050e-02  2.56885942e-02  1.38024492e-02  3.89084667e-02
 -2.00245362e-02 -1.55157084e-03 -4.09316979e-02  1.44096827e-02
  6.28085434e-02  7.52147287e-02 -5.41461930e-02 -5.04074842e-02
  5.76946177e-02  1.47302216e-03 -4.54355516e-02 -4.67858277e-02
 -3.11490223e-02  4.14381959e-02  9.04649720e-02 -3.90703827e-02
  7.56746717e-03  1.35420999e-02 -5.95054254e-02  6.63113967e-03
 -1.30022019e-01  1.26622990e-01 -3.77361365e-02 -5.53398505e-02
  2.91991755e-02 -5.47648892e-02  1.77689735e-02 -7.96175562e-03
 -5.00215031e-02 -3.95821556e-02 -7.92335998e-03 -5.35443388e-02
  1.96401756e-02  4.37142618e-04  4.76274490e-02 -1.07917030e-33
  2.99449004e-02  2.71005966e-02  7.15464428e-02  1.39370607e-02
  8.37231353e-02 -5.23531288e-02  1.26719549e-02 -3.72453257e-02
 -4.52058353e-02  3.83885615e-02  5.49722314e-02 -4.50216606e-02
  5.65256774e-02 -3.16555500e-02 -8.36413726e-02  9.91837308e-02
 -7.34213786e-03 -1.47630587e-01  1.96052138e-02  8.26464444e-02
  1.48080885e-02  7.16010109e-02 -2.00089850e-02  4.91483659e-02
 -2.27199662e-02  1.92827750e-02 -3.60701792e-02  5.12026530e-03
 -5.89533569e-03 -4.55584563e-02 -2.48462167e-02 -2.15598457e-02
 -4.05591168e-02  6.22770423e-03 -4.45043966e-02 -1.42991468e-01
 -6.00667037e-02 -1.09585570e-02 -7.73654729e-02  4.45981175e-02
  1.65138319e-02 -1.41584799e-02 -1.16890974e-01  3.03470772e-02
  2.48706937e-02 -1.73264137e-03  7.54376352e-02 -7.58969635e-02
  2.82949340e-02 -3.25460956e-02  5.70487827e-02 -5.55349514e-02
  5.52432751e-03  7.82972649e-02 -2.65888777e-03 -4.81404737e-03
  4.68990132e-02  2.93453243e-02  1.02394857e-02 -2.16784552e-02
  4.09727283e-02  4.81782369e-02  3.67067270e-02 -1.87039804e-02
  5.55268265e-02 -8.08135420e-02 -2.92117298e-02 -4.05280814e-02
  1.98710561e-02 -1.47107812e-02 -1.13316797e-01 -4.30287570e-02
  8.22122544e-02 -1.72871891e-02  1.97532382e-02 -5.45554124e-02
 -5.48845669e-03  6.16717152e-03  9.79837775e-02 -2.44373735e-02
 -1.22793064e-01 -2.01404523e-02  3.47441770e-02  7.85995126e-02
  2.43954416e-02  2.61772051e-02 -5.97721934e-02 -2.32805195e-03
  5.64319752e-02  5.49342819e-02  1.03551168e-02  3.51578966e-02
  2.52584685e-02  1.79460764e-01 -5.50151281e-02 -5.26623971e-08
  3.33462507e-02  2.02464610e-02 -2.61339657e-02  1.72581263e-02
 -2.02905084e-03 -7.92750996e-03 -8.31454843e-02 -7.99548402e-02
 -2.16598269e-02  4.59972024e-02  2.91601755e-02  3.79003584e-02
 -8.35820381e-03  4.03135829e-02 -3.95943634e-02 -6.65956736e-03
  4.88557406e-02  1.34888187e-01 -2.35141553e-02 -1.59326717e-02
  2.53241602e-02  2.94330940e-02 -2.55137347e-02  9.29533690e-02
  1.07442431e-01 -4.49557453e-02 -1.90650355e-02 -3.08489818e-02
  8.42670351e-02  1.53489700e-02  4.98106815e-02  2.37174258e-02
  1.46531221e-02 -3.34657319e-02 -4.62377444e-02  2.86642835e-02
 -1.26775913e-02  6.65083975e-02  2.94087455e-02  3.41167836e-03
  8.23304057e-02  5.20607233e-02 -5.20450473e-02  2.53385473e-02
  3.53640914e-02  3.20366360e-02 -1.30709291e-01 -1.06949165e-01
 -5.41315926e-03  2.76361480e-02 -4.85526249e-02 -4.27293666e-02
 -2.11898312e-02  6.26434088e-02 -3.72146517e-02 -3.91364433e-02
  6.40887162e-03  1.62428357e-02  1.50486007e-02 -7.60829374e-02
  7.72831813e-02  4.35570069e-02 -1.50555291e-03  1.20200403e-02]"
45,../models/Requirements Examples/RequirementDerivationExample.sysml,"package RequirementDerivationExample {
	private import RequirementDerivation::*;
	
	requirement def Req1;
	
	requirement def Req1_1;
	requirement def Req1_2;
	
	#derivation connection def Req1_Derivation {
		end #original r1 : Req1;
		end #derive r1_1 : Req1_1;
		end #derive r1_2 : Req1_2;
	}
	
	part def System;
	part def Subsystem1;
	part def Subsystem2;
	
	part system : System {
		part sub1 : Subsystem1;
		part sub2 : Subsystem2;
	}
	
	part satisfactionContext {
		ref :>> system;
		
		satisfy requirement req1 : Req1 by system;
		satisfy requirement req1_1 : Req1_1 by system.sub1;
		satisfy requirement req1_2 : Req1_2 by system.sub2;
		
		#derivation connection : Req1_Derivation {
			end r1 ::> req1;
			end r1_1 ::> req1_1;
			end r1_2 ::> req1_1;
		}
		
	}
	
}","To generate the SysML v2 model titled ""RequirementDerivationExample,"" I would structure it as follows:

- Create a package named `RequirementDerivationExample` and import the required namespace `RequirementDerivation`.
- Define three requirements: `Req1`, `Req1_1`, and `Req1_2`.
- Establish a derivation connection `Req1_Derivation` that specifies how `Req1` gives rise to both `Req1_1` and `Req1_2`.
- Define a system that consists of two subsystems: `Subsystem1` and `Subsystem2`.
- Within the system definition, organize `Subsystem1` and `Subsystem2` as parts of the system.
- Set up a `satisfactionContext` to link the system to the defined requirements, specifying how the system satisfies `Req1` as a whole, while `Subsystem1` satisfies `Req1_1` and `Subsystem2` satisfies `Req1_2`.
- Include a derivation connection to illustrate the relationship between the requirements and their corresponding satisfaction.

This concise description captures the intent to define a structured model demonstrating requirements, their derivation, and satisfaction contexts within a system architecture.","[-5.00339717e-02 -6.55322969e-02 -1.59544740e-02 -1.27211856e-02
 -5.02388701e-02 -5.07238582e-02  2.98996698e-02  6.03304096e-02
 -8.77672061e-02  8.10769293e-03  1.17143923e-02 -9.58565548e-02
  1.16877601e-01 -1.35475826e-02  3.41952480e-02  2.91488152e-02
  1.09755304e-02 -3.66025344e-02 -2.73615941e-02  1.81521289e-02
  7.56948516e-02 -8.07859877e-04 -1.15981819e-02 -4.44763489e-02
 -4.45525907e-02 -5.49616404e-02 -2.54209675e-02  9.28878635e-02
  5.78609295e-02 -4.82197031e-02  5.69925234e-02  4.91745174e-02
 -4.02505472e-02 -2.08652597e-02  1.35196954e-01  3.71737294e-02
  5.98457567e-02 -7.42441341e-02 -6.92199245e-02 -6.57141441e-03
  1.16202282e-02 -1.72595028e-03 -3.14029455e-02 -2.12603789e-02
  1.83310248e-02 -2.01702826e-02 -8.04871693e-03  1.11876419e-02
 -7.07421452e-02 -3.00997384e-02 -3.84523124e-02 -3.44502763e-03
  2.79732957e-03 -3.87779213e-02  3.73139866e-02  9.11511332e-02
  5.11318035e-02  3.00942287e-02 -1.46020070e-01 -3.82556170e-02
 -6.04314655e-02  9.51111782e-03 -7.43602812e-02 -8.71412829e-02
  1.75811956e-03  6.40883297e-02 -4.44048941e-02  1.24159837e-02
  5.68553209e-02  8.32813382e-02 -1.62217498e-01 -6.71375841e-02
 -2.19989922e-02 -2.52913800e-03 -1.41667305e-02  1.54549219e-02
  7.62714893e-02  7.17547983e-02 -2.00579464e-02 -1.32608071e-01
 -2.85585914e-02  3.94500792e-02 -5.26495576e-02 -9.35499184e-03
  3.19903926e-03 -1.98895130e-02 -6.04598958e-04 -4.81908619e-02
  5.67569807e-02 -1.08489217e-02  2.89076157e-02 -6.85063228e-02
  6.36078371e-03 -2.91679446e-02  9.50339586e-02  1.22777615e-02
 -1.16346218e-02 -9.83266160e-03  9.39660743e-02  3.59873101e-02
 -7.00570717e-02 -2.43717246e-03  7.63594508e-02 -5.30508719e-03
 -4.40950431e-02  3.43688130e-02 -6.66984394e-02  8.00593868e-02
 -4.67588194e-02 -8.43472853e-02 -7.50403199e-03  1.51169728e-02
  5.02117872e-02 -3.23081575e-02  7.28945285e-02  7.18538985e-02
  6.72629997e-02 -2.82300375e-02  7.23518357e-02 -8.61581266e-02
  3.41432355e-03 -1.88354999e-02  7.61336759e-02 -3.60018797e-02
  3.59581783e-02 -6.27205819e-02 -6.62570819e-02  4.76817647e-33
 -7.25882053e-02 -8.37132335e-03  1.12258950e-02  8.34526867e-02
 -9.16733127e-03  7.46559948e-02  2.80509759e-02  3.51480320e-02
 -3.66316289e-02  3.32505107e-02 -6.19217157e-02 -5.43319546e-02
 -6.56907707e-02 -5.56435622e-02  8.07623379e-03 -4.65196483e-02
  4.47477074e-03  3.41513269e-02 -6.24701148e-03  3.87844704e-02
  1.94705185e-02  3.20862122e-02 -4.00230512e-02 -1.27694802e-02
  5.33412993e-02  3.31719127e-03  5.81307337e-02  2.10288428e-02
 -6.14329688e-02 -2.34387908e-02  8.01423267e-02  2.61188466e-02
 -4.12601000e-03  1.72394626e-02 -3.30148526e-02  4.12468798e-03
  7.93902725e-02  1.36958594e-02  2.33102143e-02 -4.38921303e-02
  3.16885076e-02  1.64517555e-02  2.32945718e-02  2.71825250e-02
 -3.47595811e-02 -7.80485198e-02 -1.95807312e-02 -3.12027987e-02
  1.01302661e-01 -7.45855197e-02  5.07380515e-02 -2.95401900e-03
  7.75995404e-02 -3.80222797e-02 -3.84347923e-02 -3.02405134e-02
 -3.57142314e-02  3.04889213e-02  9.66418535e-04  4.90658022e-02
 -7.00703189e-02 -3.02655138e-02 -7.81670120e-03  2.48034927e-03
  1.13202788e-01  5.80874272e-02 -5.61686344e-02 -1.04089871e-01
  5.06871454e-02  2.65514031e-02 -8.28968063e-02 -5.22746891e-03
 -6.43740669e-02  4.01561335e-02  4.91581783e-02 -9.95318145e-02
  2.29592691e-03  2.36725975e-02 -1.21093523e-02  2.13027950e-02
 -8.84593725e-02  9.43531767e-02 -4.82462011e-02  2.60189548e-02
  3.42858769e-02 -5.60579449e-02 -1.40636638e-02 -5.39170839e-02
 -7.45802447e-02 -6.99077174e-02  1.35523751e-02 -3.00819799e-02
 -2.42160447e-02  5.53882308e-02  5.23697324e-02 -5.32955547e-33
  4.65832949e-02  5.82340956e-02 -1.76726356e-02 -1.19093535e-02
  4.46688663e-03 -1.28200604e-02 -8.64450075e-03 -4.14819419e-02
 -8.60926509e-02  2.80010458e-02  3.26425992e-02 -2.62827948e-02
  5.62271476e-02 -1.32320849e-02 -7.98720419e-02  3.38753015e-02
 -8.56406800e-03 -1.05154485e-01  3.49224247e-02  9.64149907e-02
  2.24474389e-02  1.30955487e-01 -2.00790036e-02 -6.01051375e-02
 -1.18825596e-03  3.29925939e-02 -5.35245426e-02  9.33179930e-02
  1.98656283e-02  3.28501202e-02  1.66369118e-02 -2.90573426e-02
 -4.06603888e-02 -4.83592860e-02 -2.24641077e-02 -1.05104260e-01
 -6.33694679e-02  2.02262904e-02 -4.03445214e-02  1.67374872e-02
  3.05525679e-02  2.49338113e-02 -6.78955242e-02  1.68098174e-02
  2.54192390e-02  4.80978340e-02  4.27124240e-02 -7.71693215e-02
 -3.00045665e-02 -8.48460421e-02 -3.89813073e-02 -3.31283472e-02
  2.95818644e-03  5.82905151e-02 -1.12687200e-02  1.18736913e-02
  1.37124611e-02  1.79099049e-02  2.76278295e-02 -2.11155638e-02
  4.49256748e-02  1.34944916e-02  3.33625451e-02 -4.42993566e-02
  6.57831281e-02 -1.57607086e-02 -6.88742194e-03 -3.07354853e-02
  3.40389386e-02 -1.67399608e-02 -6.75715432e-02  3.82133834e-02
  4.54175612e-03  2.95043197e-02  7.84281343e-02  3.51809859e-02
 -6.87305257e-02  5.61126694e-02  5.47534302e-02 -3.03923935e-02
 -1.33520558e-01  1.22694187e-02 -1.49994399e-02  8.29835385e-02
 -6.22873195e-02 -1.90032031e-02  4.01867256e-02  7.57022277e-02
  4.65973206e-02 -1.70754120e-02  7.02742720e-03 -4.28653434e-02
  1.83562879e-02  1.09956793e-01 -3.02146729e-02 -5.63145655e-08
 -1.43495053e-02 -1.13895414e-02 -5.50649166e-02 -2.72333492e-02
  2.65715700e-02  5.54966517e-02 -6.66135028e-02 -1.63312554e-02
 -2.13572662e-02  7.17681646e-03 -1.08650550e-01  5.42207994e-02
 -2.40093004e-02  1.25028780e-02 -5.96407317e-02  5.66792935e-02
  2.20290683e-02  1.16274603e-01 -5.24937101e-02 -5.75974509e-02
  4.72450443e-02 -2.33148653e-02  3.61159854e-02  5.74818403e-02
  2.30513867e-02 -1.59539208e-02  4.98020239e-02 -1.26010869e-02
  6.82615861e-02  2.31737047e-02  5.54141439e-02 -1.13885105e-02
  3.83485295e-02  4.56601195e-02  1.52192609e-02  8.65831226e-03
 -4.77185473e-02  3.64991836e-03  7.82201067e-02 -9.72469524e-03
  7.30652362e-03  1.02333359e-01 -7.80090084e-03  6.30345494e-02
  5.74692488e-02  3.86667089e-03 -8.04826394e-02 -4.70504612e-02
 -2.10572314e-02  2.06544362e-02 -3.73154879e-02 -2.49147788e-02
 -4.01949063e-02  4.43493128e-02 -1.15987562e-01 -1.83791816e-02
  5.86684514e-03  4.83314134e-02  3.81407738e-02 -6.06123870e-03
  1.80635042e-02  9.74428877e-02  3.30637880e-02 -6.70349449e-02]"
46,../models/Requirements Examples/VehicleRequirementDerivation.sysml,"package VehicleRequirementDerivation {
	private import RequirementDerivation::*;
	
	part vehicle {
		attribute mass :> ISQ::mass;
		
		part chassis {
			attribute mass :> ISQ::mass;
		}
		
		part engine {
			attribute mass :> ISQ::mass;
		}
	}
	
	requirement def MassRequirement {
		subject mass :> ISQ::mass;
		attribute massLimit :> ISQ::mass;
		require constraint { mass <= massLimit }
	}
	
	requirement vehicleMassRequirement : MassRequirement {
		subject :>> mass = vehicle.mass;
	}
	
	requirement chassisMassRequirement : MassRequirement {
		subject :>> mass = vehicle.chassis.mass;
	}
	
	requirement engineMassRequirement : MassRequirement {
		subject :>> mass = vehicle.engine.mass;
	}
	
	#derivation connection {
		end #original ::> vehicleMassRequirement;
		end #derive ::> chassisMassRequirement;
		end #derive ::> engineMassRequirement;
	}
	
}","I want to create a SysML v2 model for vehicle requirement derivation focusing on mass specifications. The model consists of a package named `VehicleRequirementDerivation` which includes a part called `vehicle`. This part has attributes for the vehicle's mass, as well as for its `chassis` and `engine` sub-parts, each with their mass attributes.

In the model, I define a generic requirement called `MassRequirement`, which specifies a mass limit constraint on the vehicle's mass. I then specify three requirements: `vehicleMassRequirement`, `chassisMassRequirement`, and `engineMassRequirement`, each referencing the corresponding mass attribute for the vehicle, chassis, and engine.

Finally, I want to establish derivation links among these requirements, indicating that the mass requirements for the chassis and engine are derived from the overall vehicle's mass requirement. This comprehensive structure allows for coherent management of mass-related constraints for the vehicle design.","[-1.65107306e-02  2.03726236e-02  5.53734489e-02 -4.03542258e-03
  2.50507407e-02 -9.49242525e-03  1.00864358e-02  6.34684935e-02
 -9.08342972e-02 -5.18280547e-03  2.32050214e-02 -9.81904939e-02
  5.57903349e-02  4.19746451e-02  3.39881051e-03  5.36603341e-03
  5.72379632e-03  7.57946372e-02 -2.87826266e-02  8.24009776e-02
  8.05827752e-02  1.27920276e-02  3.82075459e-02 -3.14332359e-02
 -7.66634867e-02 -6.14575818e-02 -1.28816608e-02  8.85839984e-02
  1.87399983e-02 -4.97093983e-02  7.37483501e-02  3.48409750e-02
  1.01040835e-02 -3.88756618e-02  1.15145892e-01 -2.75700614e-02
 -4.41985810e-03 -2.96015833e-02 -5.83991446e-02 -5.63335326e-03
 -8.32339656e-03 -3.56563330e-02 -4.52973135e-03  7.52197718e-03
  5.76938316e-02  1.13686100e-02  3.01359314e-02  3.70021574e-02
 -2.79759429e-02  3.08870617e-02 -3.20405588e-02  2.15583500e-02
 -2.98353303e-02 -4.69133928e-02  5.11726178e-03  5.79832820e-03
  2.62242109e-02 -3.77129503e-02 -9.34603959e-02 -1.20332697e-02
 -2.91704778e-02 -6.24973699e-03 -8.95393267e-02 -6.42911866e-02
  5.91678591e-03  4.38683033e-02 -3.38959955e-02 -1.75554883e-02
  1.78497806e-02  1.85790896e-01 -3.05881649e-02 -6.06585890e-02
 -1.53181423e-02  3.45024094e-02 -7.37459725e-03  2.11210623e-02
  5.47972098e-02  2.94889677e-02  2.65682992e-02 -7.41160959e-02
 -7.15871602e-02  6.84872642e-02 -4.49402854e-02 -6.65653422e-02
 -1.30003253e-02 -1.10863457e-02  3.73023674e-02  3.12808082e-02
  1.91110577e-02  7.02867210e-02  4.84769791e-02 -1.15886353e-01
  4.97777238e-02  2.90738791e-02  1.06910981e-01  1.23768570e-02
 -3.05957627e-02 -3.86690050e-02  7.06410334e-02 -1.90532170e-02
 -6.01911917e-02  4.09711190e-02  8.93461183e-02  2.48075947e-02
 -6.59655929e-02  4.77638058e-02 -3.94229442e-02  5.06410450e-02
 -5.13548367e-02 -3.83762568e-02  5.20012751e-02  2.71754321e-02
 -1.79285426e-02 -4.77937348e-02  9.04919114e-03  2.63308976e-02
  8.79963934e-02 -5.59702218e-02  6.41770214e-02 -7.12790415e-02
 -6.54217321e-03 -4.94966954e-02  8.12165812e-02  3.11046781e-04
  3.48038301e-02 -4.52349707e-02 -1.12396389e-01  2.23699055e-33
 -6.49627000e-02  9.50649008e-03  6.22375682e-03  9.79544222e-02
 -6.49210736e-02  3.77410278e-02 -9.89857130e-03  2.00924966e-02
 -3.51113221e-03  4.86266427e-02 -7.43351653e-02 -4.19668816e-02
 -1.01490185e-01 -6.30997941e-02  1.70902424e-02 -2.76962165e-02
 -2.97947694e-03  8.08665976e-02 -6.56740274e-04 -3.11656878e-03
  4.02385974e-03 -1.58533473e-02 -4.09330316e-02  4.77979146e-03
  4.25920412e-02  3.91167626e-02  4.58785817e-02  3.33305821e-02
 -5.82603663e-02 -1.18786832e-02  4.29609381e-02 -3.22594047e-02
  6.15569651e-02 -5.31426980e-04 -1.87740754e-02 -4.12170812e-02
 -4.81295027e-02 -6.26955777e-02  6.00780509e-02  1.67868491e-02
  6.98900223e-02 -2.43615955e-02 -1.19767319e-02  3.97770964e-02
 -1.03922710e-01  2.39957441e-02  3.36050009e-03  2.38889325e-02
  4.19719005e-03 -2.49151327e-02  2.05804696e-04  1.17780501e-02
  5.28554842e-02 -6.44257590e-02 -5.22472598e-02 -5.99610992e-03
 -4.64012921e-02  4.13270369e-02 -2.85449019e-03  6.00750856e-02
 -5.75504228e-02  8.93580355e-03  6.39967918e-02  7.04238145e-03
  4.22508791e-02  2.72636563e-02 -6.33350909e-02 -3.88843752e-02
  8.24225135e-03 -7.35408394e-05 -5.09896949e-02 -1.63101535e-02
 -6.03865758e-02  6.42033741e-02  8.66849348e-02 -3.60731930e-02
  3.59304957e-02  9.74339060e-03 -3.75998691e-02 -1.05306227e-02
 -1.30346969e-01  1.87295392e-01 -1.81566793e-02  1.77608832e-04
 -6.64300343e-04 -6.07858077e-02 -3.52053754e-02 -4.89948317e-02
 -4.06101085e-02 -5.73939122e-02 -2.28801183e-02 -5.35353720e-02
 -1.04701772e-01 -3.65560455e-03  2.82654949e-02 -2.66776625e-33
  3.49415117e-03 -3.26973177e-03  5.52039593e-02 -2.85295378e-02
  2.20238324e-02 -6.47536442e-02 -2.29892638e-02 -2.75483243e-02
 -2.52543259e-02  5.07631432e-03  1.82956420e-02 -2.81977616e-02
  6.17516413e-03 -3.24679539e-02 -3.06510814e-02  4.21382561e-02
 -5.29683307e-02 -1.37369514e-01  2.85903886e-02  8.14908221e-02
 -4.58311010e-03  7.98956752e-02 -2.51009688e-03 -7.35926488e-03
  2.11450038e-03 -8.07019696e-03 -3.90207693e-02  3.99368964e-02
  3.45428213e-02  2.83509623e-02  2.19636373e-02 -2.19072904e-02
 -8.16625450e-03 -4.02252935e-03 -4.24285717e-02 -1.16696469e-01
 -1.39399907e-02  1.69410557e-02 -2.15137545e-02  9.15470049e-02
  2.61930972e-02  1.89414844e-02 -3.58711779e-02 -5.43409679e-03
  2.10593157e-02 -3.87056568e-03  7.99118802e-02 -6.12073056e-02
  5.84490858e-02 -7.21213445e-02 -1.38859916e-02 -5.19911088e-02
  7.63124414e-03  2.29514041e-03 -2.74193026e-02  6.14480628e-03
  7.97432140e-02 -4.63597327e-02  3.96854691e-02 -2.76770331e-02
  6.08399622e-02 -5.38448710e-03  3.28616332e-03 -3.07524092e-02
  1.02949571e-02 -4.67942320e-02  7.98314624e-03 -8.90384689e-02
 -3.06120981e-02  2.20446512e-02 -4.79597710e-02 -4.96896952e-02
  3.44524831e-02  5.25985993e-02  2.39835549e-02 -3.83920223e-02
 -9.44242161e-03  8.51482302e-02  1.08846143e-01 -6.86981753e-02
 -5.97208552e-02  1.10699898e-02  5.52396365e-02  1.12614416e-01
 -4.52920701e-03 -4.25849948e-03 -2.80004535e-02  8.14139247e-02
  3.11606135e-02  5.25450334e-02 -5.38816266e-02  1.00191021e-02
  9.89957340e-03  1.35657251e-01 -1.21796139e-01 -5.18364018e-08
 -2.30681673e-02 -7.84802716e-03 -1.09207481e-02 -1.22456448e-02
 -7.73072848e-03  7.01359212e-02 -8.88441950e-02 -6.03577048e-02
  1.07444944e-02  5.28280623e-02 -2.17727926e-02  3.25248167e-02
  4.51311655e-03  2.87243687e-02 -8.21733028e-02  6.55488223e-02
 -2.55223736e-02  4.85822074e-02 -6.16505705e-02 -3.50053422e-02
  1.60495117e-02  3.42382826e-02 -9.26037226e-03  7.72821978e-02
  1.16068535e-01 -8.44471529e-02 -1.99835394e-02  1.44114029e-02
  6.73855543e-02  3.61152850e-02  4.28074747e-02  3.48352119e-02
  1.94580704e-02  1.00451419e-02  2.15083305e-02  1.07298000e-03
 -5.38723096e-02  1.57737099e-02  8.72030854e-02  9.39140748e-03
  4.07211520e-02  1.88313555e-02  1.57065354e-02  4.04868424e-02
  7.95855597e-02  6.35741577e-02 -1.65508851e-01 -6.13260008e-02
 -7.74271935e-02  3.02510392e-02  1.73517764e-02 -3.14734355e-02
 -5.48268855e-02  1.03465453e-01 -5.07020876e-02 -1.00230230e-02
  5.29858749e-03  5.18858097e-02  8.36705863e-02 -9.24776047e-02
  2.83867903e-02  7.67048895e-02  4.57264669e-02 -2.57505514e-02]"
47,../models/Room Model/RoomModel.sysml,"// SysML v2 Interpretation of the SysML v1 Room Connection Example
package RoomModel { 
    package RoomDefinitionModelLibrary{
        private import Port_Definitions::*;
        private import Flow_Definitions::*;
        package Part_Definitions{
            // Rooms
            part def Classroom {
                port classEntry: EntryWay_to_Classroom;
            }
            part def Storageroom {
                port storageEntry: EntryWay_to_Storageroom;
            }
            part def Hallway {
                // conjugate ports with ~
                port hallExit_to_Classroom: ~EntryWay_to_Classroom;
                port hallExit_to_Storageroom: ~EntryWay_to_Storageroom;
            }
        }
        package Port_Definitions{
            port def EntryWay_to_Classroom {
                //flow properties
                in ref student:Student;
                in ref teacher:Teacher;
                in ref furniture:Furniture;
                in ref air:Air;
            }
            port def EntryWay_to_Storageroom {
                //flow properties
                in ref furniture:  Furniture;
                in ref air: Air;
            }
        }
        package Flow_Definitions {
                // Conveyed items between Hallway, Classroom, and Storageroom
                part def Air;
                part def Furniture;
                part def Student;
                part def Teacher;
        }
    }
    package Room_Configuration{
        // defining the parts and their interconnection in context 
        private import RoomDefinitionModelLibrary::*;
        private import RoomDefinitionModelLibrary::Part_Definitions::*;
        private import RoomDefinitionModelLibrary::Port_Definitions::*;
        private import RoomDefinitionModelLibrary::Flow_Definitions::*;
        part roomContext{
            part c:Classroom;
            part s:Storageroom;
            part h:Hallway;
            
    		//  Connectors and item flows between hallway and classroom
            flow HallToClassroom_Air
                from h.hallExit_to_Classroom.air
                to c.classEntry.air;
            flow HallToClassroom_Furniture
                from h.hallExit_to_Classroom.furniture
                to c.classEntry.furniture;
            flow HallToClassroom_Student
                from h.hallExit_to_Classroom.student
                to c.classEntry.student;
            flow HallToClassroom_Teacher
                from h.hallExit_to_Classroom.teacher
                to c.classEntry.teacher;
            flow HallToStorageroom_Air
                from h.hallExit_to_Storageroom.air
                to s.storageEntry.air;
            flow HallToStorageroom_Furniture
                from h.hallExit_to_Storageroom.furniture
                to s.storageEntry.furniture;
        }
    }
}



","To generate the SysML v2 model for the Room Connection Example, I want to encapsulate a simple architecture for a room layout, highlighting the interconnections between different room types (Classroom, Storageroom, and Hallway) using defined ports and flow properties. Here's the concise description of the model:

**Model Purpose:** Define a room configuration with connections and item flows among a Classroom, a Storageroom, and a Hallway.

1. **Packages:** 
   - The **RoomModel** package contains all relevant definitions.
   - Inside it, the **RoomDefinitionModelLibrary** stores the essential part definitions (Classroom, Storageroom, Hallway), port definitions (entry and exit points), and flow definitions (Student, Teacher, Furniture, Air).

2. **Parts:**
   - **Classroom**: Includes a port for entering (classEntry).
   - **Storageroom**: Includes a port for entering (storageEntry).
   - **Hallway**: Contains conjugate ports for exiting to the Classroom and Storageroom.

3. **Ports:** 
   - The **EntryWay_to_Classroom** handles flows for students, teachers, furniture, and air.
   - The **EntryWay_to_Storageroom** manages flow for furniture and air.

4. **Flows:**
   - Defined flows specify the transfer of air, furniture, students, and teachers between the Hallway and Classroom, as well as the Hallway and Storageroom, ensuring seamless movement of these elements.

5. **Configuration Context:** 
   - Demonstrates the assembly of the Classroom, Storageroom, and Hallway, establishing all connection points and item flows within a coherent room layout context.

This description serves as a foundation for modeling a functional representation of a room system, focusing on parts, ports, and flow definitions to handle various elements and facilitate interaction between them in a structured manner.","[ 2.59461300e-03 -4.85550277e-02 -1.94655452e-02  3.03912815e-03
 -4.74254936e-02  2.66950973e-03  7.03726616e-03 -2.66692543e-04
 -5.05851656e-02  4.22363868e-03  2.47177389e-02 -5.79237230e-02
  4.88481633e-02  3.46811228e-02  4.86745946e-02  1.51105300e-02
  2.09996216e-02 -2.84513868e-02 -1.53468186e-02  9.28206071e-02
  6.39756322e-02  1.46188261e-02 -2.33948603e-02 -4.93193790e-02
 -5.91266230e-02  2.19550496e-03  6.57970011e-02  4.49365452e-02
  5.99443913e-02 -9.18526351e-02  3.63606587e-02  5.82383946e-02
 -4.98676859e-02  1.44437812e-02  1.12964965e-01  1.88431069e-02
  1.15907036e-01 -5.21423742e-02 -6.84711933e-02 -6.93490729e-02
 -4.08457796e-04 -3.91213549e-03  8.30788631e-03  9.93225817e-03
 -1.09730810e-02 -2.59096678e-02 -4.62595820e-02 -8.25352520e-02
 -1.08020948e-02 -4.88641523e-02 -4.10075337e-02  1.46423783e-02
  9.08448827e-03  6.65242597e-02 -2.64841449e-02  7.62948841e-02
  4.83021177e-02 -1.29962396e-02 -8.48140940e-02 -4.30411100e-02
  1.07312920e-02 -1.73582267e-02 -3.77373062e-02 -4.46213931e-02
 -9.10419449e-02  1.92597341e-02 -6.45394251e-02  6.06096722e-02
  8.27483982e-02  3.15858051e-02 -1.07360937e-01 -3.61503698e-02
  1.94363706e-02  6.97253877e-03  5.83314709e-02 -7.89199397e-03
  3.93698961e-02  9.48219281e-03  3.36989798e-02 -1.16542600e-01
 -4.97577973e-02  5.29987551e-03 -8.11523274e-02 -6.87273126e-03
 -2.39864811e-02  1.34742958e-02 -1.70710217e-02 -2.04857532e-02
 -1.99709274e-02  2.18010563e-02 -1.10327369e-02 -1.38735613e-02
  1.50726475e-02 -6.03495501e-02  9.82091799e-02  1.99901611e-02
 -5.07269017e-02 -4.90138717e-02  1.97139177e-02  1.34921158e-02
 -9.06569287e-02  5.29495366e-02  8.49653929e-02 -3.40891592e-02
 -3.95771973e-02 -4.07078937e-02 -1.66204618e-03 -1.76252592e-02
 -6.65938556e-02 -1.01247072e-01 -5.00628352e-02  6.74656779e-02
 -1.66173726e-02 -4.18713465e-02  3.01211383e-02  3.47004384e-02
  6.81952983e-02 -3.98537032e-02  7.64609724e-02  1.33788586e-03
  1.42236017e-02 -1.39145022e-02  4.93984073e-02  2.85231397e-02
  1.05999336e-02 -5.76955564e-02 -7.51662552e-02  4.70346927e-34
 -3.79864760e-02 -2.23973449e-02 -5.76737560e-02  1.44629255e-01
  1.15904994e-01  7.73158669e-02  3.07873376e-02  2.09007785e-02
  2.22012885e-02  4.88846265e-02 -8.78593624e-02 -4.90479246e-02
 -9.25982893e-02  1.32988710e-02  2.90509444e-02 -2.77891941e-02
 -6.25633523e-02  7.42872208e-02 -2.13222578e-02  6.02315925e-02
  2.88408641e-02  3.24989632e-02 -5.85183389e-02 -2.01843567e-02
  4.19466384e-02  4.65516634e-02  3.16629335e-02  2.22428720e-02
 -4.88965400e-02  2.57429704e-02  3.78323272e-02  2.46114819e-03
 -5.20073948e-03  2.99382787e-02 -2.82521099e-02 -5.95968682e-03
  1.60645880e-03  7.35432748e-03  1.86796859e-02 -7.81669542e-02
 -4.31855917e-02 -1.61730498e-02 -1.36222001e-02  6.01160079e-02
 -5.25800735e-02 -1.37256877e-02 -2.14127135e-02  2.15538684e-02
  6.70391917e-02 -3.96251418e-02  1.46166487e-02  1.79903116e-03
 -4.03705277e-02 -1.71533553e-03 -4.36903387e-02 -8.93631056e-02
 -1.70385335e-02  8.92830417e-02 -2.31342129e-02  5.40972948e-02
 -1.99465882e-02  9.36456993e-02 -1.67009477e-02  5.46921566e-02
  5.77722006e-02  4.77964943e-03 -5.37499674e-02 -9.91831422e-02
  1.18972167e-01 -6.21885471e-02 -8.72774497e-02  5.13464436e-02
 -4.58901376e-02  4.50882167e-02  2.74528768e-02 -6.82312921e-02
 -1.60637479e-02  6.52382988e-03 -1.98676474e-02  2.54604296e-04
 -8.86695534e-02  8.63141716e-02 -4.71116230e-03  4.64221463e-02
  1.42385568e-02 -6.32899478e-02  3.11532561e-02 -6.85733482e-02
 -6.62344694e-02 -6.30744398e-02  1.66149549e-02 -3.01587116e-02
  2.52970308e-02 -7.67652458e-03 -1.46051329e-02 -3.84284054e-33
  2.78681591e-02  1.87819488e-02  3.83730209e-03 -4.97589000e-02
 -2.03327439e-03 -2.17521228e-02  5.70760050e-04 -3.65126133e-02
  2.86844149e-02  2.10162327e-02  2.82921400e-02  6.90754876e-02
  5.96997291e-02 -2.43221801e-02 -6.87151100e-04  5.12688886e-03
  2.77177766e-02 -2.08043754e-01  5.87559678e-02  6.55053407e-02
 -1.42322537e-02  8.55382010e-02 -2.24799272e-02 -3.05206440e-02
 -3.53550352e-02 -2.06848606e-02 -1.33752432e-02  3.03229000e-02
  3.88332270e-02  5.62639125e-02  1.30877355e-02 -1.51374051e-02
  4.76257913e-02  2.36444408e-03 -6.21879026e-02 -8.87538344e-02
 -1.20796887e-02  6.31306972e-03 -5.09337559e-02 -3.41358967e-02
  3.92648801e-02 -2.19166875e-02 -1.07048228e-01  5.00068208e-03
  1.42640229e-02  1.31598245e-02 -6.45494973e-03 -5.72184213e-02
 -8.06583911e-02 -3.87907363e-02 -3.77866179e-02 -2.17117071e-02
 -3.43679190e-02 -4.92831692e-02  8.71887989e-03  9.22662318e-02
  4.22989205e-02 -4.22496274e-02  5.17261587e-02  8.43020231e-02
  5.81417792e-02 -2.57985517e-02  7.48559320e-03  1.35717979e-02
  8.43191613e-03 -1.83806010e-02 -5.36961183e-02 -4.75853421e-02
 -1.32728973e-03  9.41845309e-03 -1.63513888e-02  7.48023689e-02
 -1.74542125e-02  7.10614026e-02  8.17998722e-02 -7.95366988e-03
 -3.22279111e-02  4.95310165e-02  6.87607527e-02  2.58220192e-02
 -1.57303035e-01  2.49203444e-02 -6.07749820e-02  2.96924859e-02
  2.65634824e-02 -7.31311515e-02  2.29723640e-02  8.02933946e-02
 -6.15497911e-03 -1.43758776e-02 -5.58870845e-02  2.42602322e-02
 -2.32567545e-02  9.70183536e-02 -4.13714722e-03 -5.54443211e-08
 -7.53166303e-02 -1.58551801e-02 -1.18950093e-02 -4.57310770e-03
 -4.90597971e-02 -1.99095849e-02 -2.65077185e-02  2.11170558e-02
  8.18373263e-03  5.50192073e-02 -6.27977327e-02  7.24670589e-02
 -1.99971069e-02  4.00012778e-03 -3.97696719e-02  6.85693547e-02
 -2.17154436e-02  7.17619725e-04 -5.01936525e-02 -2.58902386e-02
  1.14109308e-01 -4.05657813e-02 -7.03117484e-03  9.29788053e-02
  5.30614853e-02 -3.46782990e-02 -4.58357781e-02 -6.35672500e-03
  2.33658403e-02 -4.99752862e-03  7.90728107e-02 -9.12041869e-03
  3.05175111e-02  1.13047630e-01 -6.37333840e-02  6.72790557e-02
 -3.80552188e-02  1.49948988e-02  6.83571473e-02  6.10358380e-02
 -2.40470981e-03 -8.84917825e-02 -9.83016267e-02 -1.67783741e-02
  7.93352127e-02  5.74752055e-02 -5.53589612e-02 -2.52024960e-02
 -2.31529158e-02  9.29163396e-02 -9.75124538e-02  4.55966331e-02
 -5.19763082e-02  5.47227124e-03 -2.68505812e-02  4.07556407e-02
 -2.88296472e-02 -4.44337679e-03  6.76541254e-02 -4.14370522e-02
 -3.84022444e-02  1.49625495e-01 -5.11645675e-02  1.67247150e-02]"
48,../models/Simple Tests/ActionTest.sysml,"package ActionTest {
	action def A{ in x; }
	
	action a: A { 
		first start;
		
		action b { in y = x; }
		
		bind x = b.y;
	}
	
	attribute def S;
	
	action a1 {
		first start;		
		then merge m;
		then accept S;
		then accept sig after 10[SI::s]; 
		then accept at Time::Iso8601DateTime(""2022-01-30T01:00:00Z"");
		
		then send S() to b;
		then accept when b.f;
		then decide;
			if true then m;
			else done;
	}
	
	action a2 {
		in s : S;
		action aa {
			out part target;
		}
		flow aa.target to snd.receiver;
		action snd send { 
			:>> payload = s;
		}
		action snd2 send via this to aa.target;
		bind s = snd2.payload;
	}
	
	action b {
		attribute f : ScalarValues::Boolean;
		ref action a : A;
	}
	
	action def c {
		first start;
		then action c1 {
			terminate c1;
		}
		then terminate;
	}	
}","In this SysML v2 model called `ActionTest`, I intend to create a structured representation of actions, attributes, and processes that demonstrate interactions and data flow.

1. **Action Definition**:
   - An action `A` is defined with input parameter `x`.
   - Within action `a`, `A` starts first and defines a nested action `b` that assigns the input `y` as the value of `x`. The variable `x` is bound to `b.y`.

2. **Attribute Definition**:
   - An attribute `S` is defined to store a value as part of the model.

3. **Complex Action Flow**:
   - Action `a1` features multiple sequential steps: starting, merging another action `m`, accepting the attribute `S`, processing a signal after 10 time units, and accepting a date-time value.
   - It sends `S` to the action `b` and waits for the completion signal `b.f` before deciding on the next action based on a condition.

4. **Additional Action `a2`**:
   - Action `a2` takes an input of type `S` and defines a nested action `aa` to output a target part.
   - The `aa.target` is linked to the sender’s receiver, and two sending actions (`snd` and `snd2`) are defined to handle the payload. The payload from `snd2` is bound to the variable `s`.

5. **Action `b`**:
   - It contains an attribute `f` of type `Boolean` and a reference to action `A`.

6. **Termination Action**:
   - Action `c` starts and contains a nested action `c1` which is designed to terminate itself before the outer action completes its termination.

The model captures complex interactions and controls between actions while allowing for data binding and flow management.","[-5.22080846e-02 -3.33492160e-02 -1.64214410e-02  4.85518016e-02
 -2.82029938e-02  9.61218774e-03  3.55656147e-02 -1.02928253e-02
  3.84153910e-02  5.35385311e-02  3.78730632e-02 -5.08540822e-03
  1.29155442e-03  4.44552079e-02  5.18398993e-02  6.12793081e-02
 -1.78353731e-02 -3.95612419e-02 -6.44823983e-02 -9.04940534e-03
  5.91901727e-02 -2.68797372e-02 -1.37428958e-02  6.80016261e-03
 -7.45905414e-02 -1.81590095e-02 -3.92009355e-02  1.53876739e-02
  7.72375613e-02 -8.12795758e-02  5.47583997e-02  6.03851266e-02
  2.46346625e-03  2.94670053e-02  4.64022942e-02  9.54264030e-02
  7.86078051e-02 -6.35876283e-02 -9.53622460e-02 -6.70927465e-02
  5.41269816e-02 -9.73107666e-03  1.80874225e-02 -4.51607853e-02
  1.22061325e-02  1.06086181e-02  1.07365604e-02 -3.24352458e-02
 -7.14204684e-02  7.71992188e-03 -9.00646076e-02 -1.17699290e-02
  2.94248853e-03 -1.17461476e-02  5.60677471e-03  1.87100600e-02
  4.52592522e-02 -4.83826064e-02 -7.14504570e-02 -5.29898815e-02
 -5.78806996e-02 -2.94732358e-02 -5.91007769e-02 -3.36296223e-02
 -5.06356638e-03  2.73750462e-02 -2.99031977e-02 -9.89772473e-03
  5.05090877e-02  7.95194209e-02 -3.37191932e-02 -3.69733423e-02
 -5.93412407e-02 -1.24804964e-02  1.51755493e-02 -3.89971510e-02
  2.06888188e-02 -3.57712284e-02 -4.85390015e-02 -1.10022373e-01
 -3.24358679e-02 -3.26475315e-02 -1.00236379e-01 -1.00815659e-02
  3.26685533e-02 -3.35665941e-02 -3.58964270e-03 -4.59435731e-02
  7.76976869e-02  6.89423159e-02 -1.74272582e-02 -4.18646038e-02
  1.75227765e-02  3.30543071e-02  8.62678066e-02  2.65186131e-02
  1.08741298e-02  3.88954463e-03  1.47832232e-02  3.46306711e-02
 -9.05077532e-03  6.79089502e-02  4.07525711e-02 -2.68953722e-02
  3.08929384e-02 -2.45447736e-02 -3.54686305e-02 -4.99106981e-02
 -7.19202086e-02 -5.66358790e-02 -4.43666317e-02  5.66879148e-03
  6.27432540e-02 -8.62743706e-04  4.88743894e-02  4.16853689e-02
  6.14438280e-02  9.10358271e-04  2.69942824e-03 -1.88466199e-02
  6.77172989e-02 -1.08872261e-03  3.00352015e-02  4.55551110e-02
  3.48169357e-02 -6.47872165e-02 -7.25984946e-02 -1.42672569e-33
 -1.24016339e-02 -3.70317623e-02 -2.47709807e-02  8.96228328e-02
 -2.40185531e-03  1.06632419e-01  5.76339811e-02 -3.40320133e-02
 -6.71865011e-04  8.72015879e-02 -7.36252815e-02 -5.94087876e-02
 -1.29574789e-02  1.71260331e-02 -4.79625072e-03 -2.32534576e-02
  6.21448446e-04  4.79253978e-02 -6.07155971e-02  2.06753239e-02
  1.07769407e-01 -1.02840858e-02 -1.10064648e-01 -1.17389848e-02
  2.69908737e-02  1.33915152e-02  3.48960236e-02  1.98072102e-02
 -9.57146585e-02 -4.50460240e-03  3.34556177e-02  1.07234046e-02
 -1.92091633e-02  7.36006647e-02  1.37383007e-02  2.08667032e-02
  7.46734440e-02 -4.66138572e-02  8.23882967e-02 -6.83190525e-02
  8.74887872e-03  4.14046785e-03 -4.43626121e-02  2.16636807e-02
 -7.16612935e-02 -1.04510143e-01 -5.70918694e-02  4.05229628e-02
 -1.59095004e-02 -1.95369776e-02  8.03507045e-02  2.81293802e-02
  7.39101917e-02 -4.75643165e-02 -6.56824335e-02  1.75839644e-02
 -4.02603038e-02  2.45524477e-02 -2.53225528e-02  1.19635396e-01
  4.40842733e-02 -1.07027330e-02 -4.60537151e-02  4.06410396e-02
 -3.49964052e-02  5.49503677e-02 -1.77774262e-02 -3.06086279e-02
  1.12393506e-01 -2.62642428e-02 -7.56319240e-02  7.22402409e-02
 -4.67377864e-02  4.86354716e-03  5.89328147e-02 -8.01769719e-02
  1.23004215e-02 -7.15520084e-02  1.32629171e-03  2.42585056e-02
 -8.45630839e-02  4.08686101e-02 -7.17108324e-02  7.81420544e-02
  6.19324669e-03 -8.52341056e-02 -2.38575861e-02 -7.60163888e-02
 -1.05367094e-01 -1.10480465e-01 -3.06777935e-02 -5.45081049e-02
 -6.45163702e-04 -8.10798071e-03  1.06105134e-01 -2.28761450e-33
  4.67577986e-02  2.08358932e-02 -1.13146435e-02  1.66199729e-02
  6.66482281e-03 -8.74862969e-02  5.43335043e-02 -2.97272950e-02
 -4.55845799e-03 -5.49889402e-04 -5.58794253e-02  1.00877434e-02
 -3.29675637e-02 -2.81111225e-02  6.15438744e-02 -1.39652602e-02
 -1.73162073e-02 -1.50216952e-01  7.56968334e-02  3.78289036e-02
 -5.54491952e-02  1.24489971e-01 -1.57173034e-02  2.66778115e-02
 -4.40794565e-02 -2.24423688e-03  1.38653079e-02  4.87354212e-02
  7.37242028e-02  3.89906131e-02 -1.85714744e-03 -5.47606088e-02
 -1.69833358e-02  1.38356891e-02 -5.18003777e-02 -7.68265650e-02
  6.62481319e-03 -5.25023118e-02  1.10571831e-02  3.71870548e-02
  8.11483935e-02  4.17203903e-02 -4.40130606e-02  6.11217655e-02
  6.79807365e-02  6.58341274e-02  3.64658013e-02 -1.80607215e-02
 -7.64670521e-02 -9.23368782e-02 -1.29067283e-02 -2.52050702e-02
 -2.36075521e-02  2.12699305e-02 -2.45214207e-03  1.05632935e-02
  1.96024831e-02 -7.90615827e-02 -5.04531339e-02 -3.65200080e-02
 -4.43366589e-03  4.27580662e-02  2.03064308e-02  4.08357149e-03
  2.66303588e-02  4.64275619e-03 -2.12908406e-02 -8.47959146e-02
  2.55156253e-02 -6.09875135e-02  3.64979133e-02  1.81414913e-02
 -4.12506387e-02  4.45489101e-02  5.95043860e-02 -6.71389624e-02
 -7.99075291e-02  1.30348848e-02  8.29762444e-02 -2.89251152e-02
 -1.60334766e-01  1.23622296e-02  2.35892721e-02  8.30695704e-02
 -3.01316269e-02  3.73856090e-02 -1.50948465e-02  1.64012089e-01
  9.51804034e-03 -7.58309243e-03 -3.13419737e-02  4.07746546e-02
 -8.78846645e-03  1.20488934e-01 -9.08575654e-02 -5.64510074e-08
 -7.36828074e-02  2.47593299e-02  2.26109698e-02  3.80046703e-02
 -9.40893590e-03  1.43275214e-02 -5.91237657e-02 -1.34021966e-02
  5.61817773e-02 -2.65258877e-03  7.98892754e-04  3.24338786e-02
 -1.78893749e-02 -6.89996630e-02 -2.85409819e-02 -1.05326511e-02
  2.45575351e-03 -2.50119120e-02 -7.02557117e-02  3.51743251e-02
  8.58825967e-02  2.14975104e-02 -6.50282428e-02  3.96978632e-02
  2.06807982e-02 -4.03870791e-02 -8.09240714e-03  6.23253658e-02
  4.17720340e-02  8.97653960e-03  9.53958705e-02  3.96454185e-02
  4.04816009e-02  1.03517450e-01 -7.99886659e-02  1.74961693e-03
  5.09432517e-02  4.93084139e-04  3.09159663e-02  7.30520673e-03
 -1.83087550e-02 -1.47621641e-02 -2.96168420e-02 -4.68802545e-03
 -1.77453458e-02  5.44358715e-02 -9.79722068e-02 -1.25479966e-01
  2.87867244e-02  4.05736603e-02 -3.50315385e-02  3.08599845e-02
 -6.59336746e-02  1.21347986e-01 -2.22960021e-02  2.19261479e-02
  3.36859487e-02 -3.30798402e-02  5.03430404e-02 -6.47152495e-03
  2.36599240e-02 -1.83626600e-02 -7.87095204e-02  1.50901014e-02]"
49,../models/Simple Tests/AliasTest.sysml,"package AliasTest {
	private import ISQSpaceTime::breadth; // import of an alias
	attribute b :> breadth;
	
    part def P1 {
        port porig1;
        alias po1 for porig1;
    }

    part p1 : P1 {
        port po1 :>> po1;
    }

    part p2 : P1 {
        port pdest;
        alias pd1 for pdest;
    }


    connect p1.po1 to p2.pdest;
	connect p1.po1 to p2.pd1;
}","To generate a SysML v2 model for the given description, I would create a package named `AliasTest`. Within this package, I would import the alias `breadth` from the `ISQSpaceTime` package and define an attribute `b` that uses this alias.

Next, I would define a part `P1`, which includes a port named `porig1` and an alias `po1` for this port. I would create two instances of `P1`: `p1` and `p2`. For `p1`, I would connect the port `po1` to its alias. For `p2`, I would define a port named `pdest` and also create an alias `pd1` for this port.

Finally, I would establish connections between `p1.po1` and both `p2.pdest` and `p2.pd1`. This structure allows for aliasing and connections between the defined parts within the model.","[-3.66802625e-02 -3.37542444e-02 -2.40298416e-02 -1.05322041e-02
 -5.52377105e-02 -5.19443937e-02  1.68186612e-03  6.12473302e-02
 -7.06939921e-02  2.49847490e-02  2.47199535e-02 -6.94645122e-02
  4.45513315e-02  5.82311526e-02  3.82324830e-02  2.89670210e-02
  3.65291648e-02 -5.41908927e-02  4.52612191e-02  1.89705510e-02
  3.68867666e-02  1.44364424e-02 -2.48588976e-02 -1.14541175e-02
 -1.04590669e-01 -5.20749129e-02  5.56033514e-02  7.15812519e-02
  6.19279072e-02 -7.69178495e-02  3.78828086e-02  9.60008800e-02
 -8.62916112e-02  2.66154408e-02  8.05170983e-02  4.93959077e-02
  7.17621222e-02 -2.63047013e-02 -6.09334297e-02 -5.44152409e-02
  1.11819431e-01 -4.10277769e-02 -1.23034725e-02 -2.11186595e-02
  1.21239740e-02 -7.67813623e-02  1.74450651e-02  4.97443527e-02
 -4.49244902e-02 -5.79114668e-02 -5.84287867e-02 -6.37609214e-02
 -5.66962659e-02 -2.28313133e-02  1.69410091e-02  3.02572548e-02
  6.02916740e-02 -5.67951985e-03 -1.33330971e-01  2.99939275e-04
 -6.31171390e-02  4.70160022e-02 -4.26098146e-02 -4.72596139e-02
 -3.89371403e-02  2.14036386e-02 -2.21117530e-02  6.01561219e-02
  7.12867081e-02  6.08999841e-02 -1.36768177e-01 -2.69478206e-02
 -5.27084693e-02 -1.03505859e-02 -3.60300466e-02  4.52726297e-02
  6.93685040e-02  2.17812154e-02 -1.29254907e-02 -1.24753751e-01
 -6.90804496e-02  1.57085131e-03 -1.16199255e-01  1.74770399e-03
 -6.18929602e-03  1.15396539e-02 -4.29264503e-04 -3.96965817e-02
  4.82051149e-02 -4.25456055e-02  1.44162057e-02 -4.13497277e-02
  2.26247068e-02 -2.17747893e-02  4.84956540e-02  7.31282681e-02
  5.99701144e-02  1.48949977e-02  9.53206494e-02  3.32489014e-02
 -6.10630773e-02  3.85172106e-02 -4.33791103e-03 -2.07734574e-02
 -5.02231941e-02  4.90604527e-02 -3.64746340e-02 -9.41840336e-02
  1.50182955e-02 -6.14384934e-02  3.78041505e-03  9.84672904e-02
 -4.34336532e-03 -6.13532551e-02  5.07694185e-02  3.39906886e-02
  1.38253309e-02 -1.44779030e-02  1.82528142e-02 -5.92325479e-02
 -1.52756609e-02  2.57311203e-02  6.77865371e-02  2.17511058e-02
  4.02606539e-02 -2.94281123e-03 -1.45876398e-02 -3.68875109e-34
  1.75784528e-02 -4.12906474e-03  3.69523838e-03  1.07494377e-01
  6.77421913e-02  9.21125859e-02  5.77802472e-02  1.63077414e-02
 -4.98682894e-02  5.18243350e-02 -8.64677951e-02 -5.38834669e-02
 -5.80300391e-02 -2.23453064e-02 -2.12182160e-02 -6.54606242e-03
 -1.78130921e-02  6.68503568e-02  2.14386750e-02  4.03195135e-02
  5.05398251e-02 -8.46616738e-03 -9.77180749e-02 -7.26971484e-04
  9.91371572e-02  3.72355431e-02  1.95393693e-02  1.59346145e-02
  1.02954367e-02 -1.09000970e-03  2.39051413e-02  3.10403556e-02
 -6.61638156e-02  6.12021089e-02 -2.24544778e-02 -2.06175204e-02
  1.12841288e-02  2.20589223e-03  7.28198187e-03 -6.07180148e-02
  3.74819972e-02 -1.28682926e-02 -3.97157902e-03  8.29947181e-03
 -4.08926718e-02 -4.71365228e-02 -7.10310489e-02  1.69501286e-02
  6.56340793e-02 -9.27064940e-02  6.96963742e-02 -4.81233634e-02
  6.15838058e-02  5.14284633e-02 -6.61916584e-02 -2.46281605e-02
 -6.23705098e-03  4.37365426e-03  2.18354352e-02  1.10575289e-01
  1.41202966e-02  1.05108004e-02 -5.33612669e-02  2.89365221e-02
  4.97543812e-02  2.61633042e-02 -3.80031043e-03 -6.15663528e-02
  1.12906322e-01  6.08845912e-02 -3.39465179e-02  3.54794003e-02
 -3.31829451e-02  6.88889399e-02  3.10814884e-02 -7.24533871e-02
  6.61183288e-03  3.11686788e-02 -1.86185725e-02  5.31670190e-02
 -1.08733818e-01  7.25293458e-02 -6.35600090e-02  5.09970821e-02
  4.20728140e-03 -7.07381070e-02  3.80322384e-03 -5.61008677e-02
 -7.23339692e-02 -1.29885554e-01 -5.52019477e-02 -7.51285814e-03
  6.81245774e-02 -1.89061146e-02  1.48173049e-02 -1.94874298e-33
  1.68743562e-02  2.07229443e-02  7.19351247e-02  1.50099183e-02
 -4.24489491e-02 -9.67193544e-02  3.22152004e-02  1.04613276e-03
 -5.99180162e-02  4.54152636e-02 -5.04880995e-02  1.15061586e-03
  6.95017129e-02 -7.50059783e-02 -7.41701899e-03  1.73802767e-02
  1.63444690e-02 -1.62695855e-01  2.89763622e-02  1.19545698e-01
 -1.79655179e-02  4.46269810e-02  4.73592430e-03 -3.98124605e-02
 -2.27652360e-02  1.96729247e-02  5.21893129e-02 -2.63481885e-02
 -8.96770284e-02  4.31767628e-02  2.14993395e-02  1.51672112e-02
  2.55037565e-03 -9.19042230e-02 -9.24096629e-02 -2.72525456e-02
 -2.36447565e-02 -4.44355123e-02 -7.35113863e-03 -1.93272512e-02
  3.90483811e-02  3.10017765e-02 -1.02535874e-01  4.92741913e-02
  4.58361488e-03  5.62028550e-02 -4.00231034e-02 -1.39633268e-02
 -4.42322679e-02 -2.52521727e-02 -4.69972752e-02  3.09637021e-02
  3.10661569e-02  2.54842862e-02 -2.90495269e-02 -1.10980216e-03
 -1.32556185e-02 -1.55517124e-02  5.38913235e-02  2.29316913e-02
  4.60058004e-02 -3.31850424e-02 -1.15010503e-03 -1.83970624e-04
 -5.31786308e-03 -4.43646573e-02 -3.14554945e-02 -4.36261483e-02
 -7.27428310e-03 -4.50590253e-02 -9.63225029e-03  4.21789438e-02
 -4.81168777e-02  6.67151734e-02  4.75512333e-02 -3.08675691e-02
 -7.39431232e-02  7.74814114e-02  6.29668757e-02  7.65993595e-02
 -9.47676003e-02  4.61158482e-03 -4.05724794e-02  6.71429783e-02
 -6.18620999e-02 -1.91489831e-02  4.89763990e-02  9.60353315e-02
  8.44133832e-03 -3.40935625e-02 -6.42210916e-02  3.03596146e-02
 -2.72257496e-02  1.20958135e-01 -3.83262113e-02 -4.91239085e-08
 -2.53691934e-02 -5.82391396e-03  6.54974952e-03  1.29150348e-02
 -8.09883699e-02  3.26704644e-02 -1.14064090e-01 -2.39894353e-03
  4.27288972e-02  5.67350760e-02 -6.14784621e-02  4.38375920e-02
 -5.87566905e-02  1.28468079e-02 -3.06543428e-02  7.16496557e-02
  2.25274041e-02 -3.75891948e-04 -6.81597888e-02 -3.25974077e-02
  5.77698760e-02  7.23294914e-02  1.18146027e-02  5.86119555e-02
  2.21506450e-02 -1.57167390e-02  1.44753447e-02 -3.85349020e-02
  5.31829111e-02 -8.37034546e-03  7.01856166e-02 -1.25884754e-03
 -7.65527645e-03  1.09880313e-01  1.24778654e-02  2.70363763e-02
 -5.94424270e-02  1.54861836e-02  9.40720886e-02  9.19976979e-02
 -1.71119440e-02 -1.90947820e-02 -5.94312400e-02 -4.76342429e-05
  3.33978124e-02 -1.93302669e-02 -5.02712391e-02 -8.31969157e-02
  1.28692435e-02  5.89284338e-02 -4.87040579e-02  3.84725034e-02
 -1.89196542e-02  1.48921339e-02 -7.84753859e-02  4.74402010e-02
 -5.88043742e-02  1.01785746e-03  1.77082401e-02 -5.40199429e-02
 -4.84225107e-03  2.75965650e-02 -6.44762185e-04  1.81223620e-02]"
50,../models/Simple Tests/AllocationTest.sysml,"package AllocationTest {
	part def Logical {
		part component;
	}
	
	part def Physical {
		part assembly {
			part element;
		}
	}
	
	part l : Logical {
		part :>> component;
	}
	part p : Physical {
		part :>> assembly {
			part :>> element;
		}
	}
	
	allocation def A;
	
	allocation def Logical_to_Physical :> A {
		end logical : Logical;
		end physical : Physical;
	}
	
	allocation allocation1 : Logical_to_Physical allocate l to p;	
	allocation allocation2 : Logical_to_Physical allocate (
		logical ::> l,
		physical ::> p
	);

	allocate l.component to p.assembly.element;
}","I want to create a SysML v2 model named ""AllocationTest"". This model consists of two main parts: ""Logical"" and ""Physical."" 

- **Logical** contains a component.
- **Physical** includes an assembly that contains an element.

I define instances for these parts:
- ""l"" as an instance of Logical, which contains a component.
- ""p"" as an instance of Physical, which contains an assembly that has an element.

Next, I define an allocation named ""A"" and a specific allocation type ""Logical_to_Physical"" that connects my logical and physical components.

I create two specific allocations:
1. ""allocation1"" linking instance ""l"" to instance ""p"".
2. ""allocation2"" is a broader allocation that connects the logical and physical instances directly.

Finally, I explicitly allocate the logical component from ""l"" to the physical element in ""p"". 

The overall model captures the mapping of logical components to physical implementations, facilitating allocation verification and analysis.","[ 4.24628556e-02 -9.49640200e-02 -8.76254402e-03  6.90910816e-02
 -4.23889346e-02 -4.41321023e-02  6.22459725e-02 -4.54971157e-02
 -1.67511124e-02  3.70873287e-02  2.35205702e-02 -5.60276434e-02
  4.19432819e-02  1.02921903e-01  1.30366329e-02  4.96335141e-03
  3.71789448e-02 -3.09302914e-03 -2.73071826e-02  1.14288308e-01
  9.80155244e-02  4.63923207e-03 -1.33981220e-02  5.28210215e-02
 -7.44061843e-02 -5.51721454e-02 -8.60903133e-03  7.90767074e-02
  6.18073605e-02 -7.40615502e-02  5.74489124e-02  5.22376448e-02
 -8.88262466e-02  5.37133105e-02  1.41375184e-01  3.35406847e-02
 -1.08981701e-02 -6.68598488e-02 -5.60535043e-02 -7.48308674e-02
  4.22026962e-02 -2.09485535e-02 -3.77973318e-02 -2.81300284e-02
  2.14676373e-03  4.29176986e-02  1.76108908e-02  1.62684005e-02
 -2.81183701e-02 -8.49131867e-02 -1.70897245e-02  1.04541350e-02
  1.71174761e-02 -1.65072060e-03 -9.19983834e-02  6.90643564e-02
  9.59751233e-02 -2.13058852e-02 -8.38300809e-02 -1.01882378e-02
 -3.73066440e-02  3.09728719e-02 -3.26897241e-02 -4.88994941e-02
 -1.59233175e-02  2.83775683e-02 -4.06557582e-02  3.44137102e-02
  1.47855226e-02  1.08701773e-01 -8.56101420e-03 -1.75503653e-03
  3.80117111e-02  4.98202853e-02  2.46093143e-02  4.62349243e-02
  4.38866578e-02  1.52726481e-02  3.28172445e-02 -1.05014145e-01
 -7.98618868e-02 -3.73993022e-03 -6.32751286e-02 -2.31591519e-02
  2.00801603e-02  7.77624920e-03  5.52612320e-02 -5.83939217e-02
  3.46889570e-02  1.61067564e-02  4.71192151e-02  1.01140678e-04
  1.05050772e-01  3.07592340e-02  1.49657473e-01 -8.21283180e-03
 -1.29038636e-02 -3.24813128e-02  4.50161472e-02 -3.52291251e-03
 -1.93268862e-02  6.61278963e-02  8.88750255e-02  1.45957945e-02
  1.14106468e-03  1.33044478e-02 -8.67161080e-02 -9.68133360e-02
 -3.32286693e-02 -9.64065641e-02  4.77070287e-02  8.47423747e-02
  2.03735810e-02 -7.40181468e-03 -1.60791613e-02  4.43514362e-02
  1.70857739e-02  1.69730478e-03 -1.19368464e-03 -2.73040105e-02
 -4.14103940e-02 -6.60641864e-02  3.94813120e-02  4.14810181e-02
  1.44436341e-02 -6.02286234e-02 -1.40456304e-01 -2.28713870e-34
 -7.78217092e-02 -7.25351870e-02 -1.11534670e-02  9.94527489e-02
  1.34320445e-02  5.36883771e-02 -1.02802515e-02  4.15720828e-02
 -4.89933603e-02  3.67579497e-02 -7.21000880e-02  3.44537082e-03
 -1.64246392e-02  2.12337095e-02  5.79100214e-02 -4.75065522e-02
 -3.72586735e-02  1.10932678e-01 -6.04976676e-02  3.68328369e-03
  1.39903799e-02  4.15910743e-02 -5.71392253e-02 -6.80117235e-02
  2.53131124e-03  3.13295051e-02  2.51550600e-02 -1.36685250e-02
 -4.49593067e-02  1.58291068e-02 -5.17048836e-02  1.74474232e-02
  6.30811974e-02  5.39429039e-02  2.46477928e-02 -1.62160229e-02
  2.36997735e-02 -9.86303296e-03  4.17012209e-03 -4.15732078e-02
  8.62855017e-02  1.76826841e-03  3.14918458e-02  1.60480384e-02
 -4.75159511e-02 -5.82946762e-02 -4.90360782e-02  7.04419762e-02
 -2.16127327e-03 -5.56960180e-02  6.42880946e-02  1.04106301e-02
  3.95127870e-02  3.06433812e-03 -7.65419900e-02 -5.71028478e-02
 -3.89521290e-03  2.21855361e-02  2.55315751e-02  4.90584522e-02
 -3.11344974e-02  2.96536293e-02 -2.94686146e-02  6.59133047e-02
 -1.83036458e-02  2.60734688e-02 -4.83935699e-02 -8.74393508e-02
  6.22689910e-02 -5.33799594e-03 -3.93666476e-02  4.91627455e-02
 -4.49226908e-02  1.02965757e-01  3.96788977e-02 -9.50392336e-02
 -2.16951221e-02  6.37927232e-03 -5.54428399e-02  2.89867073e-02
 -5.24396114e-02  7.59975985e-02 -7.14261085e-02  1.00097703e-02
 -4.33700159e-02 -1.10698901e-01 -3.27829793e-02 -6.27393499e-02
 -2.58833021e-02 -7.51025155e-02  1.20653049e-03 -9.01629254e-02
  9.97231435e-03 -4.11291569e-02  1.19996974e-02 -2.35177243e-33
 -1.74968038e-02  4.66395058e-02  5.43673784e-02  6.59504440e-03
 -1.21932272e-02 -1.16450846e-01  2.00341530e-02 -9.43563059e-02
 -6.41500950e-02  4.97682625e-03  8.49827949e-04 -1.14435796e-02
 -6.23745960e-04  2.81387381e-03 -2.62787528e-02  3.28294300e-02
 -1.42145604e-02 -1.10943206e-01  7.22615048e-02  6.70521259e-02
 -7.19208911e-04  8.24441761e-02  4.59141992e-02 -2.66179014e-02
 -5.27988886e-03  1.16744107e-02 -9.39105870e-04  8.42420831e-02
  8.32443237e-02  2.65548304e-02 -2.21653096e-02  3.54615115e-02
 -1.39906788e-02 -3.19669321e-02 -3.11713833e-02 -7.14420974e-02
  8.90892558e-03 -3.19855139e-02  4.30842750e-02 -4.74269353e-02
  1.02764722e-02  2.35045049e-02 -4.17578071e-02 -1.95532432e-03
  4.88701761e-02  2.78525390e-02  2.76852176e-02 -3.62757556e-02
 -4.01292369e-02 -7.93695822e-02 -4.23183255e-02 -2.43030693e-02
  3.78512703e-02  2.07020901e-02  1.01705566e-02  5.47676422e-02
  1.85572375e-02 -4.65274462e-03  4.10857145e-03 -1.64946597e-02
  3.95357944e-02 -2.03266013e-02  2.23608185e-02 -2.48338841e-02
 -1.98844243e-02 -9.88830533e-03 -2.16831807e-02 -1.06206723e-01
 -1.08798649e-02 -4.30624820e-02 -4.78369184e-02  4.84139360e-02
 -3.73043888e-03 -5.85791096e-03  3.63203883e-02  3.46796885e-02
 -6.52397200e-02  5.22295795e-02  8.89353976e-02 -3.40048037e-02
 -1.67554453e-01 -2.25259759e-03  3.13963462e-03  3.92366350e-02
 -5.51357530e-02 -9.05842707e-03  1.91037245e-02  7.30602816e-02
 -4.16895188e-02  2.19481513e-02 -3.95518355e-02 -4.38408479e-02
  5.18763103e-02  1.13689981e-01 -8.57900903e-02 -5.31612656e-08
  1.06900446e-02  9.25469398e-03  2.92294137e-02  1.02973273e-02
 -9.07342322e-03 -1.60071831e-02 -5.41077815e-02 -2.02457495e-02
  5.04563795e-05  3.45615931e-02 -1.15908965e-01  4.50885743e-02
 -8.32500774e-03  3.62867415e-02 -3.20064239e-02  5.18272594e-02
 -6.18760213e-02 -5.32901883e-02 -5.38489036e-02 -5.21555729e-02
  5.52680828e-02  3.54999341e-02  1.65575463e-02  1.04954816e-01
  1.69818997e-02  8.46025255e-03 -2.15731468e-02  7.61896372e-03
  4.02857438e-02  6.32338366e-03  9.41478163e-02  1.38794994e-02
 -1.08628639e-03  1.02506891e-01 -4.84813750e-02  5.66465408e-02
 -4.17108387e-02  6.68145791e-02  1.63990520e-02  5.42541640e-03
  6.56212855e-04 -1.32491412e-02 -2.71415841e-02  7.16455951e-02
  1.09943017e-01  2.55722739e-02 -1.55252859e-01 -5.05529381e-02
  1.15279490e-02  2.53106151e-02 -2.92797126e-02  5.00684604e-02
 -7.51002133e-02  4.66680750e-02 -9.95258316e-02  6.59164554e-03
 -1.35561209e-02 -4.77322756e-04  8.37795902e-03 -6.75280206e-03
  3.62764345e-03  6.05008006e-03 -6.33397698e-02 -1.39537947e-02]"
51,../models/Simple Tests/AnalysisTest.sysml,"package AnalysisTest {

	part def V {
		m;
	}
	
	part vv : V;
	
	requirement def AnalysisObjective {
		doc /* ... */
	}

	analysis def AnalysisCase {
		subject v : V;
		
		objective obj : AnalysisObjective { 
			subject = result;
		}
		
		v.m
	}
	
	analysis def AnalysisPlan {
		subject v : V;
		
		objective {
			doc /* ... */
		}
		
		analysis analysisCase : AnalysisCase { return mass; }
	}
	
	part analysisContext {
		analysis analysisPlan : AnalysisPlan {
			subject v = vv;
		}
	}
}","Here’s a concise description for the SysML v2 model that you can use to generate the specified model:

---

**Model Description:**

Create a SysML v2 package named `AnalysisTest` to encapsulate an analysis framework. This package includes:

1. **Part Definition:** Define a part `V` containing a member `m`. Also, define a specific instance of `V` named `vv`.

2. **Requirement Specification:** Define a requirement `AnalysisObjective` with placeholder documentation.

3. **Analysis Case Definition:** Define an analysis `AnalysisCase` that:
   - References `V` as its subject.
   - Includes an objective linked to `AnalysisObjective` with its subject set to `result`.
   - Contains a reference to `v.m`.

4. **Analysis Plan Definition:** Define an analysis `AnalysisPlan` that:
   - Uses `V` as its subject.
   - Includes an objective with placeholder documentation.
   - Specifies a dependency on the `AnalysisCase`, returning the `mass` attribute.

5. **Analysis Context Definition:** Create a part called `analysisContext` that includes an instance of `AnalysisPlan`, linking it to `vv`.

This structure establishes a clear analysis flow, involving objectives and cases within the context of the part `V`, specifically focusing on its mass. 

--- 

This description should enable the generation of the specified model accurately.","[ 1.55251063e-02  2.92664971e-02 -6.24442585e-02  5.48540801e-02
 -9.40072630e-03 -2.60211322e-02 -2.69623995e-02  3.90327685e-02
 -5.60017973e-02  5.02356552e-02 -2.65736394e-02 -1.04554869e-01
  2.27697417e-02  8.45575482e-02 -9.66264866e-03  1.90769471e-02
  3.69509421e-02 -1.93118781e-03  1.05832834e-02  4.10618968e-02
  6.66956604e-02  4.88138534e-02  6.89204503e-03 -2.70379707e-02
 -6.11007065e-02 -5.18641472e-02  3.47079313e-03  6.72976598e-02
  3.66591774e-02 -2.78958026e-02  4.33283783e-02  7.16972053e-02
  8.45214445e-03  2.18016412e-02  7.04676807e-02  5.55077530e-02
 -9.86783858e-03 -9.40400083e-03 -3.34011763e-02 -1.70706622e-02
 -3.22270058e-02  1.46671534e-02 -1.91555601e-02 -3.32149491e-02
  4.00534384e-02 -1.04027875e-01 -1.86998246e-03 -3.23327743e-02
 -2.73277294e-02  8.75160750e-03 -1.09766275e-01 -3.54744531e-02
 -1.77813787e-02 -4.59714085e-02 -1.72455527e-03  3.91587876e-02
  5.00048399e-02 -6.53187111e-02 -8.09907243e-02 -8.44545066e-02
 -1.06482243e-03  2.39514373e-02 -9.68846306e-02 -2.90989857e-02
 -3.69279236e-02  4.95169237e-02 -2.20303778e-02  5.41993231e-02
  5.84728718e-02  9.33029875e-02 -1.09879769e-01 -5.29171042e-02
 -6.47263415e-03 -2.48286277e-02 -2.01251693e-02  6.37942031e-02
  5.81655651e-02  3.94252427e-02  5.15358001e-02 -1.14504576e-01
 -5.28545119e-02 -1.45623032e-02 -3.21949534e-02 -9.78621840e-03
 -3.90219092e-02  4.23180731e-03  7.52266943e-02 -1.29903285e-02
  2.74096336e-02  7.01681226e-02  3.48871686e-02 -2.40019970e-02
  3.15316617e-02 -2.61249188e-02  1.73649952e-01 -1.55511200e-02
 -8.48868676e-03 -2.71074940e-02  1.08332001e-01  7.53086014e-03
 -3.33490446e-02  4.09634486e-02  4.03097868e-02 -2.48452090e-02
 -4.66054343e-02  1.66730527e-02 -9.90113430e-03 -5.97220920e-02
 -4.76156250e-02 -4.08248696e-03  1.43495556e-02  8.02420750e-02
 -7.97798112e-03 -6.14757575e-02  8.24437067e-02  2.46126577e-02
  5.05807027e-02 -1.62554234e-02  3.06024514e-02  1.10898046e-02
 -5.67159476e-03 -6.61853375e-03  5.05215228e-02  6.24875398e-03
  4.79565635e-02 -7.35251931e-03 -1.11586057e-01 -6.92607379e-34
 -3.79171707e-02 -8.24849829e-02 -4.48904447e-02  9.91294011e-02
  3.67698912e-03  5.63877597e-02  1.42189208e-02  3.13985124e-02
 -4.58879992e-02  6.61968663e-02 -5.03417775e-02 -1.53546818e-04
 -8.45932029e-03  1.37197664e-02  1.11327833e-02  1.97767615e-02
  2.45014690e-02  3.55088785e-02 -3.90979648e-02 -1.35431194e-03
  3.75138782e-02 -4.75861803e-02 -3.82692479e-02 -1.14139337e-02
  3.84811759e-02  4.81337160e-02  9.65576097e-02 -9.20391455e-03
 -9.17509049e-02  6.58258842e-03  1.41645987e-02  1.74098983e-02
 -1.57880522e-02  3.69972065e-02 -8.29566456e-03 -6.06850605e-04
 -2.16558110e-03  2.24659480e-02  9.02127698e-02  1.09699955e-02
  5.64826429e-02  9.57170036e-03 -2.55582891e-02 -2.11041681e-02
 -5.77458479e-02 -7.23216170e-03 -5.29059805e-02  4.65793200e-02
  1.12548687e-01 -1.28426841e-02  3.21124145e-03 -4.64491472e-02
  1.74860265e-02  8.71953927e-03 -7.14870021e-02  3.90282348e-02
 -3.09968833e-02  3.27218808e-02  5.42765968e-02  4.51544113e-02
 -4.07308117e-02  6.72632679e-02 -1.78077109e-02  1.88680738e-02
  1.95068698e-02  7.22341705e-03 -1.06629707e-01 -1.07819319e-01
  7.15453252e-02 -4.53824032e-04 -7.63091668e-02  2.04148833e-02
 -1.77996177e-02  6.46540746e-02  5.84344901e-02 -1.17327817e-01
  2.67093070e-02  1.14429668e-02 -4.32103798e-02  2.57244799e-02
 -8.54554996e-02  1.35053143e-01 -1.07751507e-02 -9.13771838e-02
  2.00337209e-02 -8.22024494e-02 -6.16899207e-02 -4.58536036e-02
 -8.57900530e-02 -1.86937124e-01 -1.58971958e-02 -7.52851516e-02
 -8.12052116e-02  7.94718787e-03  1.09222960e-02 -2.29030399e-33
 -2.74510169e-03 -4.93095675e-03 -1.73526153e-03  3.22756134e-02
  2.30497476e-02 -7.08305463e-02  5.44370990e-03 -3.18983234e-02
 -3.22276652e-02  2.26638000e-02 -1.79476924e-02 -2.99673900e-02
  3.70850861e-02  1.55238891e-02  4.98446915e-03  3.85743044e-02
 -9.52927992e-02 -2.04386100e-01  1.91217661e-02  8.42182413e-02
 -2.74951458e-02  7.95887262e-02  3.99670303e-02 -4.35312875e-02
  2.59984434e-02 -4.41344175e-03  3.59745063e-02 -1.29845378e-03
  5.12400344e-02  4.78115398e-03 -6.36273716e-03  1.72384400e-02
 -2.60840971e-02 -5.63619882e-02 -2.41137352e-02 -7.41796941e-02
  4.68065031e-02 -7.18544722e-02 -1.18305283e-02  6.11246079e-02
  3.49449851e-02  5.94668463e-02 -4.36113924e-02 -1.75086632e-02
  4.25198153e-02  6.71749711e-02  3.97600457e-02  8.09897669e-03
 -7.85163976e-03 -1.00092880e-01 -1.92167014e-02 -9.19704139e-03
  1.45545611e-02  2.62469761e-02 -3.35716754e-02 -5.29306121e-02
  4.95927222e-02 -2.75506806e-02 -2.32684240e-02  3.65703031e-02
  6.14509284e-02 -2.16307607e-03  6.15596324e-02 -6.89970935e-03
  2.95357835e-02  2.29111724e-02 -1.22237187e-02 -6.74655363e-02
 -4.46893722e-02  2.05002148e-02 -5.68206944e-02  2.03426415e-03
 -2.05545556e-02  3.85348722e-02  6.90776780e-02 -7.07455352e-03
 -7.10664243e-02  1.97799746e-02  9.82495174e-02  1.43610630e-02
 -7.81860873e-02  3.38447243e-02  2.38559507e-02  5.69407605e-02
 -3.28124389e-02 -3.30489278e-02 -7.69147184e-03  1.12320125e-01
 -5.07483445e-02  3.73578593e-02 -8.00723135e-02 -5.30854352e-02
 -1.83203146e-02  1.02555409e-01 -2.05121748e-02 -5.57384752e-08
  1.77965965e-02 -2.31554639e-03  5.67785762e-02  3.66210155e-02
 -9.04958416e-03  1.63292978e-02 -1.19313098e-01 -1.21772951e-02
  1.79540664e-02  2.18971260e-02 -6.55792877e-02  4.05542441e-02
 -7.61137605e-02  4.44366001e-02 -1.07107945e-01  3.60505804e-02
  3.22712734e-02  1.76407844e-02 -3.91027890e-02 -3.91525999e-02
  7.52530694e-02 -4.51708096e-04 -2.65543093e-03  2.18024701e-02
  1.19894005e-01 -2.88657565e-02 -5.46416007e-02  5.37822908e-03
  1.12571102e-02 -2.54724585e-02  5.85100874e-02  3.63708921e-02
  3.07442360e-02 -3.29656340e-02 -4.35108840e-02  8.83628149e-03
 -2.84326021e-02  3.08099333e-02  7.99726099e-02  1.02636619e-02
 -1.53467227e-02  2.66034715e-02  9.65548959e-03  1.83819905e-02
 -1.06200492e-02 -1.02335028e-02 -1.10168599e-01 -8.00221860e-02
  2.80122203e-03  9.07071307e-03 -2.87880339e-02 -2.72277067e-03
 -7.44522214e-02  9.24382657e-02 -7.16763958e-02  8.35136622e-02
  5.38029373e-02 -2.13528108e-02  6.53159767e-02 -4.84726354e-02
  5.67534342e-02  5.25333360e-02 -1.24553796e-02 -4.25736234e-02]"
52,../models/Simple Tests/AssignmentTest.sysml,"package AssignmentTest {
	
	part def Counter {
		attribute count : ScalarValues::Integer := 0;
		
		action incr {
			assign count := count + 1;
		}
		
		action decr {
			assign count := count - 1;
		}
	}
	
	attribute def Incr;
	attribute def Decr;
	
	state def Counting {
		part counter : Counter;
		entry assign counter.count := 0;
		
		then state wait;
		accept Incr
			then increment;
		accept Decr
			then decrement;
		
		state increment {
			do assign counter.count := counter.count + 1;
		}
		then wait;
		
		state decrement {
			do assign counter.count := counter.count - 1;
		}
		then wait;
	}
	
	calc def Increment { 
		in c : Counter;
		return : Counter;
		
		perform c.incr;
		c
	}
	
	action a {
		state counting : Counting;
		assign counting.counter.count := counting.counter.count + 1;
		assign counting.counter.count := Increment(counting.counter).count;
	}
}","To create a SysML v2 model for a simple counter application, I want to define a package named `AssignmentTest`. Within this package, I will establish a `Counter` part that has an attribute `count` of type `ScalarValues::Integer`, initialized to `0`, and include two actions: `incr` to increment the count and `decr` to decrement it.

Next, I will define two attributes, `Incr` and `Decr`, for state transitions. I will include a state named `Counting`, which will have a `counter` part of type `Counter`. This state will initialize the counter's count to `0`, and it will accept `Incr` and `Decr` events to transition to `increment` and `decrement` states, respectively.

In the `increment` state, I want to define the behavior to increase the counter's count by `1`, and in the `decrement` state, it should decrease it by `1`. After executing the actions in these states, both should transition back to the `wait` state.

Lastly, I will implement a calculation definition named `Increment` that takes a `Counter` as input, calls its `incr` action, and returns the updated `Counter`. There will also be a general action `a` that starts in the `Counting` state, modifies the counter's count directly, and uses the `Increment` calculation to ensure accurate incrementing.

This model succinctly encapsulates the behavior and state management for a simple counter system using SysML v2 elements.","[-6.68286607e-02 -5.68979010e-02 -1.54080857e-02  3.18545662e-02
 -9.73768756e-02  3.12770754e-02  5.46168573e-02 -2.10346244e-02
  2.99390834e-02  4.50743586e-02  4.50938717e-02 -6.21562451e-02
  2.99664009e-02  6.50779977e-02  3.74049023e-02  1.20792929e-02
 -5.38588827e-03 -2.86313780e-02 -9.14220116e-04 -8.89826845e-03
  5.03740236e-02 -1.24801788e-02  2.25604363e-02  2.73787063e-02
 -1.01345569e-01 -4.59378213e-02 -3.50903720e-02 -2.37413067e-02
  1.34156972e-01 -6.46158978e-02  3.24312262e-02 -1.60604797e-03
 -5.27037792e-02  2.31744982e-02  4.63772006e-02  4.51135188e-02
  2.74763368e-02 -8.33006874e-02 -8.42571706e-02 -1.76624637e-02
  6.06838502e-02 -4.57126983e-02 -4.03575413e-02 -5.78597412e-02
  2.74637286e-02 -2.10346188e-02  1.05097760e-02  1.13780154e-02
 -7.52931237e-02 -4.99920584e-02 -7.46122655e-03  4.21415158e-02
  6.10339036e-03 -1.35103865e-02  1.02761332e-02  6.38181418e-02
  9.46690291e-02 -1.37237189e-02 -1.14414304e-01 -6.79909810e-02
 -9.56251696e-02 -4.44867425e-02 -5.39334863e-02 -7.03517795e-02
 -3.03791324e-03  9.46218520e-02 -2.01585554e-02  3.38164181e-03
  6.30083233e-02  1.07427537e-01 -6.43618554e-02 -2.86327191e-02
  4.61321622e-02  1.06762955e-02 -2.28710175e-02 -7.37265348e-02
  4.05311957e-02  2.92010568e-02 -3.22018899e-02 -7.15539157e-02
 -6.99599981e-02 -8.87029842e-02 -7.55401924e-02 -9.87915508e-03
  7.25155929e-03 -4.15013805e-02  1.86344013e-02 -4.34849747e-02
  1.11918703e-01  7.58166015e-02  3.16654518e-02  5.46165928e-02
  5.22919707e-02  4.48520705e-02  9.52532142e-02  6.81981817e-02
 -5.86864911e-03  7.46707395e-02  1.26190586e-02  1.03614973e-02
 -3.17648873e-02  3.10351606e-02  3.85936312e-02  2.08355263e-02
 -1.45168994e-02  2.30510309e-02 -5.79952113e-02 -8.91865268e-02
 -9.82594267e-02 -4.91605513e-02  2.11006030e-02  2.01525204e-02
  4.93647605e-02  3.03979386e-02 -6.21320400e-03  6.03484698e-02
  4.61541042e-02  2.37098467e-02  3.61872166e-02 -5.04642203e-02
  9.79224592e-02  1.19488046e-03  6.34175912e-02  3.60693666e-03
  3.66818048e-02  2.57316250e-02 -2.43186150e-02 -1.33389818e-33
 -3.10638621e-02 -9.76189375e-02 -6.77375495e-02  7.96774179e-02
 -1.99127365e-02  5.62011264e-02  5.92646748e-02  1.69746187e-02
 -6.05062172e-02  2.36417935e-03 -1.56423599e-02 -2.10609566e-02
 -3.64919603e-02  3.61521579e-02  6.29887804e-02 -7.43612498e-02
  5.69446459e-02  4.85757645e-03 -2.19947007e-02 -3.61965857e-02
  8.87187421e-02 -2.51727421e-02 -8.95363018e-02  8.56404565e-03
  3.67918387e-02  6.75049797e-02 -6.58678496e-03  1.88886803e-02
 -9.13828090e-02  4.69611306e-03  7.06281066e-02  2.16103829e-02
  3.18489765e-04  3.56016904e-02  1.96168385e-02 -2.53366679e-03
 -1.68336928e-02  2.51413826e-02  6.53725564e-02 -1.22885399e-01
 -1.43968146e-02  2.22977288e-02 -2.87546441e-02  3.73209193e-02
 -6.09520115e-02 -1.02965049e-01 -6.80424413e-03  6.47177026e-02
 -5.21408468e-02 -2.10273415e-02  1.18087105e-01  4.77711530e-03
 -7.69728841e-03 -1.79305002e-02 -2.10591909e-02 -1.57824950e-03
  8.97125993e-03  4.60938253e-02 -4.61345017e-02  8.00523832e-02
 -3.11547727e-03 -4.17056726e-03 -9.60108265e-03  2.29989048e-02
  1.41702006e-02  4.51953933e-02 -7.49137625e-02 -2.09833961e-02
  5.85756563e-02  3.63801904e-02 -7.62727112e-03  1.14976928e-01
 -5.87711595e-02  6.85708746e-02  4.77655716e-02 -5.99589162e-02
  3.40940841e-02 -9.35168490e-02 -7.95318410e-02  6.23382302e-03
 -7.07019214e-03  6.02073222e-02 -7.75790736e-02  6.39818087e-02
  2.26834007e-02 -5.14161550e-02 -3.81424129e-02 -4.07024920e-02
 -4.43989523e-02 -7.81920478e-02  5.30075356e-02 -6.43332154e-02
  7.25366920e-02  1.41414879e-02 -2.44225264e-02 -1.35040901e-33
  2.67620385e-02 -4.97404579e-03  8.05002917e-03  6.64913654e-02
  1.47436792e-02 -5.93996421e-02  1.93926450e-02 -4.87357751e-03
  1.14280162e-02 -3.13450769e-02 -3.81221473e-02  7.07378909e-02
  1.76065881e-02  4.49063443e-02  3.18157338e-02 -1.30248135e-02
  9.70276166e-03 -1.05296589e-01  3.43188494e-02  5.93264401e-02
 -3.23939063e-02  8.49137604e-02 -5.92635944e-02  2.72556916e-02
 -2.48444565e-02  2.98224241e-02 -1.55173680e-02  1.81385260e-02
  6.35432824e-02  2.66355742e-02  4.88111041e-02 -6.55678362e-02
 -8.58808216e-03 -1.60066374e-02 -1.01015521e-02 -9.04663131e-02
  2.52288748e-02 -7.98505694e-02  9.65141971e-03  4.20347266e-02
  6.53629974e-02 -2.28181966e-02 -3.52937691e-02  3.50717753e-02
  4.00405228e-02  5.94619894e-03 -2.29771761e-03  3.07816230e-02
 -7.11740255e-02 -1.03363268e-01 -4.21654545e-02  2.14952175e-02
  1.43144920e-03  1.00329928e-01  7.26762367e-03  5.43143181e-03
  9.64627229e-03 -3.14552225e-02  2.91038933e-03  1.92872491e-02
 -2.56288517e-02 -5.65436576e-03  5.18180132e-02  1.72268432e-02
  2.55870577e-02 -2.29285788e-02 -4.44643311e-02 -5.67081086e-02
  1.45971021e-02 -2.27585994e-02  9.42219794e-02  3.74387912e-02
 -7.60234445e-02 -7.10474933e-03  3.31434570e-02 -9.21376795e-02
 -1.08891726e-01  3.71822380e-02  7.35381097e-02 -1.00177340e-02
 -1.52355239e-01 -8.88304133e-03  7.69856910e-04  3.62047516e-02
 -9.70088989e-02 -2.00830922e-02  2.31151469e-02  7.79353157e-02
 -1.00427205e-02  1.51199745e-02 -3.13566625e-02  1.83009412e-02
 -1.45024126e-02  1.15506992e-01 -6.03545234e-02 -5.93096381e-08
 -3.26502696e-02 -4.46283892e-02  1.85165717e-03  4.98149469e-02
  2.12031584e-02  6.27074316e-02 -1.08755767e-01 -4.69855517e-02
 -2.35859863e-02 -1.84110049e-02 -3.77285667e-02  5.58190979e-02
  2.51985267e-02 -7.64999911e-03 -6.35420009e-02  3.76902260e-02
  5.14632873e-02 -1.19117368e-02 -4.96016443e-02 -2.13775914e-02
  1.33745680e-02  4.56506200e-02  1.12671521e-03  2.05483790e-02
 -3.97915319e-02 -4.42620441e-02  5.08435331e-02  6.41646683e-02
  6.40996099e-02 -1.71240810e-02  4.44508679e-02  2.65915189e-02
  3.21082994e-02  8.52166265e-02 -3.40660773e-02  3.78311127e-02
  7.44132046e-03 -8.73391284e-04  1.24902681e-01  1.62637734e-03
 -1.58012006e-02 -2.16326248e-02 -5.82736582e-02  4.52278331e-02
 -2.87343953e-02 -1.38130086e-02 -1.03708379e-01 -1.30637303e-01
 -2.69033741e-02  4.25803754e-03 -3.97323407e-02 -8.70056637e-03
 -9.44799781e-02  8.01192522e-02 -5.25163859e-02  2.45315395e-02
  3.00514344e-02 -3.75975594e-02  3.08037437e-02  3.52177210e-02
  2.72391737e-03 -6.37657419e-02 -7.17675835e-02 -9.80877038e-03]"
53,../models/Simple Tests/CalculationTest.sysml,"package CalculationExample {
	private import ISQ::*;
	private import NumericalFunctions::*;
	
	part def VehiclePart {
		attribute m : MassValue;
	}
	
	part def Vehicle :> VehiclePart;
	
	part vehicle : Vehicle {		
		part eng : VehiclePart;		
		part trans : VehiclePart;
		attribute ::> m = ms.totalMass;
	}
	
	calc def MassSum {
		in partMasses : MassValue[0..*];
		return totalMass : MassValue = sum(partMasses);
	}
	
	calc ms: MassSum {
		in partMasses = (vehicle.eng.m, vehicle.trans.m);
		return totalMass;
	}
	
	part vehicles[*] = (vehicle, vehicle);
	attribute masses1[*] = (vehicles as VehiclePart).m;
	attribute masses2[*] = (vehicles as vehicle).m;
}","To create a SysML v2 model for a vehicle mass calculation example, the model will include the following elements:

1. **Package Definition**: Defined within a package named `CalculationExample`.

2. **Imports**: Import necessary libraries including `ISQ` and `NumericalFunctions` for handling units and mathematical operations.

3. **VehiclePart Definition**: A part definition for `VehiclePart` that contains an attribute `m`, representing the mass of a component.

4. **Vehicle Definition**: A part named `Vehicle` that is composed of two `VehiclePart` instances; one for `eng` (engine) and one for `trans` (transmission). The total mass attribute `m` of the vehicle is calculated as the sum of the masses of its components.

5. **Calculation Definition**: A calculation `MassSum` that takes an array of mass values (`partMasses`) and returns the total mass, calculated by summing the input masses.

6. **Calculation Instance**: An instance `ms` of `MassSum` that feeds the masses of the engine and transmission into the calculation and returns the total mass.

7. **Vehicles Array**: An array named `vehicles` that contains two instances of the `vehicle` part.

8. **Mass Attributes**: Two attributes `masses1` and `masses2`, both arrays, that collect the mass values from the parts contained within the vehicles structure, allowing for easy aggregation and access to mass data.

This succinctly encapsulates the vehicle mass calculation system using SysML v2.","[-2.89420318e-02 -2.99168024e-02  1.87931955e-02  3.99767235e-02
 -2.50105392e-02 -5.08106165e-02 -7.87410326e-03  9.22638178e-02
 -2.70770974e-02  2.96094883e-02  2.21188013e-02 -7.48376623e-02
  2.87176054e-02  5.39475493e-03 -3.75104733e-02 -2.07842644e-02
  1.47783721e-03  6.29515052e-02 -2.96311378e-02  3.30526978e-02
  1.15405239e-01 -9.48103704e-03 -1.46271735e-02  1.08216126e-02
 -8.24361760e-03 -4.72519770e-02 -6.58594370e-02  8.63128081e-02
  4.57780845e-02 -5.44445775e-02 -2.60683466e-02  3.54609862e-02
  3.80396359e-02 -1.96578819e-03  2.82078050e-02 -3.56370918e-02
  1.01580331e-02 -5.83058223e-02 -6.99258968e-02 -5.23627810e-02
  4.24033310e-03 -7.39059895e-02 -3.56121995e-02 -3.51389647e-02
  1.06222458e-01  9.43269208e-03  2.08498817e-02  1.98057387e-03
 -5.82449092e-03 -1.98062207e-03 -1.59868486e-02  3.23035344e-02
 -3.66174579e-02  3.75602841e-02 -1.82941016e-02 -4.39162664e-02
  4.69848625e-02 -3.17590609e-02 -1.09227233e-01 -4.76590991e-02
 -1.77799277e-02  2.41595530e-03 -5.57900965e-02 -4.73749824e-02
  3.31754913e-04  2.03601774e-02 -5.35612702e-02 -3.00885644e-02
  4.46604677e-02  9.30780396e-02 -2.72531100e-02 -4.84566689e-02
  8.79169162e-03  7.02519417e-02 -3.16562764e-05 -8.31804425e-02
  6.18954636e-02  3.03805806e-02  2.01069359e-02 -1.19627360e-02
 -5.62776960e-02  1.87997576e-02 -5.81359826e-02 -9.40097123e-02
  2.52629351e-02 -1.69169363e-02  4.65041026e-02  7.28367716e-02
  6.77344128e-02  5.51659241e-02 -2.64855418e-02  4.02099336e-04
  2.01785360e-02  8.31825752e-03  8.06089118e-02  4.05975915e-02
 -3.96985225e-02  4.28405516e-02  9.51773822e-02 -3.60631081e-03
  3.61740636e-03  8.94614980e-02  3.87522355e-02 -2.62051057e-02
 -5.74945696e-02  6.58783466e-02 -1.42499842e-02  2.45413836e-02
 -2.02014353e-02 -8.38754103e-02  4.61748205e-02  6.47031441e-02
 -2.69997008e-02 -3.65101881e-02  1.96732990e-02 -2.41233595e-02
  4.33211885e-02 -2.82094907e-02  4.75193970e-02 -1.54096708e-02
 -2.59136315e-02 -3.32038067e-02  3.41743305e-02  3.33939157e-02
  6.85155615e-02 -1.20130107e-02 -7.05624670e-02 -1.84775902e-33
 -1.30471066e-01 -5.51563278e-02  5.62153645e-02  1.19284004e-01
 -6.94849640e-02  4.88519333e-02 -4.31828853e-03  2.51276232e-02
  6.43546507e-02  4.66541648e-02 -7.80246109e-02 -2.54785903e-02
 -1.75776519e-02  1.17204692e-02  1.80472396e-02 -4.92825806e-02
  4.39518411e-03  1.51123172e-02  4.97095240e-03 -3.66508663e-02
  4.16468531e-02  5.04728928e-02 -1.77552588e-02 -6.45326357e-03
  4.15547825e-02  1.17779173e-01  3.59740779e-02 -5.61759342e-03
 -6.15566559e-02  2.92546246e-02  1.80429351e-02 -3.74138867e-03
 -2.81416029e-02  2.62076966e-03  6.41210889e-03 -3.06504723e-02
 -2.67321803e-02 -6.23046644e-02  6.03363626e-02 -3.37204374e-02
  5.09321131e-02 -8.10511690e-03 -3.18151265e-02 -1.80568751e-02
 -1.80492058e-01 -2.86039175e-03  1.28617045e-02  3.65802236e-02
  7.00761080e-02  1.99035928e-03  2.14612745e-02 -4.77039255e-02
  3.09489444e-02 -1.03529282e-02 -5.81931695e-02  9.32481587e-02
  1.36640351e-02  2.25508921e-02 -7.60895573e-03  3.90603542e-02
 -6.39227405e-02  1.27105415e-02  7.29744211e-02  7.58878561e-03
  1.39748333e-02  5.91067411e-02 -5.45909666e-02 -4.43301201e-02
  2.94020809e-02  5.25313579e-02 -3.30290683e-02  9.04488657e-03
 -2.75579114e-02  4.12718207e-02  9.88318622e-02 -7.23727569e-02
  5.71602061e-02 -3.03237326e-02 -8.42204615e-02  6.31577373e-02
 -1.23369820e-01  1.46058843e-01 -7.30957240e-02 -6.71445355e-02
 -7.15581933e-03 -3.07237394e-02 -3.16221602e-02 -6.64268583e-02
 -2.33569704e-02 -1.01443201e-01  1.12158274e-02 -5.89037612e-02
 -8.41456056e-02  2.94293482e-02 -4.90872301e-02 -1.61482838e-33
 -4.08133529e-02  5.52881472e-02  4.41453047e-02  1.89798847e-02
 -4.90984730e-02 -8.04164782e-02 -5.50938165e-03 -3.43692005e-02
 -1.14953713e-02  4.09298986e-02  1.69606395e-02 -8.61746375e-04
 -4.27940208e-03 -6.78929081e-03  1.50061212e-02  3.12133357e-02
  7.74855027e-03 -1.63782969e-01 -1.71533059e-02  2.46211588e-02
 -3.01307645e-02  8.41824487e-02  6.14842139e-02 -2.24645063e-02
 -2.90081068e-03 -3.55794355e-02 -1.44666974e-02 -1.02706030e-02
  5.77837676e-02 -4.57916409e-02  6.23980500e-02 -4.67816070e-02
  5.03445603e-02 -5.73784811e-03 -5.83493784e-02 -5.34871034e-02
  3.40173803e-02 -1.89482272e-02 -8.82098358e-03 -1.03423502e-02
 -4.90819430e-03  2.36315541e-02  9.67761222e-03  1.97990448e-03
  1.56480689e-02  8.15560389e-03  7.33100325e-02 -2.50787884e-02
  4.74839024e-02 -5.19762002e-02  4.84794527e-02 -4.65731546e-02
  8.55026860e-03  3.22415009e-02  9.83879715e-03  3.79206613e-02
  2.14925129e-02 -4.01437655e-02 -1.85000170e-02 -2.51338575e-02
  1.01364283e-02 -7.52759352e-02  1.30471420e-02 -2.18392480e-02
 -6.73755705e-02 -2.39055529e-02 -2.61327997e-02 -9.09903944e-02
 -8.81535932e-03 -8.15947447e-03 -1.80636067e-02  4.19790149e-02
  3.91260795e-02  2.12472603e-02 -2.56985947e-02 -2.72237118e-02
 -1.27449976e-02  5.34411557e-02  9.51542109e-02 -7.45695680e-02
 -4.38489690e-02 -2.23630071e-02  6.69062883e-02  3.07923723e-02
 -5.12509346e-02 -6.59869984e-02  4.81327716e-03  1.11561693e-01
 -4.04523797e-02  3.13556157e-02 -9.14446041e-02  5.45196570e-02
  1.53178219e-02  1.68657288e-01 -1.04589686e-01 -5.31261648e-08
 -6.37799781e-03 -2.86456924e-02  2.93355994e-02 -3.99828106e-02
  4.22570202e-03  2.91895214e-02 -1.14444315e-01 -7.57426675e-03
 -3.35532948e-02  5.60823381e-02  2.22564838e-03 -2.79828310e-02
 -3.34924795e-02 -1.07687954e-02 -5.74426763e-02  7.92967528e-02
  6.43324805e-03  2.78372522e-02 -5.00552058e-02 -7.13124424e-02
  7.64504001e-02 -4.29015001e-03 -4.58379723e-02  6.87866807e-02
  9.13155526e-02 -4.38172072e-02 -6.64653927e-02  3.31427604e-02
  1.71614774e-02 -4.16230485e-02  3.88312787e-02  5.79938926e-02
  4.11352254e-02  8.89240429e-02  1.71993058e-02  2.27852762e-02
 -4.42158356e-02  7.76336342e-02  8.38030651e-02  2.38289814e-02
  5.40115684e-02 -1.85275960e-04  1.76566262e-02  1.65552925e-02
  4.46148850e-02  1.06712624e-01 -1.73535377e-01 -5.14495224e-02
 -6.70195296e-02  3.97025906e-02  4.56738211e-02  1.31751206e-02
 -9.39391181e-02  8.27631727e-02 -7.03368634e-02  1.43909082e-02
 -3.87698994e-04 -3.87548469e-02  7.09913373e-02 -8.39442462e-02
  4.41279635e-03  5.81091680e-02  1.89383293e-03 -3.25892605e-02]"
54,../models/Simple Tests/CommentTest.sysml,"  /* AAA */
  //a lexical comment (""note"") is not a part of model
package CommentTest {
	// inside package
	/*
*AAA
 * BBB*/	
 /*
    *
    *
    * AAA  ***   
    *BBB
    								*/

   /*
 *       AAAA
 *       BBBB           */	
 /* AAAA
 
 
  * BBBB
 *
 * CCCC
 */
 locale ""en_US"" /*
 * AAAA
 * BBBB
 *    CCC DDD    
 */
	
	/* comment inside a package */
	doc locale ""en_US"" /* Documentation about Package */
	comment cmt /* Named Comment */	
	comment cmt_cmt about cmt /* Comment about Comment */
	
	comment about C /* Documention Comment about Part Def */
	part def C {
		doc /* Documentation in Part Def */
		comment /* Comment in Part Def */
		comment about CommentTest locale ""en_US"" /* Comment about Package */
	}
	/* abc */
	part def A;
}","To create the desired SysML v2 model, I would like to define a package named `CommentTest` that includes various comments and documentation elements to illustrate how comments can be structured in the model. 

1. **Package Declaration**: Start with a package named `CommentTest`.

2. **Lexical Comments**: Include both single-line (`//`) and multi-line (`/* ... */`) comments throughout the package for clarity and understanding.

3. **Locale Specification**: Specify the locale as ""en_US"".

4. **Documentation Elements**:
   - Add a documentation comment for the package itself.
   - Include a named comment (`cmt`) and a comment about this named comment (`cmt_cmt`) to show inter-comment relationships.

5. **Part Definitions**:
   - Create a part definition named `C`, with its own documentation comment and a comment positioned regarding the package.
   - Add another part definition named `A` without additional comments for simplicity.

Overall, this model emphasizes the use of comments and documentation in SysML v2 to aid in model clarity and maintainability.","[-9.06153470e-02 -4.51637320e-02  2.27643009e-02  3.64386030e-02
 -2.32020859e-02 -1.70274954e-02  2.16534734e-02  6.42171577e-02
 -2.77762394e-02  3.40030901e-02  1.95817407e-02 -7.16381073e-02
  9.86194387e-02  8.01480711e-02  6.97850287e-02  5.70714436e-02
  2.75668036e-02 -3.87744047e-02 -3.46262865e-02 -3.79617442e-03
  7.40099028e-02  4.36175428e-03  4.75486927e-03  7.98048452e-02
 -4.79899198e-02  3.99024636e-02 -4.28075157e-02  6.49366975e-02
  9.01616085e-03  2.81385574e-02 -3.01434565e-02  8.66089538e-02
  2.21398636e-03  5.36153466e-02  4.91490886e-02  4.68634441e-02
  6.10728599e-02 -1.39073487e-02 -4.66664769e-02 -7.90902898e-02
 -3.80087830e-02 -3.12398188e-02 -7.40603916e-03  5.32476697e-03
  1.27008809e-02 -4.60378863e-02  5.78338057e-02 -1.57739203e-02
 -4.33319621e-02 -4.25165519e-02 -8.36390108e-02 -4.11376022e-02
 -8.79414100e-03 -6.08647093e-02  3.06686107e-02  7.48883337e-02
  5.05204163e-02 -5.48108527e-03 -1.13019802e-01 -7.26720365e-03
 -3.22977677e-02 -7.93679897e-03 -1.19570643e-01 -9.34045203e-03
 -5.88133819e-02  8.09844118e-03 -8.48714933e-02  3.50599587e-02
  5.84765337e-02  6.53544962e-02 -1.86032578e-01  1.17651727e-02
  3.40127572e-02  4.41053957e-02 -1.83247011e-02  2.41536200e-02
  9.11619291e-02  4.54762019e-02 -2.51370389e-02 -1.28351092e-01
 -3.08695938e-02  4.09836806e-02  1.01989824e-02  1.71206321e-03
  1.49608729e-02 -1.14237061e-02  1.14932738e-01 -2.80793081e-03
  5.40527552e-02  1.15970643e-02  2.31756344e-02 -8.46053958e-02
  4.47104275e-02 -1.93130039e-02  6.45677671e-02  5.79373762e-02
  5.72301485e-02 -3.59342247e-02  4.19347659e-02  3.49561088e-02
 -1.15775028e-02  6.63625896e-02  9.67591926e-02 -4.30017561e-02
  5.08222030e-03  4.73974384e-02 -8.71029198e-02 -7.29518980e-02
 -3.49030383e-02 -8.65142941e-02 -4.74003628e-02  6.85752407e-02
 -7.21039474e-02 -6.11557886e-02  1.43725062e-02 -2.50032246e-02
  3.68485115e-02 -5.75705841e-02  8.09010044e-02 -4.93431576e-02
  1.50716295e-02 -2.18775012e-02  3.86572187e-03  3.68163809e-02
  8.78139213e-02  3.54197808e-02 -5.65159209e-02 -1.05850888e-33
  1.17787104e-02  1.07103633e-02 -2.30124611e-02  1.34731650e-01
  1.32069103e-02  7.48360455e-02  2.26750840e-02  1.66337602e-02
 -5.80607764e-02 -4.04524580e-02 -5.69975376e-03 -1.14980325e-01
 -7.87213817e-03  3.60030979e-02 -4.12227251e-02  7.91393127e-03
 -2.00954564e-02  4.07242440e-02  2.84270681e-02  2.18795855e-02
  8.55968054e-03  4.79777567e-02 -4.60087471e-02  4.79719415e-03
  8.73744786e-02  9.77360411e-04  9.13350582e-02 -5.52300848e-02
 -3.42222005e-02 -2.26861313e-02  3.32334675e-02 -2.05657221e-02
  2.60062851e-02  4.10409793e-02  3.11988965e-02  1.84184071e-02
 -8.78354721e-03 -3.30189466e-02  6.85861334e-02 -4.87671718e-02
  5.14970720e-02  4.48411219e-02 -2.85056774e-02  5.57673648e-02
  1.87250301e-02  1.00672897e-02 -8.02173242e-02  1.79994188e-03
  8.32006261e-02 -7.91396275e-02  3.56393941e-02  1.80055220e-02
  6.64698854e-02  2.19952278e-02 -4.10050899e-02 -5.29345125e-02
  1.34216771e-02 -1.25604318e-02 -2.40306668e-02 -1.38244862e-02
 -4.39959988e-02  1.29255867e-02 -1.44496690e-02  1.40065067e-02
  3.88325639e-02  4.63291816e-03 -6.83718696e-02  7.34389760e-03
  8.66193250e-02 -1.19153662e-02 -6.74798265e-02  6.20626174e-02
  4.37042005e-02  3.15169096e-02  4.95317951e-03 -4.17443924e-02
  1.48126122e-03 -1.56173399e-02 -2.13988055e-03 -1.65122561e-02
 -1.12453118e-01  1.63289551e-02 -5.25943302e-02  8.73929821e-03
  3.09946854e-02 -4.39204276e-02 -5.66145312e-03 -5.96432164e-02
 -2.55949167e-03 -1.57898664e-01  6.27663918e-03 -3.52001563e-02
 -2.90668234e-02 -4.77569923e-02  6.40121638e-04 -1.43647788e-33
  7.04893619e-02  3.20986547e-02  2.93327216e-02  4.44184691e-02
 -9.22651514e-02 -2.28726808e-02 -2.05144542e-03  1.65259223e-02
  1.06642616e-03  4.88161109e-03  1.91974640e-02  1.31064011e-02
  3.41680981e-02 -2.26741564e-02  2.79000308e-03  1.89964008e-02
 -7.81204626e-02 -1.13456666e-01  4.99236584e-02  8.71981382e-02
 -2.13023629e-02  2.91697178e-02 -8.36258195e-03 -1.40351644e-02
  4.63036895e-02 -5.72521426e-02  4.34566922e-02  7.32666394e-03
  4.36868854e-02 -2.42720041e-02  4.87312451e-02  1.20910080e-02
 -2.90767141e-02 -1.20049715e-01 -4.63050790e-02 -4.91597131e-02
 -4.66079153e-02 -8.22493806e-02  2.39611277e-03  2.91265678e-02
  4.19152714e-02  3.68530899e-02 -3.01404521e-02 -8.82365275e-03
 -6.14550449e-02  7.40149757e-03  1.65762492e-02 -3.35416272e-02
 -9.92986485e-02 -6.43551350e-02 -6.29659891e-02 -1.25380978e-01
 -3.18052620e-03 -1.22282701e-02 -4.63438546e-03 -1.84511412e-02
 -5.62969642e-03  8.67910404e-03  2.55363202e-03 -1.49468156e-02
  4.65716422e-02  5.62821031e-02  7.43432716e-03 -3.09105683e-03
 -1.43870721e-02 -5.43572791e-02 -7.55534247e-02 -4.14938964e-02
 -1.62039883e-02  1.50101501e-02 -2.19567176e-02 -2.75944220e-03
 -5.74962348e-02  3.02698985e-02  1.23584613e-01  2.70190425e-02
 -1.67046615e-03  2.29756143e-02  1.94221514e-03  2.39897333e-02
 -5.82065731e-02  7.96547905e-03 -1.30345291e-02  5.38036898e-02
 -1.64057668e-02 -5.20294942e-02  2.32019611e-02  1.56008840e-01
 -6.90593431e-03  5.28551778e-03 -3.99954952e-02  4.06166017e-02
  5.06178737e-02  1.42339915e-01  1.69903468e-02 -4.91539609e-08
 -6.05243556e-02 -4.89030443e-02 -5.79819977e-02 -1.34242028e-02
 -1.07568102e-02  5.10772504e-02 -3.02911308e-02  9.32944939e-03
 -1.54079394e-02  8.00670311e-02 -3.40613201e-02  5.06384037e-02
 -9.52565745e-02 -1.49258226e-02 -9.72484723e-02  8.35891515e-02
 -1.22490469e-02  7.35233575e-02 -4.62509654e-02  1.58808678e-02
  3.30812223e-02  4.78968211e-02 -2.57183649e-02  5.64230978e-02
  7.52180517e-02 -2.77237035e-03 -1.92877855e-02  6.49030805e-02
 -3.10562737e-02 -5.94009422e-02  7.27457404e-02 -1.73953027e-02
  2.26354157e-03  1.98341757e-02  4.35106456e-02  4.45038490e-02
 -1.58506411e-03  3.24268229e-02  1.23809777e-01  5.73369814e-03
 -2.23464631e-02 -2.82840449e-02 -2.82472298e-02  2.30315998e-02
  5.52361570e-02 -4.71688015e-03 -1.25117719e-01 -7.82009363e-02
 -5.85532375e-02 -2.58071143e-02 -6.27649724e-02  2.20773350e-02
 -5.72306588e-02  2.37659328e-02 -7.10129440e-02  1.05056368e-01
 -2.20483285e-03 -3.69739835e-03  6.52973726e-02 -3.31613608e-02
 -5.76203987e-02  6.65101130e-03 -3.42130428e-03  4.17961702e-02]"
55,../models/Simple Tests/ConjugationTest.sysml,"package ConjugationTest {
	port def P;
	
	part def B {
		port p1: P;
		port p2: ~P;
	}
	
	connection def A {
		end port p1: P;
		end port p2: ~P;
	}
	
	interface def I {
		end p1: P;
		end p2: ~P;
	}
	
	part def B1 {
		part p {
			port p1: P;
			port p2: ~P;		
		}
	
		connection a: A {
			end port p3: P ::> p.p1;
			end port p4: ~P ::> p.p2;
		}
		interface i: I {
			end port p3: P ::> p.p1;
			end port p4: ~P ::> p.p2;
		}
	}
	
}","I want to create a SysML v2 model within a package called `ConjugationTest`. This model will include:

1. A top-level port `P`.
2. A part `B` that has two ports: `p1` of type `P` and `p2` of type `~P` (negation of `P`).
3. A connection `A` that connects the ports `p1` and `p2` from part `B`.
4. An interface `I` that defines ports `p1` and `p2`, similar to the connection and part.
5. Another part `B1` that includes:
   - A nested part `p` with ports `p1` of type `P` and `p2` of type `~P`.
   - An instance of the connection `A` that connects new ports `p3` and `p4` to the ports of part `p`.
   - An instance of interface `I` that connects the same ports `p3` and `p4` to those of part `p`.

Overall, the model will demonstrate the relationships and interactions between these ports, parts, connections, and the interface, specifically focusing on the conjugation of types and their negations.","[-6.00515790e-02 -3.90397571e-02  3.28112058e-02 -3.59134428e-04
 -4.22457196e-02 -4.77306508e-02  5.85815720e-02 -1.38751194e-02
 -4.49386574e-02  1.01056919e-02  4.58585992e-02 -1.92114413e-02
  6.07270598e-02  6.16726503e-02  3.20327990e-02  4.90981452e-02
  4.05532308e-02 -3.17792036e-02 -1.42067950e-02  2.06120480e-02
  3.30400257e-03 -1.60813071e-02 -1.62104759e-02 -3.93659845e-02
 -7.89362863e-02 -2.68114116e-02  3.22265504e-03  6.68538660e-02
  1.00202680e-01 -8.06009024e-02 -2.08011344e-02  9.97126922e-02
 -1.49319857e-01  4.29459177e-02  7.77499601e-02  2.94890124e-02
  7.61383325e-02 -4.00480926e-02 -1.81070585e-02 -3.22179124e-02
  1.00482851e-01 -1.64265931e-02  1.78639889e-02 -9.34389513e-03
  1.25431353e-02 -6.26442879e-02 -2.83981096e-02 -1.05287824e-02
 -3.68469432e-02 -8.51375833e-02 -1.00447260e-01 -1.00252107e-02
 -1.56592336e-02 -3.33068632e-02  1.45556042e-02  3.71059440e-02
  5.07234372e-02 -2.04651523e-02 -9.37146842e-02  3.88850793e-02
  1.23091100e-03 -7.60582788e-03 -8.77403095e-02 -7.10478202e-02
 -2.19503976e-02  2.29013618e-02 -1.94620211e-02  4.88271192e-02
  6.20808974e-02  9.82899293e-02 -1.00565679e-01 -6.21181726e-03
 -7.75375497e-03 -1.60021726e-02  2.69406512e-02 -8.64387082e-04
  6.37972504e-02  3.21692787e-02 -8.80012102e-03 -1.37190431e-01
 -6.10242933e-02 -3.62947397e-02 -1.03704415e-01 -3.31771709e-02
  4.15827259e-02 -1.29986731e-02  3.89788374e-02 -1.20837718e-01
  4.81727012e-02  5.78078330e-02  6.44777343e-03 -4.36908416e-02
  1.77370925e-02  1.42628932e-02  6.99388757e-02  3.72159444e-02
  1.67686120e-02  1.10783530e-02  2.51873918e-02  6.91774562e-02
 -1.85853504e-02  3.52361836e-02  4.58672009e-02 -1.56890731e-02
 -3.12691927e-02  3.48446779e-02 -4.55376469e-02 -9.57615823e-02
 -4.67002541e-02 -4.96910475e-02 -4.30171825e-02  5.67421392e-02
  1.47915902e-02 -1.20244129e-02 -5.23877591e-02  7.38743022e-02
  6.92229867e-02  7.28013599e-03  5.69653660e-02 -2.01853216e-02
  1.45895556e-02  1.82767883e-02  8.84986594e-02  3.64048183e-02
  3.64647657e-02 -1.06012877e-02 -5.47366701e-02 -7.54592206e-34
  9.27638076e-03 -4.68580909e-02 -1.39989266e-02  9.09508690e-02
  2.91301981e-02  9.13136825e-02  2.97473767e-03  2.34535281e-02
 -6.76133037e-02  4.86616865e-02 -9.42092016e-02 -1.49369827e-02
 -9.16759819e-02 -2.36109290e-02  2.90104467e-02  2.73513235e-02
 -3.67227234e-02  2.58711725e-02 -3.53347026e-02 -1.49866724e-02
  3.84689271e-02  3.78055987e-03 -9.36812907e-02 -4.08662856e-02
  2.71373615e-02  1.43584944e-02  4.03485931e-02  3.70920543e-03
 -3.93292680e-02  2.94175707e-02  3.31236459e-02  1.86082106e-02
  1.53628280e-02  7.68785551e-02 -2.99834199e-02  2.98148822e-02
  3.57269645e-02 -3.62053998e-02  7.37902243e-03 -5.64647652e-02
 -2.27106176e-02  6.04649493e-03 -9.52020520e-04  4.17889804e-02
 -2.03453144e-03 -8.68248567e-02 -5.36702983e-02  1.12597793e-02
  2.35428638e-03 -5.45481443e-02  5.13203330e-02 -2.50549838e-02
  3.20264809e-02 -2.89532449e-02 -6.80421963e-02 -2.13028286e-02
 -3.67160118e-03  1.02273777e-01  7.72860541e-04  1.04948685e-01
  1.60265539e-03 -1.71803795e-02 -6.32746816e-02  5.81958368e-02
  4.55952510e-02  8.58485475e-02 -6.92248270e-02 -6.62443340e-02
  9.44445133e-02  2.56227758e-02 -9.40718725e-02  6.45306483e-02
 -7.46670365e-02  6.94572031e-02  2.14241371e-02 -8.33242610e-02
 -3.86581123e-02  1.14450383e-03 -3.69770481e-04  4.93159425e-03
 -5.54106236e-02  5.43085970e-02 -7.35759661e-02  8.12931508e-02
 -5.58993332e-02 -7.09785149e-02 -1.48688406e-02 -9.19390395e-02
 -1.09288050e-02 -1.38588905e-01 -1.69374980e-02 -1.08639458e-02
  7.03588650e-02 -4.47940603e-02  6.05161637e-02 -2.59827433e-33
 -1.05153928e-02  2.06844993e-02  4.33859527e-02  9.46458313e-04
 -2.73519494e-02 -1.04002796e-01  8.73002484e-02 -2.43782271e-02
 -4.97165732e-02  2.45779566e-02  2.86703985e-02  2.53795423e-02
  4.56604809e-02 -6.36104271e-02 -3.74435596e-02 -2.77238395e-02
 -4.00693826e-02 -1.30662262e-01  3.63868698e-02  6.95785731e-02
 -2.84805056e-02  1.19797379e-01  8.49672779e-02 -8.08422361e-03
 -4.71254177e-02  1.89970317e-03 -6.84734154e-03  3.14510427e-02
  1.59122851e-02  3.74291129e-02  4.78588603e-02  1.55193433e-02
 -1.43908756e-02 -1.88203100e-02 -7.59937242e-02 -1.90441012e-02
 -1.86515059e-02 -2.56546866e-03  1.97412316e-02 -3.02027520e-02
  3.26064378e-02  3.95863019e-02 -5.71454354e-02  1.07824542e-02
 -9.37348511e-03  3.24556381e-02 -5.83282532e-03 -3.18894051e-02
 -5.69444001e-02 -6.79669604e-02 -3.65027785e-02  2.04286538e-02
  3.02340221e-02  1.13005657e-02 -2.66188774e-02  4.97519597e-02
 -8.73974897e-03 -2.62369942e-02  1.54597859e-03  3.60051617e-02
  4.21989784e-02 -4.08770368e-02  1.16351061e-02 -1.69845037e-02
  4.69904765e-02 -3.74264270e-02 -3.96626480e-02  5.96588384e-03
  7.62472227e-02 -4.87399884e-02 -9.43365693e-03  6.03398569e-02
 -2.24115625e-02  2.01651789e-02  7.51482472e-02 -3.38261612e-02
 -7.46984631e-02  4.92247604e-02  7.14060143e-02 -2.27044104e-03
 -1.52399987e-01  4.27282706e-04 -4.45960611e-02  3.90889607e-02
 -3.48674506e-02 -2.13465672e-02  1.88755952e-02  1.05933003e-01
  7.53798559e-02 -5.08093461e-03 -4.72582318e-02  1.68664064e-02
 -2.27818303e-02  1.12565391e-01 -1.59483198e-02 -5.58684441e-08
  2.50485446e-02 -2.35394165e-02 -1.67604815e-02  2.74453536e-02
 -2.59913094e-02  1.96709950e-02 -1.27618909e-01 -2.24353280e-02
 -9.44522303e-03  5.41892275e-02 -1.06813580e-01  8.65393430e-02
 -1.01836674e-01 -3.34463790e-02 -1.91619825e-02  7.23000467e-02
 -2.21653692e-02 -1.26843248e-02 -6.77426681e-02 -2.64053270e-02
  2.88723670e-02  1.32026793e-02 -3.59048732e-02  1.44156307e-01
  1.41884955e-02 -1.29623190e-02 -8.82972963e-03 -1.27843665e-02
  4.24168743e-02  1.93383489e-02  8.65047053e-02 -1.53221507e-02
  3.68306506e-03  7.28972331e-02 -9.40099508e-02  7.71291479e-02
 -4.55774181e-02  1.37550943e-02  2.89264228e-02  4.90510166e-02
  2.01441571e-02 -4.37510833e-02 -5.62715046e-02  3.26002724e-02
  1.82773285e-02  1.59899238e-02 -4.03066836e-02 -7.84877092e-02
  2.59951036e-02  7.91833326e-02 -3.69641371e-02  2.67657656e-02
 -4.69574891e-02  2.68503111e-02 -8.54795948e-02  4.63632494e-02
 -3.00262813e-02  8.84273369e-03  2.65819356e-02 -4.31717001e-02
  3.98360118e-02  3.53586674e-02  1.88850332e-02  2.82519050e-02]"
56,../models/Simple Tests/ConnectionTest.sysml,"package ConnectionTest {
	
	part p {
		part x {
			part x1;
		}
	}
	
	part def P {
		part y;

		connect p to y;
		
		part p1 :> p;
	
		connect p1.x to y;
		connect p1.x.x1 to y;
	}

	abstract connection def C {
		part p;
		end end1;
		end end2;
		end end3;
	}
	
	part d1;
	part d2;
	part d3;
	part d4;
	
	connection bus : C connect (d1, d2, d3, d4);
	
	connection : C {
	    end :>> end1 ::> d1;
	    end end2 ::> d2;
	    end end3 ::> d3;
	}
	
	connection {
		part q;
		end end1 ::> d1 :> q;
		end end2 ::> d2;
	}
	
	abstract flow def F;
	
	message : F from p to p;
}","I want to create a SysML v2 model named `ConnectionTest`. This model will include the following components:

1. **Parts**:
   - A primary part `p`, which contains a nested part `x`, and `x` contains another nested part `x1`.
   - A definition of a part `P` that contains a part `y`, and establishes connections from `p` to `y`, and from a part `p1` (which is an instance of `p`) to both `y` and the nested parts of `x`.

2. **Connections**:
   - An abstract connection type `C` with three ends (`end1`, `end2`, `end3`), associated with a part `p`.
   - Four additional parts (`d1`, `d2`, `d3`, `d4`) that will be connected via an instance of `C`, named `bus`, linking all four parts.
   - A second connection instance using `C`, connecting `d1` to `end1`, `d2` to `end2`, and `d3` to `end3`.

3. **Additional Connections**:
   - A connection with a part `q`, linking `q` to `d1` at `end1` and to `d2` at `end2`.

4. **Flows**:
   - An abstract flow `F` defined for communication, represented as a message from part `p` to itself (`p`).

The model should effectively represent the connections and parts defined, demonstrating the relationships between them clearly with appropriate SysML constructs.","[-3.04782037e-02 -4.45389412e-02  1.84408948e-02  2.61033773e-02
 -4.72674295e-02 -4.38937433e-02  3.46026458e-02 -1.83955226e-02
 -9.25239176e-03  1.82931479e-02  3.18679139e-02 -2.38671154e-02
  3.48970592e-02  6.22123368e-02  5.49922362e-02  3.26740555e-02
  5.33823576e-03 -1.06143008e-03 -3.94797921e-02  4.03369498e-03
  7.32591748e-03 -2.75995191e-02 -1.03493519e-02 -8.94071441e-03
 -3.75659615e-02 -4.03148159e-02 -1.60407145e-02  4.89790775e-02
  9.56935361e-02 -4.77293916e-02  6.76834304e-03  5.77697642e-02
 -1.35214880e-01  4.64408249e-02  1.25035420e-01  3.28975804e-02
  6.07721023e-02 -2.81978529e-02 -5.64062260e-02 -1.78461391e-02
  1.29431084e-01 -2.19711699e-02 -3.56197869e-03 -4.78005372e-02
  4.68607061e-03  2.53796522e-02 -5.55709302e-02  1.81191880e-02
 -2.32392829e-02 -8.05166736e-02 -9.34238806e-02 -1.42643508e-02
 -1.38643086e-02  7.69312773e-03  2.28250306e-03  5.43954074e-02
  7.63090029e-02 -3.55234221e-02 -9.46905240e-02  7.56539684e-03
 -7.15395319e-04  1.25152022e-02 -9.12472382e-02 -7.84648582e-02
 -2.29462553e-02  4.53700498e-02 -4.50125523e-02  4.92298640e-02
  1.85114294e-02  1.27511203e-01 -5.16071394e-02 -2.30116490e-02
 -2.08297651e-02 -1.23305013e-03  1.14872679e-02  2.91381702e-02
  9.08504948e-02 -1.31457776e-03  1.81482770e-02 -1.45891964e-01
 -5.79457805e-02  3.06621008e-03 -9.47428867e-02 -4.18513007e-02
  8.87794048e-03 -9.20943636e-03  4.91331816e-02 -1.11596957e-01
  3.37212831e-02  4.09511253e-02 -6.66461512e-03 -4.44225259e-02
  1.03688948e-02  1.05496841e-02  9.40895453e-02  3.19477022e-02
  3.54522802e-02  5.85101405e-03  5.65628931e-02  4.49520722e-02
 -3.67366411e-02  5.05933762e-02  8.27607587e-02 -3.42023000e-02
 -4.03042957e-02  6.03761561e-02 -6.63002431e-02 -5.72234765e-02
 -2.87135206e-02 -5.68099618e-02 -2.96255238e-02  4.04921435e-02
  5.32094389e-02 -3.45063135e-02 -3.92871164e-02  2.62885937e-03
  5.26344739e-02  2.63798255e-02  5.79061247e-02  3.93657088e-02
  1.75564624e-02 -1.20255580e-04  6.52490333e-02  1.93323251e-02
  2.81390138e-02 -7.38594681e-02 -9.03266892e-02 -1.57188225e-33
 -2.17382368e-02 -7.00156391e-02  2.08253842e-02  6.97863027e-02
  5.88606074e-02  1.12088822e-01  9.47356399e-04  2.33163293e-02
 -7.35084042e-02  7.80130103e-02 -1.11888871e-01 -8.37762952e-02
 -5.98334149e-02 -2.35984568e-02  3.51530063e-04  2.20945012e-02
  1.95748936e-02  9.92998946e-03 -3.08325645e-02  4.09194827e-02
  5.25844879e-02 -2.28403788e-02 -6.38503283e-02 -5.82798533e-02
  3.10494676e-02 -2.81748045e-02  4.17465121e-02 -2.39899773e-02
 -2.96763256e-02  2.85437834e-02 -9.48695838e-03  2.12255288e-02
  3.15379025e-03  9.21296403e-02 -2.91216075e-02 -2.02270085e-03
  5.62505387e-02 -3.73630151e-02 -7.68429879e-03 -3.87026668e-02
  2.91925017e-03 -2.16448046e-02 -1.68616120e-02  3.86735275e-02
 -4.64086123e-02 -6.52526766e-02 -8.47808048e-02  5.17388098e-02
  1.63877860e-03 -6.03402928e-02  6.03659488e-02  9.67661943e-03
  2.62916256e-02 -7.17163160e-02 -7.86143020e-02 -2.67288461e-02
 -5.19337356e-02  8.98397863e-02  1.58056524e-02  8.53221118e-02
 -1.43226450e-02  2.02962067e-02 -7.42251351e-02  7.11101741e-02
  5.84338754e-02  6.35706410e-02 -4.21881005e-02 -5.45155331e-02
  6.73709512e-02 -1.16690714e-02 -1.05036475e-01  6.34166151e-02
 -7.98701495e-02  5.54886572e-02  1.31450063e-02 -1.01368316e-01
 -2.88026594e-02  4.46917769e-03  1.88015141e-02 -2.18459027e-04
 -5.00854738e-02  5.83302043e-02 -7.50865638e-02  5.64910471e-02
 -2.02382039e-02 -4.60753217e-02 -3.11219692e-02 -8.50773081e-02
 -6.83879256e-02 -1.27440855e-01 -1.81494411e-02 -3.16887461e-02
  5.62522672e-02  4.56479983e-03  2.95500085e-02 -1.55424726e-33
  4.40332061e-03  3.33501250e-02  6.38188571e-02 -1.19172418e-02
  1.01353815e-02 -9.52931717e-02  7.94476867e-02 -6.24724105e-02
 -6.13320731e-02  6.86341971e-02  4.08987738e-02  7.96969421e-03
  2.17667297e-02 -3.85419466e-02  5.66054252e-04  1.88241769e-02
 -8.73468444e-03 -1.45038277e-01  4.10996452e-02  8.09809119e-02
 -1.07759507e-02  8.99830982e-02  1.36462227e-02 -1.27398483e-02
  7.07201194e-03 -1.73622463e-02 -3.13279852e-02  7.91068599e-02
  2.58805994e-02  4.74711098e-02  3.57193686e-02  3.38057093e-02
 -1.91008449e-02 -2.20981147e-02 -5.23362011e-02 -1.28739662e-02
 -3.10307369e-02 -1.70370266e-02  2.66934466e-02 -3.25106531e-02
  3.63094397e-02  3.95776369e-02 -3.53803821e-02  4.17470150e-02
  5.88209704e-02  4.29438725e-02  3.38768624e-02 -4.61167954e-02
 -1.05553396e-01 -3.57632563e-02 -4.86509539e-02 -2.12428477e-02
 -4.95036878e-03  4.81100418e-02 -3.14903706e-02  3.23844142e-02
  6.23957999e-03 -4.02942970e-02  1.87347680e-02 -5.04411310e-02
  6.18892945e-02 -4.10027988e-02  3.66917178e-02  5.27963564e-02
  6.40070066e-02 -6.69205263e-02 -3.20909172e-02 -4.45507616e-02
  6.56398535e-02 -5.83610162e-02 -1.32600148e-03  6.25152886e-02
 -1.53569663e-02  2.29064878e-02  5.57834916e-02  2.55124323e-05
 -1.03357226e-01  3.54323275e-02  9.76619869e-02  2.97578927e-02
 -1.66202411e-01  7.98937771e-03 -1.20429108e-02  4.53408808e-02
 -1.86320320e-02 -3.81942131e-02  6.18661232e-02  1.66008577e-01
  2.97299009e-02  6.38717599e-03 -3.54151949e-02 -2.15941295e-02
  2.59258654e-02  1.29424855e-01 -3.16749476e-02 -5.78008006e-08
  4.33471380e-03 -4.99391519e-02 -5.64025939e-02 -1.04312028e-03
  7.76038645e-03 -2.20114887e-02 -8.96719173e-02 -9.82077513e-03
 -1.01183876e-02  4.61249985e-02 -9.96512771e-02  6.25491366e-02
 -6.27175942e-02 -3.29153170e-03 -3.44223231e-02  1.29852574e-02
 -5.67398313e-03 -1.39404100e-03 -3.78809795e-02 -1.41930413e-02
  2.43947562e-02  2.91785803e-02 -1.85538549e-02  1.21222213e-01
  1.55758290e-02 -2.68208217e-02  7.78737990e-03  6.33323193e-03
  1.66682936e-02 -1.42392134e-02  6.22818694e-02 -4.76494012e-03
  4.31525434e-04  8.78523365e-02 -9.08719152e-02  6.98709786e-02
 -4.00711782e-02  5.87784573e-02  1.14372214e-02  1.49670076e-02
  3.65498550e-02 -3.00526451e-02 -9.80430841e-03  4.51044887e-02
  4.58296500e-02  9.19470377e-03 -5.92497475e-02 -5.68087958e-02
  3.95639520e-03  3.23086567e-02 -4.79221605e-02  2.66952664e-02
 -4.85335067e-02  5.71086444e-03 -7.02618510e-02 -1.73664484e-02
 -1.54357869e-02  3.07802614e-02  6.73206465e-04 -2.98512727e-02
  2.72502913e-03  5.06660528e-02 -1.43377967e-02 -1.50944730e-02]"
57,../models/Simple Tests/ConstraintTest.sysml,"package ConstraintTest {
	private import ISQ::MassValue;
	private import SI::kg;
	private import NumericalFunctions::sum;
	
	constraint def MassAnalysis {
		attribute totalMass: MassValue;
		attribute componentMasses: MassValue[0..*];		

		totalMass == sum(componentMasses)
	}
	
	part def Component {
		attribute mass: MassValue;
	}
	
	part vehicle : Component {	
		part engine : Component;
		part frontAxleAssembly : Component;
		part rearAxleAssembly : Component;	
	}
		
	part vehicle1a :> vehicle {
		assert constraint massAnalysis : MassAnalysis {
			attribute redefines totalMass;
			attribute redefines componentMasses;
		}
		
		bind massAnalysis.totalMass = mass;
		bind massAnalysis.componentMasses = engine.mass;
		bind massAnalysis.componentMasses = frontAxleAssembly.mass;
		bind massAnalysis.componentMasses = rearAxleAssembly.mass;
	}
	
	part vehicle1b :> vehicle {		
		assert constraint massAnalysis : MassAnalysis {
			attribute redefines totalMass = mass;
			attribute redefines componentMasses = (engine.mass, frontAxleAssembly.mass, rearAxleAssembly.mass);		
		}	
	}
		
	constraint def MassAnalysis2 { 
		in totalMass : MassValue;
		in componentMasses: MassValue[0..*];
		
		totalMass == sum(componentMasses)
	}
	
	part vehicle2a :> vehicle {
		assert constraint massConstraint : MassAnalysis2;
		
		bind massConstraint.totalMass = mass;
		bind massConstraint.componentMasses = engine.mass;
		bind massConstraint.componentMasses = frontAxleAssembly.mass;
		bind massConstraint.componentMasses = rearAxleAssembly.mass;
	}
		
	part vehicle2b :> vehicle {
		assert constraint massAnalysis2 : MassAnalysis2 {
			in totalMass = mass;
			in componentMasses = (engine.mass, frontAxleAssembly.mass, rearAxleAssembly.mass);
		}
	}
	
	constraint def MassAnalysis3 {
		in totalMass : MassValue;
		in componentMasses: MassValue[0..*];
	}
	
	constraint massAnalysis3 : MassAnalysis3 {
		in totalMass : MassValue;
		in componentMasses: MassValue[0..*];
		
		totalMass == sum(componentMasses)
	}
	
	part vehicle3 :> vehicle {
		assert massAnalysis3 {
			in totalMass = mass;
			in componentMasses = (engine.mass, frontAxleAssembly.mass, rearAxleAssembly.mass);
		}
	}
	
	part vehicle4 :> vehicle {
		assert constraint { mass == engine.mass + frontAxleAssembly.mass + rearAxleAssembly.mass }
	}
	
	constraint massLimitation { mass : MassValue; massLimit : MassValue; mass < massLimit }
	assert not massLimitation { :>> mass = vehicle3.mass; :>> massLimit = vehicle4.mass; }
}","The desired SysML v2 model encompasses a package named `ConstraintTest`, where various constraints regarding mass analysis of vehicle components are defined and evaluated. 

1. **Imports**: The model imports necessary types (`MassValue` from ISQ and SI, and the `sum` function from NumericalFunctions).

2. **Constraints**: 
   - **MassAnalysis**: A constraint that ensures the total mass of a vehicle equals the sum of its individual components.
   - **MassAnalysis2**: Similar to MassAnalysis, but explicitly defined with input parameters.
   - **MassAnalysis3**: Another variation of mass analysis, reusing the concept with input parameters.
   - **massLimitation**: A constraint to ensure a vehicle's mass does not exceed a specified limit.

3. **Components**:
   - A `Component` part is defined with a `mass` attribute.
   - A `vehicle` part contains components: `engine`, `frontAxleAssembly`, and `rearAxleAssembly`.

4. **Part Definitions**:
   - `vehicle1a` and `vehicle1b`: Representations of the vehicle asserting `MassAnalysis` with varying approaches to defining component masses.
   - `vehicle2a` and `vehicle2b`: Instances leveraging `MassAnalysis2` and asserting mass relationships.
   - `vehicle3`: Uses `MassAnalysis3` constraint.
   - `vehicle4`: Directly asserts a calculation of total mass.

5. **Assertions**:
   - Each vehicle part utilizes constraints to bind mass values per vehicle component and to ensure compliance with mass constraints.

This model efficiently validates and analyzes mass constraints and relationships among the components of a vehicle, ensuring that the total mass calculations are preserved under various definitions and checks.","[-2.82540973e-02 -4.48775105e-03 -1.47465104e-02  3.33503634e-02
  4.18126397e-03 -2.23157872e-02 -7.95696024e-03  4.73154932e-02
 -7.14185685e-02  1.77964512e-02  3.90655361e-02 -8.45716372e-02
  4.99596484e-02  1.88351888e-02 -4.68879826e-02 -2.56995130e-02
  2.88121793e-02  2.76500583e-02 -5.70988581e-02  7.97781125e-02
  1.01889752e-01 -6.99821673e-03 -2.48414725e-02  1.22670550e-03
 -7.16623589e-02 -6.91719428e-02 -6.17657341e-02  8.26015994e-02
  3.04923073e-04 -8.84489268e-02  3.18093896e-02  1.06550846e-02
  2.03969087e-02  7.38855591e-03  9.29591060e-02  5.48079330e-03
 -5.39430268e-02 -6.94092512e-02 -1.00702882e-01 -3.25916298e-02
 -5.13775907e-02 -1.39477178e-02 -7.92717654e-03 -8.19782820e-03
  9.20365602e-02 -7.21722515e-03 -1.38532454e-02  2.62473114e-02
 -2.76589524e-02 -2.45784745e-02 -4.48624156e-02  4.22886610e-02
 -3.36359702e-02 -2.48004962e-03 -3.88561487e-02 -5.14647812e-02
  7.18931621e-03 -3.78865264e-02 -6.89706951e-02 -3.84866260e-02
  9.21538658e-03 -6.25626708e-04 -6.36316389e-02 -1.82982385e-02
  6.59555895e-03  3.92910875e-02 -5.90175018e-02 -2.79796757e-02
  5.87236658e-02  1.85657322e-01 -2.44594626e-02 -5.10587506e-02
 -3.77088971e-02  4.29862589e-02  4.99992818e-02 -4.10328582e-02
  4.27686721e-02  2.20765453e-02  4.14854214e-02 -7.18810111e-02
 -5.77389449e-02  2.00208854e-02 -2.05347426e-02 -1.01470090e-01
  2.17168815e-02 -3.89113985e-02 -3.53160873e-03  5.99336587e-02
  8.38568583e-02  5.53847998e-02  2.10682955e-02 -3.51834446e-02
  1.34286741e-02  5.01563922e-02  1.28616050e-01  1.33732464e-02
 -2.85485666e-02  2.32360028e-02  7.52642825e-02  7.13366410e-03
  1.37251699e-02  5.68124093e-02  5.13062663e-02  2.62734424e-02
 -5.55981100e-02  4.60443571e-02 -1.36487698e-02 -2.50214506e-02
 -2.34581623e-02 -5.59761636e-02  8.03611353e-02  6.63630217e-02
  5.56763560e-02 -6.29623011e-02 -4.81704390e-03 -1.91607215e-02
  8.52671340e-02  9.35648452e-04  3.18048261e-02 -2.61751413e-02
 -1.03141880e-02 -7.89839029e-02  6.76410049e-02  1.39848012e-02
  9.86374617e-02  4.72985179e-04 -1.11385427e-01  8.04366356e-34
 -1.05289355e-01 -7.52888918e-02  4.30888776e-03  6.04614913e-02
 -6.78985342e-02  4.61049676e-02 -4.34866687e-03  4.86080423e-02
 -2.95175593e-02  8.04619491e-02 -5.76062426e-02 -9.64059774e-03
 -6.47738427e-02 -3.00819464e-02  5.08309677e-02 -4.10144478e-02
  3.32376100e-02  7.35892355e-02 -2.64827963e-02 -3.40333283e-02
  2.98329834e-02 -5.09656370e-02 -4.06192578e-02  2.20867828e-03
  5.57858348e-02  6.86937869e-02  8.22847858e-02 -1.90821523e-03
 -7.18931630e-02  2.40134690e-02 -2.47387532e-02 -6.56244438e-03
 -4.88261431e-02  7.24176988e-02 -2.00195797e-02 -3.56219560e-02
 -6.02511205e-02 -4.85259108e-02  1.38992975e-02 -4.24891822e-02
  1.95311680e-02 -8.78304709e-03 -3.68668400e-02  1.09430254e-02
 -1.24842882e-01 -2.38234382e-02  4.32926081e-02  6.22589625e-02
  1.19124427e-02 -1.54268127e-02 -2.13474073e-02 -1.02991108e-02
  4.97339815e-02 -1.64162759e-02 -7.86203817e-02  4.76286374e-02
  2.99578831e-02  2.22621895e-02 -1.90632101e-02  6.99685365e-02
 -6.69867024e-02  1.87074877e-02  5.37066720e-02  1.02700945e-02
  2.57715899e-02  8.99341330e-02 -1.17422335e-01 -3.06077860e-02
  5.39119989e-02  4.59033363e-02 -6.04824498e-02 -1.00663323e-02
 -1.29370298e-02  5.15179224e-02  6.54571503e-02 -3.59764621e-02
  8.36313888e-02  1.29713968e-03 -4.40363549e-02 -2.41477005e-02
 -1.32096469e-01  1.12849355e-01  5.54733444e-03 -1.19572831e-02
 -6.39279634e-02 -5.14014140e-02 -5.43192253e-02 -6.29747137e-02
 -1.26563525e-02 -1.09075658e-01 -1.24260448e-02 -3.67980562e-02
 -7.25188628e-02  1.66333225e-02 -2.19154125e-03 -2.45456996e-33
 -3.49157453e-02  4.45082411e-02  3.79554257e-02 -1.23000965e-02
  2.21953467e-02 -5.79156280e-02 -2.21963413e-02 -4.80886288e-02
 -9.43516474e-03 -1.58133544e-02 -5.43918181e-03 -4.15583923e-02
 -1.11329238e-04  1.17517924e-02  2.21319217e-02  2.55743582e-02
 -5.35451174e-02 -1.08228229e-01 -1.57566648e-02  6.12098947e-02
 -4.14327569e-02  8.81639719e-02  2.29146387e-02 -1.94018439e-03
  3.98405967e-03  9.92677757e-04 -3.09263659e-03  1.81729812e-02
  6.76054806e-02 -8.84584151e-03  3.40094380e-02  5.89225255e-03
 -1.36632398e-02  1.61286462e-02 -3.42551991e-02 -6.59694597e-02
  2.29317266e-02  1.35003664e-02 -8.30043107e-03  4.27028090e-02
  4.12065387e-02  5.82951494e-02 -1.11861649e-04  2.63557583e-02
  3.23125012e-02  6.02495857e-03  7.72694871e-02 -4.94056158e-02
  3.09972223e-02 -4.03812453e-02 -2.38763168e-02 -6.36239871e-02
  3.30195613e-02  2.91646700e-02 -1.64725427e-02  1.29939504e-02
  4.03716154e-02 -5.65946139e-02 -5.70314797e-03 -2.60091387e-02
  2.01891437e-02 -6.11827187e-02  3.04623786e-02  1.64810810e-02
 -2.73081549e-02 -4.30873632e-02 -1.50303878e-02 -6.92732558e-02
 -7.21222814e-03  2.44717207e-02  3.54435369e-02  2.06447300e-02
  5.64132705e-02  7.77652115e-02  1.60367265e-02 -3.22517715e-02
 -3.26973312e-02  3.92090157e-02  1.12754181e-01 -7.84787312e-02
 -4.98338230e-02 -1.89343118e-03  9.94328409e-02  8.51644427e-02
 -6.01951145e-02  6.28869375e-03 -2.03989893e-02  1.36454448e-01
 -2.39438731e-02  5.73314615e-02 -5.58205843e-02  9.97756142e-03
  2.62770969e-02  1.07278802e-01 -8.59279409e-02 -5.25360555e-08
 -6.52229972e-03 -3.09376903e-02  5.18214377e-03 -6.06289282e-02
  1.09909186e-02  2.73894705e-02 -5.46116047e-02 -2.24256981e-02
 -4.02950011e-02  4.07459289e-02  5.61960340e-02  2.05938071e-02
  7.33998197e-04 -2.10385118e-02 -1.19604424e-01  5.20610362e-02
  1.30326161e-02  4.45863008e-02 -6.57609925e-02 -4.77966219e-02
  6.36978373e-02  9.90425050e-03 -4.93816473e-02  6.41021207e-02
  1.17040209e-01 -6.35621175e-02 -8.01490322e-02  7.47158080e-02
  5.92695922e-02  2.02738796e-03  1.60884336e-02  5.43986186e-02
  3.02519798e-02  3.70724127e-02 -2.77428068e-02  4.92683463e-02
 -4.87709194e-02  8.71117488e-02  3.31482850e-02  8.92898347e-03
  3.00982967e-02  8.31555948e-03 -1.45091889e-02  3.21337841e-02
  3.52907740e-02  8.72056261e-02 -1.78531945e-01 -5.62664084e-02
 -5.56799620e-02  3.11538372e-02  8.14883318e-03  1.53905647e-02
 -8.65128189e-02  1.08029053e-01 -5.17051667e-02  4.12734859e-02
 -1.95484683e-02  6.69430150e-03  5.28538823e-02 -4.72563766e-02
  1.34160304e-02  6.20905235e-02  1.90116279e-02 -3.84915099e-02]"
58,../models/Simple Tests/ControlNodeTest.sysml,"action def ControlNodeTest {
	action A1;
	then J;
	
	action A2;
	then J;
	
	join J;
	then fork F;
	then B1;
	then B2;
		
	action B1;
	action B2;
}","I want to create a SysML v2 model that defines a control flow using actions and nodes. The model should include the following elements:

1. **Action**: Define Action A1, which leads to Join Node J.
2. **Action**: Define Action A2, which also leads to Join Node J.
3. **Join Node**: J receives inputs from A1 and A2.
4. **Fork Node**: After J, I want to create Fork Node F.
5. **Actions**: Fork Node F should lead to two concurrent actions, B1 and B2.

The model should detail the sequence of actions and control nodes as specified, supporting the flow from A1 and A2 through to the join, then forking into B1 and B2.","[-2.58668046e-02 -6.86308593e-02 -8.80895089e-03  1.67182311e-02
 -2.31471453e-02  3.39618437e-02  1.92600116e-02  1.81420222e-02
 -2.94745131e-03  3.41800824e-02  2.55612154e-02 -4.39976603e-02
  6.62383484e-03 -1.96708962e-02  2.33944450e-02  4.08132561e-02
 -3.09098456e-02  1.08448835e-02 -2.80665263e-04 -1.09570716e-02
  3.32880020e-02 -2.20992342e-02  8.63474701e-03 -1.97461545e-02
 -6.41342849e-02  1.23206452e-02 -2.15771329e-02  1.25581818e-02
  4.78879139e-02 -6.22178055e-02  5.50822243e-02  7.61251245e-03
 -7.72413611e-02  1.54112130e-02  1.29865287e-02  4.16726544e-02
  2.77225934e-02 -6.98297992e-02 -1.04960561e-01 -7.49132186e-02
  7.10125715e-02  2.11261846e-02 -4.74829972e-03 -7.47349337e-02
  2.44479012e-02  2.29219981e-02 -4.22048569e-02  1.87407508e-02
 -3.16551290e-02  9.40203294e-03 -5.37571460e-02 -5.16165793e-02
  5.21645881e-02 -6.01406395e-02 -5.75454906e-03  4.37399819e-02
  5.14463820e-02 -3.84291932e-02 -7.18589202e-02 -7.83431157e-03
 -2.62118038e-02 -4.23686169e-02 -7.55819678e-02 -7.82459527e-02
 -1.65661629e-02  4.54590023e-02 -3.44112217e-02  4.33853082e-02
  1.55400159e-02  6.37001172e-02 -3.55106289e-03 -6.40048683e-02
 -5.90030365e-02 -5.77470921e-02 -4.24776785e-02  1.64429646e-03
  5.60108945e-02  2.15550717e-02 -9.63988528e-02 -7.39656612e-02
 -7.09036291e-02  1.62116382e-02 -6.39847070e-02 -1.74487494e-02
 -6.46668300e-02 -8.15906003e-03 -6.33682683e-02 -2.38071680e-02
  4.80734222e-02  8.30008239e-02 -7.18318224e-02  5.94494343e-02
  6.47763386e-02 -4.08934131e-02  9.25493464e-02  6.46440685e-02
  2.69034840e-02 -2.40290593e-02  1.17953308e-02  3.92930321e-02
 -1.93450395e-02  3.52176428e-02 -2.19926331e-02 -2.98793577e-02
  5.50885648e-02  2.18987912e-02 -6.72827289e-02 -2.59632189e-02
 -3.20777483e-02 -6.25602603e-02  9.54686385e-03  7.47666806e-02
  3.29936706e-02 -1.46928634e-02  3.64908390e-02 -1.70289595e-02
  7.65199661e-02 -3.80313694e-02  6.92468435e-02 -2.39944104e-02
  4.47119363e-02  7.35237869e-03 -1.50189281e-03  2.61009410e-02
  4.06564623e-02 -1.10243060e-01 -7.91673660e-02  1.61036125e-34
 -1.33655788e-02 -4.25995216e-02  3.94878797e-02  7.12999031e-02
  5.90916798e-02  9.43290442e-02  2.91799399e-04 -5.78006022e-02
 -5.13569228e-02 -8.32284428e-03 -9.41214636e-02 -1.08106226e-01
 -4.44660010e-03 -1.24811558e-02 -6.79181814e-02 -1.27314523e-01
  3.99107672e-02  4.63595353e-02  5.52229164e-03  3.69307958e-02
  5.91094531e-02 -1.86509006e-02 -5.53725846e-02  5.15153818e-02
 -3.32829393e-02 -2.94150002e-02 -4.03213967e-03  2.37379670e-02
 -9.87946521e-03 -2.54703336e-03  1.76699494e-03  2.99137719e-02
  2.49480475e-02  3.87428477e-02 -1.64843500e-02  4.73588072e-02
  4.30793427e-02 -2.10674945e-02  6.89712167e-02 -9.99703929e-02
  1.26486430e-02  1.00110024e-02 -5.59211373e-02  3.24805342e-02
 -8.40507969e-02 -4.84166257e-02 -8.89688581e-02  2.57773511e-03
  3.19121405e-02 -1.03770196e-02  8.13833773e-02 -2.53987238e-02
  9.34023336e-02 -4.77275550e-02 -4.06873114e-02  1.41398078e-02
 -4.43774238e-02  9.74609107e-02 -2.08722875e-02  1.59784690e-01
  4.61100414e-02  3.83845158e-02 -5.91588542e-02  4.77755144e-02
  4.32454608e-02  9.81196761e-02 -1.85692795e-02 -3.53177190e-02
  6.92540333e-02 -7.97077343e-02 -8.87465030e-02  9.26555693e-02
 -1.71253216e-02  5.90546727e-02  3.04335002e-02 -6.33825138e-02
 -1.50514273e-02 -6.30770847e-02 -3.58461216e-02  6.82590380e-02
 -8.96049142e-02  6.24944307e-02 -4.87688743e-02  3.56431864e-02
  4.82628047e-02 -6.35319352e-02 -3.11374497e-02 -4.87384126e-02
 -7.32216761e-02 -1.69601350e-03 -8.08434188e-03 -4.10554148e-02
  4.66885082e-02  3.47293951e-02  7.31390268e-02 -2.62811388e-33
  4.19772193e-02  6.18549995e-03  3.55397016e-02 -1.37718450e-02
  2.93458961e-02 -7.88321272e-02 -1.76616199e-02 -5.81961572e-02
 -4.65786196e-02  2.94185430e-02  7.86755234e-03  1.36481095e-02
 -5.17216399e-02  1.64253972e-02  6.45866245e-02 -4.55363132e-02
  7.82874674e-02 -1.06843390e-01  9.64096934e-02  6.68224022e-02
 -5.78562357e-03  5.91084957e-02 -4.24270369e-02 -2.67398730e-03
 -1.08723342e-02 -3.53435464e-02 -4.11505625e-02  8.06064978e-02
  2.66726129e-03  2.09444966e-02 -7.83530995e-03 -7.92666748e-02
  5.09663969e-02 -6.68839691e-03  8.91164783e-03 -6.36240616e-02
 -3.90741564e-02 -1.38082355e-02  3.77586335e-02 -2.74753515e-02
 -5.61428815e-03 -1.89615563e-02 -1.02744721e-01  4.77614403e-02
  4.34640646e-02  5.29195629e-02  1.46358097e-02  1.20129790e-02
 -1.33367047e-01 -4.89304699e-02 -2.87607368e-02  4.17785458e-02
 -4.34860066e-02  7.03752413e-03  1.53242908e-02 -1.68386064e-02
  9.60486904e-02 -1.51293976e-02  6.01655394e-02 -7.40124658e-02
  4.70739715e-02  7.22993957e-03  1.40047800e-02  2.16051005e-03
  1.15339264e-01 -2.02711783e-02  1.60988085e-02 -5.43686561e-02
  1.74870081e-02  8.17357155e-04 -7.31902337e-03  8.48701745e-02
 -2.28654873e-02  4.86371741e-02  9.23829526e-02 -6.60920441e-02
 -8.73898119e-02 -4.54161273e-05  3.23358849e-02 -7.50430953e-03
 -1.95128798e-01  7.91890323e-02  3.65331769e-02  1.12380333e-01
 -1.94542464e-02  1.10746808e-02  5.92885353e-03  7.98252448e-02
  1.14668915e-02  3.29007581e-02 -5.84141463e-02 -2.97513567e-02
  3.80708613e-02  1.06361754e-01 -7.21428469e-02 -4.81047593e-08
 -3.04398369e-02  3.75795290e-02 -2.84006465e-02  4.50119041e-02
  2.27724481e-02  5.74815869e-02 -7.09226429e-02 -1.77319795e-02
  3.04296874e-02 -9.89334844e-03 -7.72375241e-02  4.13686484e-02
  2.04949658e-02 -6.60807267e-02 -2.30318327e-02 -3.47171351e-03
  4.35473174e-02  9.20903590e-03 -1.06116654e-02 -2.47688144e-02
  5.75733706e-02  3.23348083e-02 -4.67778668e-02  1.06173113e-01
 -5.39915450e-03 -4.33938056e-02  3.19172591e-02  3.82831283e-02
  6.41405955e-02  7.32240966e-03  6.53667077e-02 -4.52898517e-02
 -1.25505859e-02  8.38106275e-02 -2.30537858e-02 -2.29988117e-02
 -4.48668227e-02  1.17276479e-02  7.59927407e-02  1.66307129e-02
 -2.19975375e-02  6.19741045e-02 -1.23849353e-02  1.21954903e-02
 -6.38446072e-03  6.07219636e-02 -1.00440919e-01 -1.09996140e-01
  5.25679886e-02  3.83199984e-03 -1.51689108e-02  5.24295010e-02
 -2.93920711e-02  7.32682645e-02 -5.90607673e-02  3.33998203e-02
  3.93634662e-02 -3.24759893e-02  2.74919532e-02  8.80608801e-04
 -8.93531740e-03  1.77533682e-02 -5.02678007e-02 -5.52892825e-03]"
59,../models/Simple Tests/DecisionTest.sysml,"action def DecisionTest {
	attribute x = 1;
	
	decide 'test x';
	if x == 1 then A1; 
	if x > 1 then A2;
	else A3; 
	
	then decide; 
	if true then A1;
	if false then A2;
	
	action A1;
	action A2;
	action A3;
	
	succession S first A1 
		if x == 0 then A2;
		
	first A3;
		if x > 0 then 'test x';
}","To create a SysML v2 model for the `DecisionTest` action, I want to define a decision-making process based on the value of an attribute `x`. Here’s a concise breakdown of the model:

1. **Action Definition**: Define an action named `DecisionTest`.
2. **Attribute**: Include an attribute `x` initialized to 1.
3. **Decision Logic**:
   - First decision checks the value of `x`:
     - If `x == 1`, execute action `A1`.
     - If `x > 1`, execute action `A2`.
     - Else, execute action `A3`.
4. **Nested Decision**: After the initial decisions, create another decision:
   - If `true`, execute `A1`.
   - If `false`, execute `A2`.
5. **Action Definitions**: Define actions `A1`, `A2`, and `A3`.
6. **Succession**:
   - Specify succession where `A1` is the first action.
     - If `x == 0`, then execute `A2`.
   - Set `A3` as the first action in a different context and check if `x > 0` to re-evaluate the condition.

This model captures the decision-making flow based on the attribute `x` while defining actions and their succession effectively.","[-2.57386379e-02 -3.77983712e-02 -4.58201542e-02  1.07675663e-03
 -5.13046831e-02 -4.48990650e-02  5.74327931e-02  3.19546349e-02
 -2.44770814e-02  1.32799804e-01  4.26936708e-02 -6.54554293e-02
  2.23836955e-02  5.41826785e-02  3.59540731e-02  4.69603837e-02
 -1.35492701e-02 -4.48281616e-02 -2.53067166e-02  1.52500961e-02
  8.02284405e-02 -2.17596050e-02  2.24392544e-02  2.16943212e-03
 -6.83660433e-02 -6.43857792e-02  5.86512685e-03  3.67339700e-02
  3.82421687e-02 -7.34779984e-02  4.06986177e-02  2.02846006e-02
  4.90082614e-03 -2.16412358e-03  7.12511018e-02  5.26851341e-02
  2.35068910e-02 -8.51106048e-02 -9.97045264e-02 -2.24035326e-03
  5.49819805e-02 -5.04818708e-02 -2.43714638e-02 -7.34935924e-02
  1.02620870e-02 -2.23159883e-03 -5.05470729e-04  9.08854697e-03
 -3.69581766e-02 -7.92261027e-03 -2.86967736e-02 -2.25345623e-02
  1.85466930e-02 -1.03203401e-01  6.01520576e-03  8.53319932e-03
  6.88587278e-02 -5.43712191e-02 -9.00232419e-02 -9.09973681e-02
 -4.99335602e-02 -2.29744855e-02 -6.58836067e-02 -4.73482460e-02
 -3.04156006e-03  3.33719291e-02 -5.69068491e-02 -3.39071155e-02
  6.77090362e-02  9.20295864e-02 -5.65257631e-02 -2.65860222e-02
 -7.28329120e-04 -1.25966463e-02 -2.32416578e-02 -1.77971832e-02
  8.09756070e-02 -3.18585336e-02 -5.73592409e-02 -8.88640806e-02
 -8.79596397e-02 -3.15400995e-02 -1.22201309e-01  1.30992271e-02
  3.97183150e-02 -3.19771431e-02  7.21002184e-03 -2.81704869e-02
  9.67167765e-02  5.68374582e-02  4.17848583e-03  4.87008085e-03
  1.47141432e-02  1.23209208e-02  9.67604369e-02  6.56007528e-02
 -1.26262661e-02  4.70253453e-03 -2.24965159e-03 -1.93800386e-02
 -4.32612821e-02  3.19036352e-03  1.66149773e-02 -3.37067060e-02
  1.60010066e-02  1.08920585e-03 -5.03336936e-02 -6.76575825e-02
 -6.31067008e-02 -8.96579474e-02 -4.58612368e-02  8.47948901e-03
  6.04407452e-02  1.40764358e-04  7.56226853e-02  1.07268587e-01
  8.32476988e-02  1.49507904e-02  2.72578746e-03 -4.31115068e-02
  6.03913479e-02  1.25899753e-02  2.10766587e-02  5.13132922e-02
  2.95818746e-02 -4.70984094e-02 -7.31310397e-02 -1.41581912e-33
 -3.74727212e-02 -7.31460974e-02  6.58065593e-03  7.13258311e-02
 -1.21491626e-02  8.53263587e-02  4.93964031e-02  3.82191665e-03
 -5.91316894e-02  7.87251964e-02 -4.88870554e-02 -6.90669119e-02
 -4.69930060e-02 -4.72166426e-02  3.30309831e-02 -2.54793987e-02
 -4.39034449e-03 -1.70108944e-03 -3.77332568e-02  1.55724818e-02
  1.17219806e-01 -3.76729555e-02 -1.05271868e-01 -2.76631117e-02
 -1.42026460e-02 -1.67915635e-02  5.67625929e-03  1.27212179e-03
 -6.81797937e-02 -1.02858413e-02  1.48908817e-03 -3.91561817e-03
 -2.62710098e-02  3.81272659e-02  4.58953204e-03  2.96641495e-02
 -3.99146229e-02  6.89151585e-02  4.40255888e-02 -2.80814618e-02
 -2.63699144e-02 -2.12322455e-02 -1.70838237e-02  3.54123935e-02
 -4.25496064e-02 -6.81625754e-02 -1.03405371e-01  3.45522501e-02
  6.50874600e-02 -1.38655268e-02  1.25473589e-01 -2.19675433e-02
  1.00414626e-01 -1.97077030e-03 -6.40042424e-02  1.02105280e-02
 -3.81645113e-02  7.44421855e-02 -5.85263595e-03  4.97987717e-02
  2.01455224e-02 -5.77297574e-03 -6.71669990e-02  7.82158673e-02
 -4.10591289e-02  5.10580428e-02 -9.41379927e-03 -8.18698481e-02
  8.33902657e-02 -1.77366231e-02 -4.78940383e-02  6.66748956e-02
  2.96361949e-02  4.58949059e-03  8.40234905e-02 -8.10836405e-02
  4.29022722e-02 -2.87605040e-02 -2.83039212e-02 -1.87010188e-02
 -5.53652458e-02  1.17100202e-01 -1.02508157e-01  1.16447974e-02
  6.33438677e-02 -6.27291873e-02 -5.42467721e-02 -4.79328819e-02
 -1.14704914e-01 -1.16002023e-01 -1.08638695e-02 -4.78082187e-02
  3.45701277e-02 -2.82631386e-02  5.67941517e-02 -2.53924816e-33
  5.57977036e-02  2.53662094e-02  5.05408235e-02  3.50054614e-02
  2.96786055e-03 -7.12502003e-02  4.63155210e-02 -4.24970649e-02
 -4.71073873e-02 -5.96295390e-03 -3.66066024e-02  2.07876526e-02
 -1.14369858e-02  2.40574758e-02  3.31268907e-02  2.10184064e-02
 -3.95419002e-02 -1.31234586e-01  4.73867692e-02  6.34204224e-02
 -4.20119502e-02  1.20707035e-01 -4.53511141e-02  5.63835688e-02
 -2.07966007e-02  1.09549705e-02  3.15168165e-02  3.81462052e-02
  6.56027347e-02  5.83487283e-03 -2.10588872e-02 -5.93996560e-03
  2.35945568e-03  5.69305243e-03  1.68705788e-02 -1.18256293e-01
  3.48994732e-02 -6.51926771e-02 -1.71020254e-02  9.17747840e-02
  1.05232000e-02  2.27984022e-02 -6.12232350e-02  3.29446718e-02
  8.10745731e-02  4.80727814e-02  6.39946684e-02 -2.14222558e-02
 -5.53654358e-02 -7.29000419e-02  1.30509129e-02 -4.73417565e-02
 -3.41423638e-02  1.11768186e-01  1.66272011e-03  4.19019395e-03
 -6.23385422e-03 -2.83532143e-02 -6.17095875e-03  3.88007164e-02
 -2.44377647e-03  3.02130412e-02  5.89420423e-02  1.81113146e-02
 -6.31042710e-03  1.74204204e-02 -3.10868807e-02 -3.32974596e-03
 -7.46545102e-03 -2.81261448e-02  1.92295061e-03  1.12145655e-02
 -2.64079701e-02  2.64461748e-02  6.98387176e-02 -2.80194972e-02
 -7.78961331e-02  4.14713062e-02  6.26776814e-02  6.52477443e-02
 -1.30315438e-01 -6.46976242e-03 -1.26748635e-02  9.21646878e-02
 -6.30597621e-02  1.33528160e-02  3.26050147e-02  1.47141501e-01
 -6.89038215e-03 -1.28788445e-02 -2.15772521e-02 -2.44737603e-02
  4.46594171e-02  8.42050090e-02 -8.27263743e-02 -5.80514268e-08
 -4.60105613e-02 -1.31437583e-02  4.23523486e-02  6.57368898e-02
 -3.69642191e-02  2.88786832e-02 -8.00563544e-02 -7.68411681e-02
  2.66606733e-02 -4.98549491e-02 -5.49843274e-02  5.91777712e-02
 -8.35281622e-04 -4.59107803e-03 -5.19484729e-02  8.08640011e-03
  4.15220165e-06  6.12297887e-03 -1.58654097e-02  1.24889016e-02
  7.82368556e-02 -1.11726001e-02 -3.73916738e-02  5.58910929e-02
  3.75866778e-02 -4.52297106e-02 -3.44407558e-02 -4.71693384e-05
  4.45999242e-02  7.91959558e-03  8.81774947e-02  2.51464490e-02
  7.51483589e-02  1.16024353e-01 -3.45729999e-02  2.38693357e-02
  1.92907341e-02  2.12508999e-02  6.51039407e-02  1.64718498e-02
 -2.11430974e-02  2.90659014e-02 -2.26651523e-02 -1.44742774e-02
 -2.52390727e-02  2.11853068e-02 -9.09661949e-02 -9.67411324e-02
  6.54029706e-03 -2.25479528e-02 -4.43336964e-02  4.22152057e-02
 -6.75725266e-02  5.50086051e-02 -1.46863647e-02  2.03827769e-02
  3.30956690e-02 -1.35831069e-02 -1.53467674e-02 -3.36397067e-02
  6.53651729e-02 -6.28604367e-02 -6.37957975e-02  3.07427626e-02]"
60,../models/Simple Tests/DefaultValueTest.sysml,"package DefaultValueTest {
	
	part def V {
		attribute m default = 10;
		attribute n = 20;
	}
	
	part v1 : V {
		attribute :>> m = 20;
	}
	
	part def W :> V {
		attribute :>> m default = n;
	}
	
	part v2 = W();
	
}","I want to create a SysML v2 model within the package named `DefaultValueTest`. 

1. Define a part `V` with two attributes: `m` which has a default value of 10, and `n` which is set to 20.
2. Create a specific instance `v1` of part `V` and override the default value of `m` to 20.
3. Define another part `W` that inherits from `V`, where the attribute `m` defaults to the value of `n`.
4. Instantiate `v2` as an instance of `W`.

This model captures the relationships between the parts and their default attribute values.","[ 1.77258067e-02 -3.55176665e-02  2.69147679e-02  2.43646745e-02
 -6.83720037e-02 -2.93003453e-04  1.62828770e-02  1.75817963e-02
 -5.57631813e-02  7.64237950e-03  6.68042824e-02 -5.73705956e-02
  3.55147310e-02  9.09419209e-02  5.04422300e-02  1.97859146e-02
  7.10343644e-02 -7.75159150e-03 -4.36029285e-02  4.39572856e-02
  6.53795376e-02  2.23210547e-02  6.57437462e-03  1.86438318e-02
 -1.30016766e-02 -5.29523939e-02  2.86159776e-02  9.41881910e-02
  9.44524780e-02 -6.09139353e-02  5.54214045e-02  6.66724220e-02
 -5.05008101e-02  2.08245404e-02  9.63170826e-02  3.91409621e-02
  5.19092008e-02  6.86056679e-03  2.70347274e-03 -4.95564602e-02
  5.17243110e-02 -1.65225491e-02 -4.94468352e-03 -5.69158234e-02
 -1.59580505e-03  4.47077490e-02  5.20759262e-02  1.22425323e-02
 -1.66980103e-02  8.56854394e-03 -4.06295210e-02 -2.55812351e-02
  1.86159350e-02 -3.72002013e-02  2.79426351e-02  8.78172070e-02
  2.31167488e-02 -3.85736898e-02 -1.59768403e-01 -2.97552589e-02
 -2.52809897e-02 -7.11023575e-04 -5.00873290e-02 -6.94105551e-02
 -5.48410565e-02  2.98907645e-02 -5.17149828e-02  1.32992668e-02
  9.91473161e-03  1.19177751e-01 -3.26685831e-02 -3.56258377e-02
  3.91899273e-02  1.62925590e-02 -1.44382883e-02  5.74254170e-02
  5.34269065e-02  3.96209843e-02  2.05236301e-02 -9.05965641e-02
 -6.23177104e-02 -2.83744335e-02 -7.41543546e-02  9.62645281e-03
  3.16944113e-03 -2.64769271e-02  1.71771552e-02 -2.80376505e-02
  7.71022514e-02  9.08400714e-02 -2.91714389e-02 -4.23819460e-02
  1.02717116e-01  2.77224705e-02  5.46407923e-02  4.69036438e-02
  4.23147790e-02  1.08778686e-03  3.74611467e-02  6.43318752e-03
 -8.82243961e-02 -2.05263728e-03  7.42214993e-02  2.58898269e-02
  2.03302875e-02  7.53595075e-03 -8.04947689e-02 -7.19702989e-02
 -6.75413236e-02 -3.92424949e-02  1.93936341e-02  7.45432153e-02
  3.16436142e-02 -6.05691448e-02  6.63598701e-02  2.54579410e-02
  6.17719814e-02 -1.56707633e-02 -1.06608039e-02 -5.65810651e-02
  3.99397826e-03 -1.88083816e-02  3.86256687e-02  6.42437339e-02
 -8.42066295e-03 -4.11786027e-02 -1.10856868e-01 -1.05842191e-33
  2.11780015e-02 -7.38397241e-03  4.87925224e-02  7.49185383e-02
 -3.13071497e-02  6.92732632e-02 -8.50149244e-03  2.10998487e-02
 -1.86807178e-02  4.89999279e-02 -6.65975437e-02 -4.09714356e-02
 -5.86264506e-02 -3.46507202e-03 -1.94977615e-02  2.54784129e-03
 -7.18477368e-02  4.12079804e-02  1.36909261e-03 -2.92421933e-02
  2.40825359e-02  5.99577539e-02 -5.77300414e-02 -3.08475215e-02
  5.60907321e-03  2.34706588e-02  3.92342173e-02 -2.22309083e-02
 -7.30120465e-02 -1.08983822e-03  4.21586633e-02  2.33438346e-04
  8.83681029e-02  1.27309770e-03 -6.00875206e-02  1.81565359e-02
 -8.64209956e-04  2.74366140e-02  6.31316081e-02 -1.65925473e-02
  1.11766845e-01  5.54344282e-02  3.31410505e-02  3.96230556e-02
 -6.06478341e-02 -4.60058749e-02 -4.65903953e-02  7.17556849e-02
  7.87658524e-03 -5.84572628e-02  3.74070778e-02 -4.58557159e-03
  7.57065276e-03  1.55157382e-02 -1.12315118e-01 -3.53755523e-03
  3.07248496e-02  2.60585640e-02 -4.77403551e-02 -3.63137797e-02
 -1.20466240e-02  8.59599374e-03  1.63278845e-03  5.52374031e-03
  2.16491073e-02  3.40622775e-02  2.95120627e-02 -1.06412530e-01
  3.27689461e-02 -1.51917748e-02 -7.97649249e-02  2.58318428e-02
 -1.08315565e-01  5.13857789e-02  1.60546955e-02 -6.44382536e-02
  3.75763699e-02 -4.83645983e-02 -1.32723721e-02  6.65155612e-03
 -1.17259376e-01  1.39369488e-01 -1.01723842e-01  1.25266248e-02
  1.01484023e-02 -8.07792321e-02 -1.21384477e-02 -6.15578927e-02
 -4.41972800e-02 -7.15776831e-02  3.39013897e-02 -1.19070634e-01
 -2.35656518e-02 -1.15862500e-03  3.04610897e-02 -8.33321170e-34
  5.64204194e-02 -2.59665516e-03  6.68000206e-02  5.26671261e-02
  3.21535300e-03 -1.04029588e-01  3.18796411e-02  3.24200317e-02
 -6.63742274e-02  6.30824640e-02  2.35127062e-02  1.21256779e-03
  2.45205201e-02  8.84723198e-03  4.34789620e-02  3.80359143e-02
 -2.00328324e-02 -1.50833905e-01  9.26077887e-02  2.71369033e-02
  1.00055349e-03  8.53118375e-02  2.84016156e-03  3.01229786e-02
  3.15357335e-02  1.34641202e-02 -3.97614576e-03  5.51060364e-02
  1.40251080e-02  2.09510159e-02 -1.39661962e-02  2.11682469e-02
 -1.64472554e-02 -6.32771775e-02 -4.14938256e-02 -5.89763187e-02
 -9.74955335e-02 -7.84737021e-02  1.48945125e-02  2.88814232e-02
 -1.84366424e-02  4.12202217e-02 -8.79989639e-02  4.60052639e-02
 -1.79154109e-02 -2.48400103e-02  4.95569594e-02 -5.61294854e-02
  1.02377636e-02 -1.13756143e-01 -5.49167674e-03 -6.90652505e-02
  4.66972515e-02  8.85356963e-02  3.21869366e-02  3.15124914e-03
  1.51106911e-02 -1.17254499e-02  5.02712354e-02  2.72084028e-03
  4.98739332e-02  2.20602676e-02 -4.58582072e-03 -2.88232677e-02
 -2.50061937e-02 -1.65590756e-02 -3.07116304e-02 -1.63597818e-02
 -3.72504368e-02 -4.76305746e-02 -1.47390598e-02  6.64625457e-03
  2.37820996e-03 -1.48430355e-02  2.47835722e-02 -3.82805653e-02
 -9.32042822e-02  1.07149735e-01  5.16963899e-02 -2.54586507e-02
 -1.36066943e-01 -1.34457778e-02  3.62393372e-02  6.39738813e-02
 -4.59872596e-02 -4.70082574e-02  2.03206409e-02  1.19242117e-01
  4.06733304e-02  2.85373889e-02 -7.45243505e-02  3.27067599e-02
 -7.77994469e-03  1.03163257e-01 -9.53411683e-02 -5.41245591e-08
 -1.07281536e-01 -1.11904526e-02  1.51445461e-03  3.94024551e-02
 -3.29269804e-02 -7.07031507e-03 -1.05853826e-01  2.63011791e-02
  1.27285365e-02  5.30513003e-02 -9.80488360e-02  7.01939985e-02
 -3.52361128e-02 -3.02059352e-02 -8.59357938e-02  6.85006529e-02
 -4.46184259e-03  2.57629920e-02 -3.75064500e-02 -2.74154693e-02
  2.70160157e-02  2.23202426e-02 -7.42286257e-03  3.77223664e-03
  7.49889612e-02 -1.92971360e-02 -3.73303294e-02 -9.33606550e-03
  9.90039259e-02  1.62213538e-02  8.39050040e-02 -2.10938882e-03
  6.51731640e-02  5.27761094e-02 -4.27717492e-02  2.19728742e-02
 -9.56490412e-02  1.69904679e-02  5.65598980e-02  1.22658443e-02
 -3.81595409e-03 -1.15951821e-02 -5.49510866e-02  2.77955476e-02
 -4.55975272e-02  6.61386130e-03 -7.14544505e-02 -5.09604439e-02
  1.37648480e-02  3.32599469e-02 -4.35723476e-02  3.45124044e-02
 -5.14324382e-02  2.91871019e-02 -1.31782234e-01  3.23919766e-03
  1.86404958e-02  5.07904105e-02  3.75852399e-02 -7.44634643e-02
 -8.61523021e-03 -1.59611329e-02 -4.26666625e-02  4.78989221e-02]"
61,../models/Simple Tests/DependencyTest.sysml,"package DependencyTest {
	
	package System {
		package 'Application Layer';
		package 'Service Layer';
		package 'Data Layer';
	}
	
	private import System::*;
	
	dependency Use from 'Application Layer' to 'Service Layer';
	dependency from 'Service Layer' to 'Data Layer';
	
	attribute x;
	attribute y;
	attribute z;
	
	dependency z to x, y;
	
}","I want to create a SysML v2 model named `DependencyTest`. This model will include a `System` package that contains three sub-packages: `Application Layer`, `Service Layer`, and `Data Layer`. 

I will define dependencies: 
- A dependency named `Use` that connects the `Application Layer` to the `Service Layer`. 
- A dependency from the `Service Layer` to the `Data Layer`. 
- Additionally, I will specify a dependency from an attribute `z` to attributes `x` and `y`.

The model will also contain three attributes: `x`, `y`, and `z`. 

The `System` package will be imported privately for use within the model.","[-6.23608157e-02 -5.72034828e-02 -1.70299562e-03  5.25452429e-03
  2.75576506e-02  1.27426749e-02  4.12250832e-02 -5.51934773e-03
 -2.79448479e-02  3.43490802e-02  6.90127164e-02 -4.44237068e-02
  5.70141226e-02  8.00533518e-02  4.68147509e-02  1.62247848e-02
  8.78763273e-02 -4.91072983e-02 -2.18160637e-03  5.26098795e-02
  5.26652187e-02 -8.18752218e-03 -3.88465896e-02  3.05869449e-02
 -6.29817992e-02 -3.20432410e-02 -4.56244964e-03  5.94238713e-02
  4.67981249e-02 -4.46658693e-02  1.75708756e-02  5.18669300e-02
 -3.90509851e-02 -1.45435864e-02  6.90448582e-02  4.33092862e-02
  4.77446169e-02 -3.54591757e-02 -3.31217274e-02 -4.38341312e-02
  4.15023416e-02  1.76417567e-02  2.09179409e-02 -3.26593146e-02
  1.47340251e-02 -1.06360264e-01  3.53728384e-02 -2.23837644e-02
  1.37877036e-02 -4.69449759e-02 -1.83604471e-02 -3.96110341e-02
 -3.50098195e-03  9.21399985e-03  3.24654882e-03  3.82081643e-02
  7.36076906e-02 -9.58254095e-04 -2.17874765e-01  1.70286894e-02
 -8.76726806e-02  2.73173787e-02 -6.76900297e-02 -5.34365810e-02
 -2.20175479e-02  6.89211115e-02 -9.88731533e-02  1.31248385e-02
  2.72293966e-02  5.45843095e-02 -1.05879672e-01 -1.63226004e-03
  5.95928729e-02 -4.32370454e-02  2.09980998e-02  1.68223232e-02
  7.95916170e-02  3.39866988e-03  5.76897804e-03 -1.58578143e-01
 -4.12169024e-02  4.20856588e-02 -4.08229567e-02  1.74811371e-02
 -2.22694371e-02  2.11519524e-02  5.24227768e-02 -7.39602447e-02
  2.10405942e-02  9.23072640e-03  1.50498599e-02 -8.20391551e-02
  7.71925598e-02 -2.08879225e-02  5.89069091e-02  1.60282273e-02
  2.81565133e-02  2.63018608e-02 -3.03398967e-02 -1.69640488e-03
 -6.35498166e-02  4.48134216e-03  8.76750723e-02  2.71239448e-02
  1.27638532e-02  7.40505010e-02 -6.95667341e-02 -8.53422061e-02
 -4.53426763e-02 -4.01455648e-02 -2.07164101e-02  9.36365798e-02
 -2.54778750e-02 -4.33892459e-02  1.32541535e-02  4.06006202e-02
  3.31979357e-02 -3.81119102e-02 -2.47267098e-03 -2.91655436e-02
 -5.17263412e-02  3.37687954e-02  1.10716462e-01 -2.79831458e-02
  4.00637053e-02  2.17893180e-02 -5.03784344e-02 -3.96221273e-33
 -2.90083904e-02  1.93328003e-03 -1.01553304e-02  1.24276899e-01
  4.28587850e-03  6.84439018e-02  5.46548031e-02  2.72554383e-02
 -4.68142107e-02  2.84227487e-02 -9.65432450e-02 -3.84756327e-02
 -4.08645719e-02  2.01834925e-02  6.92671686e-02  2.80013327e-02
 -5.39611466e-02  1.87123735e-02  5.64465821e-02  3.29791903e-02
  4.50428762e-02 -1.99565198e-02 -2.16690432e-02 -5.54513857e-02
  5.21707945e-02  2.78325342e-02  5.77488206e-02 -2.02005655e-02
 -2.74367221e-02  1.21044014e-02  5.63875251e-02  3.50994207e-02
  5.72319403e-02  2.62988340e-02 -2.98752505e-02  2.22544800e-02
 -1.49769643e-02  2.73976438e-02  4.53452356e-02 -3.48104499e-02
  1.00899942e-01  1.75292119e-02 -1.75300660e-03  9.12816152e-02
 -6.65011874e-04 -6.17537759e-02 -3.98639999e-02  6.70657214e-03
  5.05251735e-02 -8.20707902e-02  5.15961945e-02 -5.25467237e-03
  3.06210238e-02 -1.52499201e-02 -6.96627423e-02 -5.02342284e-02
  6.43647909e-02 -1.85001530e-02  4.36042026e-02 -2.01858301e-02
 -2.07487331e-03 -4.77543510e-02 -4.88523801e-04  1.13266900e-01
  1.18510358e-01  5.14590368e-02 -7.06226900e-02 -1.01299256e-01
  2.56763659e-02  7.26950169e-03 -6.88949451e-02  1.47896772e-02
 -6.11842312e-02  5.68878017e-02  3.28498036e-02 -9.57076848e-02
 -5.95424604e-03 -4.87619964e-03  1.01323901e-02  2.99271289e-02
 -7.83614665e-02  2.16563921e-02 -4.29595821e-02  1.89965423e-02
 -2.20292788e-02 -4.16850969e-02 -6.09217025e-02 -2.40032915e-02
 -3.38149779e-02 -9.29725468e-02  3.69208977e-02 -6.51995838e-02
 -1.30022056e-02 -6.92808256e-02  2.87935250e-02  1.00387989e-33
  6.35125041e-02  6.70850947e-02  7.49912933e-02  7.18018692e-03
  5.37659563e-02 -6.87382743e-02  7.04831444e-03  2.49197464e-02
 -2.10294630e-02  1.19457759e-01  2.77097523e-03 -1.33410059e-02
  6.69665188e-02 -3.04579530e-02  2.70472504e-02  5.54092154e-02
 -6.27104342e-02 -1.36155680e-01  2.53633186e-02  4.22456628e-03
 -4.59755436e-02  7.05624223e-02  2.46343911e-02  1.18954144e-02
  3.92704234e-02 -1.67977009e-02 -3.76742184e-02  5.08100074e-03
  1.83714200e-02  2.07223333e-02 -1.49770239e-02  5.76885417e-02
 -4.06585336e-02 -1.17910601e-01 -6.63222820e-02 -8.74076039e-03
 -1.02600701e-01 -3.43558230e-02 -3.12643610e-02  4.29223254e-02
 -4.71786149e-02  1.12748789e-02 -1.34455085e-01  7.67379766e-03
 -6.00791490e-03  1.01276319e-02 -2.07957458e-02 -7.27439746e-02
  1.19227788e-03 -5.68649508e-02 -6.03466593e-02 -6.74082059e-03
 -2.02008896e-03  3.95573303e-02 -2.77558225e-03  4.27353457e-02
  5.42273233e-03  4.26652469e-02  5.66660315e-02 -2.78234109e-02
  6.81463704e-02  2.55064126e-02  2.15889309e-02 -6.05207682e-02
 -2.24401299e-02 -3.78944390e-02  1.43701117e-03 -1.05885183e-02
  5.61002716e-02 -1.07515985e-02 -1.12659475e-02  2.83751544e-02
  3.18204127e-02  3.80702727e-02  3.33660133e-02 -1.02682319e-02
 -6.81248978e-02  1.15826972e-01  5.79066984e-02 -3.77692119e-03
 -1.09355062e-01 -5.94970994e-02  3.21403742e-02  4.82145622e-02
 -1.29459985e-02 -7.60640576e-02  7.83518031e-02  1.72064137e-02
 -1.27730779e-02 -3.69920651e-03 -1.85039565e-02  1.46403126e-02
  1.39030432e-02  8.79578218e-02 -2.48922245e-03 -4.54136959e-08
  4.29436099e-03  2.06186660e-02 -7.96840992e-03  2.08432209e-02
 -6.59645125e-02  6.53505744e-03 -6.00413047e-02  2.31097527e-02
  3.68090253e-03  8.00736323e-02 -1.13340706e-01  9.23576578e-02
 -4.80612442e-02  3.65250185e-02 -8.74191746e-02  6.79572225e-02
  2.50060987e-02  4.51019928e-02 -5.13791554e-02 -5.54233640e-02
  4.00462672e-02  4.35960218e-02  9.56092589e-03  6.44864365e-02
  4.85653952e-02  1.44126192e-02 -1.38617726e-02 -3.73059660e-02
  9.92524177e-02  2.80600991e-02  7.98211247e-02 -3.31144556e-02
 -2.94965822e-02  2.39140801e-02 -4.58826981e-02  4.86125574e-02
 -2.17115786e-02 -3.65443178e-03  1.06321827e-01  3.03777382e-02
 -3.66749018e-02 -1.83040351e-02 -3.40278409e-02  2.35907529e-02
  8.58857669e-03 -1.54370014e-02 -1.10885762e-01 -8.88564736e-02
 -2.55681537e-02  2.34621521e-02 -4.56685759e-02  6.83657452e-03
 -9.28705558e-02  3.22828963e-02 -5.14397621e-02  1.78017467e-02
  3.36252935e-02 -3.43308435e-03  1.31104039e-02 -1.07131429e-01
 -7.18611851e-02 -2.81360038e-02  3.07002962e-02 -1.58853214e-02]"
62,../models/Simple Tests/EnumerationTest.sysml,"package EnumerationTest {
	
	attribute def Color {
		attribute val : ScalarValues::Natural;
	}
	
	enum def ColorKind :> Color {
		doc
		/*
		 * An EnumerationDefinition can contain only EnumerationUsages. However,
		 * it can specialize an AttributeDefinition in order to inherit
		 * common features for its enumeration values.
		 */
	
		enum red {
			:>> val = 0;
		}
		enum blue {
			:>> val = 1;
		}
		enum green {
			:>> val = 2;
		}
	}
	
	enum color : ColorKind;
	enum color1 = ColorKind::blue;	// Implicitly typed by ColorKind.
	attribute color2 : ColorKind = color1;
	
	enum def E1 { a; b; c; 
		doc
		/*
		 * The ""enum"" keyword is optional for EnumerationUsages used to define the
		 * enumerated values of an EnumerationDefinition.
		 */
	}
	
	enum def E2;
	
	attribute def Size :> ScalarValues::Real {
		doc
		/*
		 * An EnumerationDefinition can also be used to restrict a supertype to
		 * specific values.
		 */
	}		
	enum def SizeChoice :> Size {
		= 60.0;
		= 70.0;
		= 80.0;
	}	
	enum size: SizeChoice = 60.0;
	
}","To generate a SysML v2 model based on the given description, I want to create a package named `EnumerationTest`. 

1. **Define an Attribute**: 
   - Create a `Color` attribute that holds a value of type `ScalarValues::Natural`.

2. **Create an Enum**: 
   - Define an enumeration `ColorKind` that is derived from `Color`. 
   - Within this enumeration, specify three values: `red`, `blue`, and `green`, each with corresponding `val` attributes (0 for red, 1 for blue, 2 for green).

3. **Define Enum Usages**:
   - Introduce an enumerated value `color` of type `ColorKind`.
   - Define another enumerated value `color1` explicitly set to `ColorKind::blue`.
   - Create an attribute `color2` also of type `ColorKind`, initialized to the value of `color1`.

4. **Add Additional Enumerations**: 
   - Create an enumeration definition `E1` with values `a`, `b`, and `c`.
   - Define another empty enumeration `E2`.

5. **Define a Size Attribute**: 
   - Create an attribute named `Size`, which is a subtype of `ScalarValues::Real`.
   - Create an enumeration `SizeChoice` derived from `Size`, with specific values of 60.0, 70.0, and 80.0.
   - Define an enumerated value `size` of type `SizeChoice`, with an initial value of 60.0.

This concise description aims to encapsulate the structure, attributes, and enumerations in the SysML v2 model, ensuring clarity and functionality.","[-4.11512377e-03 -2.60511190e-02 -3.67850065e-02 -3.61127662e-03
 -3.43772806e-02  7.36507447e-03  5.80947958e-02  1.03854779e-02
 -7.86263049e-02  3.43573317e-02  5.14733568e-02 -1.43185124e-01
  7.75360838e-02  3.25793475e-02  5.65806255e-02  7.99564272e-02
  8.02325457e-03 -1.20793888e-02 -6.13395087e-02  6.86282804e-03
  6.32517487e-02  1.09442854e-02  3.07519804e-03  4.46922258e-02
 -7.10535273e-02 -3.18618305e-02 -2.29313667e-03  4.45279106e-02
  5.97452261e-02 -8.28597099e-02  1.81208178e-02  5.26891984e-02
  1.81266218e-02  5.11245318e-02  1.15014754e-01 -8.59907735e-03
  3.13345119e-02 -3.59795727e-02 -6.92883581e-02  9.41799488e-03
 -2.69936142e-03 -1.18106259e-02 -3.29669826e-02 -5.90343438e-02
  1.16263619e-02 -4.10373248e-02  1.96963642e-02  2.05566008e-02
 -4.16379161e-02 -3.01337671e-02  1.66772641e-02  1.33086899e-02
 -3.38922888e-02 -6.10150918e-02  1.62316505e-02  5.53282537e-02
  6.39882870e-04 -7.84796178e-02 -7.68374577e-02 -4.08234857e-02
 -3.67058069e-02 -5.11775464e-02 -3.77306379e-02 -4.99965735e-02
 -1.85198653e-02  4.63953950e-02 -1.79574937e-02  7.94587017e-04
  3.38741839e-02  7.32591674e-02 -3.18875983e-02  2.11974024e-03
  1.88694019e-02  2.89634280e-02  8.40853900e-03  5.58312498e-02
  1.15531616e-01  1.93551909e-02 -5.42731881e-02 -1.03464887e-01
 -6.79711625e-02  3.31018819e-03 -9.27612036e-02  1.95965208e-02
  4.69100587e-02 -6.01203134e-03  3.17490995e-02  5.97006921e-03
  5.66437878e-02  9.96851102e-02  1.89857595e-02 -1.64126791e-03
  4.74293306e-02 -7.21632922e-03  9.81788859e-02  6.91135377e-02
  1.33111952e-02 -3.47171072e-03  1.51282484e-02 -2.10714452e-02
 -6.87706172e-02  3.04782623e-03  4.06267680e-02 -7.79163092e-03
 -3.93923372e-02 -2.02746429e-02 -1.39368493e-02 -3.34115662e-02
 -8.58802125e-02 -7.12646767e-02 -2.28410847e-02 -1.70230865e-02
  3.67010408e-03 -5.48135452e-02  1.86284389e-02  6.13371469e-02
  5.14764190e-02  1.18792914e-02  2.66499575e-02 -8.38238299e-02
  9.16666836e-02 -7.35636521e-03  5.62093146e-02 -2.78143119e-03
  1.21461442e-02  1.22900034e-04 -5.78395911e-02  9.87726669e-34
  1.56636108e-02 -4.31628861e-02  3.96036496e-03  1.58836335e-01
  1.04511548e-02  9.17839259e-02  3.21991369e-02  1.19503317e-02
 -8.60283077e-02 -6.69404352e-03 -4.88402508e-02  7.40613118e-02
 -3.71286757e-02  2.45322455e-02  3.89081612e-02 -1.73984701e-03
  2.58292705e-02  4.81532440e-02 -2.02497896e-02  6.64973725e-03
  5.52725717e-02 -1.49613423e-02 -6.28159866e-02 -2.68414151e-02
 -6.22506533e-03  5.22231571e-02  6.34476021e-02  4.39236726e-04
 -1.78651232e-02 -2.40548998e-02  7.19688013e-02 -4.43604877e-05
  2.48576328e-02  3.55717205e-02  3.86785567e-02 -1.17696244e-02
  2.16222517e-02  7.69185424e-02  5.10073453e-02 -3.35672051e-02
  6.07520975e-02  9.80614275e-02 -2.21238541e-03  5.76099791e-02
 -1.69106238e-02 -5.06228320e-02  7.06250197e-04  3.95192094e-02
  6.23576194e-02 -5.06005846e-02  6.15052395e-02  1.67034138e-02
  1.68084465e-02 -1.04869157e-02 -2.36459374e-02 -2.39742827e-02
  4.75169048e-02  6.68372735e-02 -1.88529287e-02  2.57590879e-02
 -6.96630329e-02  6.86375052e-02  1.40908416e-02 -2.79782601e-02
  2.97601223e-02  7.46328710e-03 -7.77568221e-02 -6.04397431e-02
  7.11220428e-02 -1.79975089e-02 -5.25798090e-02  7.76780993e-02
 -7.43335932e-02  6.45096153e-02  4.69723493e-02 -8.63299966e-02
  2.08126530e-02 -7.53098726e-02 -4.68505584e-02 -1.65740345e-02
 -1.10292777e-01  9.54373181e-02 -5.57446331e-02  5.85310273e-02
  2.00079866e-02 -1.19911648e-01 -4.12769467e-02 -4.56526363e-03
 -4.87148911e-02 -1.72050014e-01  3.64177823e-02 -4.13021781e-02
  1.57170501e-02 -9.76963937e-02 -2.08865646e-02 -3.13621672e-33
 -5.66273741e-03  5.90889268e-02  5.65419579e-03  8.56032372e-02
  1.42700151e-02 -6.04645908e-02  2.52253730e-02  8.22726544e-03
 -1.04581378e-03  3.70974839e-02  9.51971207e-03  4.51285020e-02
  3.94663736e-02 -5.45705960e-04  2.99594849e-02  3.27672227e-03
 -7.06745163e-02 -9.33289081e-02 -1.96841415e-02  2.23536999e-03
 -7.55415931e-02  1.01165637e-01  9.19162855e-03 -1.23316767e-02
 -1.65575109e-02  6.77309111e-02  2.69838073e-03  5.24452329e-03
 -4.90010891e-04  1.25879589e-02  2.48344820e-02 -3.93512519e-03
 -3.24826464e-02 -3.47034400e-03 -3.22834216e-02 -6.95468709e-02
  7.06393123e-02 -8.53601918e-02 -4.93714102e-02  1.06398478e-01
 -2.50030439e-02  2.99772155e-03 -2.05552112e-02 -1.64407752e-02
 -1.93020999e-02 -2.32387297e-02  3.77416052e-02  2.62225163e-03
 -4.87357117e-02 -5.10555878e-02  3.72058302e-02 -4.61265221e-02
 -2.96994802e-02  5.64576127e-02  9.87282302e-03 -5.56339137e-02
 -3.03783137e-02  3.54692875e-03  2.71646865e-02  5.86259775e-02
  2.22474486e-02  1.67735722e-02  3.02763432e-02 -4.82786121e-03
 -3.01288795e-02 -4.63013202e-02 -3.80548351e-02 -4.19177301e-02
 -3.60895358e-02 -5.58655225e-02 -1.73377506e-02 -9.94785968e-03
 -1.99513212e-02  9.18958616e-03  5.66587485e-02 -4.95675914e-02
 -6.21319115e-02  4.70347963e-02  8.54025707e-02  3.37286144e-02
 -1.25297323e-01 -7.49562029e-03  4.15880866e-02  8.29263851e-02
 -3.50224897e-02 -8.56739283e-02  5.69615737e-02  1.16669469e-01
  3.29818949e-02  3.19989175e-02 -3.16275023e-02 -4.45370656e-03
  1.49098905e-02  1.99693277e-01 -2.37584184e-03 -5.31002335e-08
 -7.28750750e-02 -8.58480558e-02 -4.32921313e-02  3.66493948e-02
 -4.46497239e-02  2.11997852e-02 -9.12886113e-02 -2.53119394e-02
  2.41096057e-02 -1.82952452e-02 -5.32737188e-02  6.37222007e-02
 -6.99536726e-02  3.94782349e-02 -3.03769670e-02  2.90270778e-03
  2.41132881e-02  4.64378372e-02 -5.24761006e-02 -1.55732483e-02
  1.93025749e-02  2.62246206e-02 -4.78238352e-02  8.08682758e-03
  4.61424254e-02 -5.01548126e-02 -3.24069709e-02 -2.91275363e-02
  5.78946397e-02  3.78090851e-02  1.01693384e-01 -3.07976510e-02
  1.56017654e-02  3.23593840e-02 -5.47816157e-02  2.38546990e-02
 -7.97727406e-02  6.32843450e-02  6.79281130e-02  4.71385643e-02
 -5.36459163e-02  1.55049423e-03 -1.13706060e-01  1.12747019e-02
  1.56570915e-02 -3.51750031e-02 -1.38654426e-01 -2.97049265e-02
 -3.88652794e-02  2.91709099e-02 -8.23120102e-02 -1.35715567e-02
 -1.45440772e-02  5.45255933e-03 -1.04252160e-01  8.23183730e-03
 -2.07086629e-03  9.26820654e-03  8.59538838e-02 -7.65893385e-02
 -1.37931686e-02 -5.56931607e-02 -3.98170613e-02  5.82479313e-02]"
63,../models/Simple Tests/FeaturePathTest.sysml,"package Q {
  part def F {
  	part a : A;
  }
  
  part f : F;
  
  part def A {
    part g = f.a;
  }
  
  part def B {
  	part f : F;
  	part a : A;
  }
  
  part def C {
	part b : B {
	  connect f.a to a.g;
	  bind f.a = a.g;
	}
  
	part c subsets b.f {
	  	part aa subsets a;
	}
	
	flow b.f.a to c.aa;
  }
  
  part e1 {
  	attribute x : E;
  	// Ensure that ""e1"" resolves correctly.
  	bind e1.x = E::e2;
  }
  
  enum def E {
  	enum e1;
  	enum e2;
  }
  
  part g = A().g.g.g;
	
}
","Here’s a concise description of the SysML v2 model you provided:

In package `Q`, the main structure consists of several parts defining relationships and interfaces among them. 

1. **Part F** includes:
   - Sub-part `a` of type `A`.

2. **Part A** is defined with:
   - Sub-part `g`, which references `f.a`.

3. **Part B** contains:
   - Sub-parts `f` of type `F` and `a` of type `A`.

4. **Part C** is structured as:
   - A subset part `b` of `B`, which includes a connection between `f.a` and `a.g`, and a binding that ensures `f.a` equals `a.g`.
   - A subset part `c` of `b.f`, which further defines a subset part `aa` of `a`.
   - A flow is defined from `b.f.a` to `c.aa`.

5. **Part e1** is characterized by:
   - An attribute `x` of type `E`, with a binding to `E::e2` to ensure correct resolution.

6. An enumeration `E` is defined with two literals: `e1` and `e2`.

7. Finally, `part g` is defined as a nested reference accessing `A().g.g.g`.

This model effectively captures the interactions and hierarchies among components, employing flow and binding to illustrate data dependencies.","[-6.43965378e-02 -2.14325618e-02  6.70237988e-02  2.15380527e-02
 -2.41037495e-02 -1.20162750e-02  4.44981754e-02  4.95582535e-05
  7.37867132e-03  2.67754830e-02 -8.36962601e-04 -6.27407506e-02
 -1.96584361e-03  3.76001373e-02  4.33835164e-02  2.55328268e-02
 -2.87442729e-02 -3.59799527e-02 -7.15881735e-02  1.49073191e-02
  2.13360731e-02  3.26101528e-03 -1.95489451e-02  2.17201374e-02
 -4.39276844e-02 -1.77562870e-02 -6.77406043e-02  8.14255252e-02
  6.37419745e-02 -7.34674931e-02 -2.57397369e-02  1.21040776e-01
 -3.60395201e-02  5.97614013e-02  5.36072105e-02  6.59473613e-02
  5.05407974e-02 -6.91015199e-02 -3.80347967e-02 -1.21840229e-02
  1.71849504e-02  1.53489423e-03 -3.13958479e-03  1.42830918e-02
  1.59601551e-02  3.10818609e-02 -8.05905074e-05  1.15597984e-02
 -9.23346281e-02 -4.29217517e-02 -4.39885631e-02  3.04475403e-03
 -3.71973589e-02 -3.65798408e-03  2.13904921e-02  4.82716821e-02
  4.91890237e-02 -4.21750695e-02 -1.17217071e-01 -9.66555532e-03
 -5.24168909e-02  1.21654896e-02 -9.44662094e-02 -1.34226680e-02
 -2.98153982e-02  3.56442705e-02 -5.45014068e-02 -3.12906839e-02
  4.69720401e-02  7.25515857e-02 -1.04303025e-01 -7.63343498e-02
 -1.45671535e-02  2.29550861e-02  2.82465275e-02 -3.78985107e-02
  9.84656811e-02  3.48903388e-02 -3.60588469e-02 -9.79218408e-02
 -4.63202558e-02  6.28472262e-05 -4.89412136e-02  1.88461579e-02
  2.46889386e-02 -3.18805352e-02  4.38862480e-02 -8.36297944e-02
  7.09898174e-02  7.24639744e-02 -4.84238900e-02 -6.10318817e-02
  7.42997229e-02  1.08985975e-02  1.29113510e-01  4.57882956e-02
  2.71171182e-02  9.31993313e-03  4.74505089e-02  3.90254036e-02
 -3.13078351e-02  5.71624897e-02  7.89728463e-02 -2.84893624e-02
  4.05926444e-03  1.67192612e-02 -5.74239716e-02 -6.60169218e-03
 -5.47116250e-02 -1.09146573e-01 -1.16328476e-02  3.40985507e-02
  1.77865829e-02 -6.87030777e-02  1.46399811e-02  1.63034815e-02
  7.71127865e-02  4.00907136e-02  3.50915231e-02 -1.41850542e-02
  1.21924700e-02 -2.62766965e-02  3.78949493e-02  5.47879795e-03
  3.93384136e-02 -2.25257128e-02 -1.44936949e-01  4.06762280e-34
 -2.70242989e-02 -2.13401224e-02  1.61053482e-02  8.86727497e-02
  6.62343297e-03  8.29130113e-02  4.06115912e-02 -3.10985669e-02
 -5.53618707e-02  9.31406096e-02 -4.78275493e-02 -1.17299811e-03
 -4.61631082e-02  7.66701549e-02  5.94472571e-04 -1.49791436e-02
  1.77052896e-02 -8.08453187e-03 -5.64079471e-02 -3.41265611e-02
  5.02145700e-02  6.20234273e-02 -1.06051669e-01  1.94207355e-02
  4.32909280e-02  2.44238283e-02  8.43934044e-02 -9.19905212e-03
 -4.61391099e-02  3.51745589e-03 -4.01388761e-03 -3.96406744e-03
 -3.74084502e-03  1.09521048e-02  1.16498545e-02 -1.25534926e-02
  2.81269872e-03 -1.75288245e-02  6.33734316e-02 -7.92264342e-02
  3.61565202e-02  6.27004951e-02 -1.16610993e-02 -2.11532488e-02
 -3.83436196e-02 -3.40849906e-02 -4.55769561e-02  3.51442806e-02
  2.36694962e-02 -4.34867144e-02  6.96430206e-02 -3.42569780e-03
  4.88334745e-02  3.17130983e-02 -4.45222929e-02 -3.87487188e-03
 -2.51938147e-03  1.00562461e-01 -3.88180017e-02  1.26070842e-01
  2.84916125e-02  4.97615635e-02 -4.78550196e-02  1.05439057e-03
 -1.06537761e-02  8.23501348e-02 -7.32382312e-02 -7.50935450e-02
  9.41327810e-02  3.62721235e-02 -5.90806901e-02  6.16961345e-02
 -3.77625190e-02  9.83958095e-02  4.19526808e-02 -6.69839904e-02
 -3.45273130e-02 -5.62566929e-02 -6.70742150e-03  2.75602136e-02
 -1.53223619e-01  8.81874114e-02 -2.98555251e-02  2.68846564e-02
 -5.57554215e-02 -1.00223258e-01 -1.98264010e-02 -1.03207991e-01
 -3.34879234e-02 -1.34737357e-01  1.58198029e-02 -5.11031002e-02
  3.50891128e-02 -3.12316380e-02  3.13445344e-03 -3.59080610e-33
  1.65779945e-02  1.13848187e-02 -2.20509549e-03  1.83967762e-02
 -5.71609475e-02 -1.11605845e-01  1.60828400e-02 -6.34375634e-03
  1.76297128e-02  4.28067073e-02  2.58756783e-02  8.61212239e-02
  4.33396958e-02 -2.28964351e-02  1.80452522e-02  2.16531865e-02
 -1.69950835e-02 -1.65714830e-01  3.82797383e-02  9.31881666e-02
 -1.00696087e-02  7.44236037e-02  4.54934649e-02 -1.39196627e-02
  3.77052873e-02 -1.85885571e-03 -8.15598667e-03  5.16300388e-02
  9.82354768e-03 -1.32481440e-03  2.18158364e-02 -5.14990762e-02
 -5.33549748e-02 -8.54101107e-02 -4.63320464e-02 -1.16765022e-01
 -4.58579175e-02  5.23305964e-03 -2.29727775e-02 -1.53183695e-02
  1.52164921e-02  3.51970084e-02  8.87278281e-03  2.08817124e-02
  6.99688913e-03  5.33094294e-02  3.46819237e-02 -1.14390822e-02
 -6.94133565e-02 -7.93979838e-02 -2.35974640e-02 -4.12428230e-02
  5.54764532e-02  3.74995507e-02 -6.36970671e-03  5.51797114e-02
 -3.52105359e-03 -2.15763934e-02 -3.76711115e-02  1.32794038e-03
  5.54735512e-02 -2.09761020e-02  1.37360888e-02  1.32578481e-02
  3.52421850e-02 -4.42634933e-02 -6.64653257e-02 -5.61813563e-02
  2.94286124e-02 -6.00592084e-02  2.37540603e-02  2.83948123e-03
 -2.82888152e-02  2.95284484e-02  3.22072655e-02 -9.13622603e-03
 -4.79616448e-02  6.47994876e-02  9.27168354e-02 -1.06660472e-02
 -1.27723709e-01  3.04496735e-02  4.10798285e-03  8.81881937e-02
 -3.86230312e-02 -4.52173129e-02 -9.03290976e-03  1.14063099e-01
  2.24309061e-02  1.53171942e-02 -1.83354095e-02 -1.64977517e-02
 -7.98390713e-03  1.66307881e-01 -4.54743952e-02 -6.05922850e-08
 -5.19630499e-03 -2.51046047e-02 -4.23196070e-02 -2.76365262e-02
  3.62297110e-02  2.75045354e-02 -7.25953281e-02  2.22864910e-03
  7.52069056e-03  8.31972882e-02 -7.25447834e-02  9.82617438e-02
 -5.88685907e-02 -1.05893193e-02 -6.92082047e-02  5.50842881e-02
 -1.08280238e-02  2.61543831e-03 -7.56831914e-02 -2.13198196e-02
  5.17851301e-02 -3.90743054e-02 -5.34002446e-02  6.71485513e-02
  6.21699775e-03 -4.98989485e-02 -5.92546118e-03 -1.12801678e-02
  2.65361499e-02  1.63660906e-02  3.44859958e-02  1.21833282e-02
  4.39475924e-02  3.98566723e-02 -3.92685421e-02  5.13183586e-02
 -4.71951775e-02 -1.94822922e-02  3.11981793e-02  2.77700070e-02
  3.27264927e-02 -2.80435607e-02  1.51332580e-02  1.97785161e-02
 -3.80749768e-03  4.34975512e-03 -8.51626545e-02 -7.18091652e-02
 -3.62278149e-02  6.85445741e-02 -7.70683587e-03  6.76350370e-02
 -7.87122101e-02  6.16938770e-02 -1.02131039e-01  1.36285173e-02
 -4.39064167e-02 -1.56962257e-02  5.94455153e-02 -9.15767998e-02
 -1.50798436e-03  3.20290513e-02  1.29172448e-02  1.29486974e-02]"
64,../models/Simple Tests/ImportTest.sysml,"package ImportTest {
    package Pkg1 {
    	private import Pkg2::Pkg21::Pkg211::P211;
    	private import Pkg2::Pkg21::*;
    	private import Pkg211::*::**;
        part p11 : Pkg211::P211;
        part def P12;
    }

    package Pkg2 {
        private import Pkg1::*;
        package Pkg21 {
        	package Pkg211 {
        		part def P211 :> P12;
        	}
        }
    }
}","Create a SysML v2 model within the package `ImportTest` that contains two sub-packages: `Pkg1` and `Pkg2`. 

In `Pkg1`:
- Import `P211` from `Pkg2::Pkg21::Pkg211` as a private import.
- Import all members of `Pkg2::Pkg21` and `Pkg211` privately.
- Define a part `p11` of type `Pkg211::P211`.
- Define a part `P12` without specifying its type directly.

In `Pkg2`:
- Private import all members of `Pkg1`.
- Include a nested package `Pkg21` that contains another nested package `Pkg211`.
- In `Pkg211`, define a part `P211` that is derived from the part `P12` from `Pkg1`. 

This structure should effectively demonstrate private imports and part definitions within nested packages.","[-7.07580820e-02 -2.58692950e-02  1.50941536e-02 -1.79166347e-02
  4.48665842e-02 -1.66556034e-02  3.17785479e-02  1.52197359e-02
 -4.89313975e-02  1.57669783e-02  4.02773321e-02 -3.92976515e-02
  1.74110495e-02  7.67790973e-02  6.36026114e-02 -3.78923379e-02
 -4.76948768e-02  1.35947168e-02 -2.52510197e-02  1.95999332e-02
  3.18357931e-03 -3.97070535e-02  9.62686073e-03  4.40651588e-02
 -6.68650120e-02  2.28937399e-02  1.37176998e-02  8.55696574e-02
  8.95737410e-02 -6.80499747e-02  7.29234004e-03  8.64237100e-02
 -2.02882048e-02  8.79246090e-03  1.36051685e-01  1.18355609e-01
  1.20609310e-02 -3.18554491e-02 -9.72598605e-03 -1.05099656e-01
  1.10063896e-01 -3.04213278e-02 -2.59325895e-02 -2.51536574e-02
 -1.24421744e-02 -3.79752964e-02  9.09113791e-03  3.92246805e-03
 -8.60354155e-02 -9.35871974e-02 -1.99164879e-02 -3.65065821e-02
 -5.51046543e-02  8.71758256e-03  3.01369391e-02  5.18890768e-02
  4.26477082e-02 -3.89671326e-02 -8.55882093e-02  2.71925740e-02
 -3.92430238e-02 -8.08877125e-03 -5.88429645e-02 -5.65208048e-02
 -6.54918179e-02  7.10827783e-02 -1.65709108e-02  2.15153676e-02
  6.06884286e-02  4.01774384e-02 -8.87311623e-02  2.92849669e-04
  2.61879358e-02  3.25693712e-02 -8.64883047e-03  3.88545962e-03
  7.10287020e-02  4.50861268e-02 -7.86798000e-02 -1.59613624e-01
 -3.46484371e-02 -3.36913019e-02 -3.40313986e-02 -8.60982481e-03
 -1.01864748e-02 -1.81731787e-02  6.98720142e-02 -2.49241479e-02
  3.28662023e-02  6.99094757e-02  3.41975200e-03 -7.81289637e-02
  3.99696156e-02  1.98585093e-02  6.27837107e-02  1.53871085e-02
  2.80708331e-03  3.23577151e-02  4.09381017e-02  3.40255350e-02
 -4.71991450e-02  3.16393562e-02  1.04579456e-01 -5.07837459e-02
 -3.15436791e-03  7.72621185e-02 -5.22572063e-02 -1.18606851e-01
 -2.84266323e-02 -4.38151509e-02 -9.13664997e-02  6.95441887e-02
  2.24884432e-02 -3.16866636e-02  2.61641070e-02  3.19759995e-02
  1.83166247e-02  6.52392907e-03  2.55987570e-02 -2.00123601e-02
  2.46109744e-03 -2.23701596e-02  1.48823664e-01  2.14996003e-02
  5.51243648e-02  2.04223506e-02 -1.01470314e-01  5.61834909e-33
 -2.53004283e-02 -2.29096990e-02 -9.22891137e-04  7.57381320e-02
 -5.35298511e-03  7.27378279e-02  7.26150796e-02  9.69615030e-06
 -8.18586275e-02  2.39056386e-02 -3.82577479e-02 -4.26033065e-02
 -6.54312223e-02  1.92886032e-02  5.14772162e-02  1.79364793e-02
 -6.47956431e-02  6.48520067e-02  3.24160419e-02  1.02012232e-02
  3.70939299e-02  1.87462047e-02 -7.78182968e-02 -2.03428324e-02
  7.99168497e-02  4.51621190e-02  8.13987553e-02 -5.44194579e-02
 -1.81494944e-03 -1.43339639e-04  4.54400443e-02 -1.60899607e-03
 -2.94535365e-02  6.95506856e-02 -8.90504196e-03 -3.81926866e-03
 -2.82829516e-02 -3.42128575e-02  4.01779525e-02 -5.09724878e-02
  6.38398379e-02 -1.56521872e-02  1.31794208e-04  7.04610273e-02
 -2.23924429e-03 -5.36595620e-02 -7.63391256e-02  5.60717471e-02
 -8.60776100e-03 -7.54092038e-02  5.10556512e-02  2.89612524e-02
  3.62662273e-03 -3.15368995e-02 -7.48949423e-02 -2.37013921e-02
  4.25416641e-02  2.45682374e-02  3.47779132e-02  6.17432734e-03
  4.79430370e-02  2.46850867e-02 -1.75971054e-02  8.30779597e-02
  5.11385873e-02  2.66476460e-02 -1.31879136e-01 -2.07547508e-02
  1.85646135e-02  1.29472250e-02 -6.65786415e-02  3.81633453e-02
 -7.30231330e-02  4.16007899e-02  1.40363583e-02 -8.14023912e-02
  1.46203376e-02  5.38621247e-02  8.89782142e-03 -1.06191970e-02
 -5.86527586e-02  5.87195903e-02 -6.45930469e-02  1.07689910e-02
 -8.04609209e-02 -4.79259901e-02 -4.29670513e-02 -5.59278727e-02
 -5.43395197e-03 -9.02233124e-02 -1.03916815e-02 -8.60373005e-02
 -1.72573738e-02 -4.89928611e-02 -9.52353328e-03 -6.91799511e-33
  1.80091560e-02  8.65008458e-02  3.30999531e-02  1.31550608e-02
 -2.99643204e-02 -4.03243639e-02  4.07638811e-02  2.91551813e-03
  2.14715442e-03  6.24257401e-02 -2.14715004e-02  1.31341461e-02
  5.44443615e-02 -9.84802395e-02 -7.91121274e-03  9.48890671e-03
 -1.58955883e-02 -2.36668214e-02  5.63383438e-02  2.48540249e-02
 -1.08984634e-02  1.12415351e-01  3.61206532e-02  5.92255816e-02
  3.76286730e-02  2.01630238e-02 -7.34348968e-03  9.36879888e-02
  5.68016956e-04  4.97017764e-02  4.11936082e-02  6.22590892e-02
 -6.57933205e-02 -8.72206017e-02 -9.43989903e-02 -9.11789685e-02
 -7.27474466e-02 -1.88099351e-02  2.42863074e-02 -7.21918419e-03
  3.78132984e-02  4.34398241e-02 -7.74023160e-02  7.30867684e-03
  7.96817988e-03  1.50344335e-02  6.17601201e-02 -5.68694174e-02
 -7.91895241e-02 -6.50932342e-02 -8.07251632e-02  5.63858673e-02
  2.48604920e-02  2.44528819e-02 -3.64571512e-02  3.84211317e-02
  3.56812775e-03  2.32006609e-02  2.95637008e-02 -3.64778973e-02
  5.75372800e-02 -1.82243828e-02  1.13329049e-02  5.17564733e-03
 -3.14101507e-03 -1.07676737e-01 -1.87018290e-02 -4.84348498e-02
  4.02075537e-02 -2.25076471e-02  6.50474755e-03  2.44434886e-02
 -2.30908450e-02  3.21866386e-02  4.20206040e-02  3.41788456e-02
 -4.48305570e-02  1.08191520e-01  7.00236112e-02 -1.46856708e-02
 -5.67569025e-02 -4.84859496e-02  9.52213071e-03  2.23470181e-02
 -1.88643504e-02 -6.20638989e-02  8.20543170e-02  4.78490256e-02
  1.18872197e-02 -2.29604561e-02 -3.36082987e-02  1.62618663e-02
  1.18151456e-02  9.79566872e-02  3.58844735e-02 -4.93502554e-08
  7.81960506e-03 -6.48368299e-02 -4.64287959e-02  3.26660983e-02
  1.62784457e-02 -1.31803360e-02 -1.29520953e-01  1.07258223e-02
 -3.17071564e-02  4.91643907e-04 -9.39388946e-02  5.62065803e-02
 -7.65658319e-02 -1.28012197e-02 -6.33180887e-02  6.32272437e-02
 -4.42912392e-02  3.37455198e-02 -6.90914765e-02 -1.87890921e-02
  9.16556641e-03  3.47180106e-02  1.76403057e-02  1.05333358e-01
 -2.49998714e-03  5.36919348e-02  4.04792614e-02 -4.94956151e-02
  8.21164176e-02  4.60009975e-03  6.73511326e-02 -9.37758107e-03
 -8.46737064e-03  2.02116277e-02  1.82943773e-02  8.89985710e-02
 -3.31290998e-02  5.30582890e-02  6.14012219e-02  2.03776788e-02
 -3.30596454e-02 -8.48426595e-02 -3.43532860e-02  9.26229265e-03
 -3.34101692e-02 -2.80849878e-02 -1.15635626e-01 -9.76659656e-02
 -2.18623430e-02  4.13070731e-02  1.10183544e-02  5.00354953e-02
 -9.04998258e-02  1.61987208e-02 -8.02964792e-02  1.07196346e-01
 -3.17623615e-02 -1.73312277e-02  3.70147228e-02 -7.10640773e-02
 -9.69053525e-03 -3.19609046e-02  1.35618811e-02 -1.14327800e-02]"
65,../models/Simple Tests/ItemTest.sysml,"package ItemTest {
	
	item f: A;

	public item def A {
		item b: B;
		protected ref part c: C;
	}
	
	abstract item def B {
		public abstract part a: A;
	}
	
	private part def C {
		private in ref y: A, B;
	}
	
	port def P {
		in item a1: A;
		out item a2: A;
	}
	
}","I want to create a SysML v2 model encapsulated in a package named `ItemTest`. This model comprises an item `f` of type `A`. Inside it, I define `A` as an item containing an item `b` of type `B` and a protected part `c` of type `C`. `B` is an abstract item with a public abstract part `a` of type `A`. 

In addition, I have a private part `C`, which contains two private incoming references `y`, one for type `A` and the other for type `B`. Lastly, I define a port `P` that specifies an incoming item `a1` of type `A` and an outgoing item `a2`, also of type `A`. This structure supports modularity and encapsulation within the model.","[-3.69746611e-02 -2.80929897e-02  9.17447917e-03  9.46278498e-03
 -1.44559368e-02 -2.48207692e-02  8.00960958e-02  8.40713736e-03
 -6.01731278e-02  2.85748988e-02  6.14888482e-02 -5.35007305e-02
  3.02809607e-02  5.81144467e-02  8.48821104e-02  3.59235816e-02
  8.33322778e-02 -4.06197412e-03 -2.25484390e-02  5.64669557e-02
  2.91830655e-02 -3.60369962e-03 -3.96453589e-03  3.39361355e-02
 -7.75864050e-02 -3.64722908e-02 -6.51030894e-03  4.49107997e-02
  9.34765488e-02 -8.00636783e-02  1.57269221e-02  6.48828223e-02
 -7.67001808e-02  5.93010671e-02  8.92899707e-02  5.19722067e-02
  5.61176762e-02 -5.03741018e-02 -3.49319428e-02 -9.63704437e-02
  7.29469433e-02 -1.15416176e-03 -3.34834829e-02 -4.47988994e-02
 -2.86946297e-02 -6.54388741e-02  5.60387485e-02  7.70805683e-03
 -2.59733759e-02 -4.42870222e-02 -4.16591242e-02 -2.92225424e-02
 -1.92551501e-02 -1.86205786e-02 -1.51206171e-02  3.55680287e-02
  5.16227111e-02 -5.35662472e-02 -1.29772052e-01  1.42391620e-03
 -3.40976939e-02 -2.67107077e-02 -6.41216636e-02 -7.07283616e-02
 -3.06998566e-02  5.18717878e-02 -3.06136883e-03  2.15456262e-02
  2.81663574e-02  6.81917220e-02 -1.56063745e-02 -1.32168587e-02
  2.32695211e-02  1.81614328e-02  4.08040732e-02  3.88923809e-02
  5.35377674e-02 -5.21878600e-02 -2.47215461e-02 -7.15125799e-02
 -3.74862812e-02  3.36097786e-03 -5.67991249e-02 -4.89515215e-02
  1.85123959e-03  1.10360666e-03  6.17375411e-02 -3.42638567e-02
  3.50344107e-02  7.78071135e-02 -3.52237299e-02 -3.79047245e-02
  5.58034331e-02 -3.94333899e-03  9.71426293e-02  1.26088914e-02
  9.12920479e-03  3.08589842e-02 -1.22260805e-02  4.90567870e-02
 -3.31647173e-02  9.92797390e-02  5.99276498e-02 -2.03049332e-02
  1.72241349e-02  3.00284848e-02 -3.12130824e-02 -1.19523339e-01
 -7.08118230e-02 -4.35785800e-02 -4.14682403e-02  8.49292502e-02
 -5.96881472e-03 -4.24773730e-02 -5.63201420e-02  3.00876442e-02
  4.33906130e-02  1.93329528e-02 -4.88211447e-03 -6.45351186e-02
  2.19127741e-02  3.73782702e-02  9.14363489e-02  2.41601970e-02
  1.56204551e-02  1.98440813e-02 -5.18825576e-02 -1.74652673e-33
 -3.18514071e-02 -3.63357440e-02 -8.11856892e-03  1.28256544e-01
  3.23040970e-02  9.45110992e-02  5.19660227e-02  2.57154386e-02
 -4.42843549e-02  2.58927867e-02 -5.80472015e-02 -3.22003476e-02
 -8.17628950e-03 -9.44613537e-04  4.37587164e-02  1.08054494e-02
 -3.09249423e-02  8.27206075e-02  4.75629717e-02  1.66295208e-02
  3.23735476e-02 -1.88617799e-02 -1.00624286e-01 -3.49887833e-02
  1.89722870e-02  2.00182423e-02  4.98699993e-02 -1.63068660e-02
 -2.14023422e-02  2.23166794e-02  4.87318337e-02  5.68353720e-02
  5.06380061e-03  4.77327220e-02  3.73880379e-02  1.74761768e-02
  1.02811055e-02  3.67130921e-03  2.96628047e-02 -9.14057270e-02
  5.68836518e-02  1.66506879e-02 -2.63164304e-02  8.80903155e-02
 -4.04199101e-02 -8.33744034e-02 -1.02162883e-01  5.86697534e-02
  2.22818032e-02 -1.03868917e-01  6.08855560e-02  5.61550213e-03
 -1.38255563e-02 -4.13320353e-03 -7.17141405e-02 -4.06046212e-02
  3.10590602e-02  6.62764162e-02 -6.27817446e-03  7.18547106e-02
  4.04012576e-03  6.26971573e-02 -1.38775352e-02  7.78080821e-02
  2.33725477e-02  4.79179844e-02 -6.66806698e-02 -1.06773660e-01
  1.02051489e-01 -4.74816412e-02 -4.82792817e-02  7.54542425e-02
 -6.15846291e-02  9.97045934e-02 -9.11245774e-03 -1.03680469e-01
 -8.82633775e-03 -1.63943321e-02  2.16688253e-02 -4.80507826e-03
 -4.77534123e-02  6.79421574e-02 -4.64988835e-02  9.11992341e-02
 -4.56080996e-02 -4.94328439e-02 -6.37295768e-02 -4.80321385e-02
 -1.92682128e-02 -1.28123328e-01 -2.37580538e-02 -2.69151181e-02
  2.66677495e-02 -8.30728710e-02  4.22111191e-02 -6.95491243e-34
  2.39222869e-02  2.16892660e-02  1.63101603e-03  7.15712272e-03
 -7.69921765e-03 -9.46726277e-02  2.16305647e-02  1.25398431e-02
 -2.69911159e-02  6.58148229e-02 -1.45051619e-02 -3.62951569e-02
  5.95873967e-02 -6.11156598e-02  1.24115925e-02 -2.78257765e-02
 -6.64600655e-02 -1.37245938e-01  4.48427536e-02  4.80489396e-02
 -3.94483693e-02  8.75380188e-02  8.03490132e-02  3.76169533e-02
 -4.42393683e-03 -3.38674872e-03 -6.21767230e-02  5.01705445e-02
  1.78342201e-02  2.28692908e-02 -6.08858559e-03  2.44735368e-02
 -2.35263389e-02 -6.40010312e-02 -5.71023263e-02 -4.60482277e-02
 -5.16895205e-02 -1.65356125e-03  4.87890765e-02  2.86627300e-02
 -1.50441444e-02  5.67842014e-02 -1.03627585e-01  1.84183251e-02
  1.00596920e-02 -2.33742148e-02 -5.06464312e-05 -5.94255514e-02
 -7.32949749e-03 -4.97085452e-02 -5.02866507e-02 -4.11864230e-03
  1.10246707e-02  1.94124393e-02  7.27033848e-03  1.92420986e-02
 -1.24106687e-02 -4.94278558e-02  2.05692947e-02  2.93249823e-02
  8.05497915e-02  1.74510684e-02  1.45549346e-02  8.87474976e-03
  4.34313118e-02 -8.22347850e-02 -3.04138511e-02 -5.88185228e-02
  2.95992214e-02 -3.29009369e-02  2.04470996e-02  1.51327681e-02
 -8.33060686e-03  6.45486340e-02  1.19919740e-01 -1.41028306e-02
 -6.23697080e-02  8.24658126e-02  7.17294365e-02  2.33549420e-02
 -1.37681261e-01 -2.80465800e-02 -3.17137279e-02  5.98734058e-02
  9.16778576e-03 -9.11798552e-02  9.71338078e-02  4.12943847e-02
 -2.26286631e-02  1.46007771e-02 -3.33699323e-02 -5.11299782e-02
 -2.52159629e-02  1.49122000e-01 -3.20239589e-02 -4.53825528e-08
  3.00165702e-04 -2.06579398e-02 -1.97956767e-02  7.37977996e-02
 -5.10637686e-02 -3.80193978e-03 -1.22176796e-01 -6.01992421e-02
 -6.58890186e-03 -3.60302255e-03 -1.00818336e-01  5.91195896e-02
 -6.95286989e-02  2.07860805e-02 -3.88814509e-02  1.97407585e-02
  1.09531882e-03 -3.93376825e-03 -8.99242461e-02 -3.95955145e-02
  1.24670267e-02 -5.81058033e-04  3.09603270e-02  7.10640922e-02
 -9.85232834e-03  4.08605300e-02  3.20427120e-03 -4.75065559e-02
  5.97168393e-02  7.44388402e-02  5.55679239e-02 -3.75179499e-02
  5.05833142e-03  4.63064425e-02 -7.73309171e-02  7.45756477e-02
 -2.38182526e-02  2.59828717e-02  4.72818799e-02  4.86570299e-02
 -2.47825217e-03 -8.83270055e-02 -7.81087950e-02  2.52617728e-02
  2.49359831e-02  4.88823233e-03 -7.03023300e-02 -5.91598526e-02
  3.68913822e-03  8.83332491e-02 -1.12778330e-02  1.41964965e-02
 -3.23837660e-02  2.97556706e-02 -7.08599687e-02  3.43473554e-02
 -1.17426347e-02 -8.64606909e-03  4.81373854e-02 -9.41142812e-02
 -1.88804716e-02  1.87330768e-02 -3.60670476e-03  4.30508330e-02]"
66,../models/Simple Tests/MetadataTest.sysml,"package MetadataTest {
	private import 'User Defined Extensions'::*;
	
	library package 'User Defined Extensions' {
		
		#Security enum def ClassificationLevel :> ScalarValues::Natural {
			uncl : ClassificationLevel = 0;
			conf : ClassificationLevel = 1;
			#Security enum secret : ClassificationLevel = 2;
		}
		
		metadata def Classified {
			ref :>> annotatedElement : SysML::Usage;
			ref classificationLevel : ClassificationLevel;
		}
		
		metadata def Security;
	}
	
	ref x {
		metadata Classified {
			classificationLevel = ClassificationLevel::conf;
		}
	}
	
	ref y {
		@Classified {
			classificationLevel = ClassificationLevel::conf;
		}
		@Security;
	}
	
	private ref #Classified #Security z1;
	abstract #Classified z2;
	
	ref z {
	    #Security #Classified metadata Classified {
	        classificationLevel = ClassificationLevel::secret;
	    }
	}	
	
}","I want to create a SysML v2 model contained in the package `MetadataTest`. The model will include user-defined extensions for metadata related to security classifications.

1. **User Defined Extensions Library**: 
   - Define an enumeration `ClassificationLevel` with values:
     - `uncl` (0)
     - `conf` (1)
     - `secret` (2)
   - Create a metadata definition `Classified` that references `annotatedElement` and includes a `classificationLevel` of type `ClassificationLevel`.
   - Add a `Security` metadata definition.

2. **References**:
   - Define reference `x` with metadata `Classified` and set `classificationLevel` to `conf`.
   - Define reference `y` which has both `Classified` metadata (with `classificationLevel` as `conf`) and `Security` metadata.
   - Define private references `z1`, which has `#Classified` and `#Security` metadata, and `z2` is declared as abstract with `#Classified`.
   - Define reference `z` that combines `#Security` and `#Classified` metadata with `classificationLevel` set to `secret`.

Overall, this model establishes a framework for security classification in SysML, allowing for structured metadata to be associated with various elements within the system.","[-3.13563063e-03 -2.55017374e-02 -6.58852458e-02  2.85779382e-03
  3.57723609e-02 -3.30157727e-02  7.46370777e-02  3.64532135e-02
 -9.59739015e-02  7.15977792e-03  5.16085438e-02 -9.80931669e-02
  5.51216938e-02  3.76653709e-02  4.70056161e-02  6.43905476e-02
  1.43307624e-02 -1.15015833e-02 -4.22036424e-02  7.13465661e-02
  8.03653747e-02  2.56408416e-02  4.21416350e-02  4.11479138e-02
 -7.34473690e-02 -5.88379428e-02 -4.45230678e-02  7.61143714e-02
  2.92255692e-02 -4.40292805e-02  4.66348790e-02  1.29907683e-01
 -6.22775629e-02  1.45396842e-02  1.34208471e-01  4.06037346e-02
  8.41775462e-02 -6.38505518e-02 -3.12165730e-02 -3.82154994e-02
 -2.52610333e-02  2.52706069e-03 -2.86546499e-02 -1.09769488e-02
 -9.07029435e-02 -2.95589827e-02  5.74070178e-02 -3.45539525e-02
 -3.13310176e-02 -7.94040132e-03 -5.58239967e-02 -3.61937960e-03
 -3.70417200e-02 -3.99004854e-02 -9.60499141e-03  6.60369173e-02
 -1.63260363e-02 -3.55312005e-02 -8.39506984e-02 -1.56104723e-02
 -5.35274222e-02 -2.94756759e-02 -6.75692037e-02 -4.69198674e-02
 -4.30650897e-02  3.46204005e-02 -6.36673123e-02 -2.68514268e-02
  7.89977089e-02  5.32637686e-02 -7.49011487e-02 -5.87338069e-03
  4.10808325e-02 -4.81662020e-04  1.16884578e-02  3.72264050e-02
  4.82101403e-02  3.16807926e-02  1.18686045e-02 -1.83511183e-01
 -4.55188677e-02 -1.83286443e-02  1.61949918e-02  1.40074920e-02
  2.37593763e-02 -2.01914795e-02  6.51407391e-02 -3.89811769e-02
  3.74477990e-02  8.13237503e-02  8.24050829e-02 -3.97197232e-02
  2.04698294e-02 -1.33330235e-02  5.81243485e-02 -1.26255145e-02
  3.12599055e-02  1.18854996e-02 -3.02856583e-02  4.61575054e-02
 -5.73197939e-02  1.69611524e-03  3.07968594e-02  1.61601491e-02
  1.24329273e-02  1.60493869e-02 -2.56370902e-02 -5.12099862e-02
 -8.36384892e-02 -3.05946823e-02 -1.81412790e-02  6.58412725e-02
 -3.41158137e-02 -1.01350233e-01  4.96731587e-02  7.93699473e-02
  3.15169282e-02 -5.56582958e-03 -1.83894765e-02 -7.10198879e-02
 -1.78851485e-02  2.93376707e-02  5.92026860e-02  2.83168312e-02
  1.04846386e-02 -5.17224288e-03 -1.11415133e-01  1.25749592e-33
 -4.28512134e-03 -4.37815636e-02 -2.43926588e-02  1.51451275e-01
 -2.13804245e-02  7.35563412e-02  2.39617471e-02  2.20251922e-02
 -6.94966838e-02  5.13853021e-02 -5.05700521e-02  6.07126020e-03
 -3.09833530e-02 -7.16921641e-03  3.06923129e-02 -1.49256829e-03
 -8.99781880e-04  4.28916030e-02 -1.24642989e-02  1.35969725e-02
  9.47776660e-02  7.78902555e-04 -2.88893934e-02 -6.24603406e-02
 -2.52332655e-03  8.91517103e-02  3.05431691e-04 -4.53800000e-02
 -1.36443358e-02  3.82988453e-02  2.76560858e-02 -2.32001208e-03
  9.62851644e-02  4.85143401e-02  1.66204590e-02 -2.33324058e-03
  2.17069313e-02  7.89679438e-02  9.74961370e-03 -9.25235972e-02
  7.69471452e-02  3.10704987e-02 -8.08579847e-04  1.18083861e-02
  9.26435646e-03 -9.03149247e-02 -3.73864584e-02  6.43144846e-02
  5.27382344e-02 -3.44086289e-02  2.89405156e-02 -6.97530853e-03
 -3.44700776e-02 -2.65996251e-02 -5.75506538e-02 -5.76086268e-02
 -8.78413487e-03  4.36462127e-02 -3.38863954e-02  2.96115801e-02
 -1.59654282e-02  4.89426330e-02 -3.36239785e-02  3.12470887e-02
  4.02429067e-02  1.50371464e-02 -1.02595650e-01 -6.30594194e-02
  8.64276364e-02  2.15341095e-02 -4.67796661e-02  5.42900339e-02
 -2.96725761e-02  1.10900663e-01  3.78523059e-02 -9.18801427e-02
  1.09150661e-02  6.16372610e-03 -1.90223847e-02  4.86715185e-03
 -7.59494826e-02  7.18015134e-02 -2.67768484e-02  6.03293963e-02
 -1.96042750e-02 -9.76232216e-02 -5.34521639e-02 -2.67193727e-02
 -5.69882840e-02 -7.88867995e-02  2.33193599e-02 -9.63626429e-02
 -1.35180596e-02 -3.52885500e-02 -3.06955297e-02 -4.76914368e-33
  1.59951299e-02  4.13365774e-02  1.03556551e-02 -1.42892320e-02
 -2.22343151e-02  1.84028654e-03 -2.03750562e-02 -1.40292058e-02
 -5.17697372e-02  4.22445461e-02  2.38771364e-02 -5.27136121e-03
 -7.84447417e-03 -2.53708400e-02  1.38368160e-02 -4.90642041e-02
 -9.25201699e-02 -1.08927689e-01  1.46345114e-02  6.96282461e-02
 -4.73178597e-03  1.22565567e-01  1.78435557e-02  6.79821372e-02
  2.58713402e-02 -4.95982869e-03  2.78230058e-04  7.59979859e-02
  8.34544301e-02  8.15018360e-03  5.67224901e-03  9.45104361e-02
 -5.47213145e-02 -9.48061720e-02 -6.76118303e-03 -1.01687394e-01
 -3.20612304e-02 -6.57083541e-02 -2.70642862e-02  5.63755371e-02
  1.49433278e-02  7.46856406e-02 -1.26951411e-01 -5.11132106e-02
  1.88441074e-03 -3.55696790e-02  4.46469188e-02 -6.94317929e-03
 -9.41848010e-03 -1.17561661e-01  8.05338612e-04 -9.63922217e-02
  2.37755533e-02  2.43243556e-02 -7.78857525e-03  2.98073329e-02
 -6.92823017e-03 -4.38082078e-03  5.28939534e-03  5.96841462e-02
  5.88918068e-02  5.59048317e-02 -3.41453739e-02 -3.95824239e-02
 -8.47921520e-03 -7.49504119e-02 -6.29051328e-02  8.28662515e-03
 -1.12021295e-03  1.34291667e-02 -4.30625901e-02  3.81757825e-04
 -8.85647815e-03 -2.56065279e-03  4.03866768e-02 -1.19137894e-02
 -5.18651940e-02  3.58079225e-02  7.48412684e-02  3.23457383e-02
 -1.02281332e-01 -1.79526792e-03  2.45914143e-02  3.42245214e-02
  7.13730510e-03 -3.44284810e-02  4.79757190e-02  1.31876573e-01
 -1.94611195e-02 -1.17381429e-03 -8.95043428e-04 -3.72408666e-02
 -3.51522230e-02  1.72268808e-01 -1.62180848e-02 -5.53006956e-08
 -1.75787471e-02  2.62210369e-02 -5.96971326e-02  3.69645953e-02
  2.41427682e-03  6.37978166e-02 -9.47766528e-02 -2.94924062e-02
 -3.20548937e-02 -2.32536867e-02 -4.31216732e-02  7.10975230e-02
 -9.99196693e-02  4.05259989e-02 -1.05400376e-01  1.16278473e-02
 -1.73476920e-03  4.79699299e-02 -4.57516797e-02 -1.95205454e-02
 -2.24266127e-02 -1.99118685e-02 -1.75039433e-02 -9.18842200e-03
  7.48485550e-02 -8.89252406e-03 -4.51919110e-03  5.22205606e-04
  8.62818137e-02  6.59185275e-02  6.56105801e-02 -1.24599356e-02
 -2.48955768e-02  5.64509630e-03 -6.71404004e-02  4.79524024e-02
 -9.73979011e-03 -5.03864745e-03  1.39964465e-02  9.93058085e-03
  2.18885345e-03 -6.40436308e-04 -6.51921183e-02  2.82894988e-02
 -1.20405070e-02 -4.09361944e-02 -5.64903803e-02 -6.17544316e-02
  2.73161270e-02  4.82637621e-02 -4.34147976e-02  5.09327985e-02
 -5.32103404e-02  4.58439626e-02 -9.04959217e-02  4.67160605e-02
 -3.34159397e-02  1.00541990e-02 -1.98172126e-02 -8.13740417e-02
  3.81001048e-02 -4.10739444e-02 -3.57045308e-02  1.83099825e-02]"
67,../models/Simple Tests/MultiplicityTest.sysml,"package MultiplicityTest {
	
	part def P;
	attribute n : ScalarValues::Integer = 5;
	
	part a[1];
	part b[0..2] : P;
	part c : P[2..*];
	part d[*];
	
	part e[n];
	part f[n..*];
	part g[1..n];

	attribute def A {
		attribute i :ScalarValues::Integer;
		attribute x : A[i];
	}
}","I want to create a SysML v2 model named ""MultiplicityTest"" that includes the following elements:

- A defined part `P`.
- An integer attribute `n`, initialized to 5.
- Several parts with varying multiplicity:
  - `a` as a single part.
  - `b` as a part with 0 to 2 instances of `P`.
  - `c` as a part with a range of 2 to any number of instances of `P`.
  - `d` as a part that can have any number of instances.
  - `e` as an array of parts with size equal to `n`.
  - `f` as an array of parts with size ranging from `n` to any number.
  - `g` as a part with a size ranging from 1 to `n`.
- A defined attribute `A` with:
  - An integer attribute `i`.
  - A recursive attribute `x` that references an instance of `A` indexed by `i`. 

This model tests various multiplicities for parts and attributes.","[ 8.64186138e-03 -1.98515840e-02  2.88890731e-02 -3.51736997e-03
 -5.22980429e-02 -5.17698228e-02  1.71040557e-02 -3.58288996e-02
 -2.65137460e-02 -3.63074942e-03 -3.69819533e-03 -4.67741713e-02
  3.13510746e-02  8.00936744e-02 -4.96675447e-03  1.18636840e-03
 -5.46721229e-03  2.13054493e-02 -5.25572337e-02 -2.25512963e-02
  5.19070961e-02  5.16258320e-03  1.18179629e-02 -1.40111428e-02
 -5.54878786e-02 -8.90026838e-02 -4.98261377e-02  6.73920438e-02
  6.76248521e-02 -5.73720150e-02  5.93159907e-02  6.35391846e-02
 -5.43704443e-02  4.96199988e-02  8.31766948e-02  3.13713141e-02
  2.52269320e-02  1.59716439e-02 -2.15145713e-03  6.73976839e-02
  6.75501078e-02  4.96991798e-02 -2.00922694e-02 -6.77092820e-02
  5.68809509e-02 -2.77009298e-04 -1.45696162e-04  4.64357855e-03
 -3.70469950e-02 -3.19348015e-02 -6.98874220e-02  1.97608806e-02
 -1.45513006e-02  2.65189800e-02 -4.01306488e-02 -9.55647305e-02
 -6.07088162e-03 -1.04392424e-01 -1.17566615e-01 -7.42590129e-02
 -2.02838276e-02 -3.30060460e-02 -3.55805084e-02 -1.12905726e-01
 -1.39502464e-02  6.54261038e-02 -1.41294003e-02 -2.29734648e-02
  3.66178947e-03  1.26632750e-01 -3.33035924e-02 -2.43677720e-02
 -1.68336164e-02  5.90424165e-02  2.65698042e-02  5.12231737e-02
  8.12981725e-02 -5.18437661e-02 -1.10918526e-02 -2.17919573e-02
 -7.72745535e-02 -2.44540330e-02 -4.46269624e-02 -5.19906320e-02
  3.00109200e-02 -6.20109066e-02 -3.52374534e-03 -3.33425701e-02
  8.15614238e-02  2.93435045e-02 -4.08125333e-02  3.16219181e-02
  2.21645031e-02  4.09249328e-02  7.55005330e-02  5.57726882e-02
  2.50727870e-02 -1.56958941e-02  6.35934621e-02  3.73086929e-02
 -2.10125558e-02  4.34093326e-02  1.20022863e-01 -6.81912452e-02
 -8.30899552e-02  6.80137351e-02 -2.72468533e-02 -3.13405246e-02
 -6.21442609e-02 -7.26608187e-02 -1.08529981e-02  5.20217307e-02
 -1.38255227e-02  3.29193287e-02  6.83183372e-02 -1.91752017e-02
 -2.40889136e-02 -9.12744366e-03  3.33815217e-02 -3.74684893e-02
  6.18916489e-02  2.79323477e-03  5.25033064e-02  4.91757989e-02
  2.92294361e-02  2.93761231e-02 -1.01866983e-01  1.75531961e-33
  2.24434561e-03  3.48269194e-02  6.25290051e-02  9.98765528e-02
 -2.48217839e-03  5.39356694e-02  2.96597425e-02  6.81653991e-02
 -7.56077319e-02  8.45677182e-02 -1.20452205e-02  1.61594413e-02
 -1.43499644e-02  3.50721367e-02  1.51964212e-02  1.20346649e-02
  2.75525227e-02  8.58851522e-03 -1.82342529e-02 -1.46378754e-02
  6.68568313e-02 -1.14535401e-02 -5.90381771e-02 -3.90940420e-02
  4.83125405e-05 -2.34406106e-02  5.22762351e-02 -3.13673615e-02
 -6.79405406e-02  1.04121380e-02 -2.62314845e-02  4.53613289e-02
 -1.30685046e-02  6.17677309e-02  6.60779178e-02 -4.21963492e-03
 -4.12739515e-02  5.20063937e-02  9.55392495e-02 -2.47763027e-03
  8.75069294e-03  4.55270841e-04  2.55808942e-02 -2.38808449e-02
 -2.20987834e-02 -3.76861542e-02 -5.94704337e-02  2.78531294e-02
 -6.79179430e-02 -1.03147291e-02  3.28864232e-02  2.01816671e-02
 -4.48996248e-03 -1.10689048e-02 -8.19849744e-02  1.67031754e-02
 -2.67843492e-02  8.95878971e-02  2.58986633e-02  6.85738325e-02
 -4.26105335e-02  7.09976396e-03 -5.58241308e-02 -9.31443833e-03
 -4.02492024e-02  2.10248940e-02 -2.07324103e-02 -1.36188604e-02
  1.11765884e-01  6.87977225e-02 -2.72509195e-02  6.69915602e-02
 -4.83515337e-02  8.57017934e-03  1.56918541e-02 -1.17261000e-01
  4.17115353e-02 -3.53114866e-02 -1.94437690e-02  2.36811899e-02
 -7.42515177e-02  1.20874830e-01 -1.20394928e-02 -2.32997593e-02
 -1.09769134e-02 -1.15406238e-01 -5.33340983e-02 -9.01516080e-02
 -7.09838718e-02 -2.17015028e-01  4.33970988e-02 -1.06875692e-02
  6.69660140e-03 -1.00146249e-01  1.63792875e-02 -4.30193280e-33
  5.72375096e-02 -3.96363344e-03  8.16931203e-02  9.12439302e-02
  3.56284790e-02 -1.49989679e-01  3.37226540e-02  2.44820230e-02
 -8.01312476e-02 -1.47548076e-02 -1.84237882e-02  9.81459953e-03
  2.10424140e-02 -1.53013319e-02  1.34361768e-02  7.42026195e-02
 -1.96689162e-02 -1.00432903e-01  1.03308804e-01  1.30066220e-02
 -1.11311339e-02  9.64136049e-02  6.67595491e-02 -2.62881815e-03
 -4.49982360e-02 -3.57990805e-03 -3.84108946e-02 -1.59778371e-02
  8.04455429e-02  1.10170087e-02  1.63194276e-02 -2.33037397e-02
  2.86011640e-02 -5.49081601e-02  5.52420365e-03 -8.87553245e-02
 -4.23282236e-02 -4.95147742e-02  3.27823088e-02  5.39566688e-02
  2.44257897e-02 -5.10685670e-04  4.26980332e-02  4.64711487e-02
  4.07930575e-02 -4.43997560e-03  5.11423312e-02 -2.46221083e-03
 -2.68629640e-02 -4.92750667e-02 -1.05840638e-02 -3.88420261e-02
 -3.07959151e-02  4.86626402e-02  2.62454636e-02 -2.97691822e-02
 -1.85932759e-02 -1.12015866e-02  3.96858640e-02 -2.43362109e-03
 -4.39341329e-02 -7.90061615e-03  1.77634135e-02  3.32423635e-02
  5.46149164e-02 -3.54917683e-02 -3.52243632e-02 -1.09613150e-01
 -1.67158227e-02  2.22411714e-02  9.00410209e-03 -1.35068996e-02
 -2.02955175e-02 -9.87315318e-04 -1.19518572e-02 -6.74147084e-02
 -1.24014266e-01  6.87396154e-02  5.73351681e-02  2.12933887e-02
 -1.21798374e-01 -5.74647523e-02 -2.14636102e-02  5.29304557e-02
 -1.71005689e-02 -9.03507397e-02  5.57220727e-02  1.54075235e-01
 -2.20213141e-02  3.21184173e-02  2.09863414e-03  4.38882969e-02
  6.71479031e-02  9.88170132e-02  2.87084039e-02 -6.05063377e-08
 -1.67449079e-02 -1.36422310e-02 -5.40644117e-02  3.21642011e-02
  1.30798714e-02 -1.72470603e-02 -8.46066847e-02  1.57204513e-02
  1.38676902e-02  7.75039243e-03  1.31059112e-02  1.58781628e-03
 -1.17323603e-02  2.60410011e-02 -5.35675324e-02  3.86157148e-02
 -3.98511924e-02 -1.33761503e-02 -6.16340041e-02  1.78076327e-02
  7.61188380e-03  4.71621603e-02 -5.36804162e-02  4.38055545e-02
  2.68965028e-02 -1.27723683e-02 -4.41140123e-02 -4.34736907e-02
  1.93717740e-02 -1.98424011e-02  5.96625991e-02 -1.84811559e-02
  6.00378029e-02 -3.39182466e-02 -4.31162752e-02  4.28879932e-02
 -5.98219894e-02  3.58645804e-02  2.05884520e-02 -7.24376291e-02
  2.50362838e-03 -1.16396844e-02  2.50492748e-02  2.12755967e-02
  5.26902117e-02 -8.53484273e-02 -1.24667510e-01 -6.37952015e-02
 -4.45068232e-04  3.75154577e-02 -4.85767983e-02  1.50052421e-02
 -3.66252288e-02  1.80548914e-02 -8.88662636e-02  1.71785001e-02
 -1.67782919e-03  1.18404236e-02  7.03150481e-02 -6.79570362e-02
  8.86327326e-02 -2.50553153e-02 -9.21071619e-02  2.68680938e-02]"
68,../models/Simple Tests/OccurrenceTest.sysml,"package OccurrenceTest {
	occurrence def Occ {
		attribute a;
		ref occurrence occ1 : Occ;
		occurrence occ2 : Occ;
		item x;
		part y;
		
		individual snapshot s : Ind;
		timeslice t;
	}
	
	occurrence occ : Occ {
		occurrence o1 : Occ;
		ref occurrence o2 : Occ;
		item z;
	}

	individual occurrence def Ind {
		snapshot s2;
		timeslice t2;
	}
	individual occurrence ind : Ind, Occ {
		snapshot s3;
		individual timeslice t3;
	}
	
	individual snapshot s4 : Ind;
	
	occurrence o1 {
	  occurrence o2;
	}
}","This SysML v2 model describes a package named `OccurrenceTest` that focuses on occurrences and their relationships. 

1. **Occurrences**: The model defines an occurrence structure `Occ` that contains various attributes including:
   - An attribute `a`.
   - A reference to another occurrence `occ1`.
   - A nested occurrence `occ2`.
   - Items `x` and `y` as part of this occurrence.

2. **Composed Occurrences**: An instance of the occurrence `occ` is defined with:
   - Occurrences `o1` and a reference to another occurrence `o2`.
   - An item `z`.

3. **Individual Definitions**:
   - A definition for an individual occurrence `Ind` includes its own snapshot `s2` and timeslice `t2`.
   - An instance `ind` of `Ind` is created that also belongs to `Occ`, with its snapshot `s3` and its own timeslice `t3`.

4. **Snapshots**: Another individual snapshot `s4` is defined as an instance of `Ind`.

5. **Nested Structure**: The model includes a structure where an occurrence `o1` contains another occurrence `o2`.

Overall, this model effectively captures the concept of occurrences, their attributes, nested structures, and individual instances and snapshots within the `OccurrenceTest` package.","[-5.58355041e-02 -4.29967716e-02  3.38532380e-03  1.62207820e-02
  5.78783453e-02 -3.96287516e-02  1.00500071e-02 -1.00456765e-02
  6.14442378e-02 -1.12980818e-02  7.73938671e-02 -3.36134434e-02
  4.35957946e-02 -2.64574541e-03  3.05967890e-02  2.49149818e-02
 -2.20967978e-02 -7.13372417e-03 -4.33977917e-02  2.06576101e-03
  6.10436089e-02  2.66328896e-03 -3.38675641e-02  2.41705999e-02
 -6.09897403e-03  7.40971835e-03 -5.68886958e-02  6.67158589e-02
  7.10713863e-02 -7.27768168e-02  1.34323183e-02  1.35655209e-01
  1.02829533e-02  4.90928143e-02  1.18954010e-01  3.41667384e-02
  4.91503179e-02  9.38966684e-03 -4.40862998e-02 -9.77844186e-03
  2.60787271e-02  2.11602673e-02  3.56671028e-03 -3.74126136e-02
 -1.34884275e-03 -3.87694291e-03  4.08590538e-03 -2.29828060e-02
 -9.73602682e-02 -2.23741634e-03 -1.02802105e-01 -7.77604990e-03
 -6.81785271e-02  2.95994207e-02  8.91626328e-02  2.03187205e-02
  6.81555923e-03 -3.08383834e-02 -8.61525983e-02 -4.85697724e-02
 -1.56308357e-02 -4.21243301e-03 -7.60366619e-02 -2.95830518e-02
  4.57290150e-02  3.20837535e-02 -2.79612150e-02 -1.24656027e-02
  5.50434329e-02  5.46240024e-02 -8.71312395e-02  9.29242279e-03
 -1.08496360e-02  6.29887581e-02  1.55854318e-02  1.27614103e-02
  8.21284652e-02 -1.95137504e-02 -3.66795212e-02 -1.09199703e-01
 -9.16481242e-02  4.42080572e-03 -4.28493321e-02 -4.27979305e-02
  9.49645974e-03 -4.32105474e-02  3.73804420e-02 -5.39782643e-02
  6.52623251e-02  6.13364726e-02 -1.93905346e-02 -6.29815981e-02
  7.62200356e-02 -1.95433255e-02  9.53975469e-02  3.98902083e-03
  5.26119322e-02  2.94655636e-02  8.26322213e-02 -2.71423766e-03
 -1.53562780e-02  6.20416775e-02  4.67648953e-02 -3.79071049e-02
 -2.61865929e-02  4.00256505e-03 -8.74829590e-02 -7.41331130e-02
 -5.93129098e-02 -4.09477316e-02 -3.95691246e-02  5.60289174e-02
 -5.58721693e-03 -9.67830047e-02  1.31607354e-02 -4.41930257e-02
  1.63322743e-02 -1.42639354e-02  2.65113451e-02 -1.43242590e-02
  4.49300036e-02  1.41219581e-02  5.36361411e-02  2.64721587e-02
 -1.52954608e-02 -3.38475429e-03 -8.65283459e-02 -5.41864279e-34
  3.66681330e-02 -3.94587368e-02 -6.14015758e-02  7.00542703e-02
  1.91545524e-02  7.56909102e-02 -7.22231297e-03  4.24207374e-02
 -2.62196530e-02  8.39187801e-02 -4.47704345e-02  9.21248458e-03
 -7.14319572e-03 -1.42499721e-02  5.36755659e-02 -7.16562895e-03
 -2.79799831e-04  3.62377949e-02 -2.65200492e-02  3.54576260e-02
  1.06516825e-02  1.93338599e-02 -8.61919299e-02  1.22938007e-02
  4.46756110e-02  4.38166223e-02  8.85294303e-02 -4.43058498e-02
 -6.32268786e-02  8.97321384e-03  5.71711995e-02  2.85393149e-02
 -1.08364411e-02  9.50762350e-03  9.91294160e-02  3.04282196e-02
  8.96218978e-03 -1.91702396e-02  4.94594425e-02 -6.26585633e-02
 -2.22249352e-03  4.14532870e-02 -8.04389641e-02 -2.06124056e-02
 -8.54242686e-03 -1.18488684e-01 -6.19565137e-02  1.96367856e-02
  3.32951476e-03 -1.96068846e-02  5.62009364e-02  9.10372008e-03
  6.14442043e-02  1.76186468e-02 -8.93801674e-02  7.24319555e-03
 -2.79012639e-02  1.48590757e-02  2.04495639e-02  1.26031071e-01
  2.77880318e-02  1.23008378e-02  4.74513369e-03  4.98900050e-03
  5.44369444e-02  6.99792057e-02 -3.63039970e-02 -2.13431716e-02
  9.46354941e-02  8.01941752e-02 -2.34762300e-02  4.77950610e-02
 -5.51057607e-02  9.16892104e-03  4.45224047e-02 -1.16114289e-01
  1.82421207e-02 -2.51849480e-02  1.76530201e-02  1.16536515e-02
 -1.46039948e-01  6.45427704e-02 -3.19502316e-02 -1.33672860e-02
 -7.04563558e-02 -3.81621048e-02 -1.52430302e-02 -6.16388805e-02
 -6.90636709e-02 -1.02829471e-01  7.97925517e-02 -8.63638222e-02
 -1.45632839e-02 -3.62120345e-02  2.56723650e-02 -2.52654493e-33
  1.60222463e-02  3.25695351e-02  1.32556688e-02 -1.90252587e-02
 -6.55485876e-03 -1.07620828e-01 -2.25246120e-02  1.99699942e-02
 -4.07526940e-02 -1.19696921e-02 -1.36947744e-02 -1.33744702e-02
  2.36438699e-02 -3.85144725e-02  1.13890385e-02  3.84805016e-02
 -5.04105091e-02 -1.76059976e-01  1.04138609e-02  6.52886853e-02
 -1.35722598e-02  3.08351330e-02  5.81231825e-02  1.60242256e-04
  8.74771643e-03  2.94338558e-02  2.20340062e-02  5.19588590e-03
  5.43323196e-02 -4.01108637e-02  2.51916032e-02  1.07464353e-02
 -9.10135359e-03 -4.51498255e-02 -5.30366972e-02 -9.92593467e-02
 -7.85817672e-03 -6.90867975e-02  4.04589198e-04 -5.34155453e-03
  4.06897813e-02  5.71296178e-02 -6.09924039e-03  4.81205881e-02
  7.25806784e-03  4.80773374e-02  4.55514006e-02  3.34322564e-02
  5.31028435e-02 -9.76478234e-02  8.04095622e-03 -8.38105232e-02
 -1.66439675e-02  5.27238585e-02 -1.37369698e-02  3.35251391e-02
 -2.03805324e-02 -3.38715278e-02 -7.26971626e-02  1.17109332e-03
  2.77988240e-02  1.74553115e-02  7.70751154e-04  2.54293643e-02
  5.28854057e-02 -8.99824686e-03 -6.45091981e-02 -8.57187957e-02
 -3.32009792e-02 -7.12403655e-02 -2.09347904e-02  3.60265747e-03
 -7.82877281e-02 -8.46250877e-02 -4.30807471e-03 -1.58690438e-02
 -7.14549124e-02  3.35710496e-02  4.44830097e-02 -1.72888823e-02
 -1.63835794e-01 -5.19855227e-03  1.91829558e-02  1.03713498e-01
 -1.10277146e-01 -4.51748669e-02  3.55509855e-02  1.47701353e-01
  1.19386977e-02  2.58188299e-03 -6.53784946e-02  3.31148170e-02
 -5.36116250e-02  1.50080949e-01 -7.34267232e-04 -5.12689518e-08
 -4.07895334e-02 -2.62547247e-02  8.28299858e-03  3.61733288e-02
  2.88089197e-02  2.70887446e-02 -6.45171804e-03  5.55963628e-02
 -1.48615299e-03  2.51681125e-03  8.44056066e-03  3.97488512e-02
 -9.74594504e-02 -7.95632973e-02  1.50520736e-02  9.87931271e-04
 -1.94701273e-02  2.01306189e-03 -7.68373162e-02  1.18256761e-02
  6.88709170e-02 -1.84294935e-02  2.41592508e-02  6.21711537e-02
 -2.12222524e-02  6.33563031e-04 -3.22076119e-02  5.48961647e-02
  6.81113750e-02 -4.00943719e-02  8.82535353e-02  1.14448713e-02
  6.43507689e-02 -2.04496514e-02 -4.74250354e-02  5.06108114e-03
 -3.08185797e-02  4.13331063e-03  4.46069539e-02  2.12956057e-03
  1.65829398e-02 -5.13334982e-02 -2.47771926e-02  7.93799832e-02
 -1.97713114e-02  4.68071364e-03 -9.16669518e-02 -6.99026436e-02
 -3.69567536e-02 -3.24733579e-03 -9.05661434e-02  1.61753055e-02
 -5.15957959e-02  8.32180083e-02 -7.02805743e-02  5.57231009e-02
  5.34611158e-02 -4.64274548e-02  9.30560306e-02 -8.32506269e-02
  7.90830627e-02 -2.92247757e-02  1.38223451e-02  4.95739803e-02]"
69,../models/Simple Tests/ParameterTest.sysml,"package ParameterTest {
	attribute def A {
		attribute x : ScalarValues::String;
		attribute y : A;
	}
	
	attribute a : A;
	
	calc def F { in p : A; in q : ScalarValues::Integer; return :  ScalarValues::Integer; }
	
	attribute f = F(a, 2);
	attribute g = F(q = 1, p = a);
	
	attribute b = A(y=a, x=""""); 
	attribute c = A(""test2"");
}","I want to create a SysML v2 model within a package named `ParameterTest`. This model should include the following components:

1. **Attribute Definition `A`**: 
   - Contains:
     - `x`: a string attribute of type `ScalarValues::String`.
     - `y`: a reference to another instance of `A`.

2. **Attribute `a`**: 
   - An instance of type `A`.

3. **Calculation Definition `F`**: 
   - Takes as inputs:
     - `p`: an instance of `A`.
     - `q`: an integer of type `ScalarValues::Integer`.
   - Returns: an integer of type `ScalarValues::Integer`.

4. **Attributes `f` and `g`**:
   - `f` is defined as the result of calling `F` with `a` and `2` as parameters.
   - `g` is defined as the result of calling `F` with `q` set to `1` and `p` set to `a`.

5. **Attributes `b` and `c`**: 
   - `b` is an instance of `A` with `y` set to `a` and `x` initialized to an empty string.
   - `c` is another instance of `A`, initialized with `x` set to `""test2""`.

This model focuses on demonstrating the use of attributes and calculations, along with interdependencies between instances of `A`.","[-5.93170850e-03 -3.41819674e-02 -1.65902786e-02  2.26228014e-02
 -6.68191165e-02 -2.20756000e-03  3.80601920e-02  2.64941417e-02
 -4.06480841e-02  1.04442677e-02  4.66047786e-02 -7.34272748e-02
  3.27962711e-02  7.83794150e-02  4.19228822e-02  2.80206185e-02
  3.60548235e-02 -3.85569520e-02 -2.14120410e-02  1.45892287e-02
  2.96013784e-02  4.31915373e-02 -5.20695874e-04  2.58007776e-02
 -3.31054144e-02 -6.97415322e-02 -3.17498036e-02  6.91601709e-02
  8.19784850e-02 -5.55382855e-02  5.02799787e-02  8.21883082e-02
 -6.49826005e-02  5.04625402e-02  9.82959718e-02  6.77901357e-02
  2.92047318e-02 -5.40613197e-02 -5.63171320e-02 -2.14558206e-02
  6.72443882e-02  8.49511661e-03 -2.57229414e-02 -4.14045006e-02
  3.99509026e-03 -4.32102643e-02  1.85321569e-02  6.57146936e-03
 -8.40752665e-03 -5.01630753e-02 -9.11645368e-02 -2.93215271e-02
 -1.77780632e-02 -4.67852429e-02 -4.19797078e-02  1.38381980e-02
  3.24198194e-02 -4.22635712e-02 -1.07102558e-01 -7.53372014e-02
 -9.48062539e-02 -4.86341584e-03 -2.72367857e-02 -8.11194107e-02
 -7.05123469e-02  4.59558591e-02 -3.20933014e-02 -1.75107475e-02
  3.53445858e-02  1.05051860e-01 -8.37222710e-02 -2.00405717e-02
  2.47655902e-02 -2.33472157e-02  2.81945560e-02  2.25159898e-02
  6.15126416e-02  9.73452162e-03  8.78515560e-03 -7.00207725e-02
 -3.54203396e-02 -6.38214499e-02 -1.07048653e-01 -1.00330161e-02
 -8.90073366e-03  1.07451901e-02  4.14596945e-02 -6.69517815e-02
  8.47974643e-02  1.55786369e-02  3.60661373e-02 -2.53499728e-02
  3.55396606e-02  2.07959544e-02  9.55891386e-02  3.07570044e-02
  3.03923171e-02  5.24603687e-02  1.60591025e-02  2.51363013e-02
 -1.03901856e-01  1.55862961e-02  9.18731168e-02  2.27908306e-02
 -1.15461936e-02  5.39938547e-02 -5.36510386e-02 -6.87735826e-02
 -1.43879643e-02 -7.38141909e-02 -1.71852410e-02  5.98447174e-02
 -6.63325330e-03 -3.16208415e-02  3.82651426e-02  3.54247876e-02
  6.28612116e-02 -1.52552361e-03  2.35928863e-04 -5.18935323e-02
  3.86113785e-02  1.96213908e-02  4.38594967e-02  1.95097122e-02
  1.78767201e-02  2.19225045e-02 -8.71719420e-02  1.81357087e-33
 -1.41598387e-02  1.66756157e-02  1.32809840e-02  9.37768146e-02
  5.71000273e-04  8.46550092e-02  2.97993068e-02  1.38266198e-02
 -3.25084515e-02  4.71676886e-02 -1.34428680e-01 -6.55966103e-02
 -4.07141224e-02  5.14610787e-04  3.55701670e-02  4.57894653e-02
  3.81069432e-04  1.90841649e-02 -3.78564745e-02 -1.43592190e-02
  8.85646418e-02 -4.30363324e-03 -6.76153526e-02 -2.71086395e-02
 -4.32168134e-02  3.26116085e-02  9.95299071e-02 -3.98654714e-02
 -5.51812835e-02 -1.01909339e-02  3.05741243e-02 -6.94971764e-03
  2.84127146e-02  7.28004277e-02 -1.24779111e-02  9.39433277e-03
  2.28335094e-02  2.72893719e-02  1.36369290e-02 -5.22507317e-02
  1.62210315e-02  4.68296707e-02  1.31177120e-02  3.20731252e-02
 -1.64725520e-02 -7.00838715e-02 -3.96493077e-02  8.21925774e-02
  4.51013595e-02 -4.33710776e-02  9.09972936e-03 -4.57657734e-03
  4.69446518e-02 -1.15441403e-03 -3.37585472e-02  6.32490963e-03
  4.43036631e-02  8.69675279e-02 -4.40666033e-03  3.44961248e-02
 -3.70730311e-02  3.10781430e-02 -7.05543580e-03  1.94709990e-02
 -9.98594519e-03  2.53978446e-02 -6.35662526e-02 -5.95243610e-02
  6.72245175e-02  7.07285777e-02 -6.70120958e-03  3.63148116e-02
 -9.88392532e-02  7.82267749e-02  8.45007077e-02 -1.17435120e-01
 -2.32129041e-02 -5.12741841e-02 -2.66748816e-02  2.48562195e-03
 -7.09783435e-02  7.03543648e-02 -4.02825996e-02  7.14678466e-02
  2.65042353e-02 -9.93017703e-02 -2.61450633e-02 -5.44134639e-02
 -2.46939939e-02 -1.61315769e-01 -1.52751878e-02 -6.13500290e-02
 -3.69299166e-02 -8.43336731e-02 -7.98426662e-03 -4.97504401e-33
 -1.19964697e-03  5.16941361e-02 -1.09717464e-02  6.55550286e-02
 -3.59332794e-03 -1.00281194e-01  1.28549431e-02  2.00994499e-03
 -5.21992445e-02  3.02614029e-02 -2.32403483e-02  8.85267556e-03
  2.22011916e-02 -3.30852009e-02  3.69001552e-02  2.79162247e-02
 -7.48393089e-02 -1.62669897e-01  6.98195130e-04  1.13109909e-02
 -5.76380454e-02  5.90965375e-02  2.46734582e-02  3.17424461e-02
  1.54110864e-02 -1.46360509e-02  6.86691403e-02  4.22357246e-02
  5.61484471e-02  1.05722100e-02 -1.46648595e-02  4.82681356e-02
 -4.41402495e-02 -4.12414819e-02 -4.39204313e-02 -5.55688031e-02
 -2.60408800e-02 -4.22137976e-02 -2.72256546e-02  4.64817286e-02
 -2.95006968e-02  6.18606508e-02 -4.23827358e-02  1.38228331e-02
 -3.06714512e-02  3.07701491e-02  5.45934401e-02 -3.32965590e-02
 -7.06894789e-03 -1.06031634e-01 -2.78874598e-02 -6.03317283e-02
  7.54841836e-03  5.48220873e-02 -3.04216817e-02  1.95607934e-02
 -2.76062377e-02  1.22563466e-02  4.53472659e-02 -1.76241789e-02
  3.60097624e-02  9.06598754e-03  1.25482148e-02 -3.17659378e-02
 -3.35323205e-03 -5.71166128e-02 -2.47949138e-02 -5.25578819e-02
  1.57332812e-02 -1.97101403e-02 -2.28225458e-02  1.87481083e-02
 -5.32174576e-03  3.93004529e-02  1.32997353e-02 -8.91301781e-03
 -1.02440581e-01  1.08557038e-01  1.28818214e-01 -1.36860283e-02
 -9.10609514e-02 -3.71319316e-02  3.50876413e-02  9.13565233e-02
 -2.43629310e-02 -7.27795139e-02  4.12246250e-02  1.69970289e-01
 -2.44324636e-02  2.51651779e-02  1.37067260e-02  1.64339207e-02
 -8.11600685e-03  1.64053351e-01 -1.07540758e-02 -6.29784864e-08
 -1.02122620e-04  4.22086334e-03 -8.00566375e-02  3.17637832e-03
 -3.82976010e-02  1.64148938e-02 -7.66603574e-02 -1.19254617e-02
  1.14848353e-02  5.42681888e-02 -9.52890739e-02  3.91617343e-02
 -6.04603663e-02  2.64359582e-02 -8.24271142e-02  3.29052061e-02
 -1.44627541e-02  8.65890533e-02 -6.57439381e-02 -4.81904522e-02
  2.57029459e-02  1.02649378e-02 -4.26570587e-02  2.36060582e-02
  6.21410534e-02 -2.89933141e-02 -2.66526677e-02  1.69466175e-02
  1.09235257e-01 -2.41686031e-03  5.98671958e-02  4.72376030e-03
  1.29541690e-02 -2.59145419e-03 -1.09801888e-01  4.86345217e-02
 -1.08274305e-02  2.25570761e-02  1.01168625e-01  4.08122465e-02
 -9.13984254e-02 -1.28473192e-02 -2.10217386e-02  5.02472417e-03
 -1.12103252e-02 -6.26245001e-03 -7.52766952e-02 -5.66141643e-02
 -5.60578890e-03  7.39428923e-02 -2.67911213e-03  2.04184353e-02
 -6.56785369e-02  3.09235640e-02 -1.12976737e-01 -2.69302772e-03
 -4.51198407e-03 -1.34596331e-02  2.13562567e-02 -1.31400749e-01
  7.15938816e-03 -2.70163883e-02 -1.80790890e-02  1.40974931e-02]"
70,../models/Simple Tests/PartTest.sysml,"package PartTest {
	
	part f: A;

	public part def A {
		part <'1'> b: B;
		protected port c: C;
		readonly attribute x[0..2];
		derived ref attribute y :> x;
		ref z : ScalarValues::Integer;
	}
	
	item def S;
	
	abstract part def <xx> B {
		public abstract part a: A[1..2];
		public abstract part b subsets a;
		public abstract part c[0..1] subsets a;
		port x: ~C {
		    port p;
		    ref port q;
		}
		package P { }
		
		succession flow x.p to a1.aa.receiver;
		
		action a1 {
			accept S via x;
			action aa accept S;
		}
		perform action a2;
		
		state s1;
		exhibit state s2;
	}
	
	private port def C {
		private in ref y: A, B;
		alias z1 for y;
		alias z2 for y;
		port c1 : C;
		ref port c2 : C;
	}
	
    part p1 :> p2;
    part p2 :> p3; 
    part p3 :> p1;
    
    part p4 :> p4;
	
}","To generate the SysML v2 model described, I would summarize it as follows:

**Model Overview:**
I want to create a package named `PartTest` that contains the following elements:

1. **Part Definition:**
   - A part `f` of type `A`.

2. **Part `A`:**
   - Contains a public part `b` of type `B`.
   - Includes a protected port `c` of type `C`.
   - Has a read-only attribute `x` with a multiplicity of 0 to 2.
   - A derived reference attribute `y` that is derived from `x`.
   - A reference attribute `z` of type `ScalarValues::Integer`.

3. **Item Definition:**
   - An item `S` is defined.

4. **Abstract Part Definition:**
   - An abstract part `<xx>` of type `B` is defined with:
     - A public abstract part `a`, which has a multiplicity of 1 to 2.
     - An abstract part `b` that is a subset of `a`.
     - An abstract part `c` with a multiplicity of 0 to 1, also a subset of `a`.
     - A port `x` of type `~C`, containing ports `p` and a reference port `q`.
     - A nested package `P`.
     - A succession flow from `x.p` to `a1.aa.receiver`.
     - An action `a1` that accepts item `S` via port `x` and includes another action `aa` that also accepts `S`.
     - A perform action `a2`.
     - A state `s1` and an exhibit state `s2`.

5. **Private Port Definition:**
   - A private port definition `C` with:
     - A private incoming reference `y` that can reference parts `A` and `B`.
     - Two aliases `z1` and `z2` for `y`.
     - A port `c1` of type `C` and a reference port `c2` of type `C`.

6. **Part Relationships:**
   - Establishes relationships among parts: `p1` is related to `p2`, `p2` to `p3`, and `p3` back to `p1`.
   - A self-referential part `p4` to itself.

This concise description captures the essential elements and relationships that I want to include in the SysML v2 model under the `PartTest` package.","[-3.46493796e-02  9.58831888e-03  1.31935049e-02  1.12264492e-02
 -1.75536834e-02 -3.95457931e-02  4.57549021e-02  1.93929058e-02
 -5.96252494e-02  1.53269693e-02  3.30807529e-02 -8.52461979e-02
  4.47340682e-02  3.30681130e-02  3.41079235e-02  4.13322486e-02
  3.14713083e-02 -1.01623181e-02 -1.51009336e-02  3.89298387e-02
  3.28748338e-02  4.92981374e-02  9.47411871e-04  4.47452739e-02
 -3.71026322e-02 -5.18934578e-02 -5.14677800e-02  6.77754432e-02
  8.64943042e-02 -7.06728846e-02 -6.14078622e-03  1.31984293e-01
 -4.75054160e-02  3.06704398e-02  1.21805497e-01  7.56471381e-02
  4.75499704e-02 -2.53749024e-02 -7.21825566e-03 -1.39436340e-02
  4.84361239e-02  2.48675421e-02  2.21543889e-02 -6.36908342e-04
  7.24514714e-04 -2.83555854e-02  4.51195613e-02 -1.05681103e-02
 -4.44326699e-02 -2.76372954e-02 -8.05770978e-02  7.30657298e-03
 -1.80010162e-02 -5.32307215e-02 -1.03822444e-02  1.71729010e-02
  3.94578502e-02 -4.80704233e-02 -1.60446659e-01 -6.40246198e-02
 -5.76413125e-02 -1.49446167e-02 -5.02679572e-02 -1.04548402e-01
 -4.60754409e-02  4.63255867e-02 -3.70014980e-02 -3.35102901e-02
  5.05951270e-02  7.14334995e-02 -7.89245218e-02 -3.89294885e-02
  2.31688432e-02  3.95719968e-02  3.70778423e-03  3.90515700e-02
  1.17994107e-01 -7.37948529e-03 -3.63297272e-03 -9.41612124e-02
 -5.64051084e-02 -2.43837312e-02 -4.96127717e-02 -2.24038046e-02
  3.92012484e-03  1.82319258e-03  6.20885119e-02 -3.52716073e-02
  4.08665203e-02  7.67584592e-02 -1.77220572e-02 -3.52562815e-02
  5.72600812e-02  7.95105752e-03  9.18557867e-02  5.71480356e-02
  3.47631238e-02  2.04543825e-02  4.56642248e-02  5.45678511e-02
 -4.58546393e-02  5.90780526e-02  9.40644369e-02 -1.85846481e-02
 -4.47343066e-02  2.90935114e-02 -5.91011792e-02 -6.37272820e-02
 -6.80444092e-02 -7.33200312e-02 -1.39965620e-02  1.28721409e-02
 -4.09347229e-02 -4.54875268e-02  7.10015744e-03 -5.83484722e-03
  4.98895347e-02 -1.30452550e-04  1.33253662e-02 -8.30460936e-02
  7.54732490e-02  1.60214920e-02  8.50438923e-02  5.90604022e-02
 -2.59512942e-03 -4.32569766e-03 -6.36450499e-02 -2.10095132e-33
 -2.92307772e-02 -2.52182200e-03  1.10607618e-06  1.01771958e-01
 -2.22504628e-03  7.10111111e-02  7.02472776e-02  1.74461547e-02
 -7.05963448e-02  3.79475802e-02 -4.89465855e-02 -4.50113006e-02
 -4.61413935e-02  3.64799984e-02  8.10884964e-03 -8.67014471e-03
  5.21829468e-04  4.11237217e-02 -2.50912793e-02 -7.90869538e-03
  4.75359149e-02  1.05242515e-02 -1.11023001e-01 -1.81291644e-02
  8.77569243e-03  2.34664287e-02  7.20877796e-02 -2.55870689e-02
 -8.49741846e-02  1.34747615e-02  9.21632908e-03  1.63250733e-02
  2.03621425e-02  2.82595959e-02  2.64260881e-02 -1.20963454e-02
  5.55790076e-03  5.52486023e-03  4.23971303e-02 -6.34662062e-02
  4.46225926e-02  3.52191478e-02  2.23099403e-02  1.93955898e-02
  1.56171410e-03 -4.50470671e-02 -8.62865523e-02  5.81390485e-02
  1.65935222e-03 -8.63867924e-02  2.66101584e-02  7.53624970e-03
  5.84734743e-03 -1.31110521e-02 -8.31317529e-02 -3.08882631e-02
  1.53619831e-03  9.67051759e-02  8.90521519e-03  7.93260112e-02
 -5.07937893e-02  5.99608421e-02 -2.72891149e-02  2.44519357e-02
 -2.35906374e-02  4.17287275e-02 -5.90118766e-02 -1.02754824e-01
  9.76466984e-02  2.55045108e-02 -3.56357731e-02  4.55188490e-02
 -4.46316190e-02  8.35083202e-02  2.14921460e-02 -9.39970165e-02
  8.58721696e-03 -1.07295876e-02  5.30221453e-03 -1.23804072e-02
 -9.15294364e-02  1.10366732e-01 -1.98732149e-02  1.92529000e-02
 -2.32177675e-02 -5.78226745e-02 -2.30014324e-02 -6.33495003e-02
 -5.89772053e-02 -1.99773982e-01 -5.09681692e-03 -5.31922281e-02
 -2.81648170e-02 -7.62461945e-02 -2.13355641e-03 -2.10701062e-33
  2.46301666e-03  3.47647183e-02  1.44658098e-02  1.22972892e-03
 -5.97866327e-02 -1.06520705e-01 -1.17288260e-02  1.15732895e-03
 -1.67978182e-02  4.04589400e-02  3.24927550e-03 -1.02344183e-02
  7.27029610e-03 -2.85665877e-02  1.30525287e-02  7.18800584e-03
 -4.59324159e-02 -1.54751614e-01  2.37163808e-02  1.04744613e-01
 -1.50239393e-02  1.20167226e-01  4.63489033e-02  3.06172222e-02
  1.61957256e-02 -1.96597464e-02 -9.00673773e-03  4.85301502e-02
  2.85561234e-02  2.27629803e-02 -3.08295304e-04 -4.50474443e-03
 -4.51343656e-02 -9.64862481e-02 -4.07223739e-02 -7.86659271e-02
 -3.97957861e-02 -2.11809203e-02  1.68760419e-02  4.24068496e-02
 -8.90411157e-03  2.34730057e-02 -3.99231538e-02  1.71968378e-02
  2.90235672e-02  1.29405549e-02  5.94014451e-02 -1.08574750e-02
 -1.66582316e-02 -6.61240071e-02 -2.95158252e-02 -4.31349799e-02
  4.11086120e-02  4.00059335e-02 -1.30634960e-02  1.74768306e-02
  1.12363547e-02 -1.72847845e-02  3.26399431e-02 -9.76176746e-03
  3.36821526e-02  2.52612457e-02  7.01023126e-03 -1.42230643e-02
  5.01047447e-02 -6.85276240e-02 -4.10138369e-02 -7.36100450e-02
 -1.24205360e-02 -1.14681609e-02 -1.29225021e-02  1.22180199e-02
 -1.01804016e-02  3.23460251e-02  6.91051781e-02 -5.20059730e-05
 -9.03106183e-02  1.05317555e-01  7.93317258e-02  1.75920669e-02
 -1.27013147e-01 -1.46441609e-02  2.98622008e-02  9.26020294e-02
 -6.67979359e-04 -1.20868713e-01  3.97861488e-02  1.15270406e-01
  7.76115153e-03 -3.95696377e-03 -3.36942561e-02 -4.47993446e-03
 -1.93498489e-02  1.63600102e-01 -7.41990423e-03 -6.16990263e-08
  3.15486174e-03 -2.04985719e-02 -6.71614856e-02  3.53634059e-02
  5.45465900e-03  2.10613087e-02 -1.26717970e-01 -1.15050683e-02
  7.09812972e-04  1.67681240e-02 -7.39754662e-02  4.39461321e-02
 -1.08528569e-01  7.72209978e-03 -9.16115865e-02  2.52598319e-02
 -7.53719779e-03  4.92534675e-02 -7.36559704e-02 -4.61119711e-02
  3.31245400e-02 -1.01708723e-02 -2.25774925e-02 -3.81293427e-03
  2.71183178e-02 -8.68907757e-03 -1.53773241e-02 -3.11312377e-02
  6.16852380e-02  5.40437037e-03  8.02960172e-02 -1.00851581e-02
  2.03035027e-02  2.81384513e-02 -3.79607454e-02  4.46736366e-02
 -2.02849461e-03  1.81281660e-02  8.02761391e-02  3.70838940e-02
 -3.66102010e-02 -2.49515008e-02 -1.10186636e-02  3.51598486e-02
  2.56536938e-02 -4.93208878e-02 -1.16505034e-01 -8.12311918e-02
 -2.05026679e-02  6.31602556e-02 -1.95710324e-02  1.75049771e-02
 -5.61447367e-02  2.71022227e-02 -9.21933800e-02  1.63254421e-02
 -1.16975373e-02 -3.40424920e-03  4.16040458e-02 -1.04484797e-01
  3.95662524e-02  4.31097448e-02  6.02869270e-03  3.55164409e-02]"
71,../models/Simple Tests/RequirementTest.sysml,"package RequirementTest {
	constraint def C;
	constraint c : C;
	private import q::**;
	requirement def R {
		assume constraint c1 : C;
		require c;
		doc /* */
    	requirement;
    	requirement def <'1'> A {
    		doc /* Text */
    		subject s;
    	}
	}
	requirement def R1 {
		require constraint c1 :>> c;
	}
	part p;
	part q {
		requirement r : R;
		satisfy r by p;
		assert satisfy r by q;
	}
	
	requirement r1 : R1;
	not satisfy r1 by p;
	assert not satisfy r1 by q;
	
}","The SysML v2 model described in the `RequirementTest` package encompasses several key components related to requirements and their constraints. 

- **Constraints**: A constraint `C` is defined and used within the model to impose conditions on the requirements.
- **Requirements**: 
  - The primary requirement `R` is established with an assumption based on constraint `c1` and requires constraint `c`. It includes a sub-requirement `A` with an associated subject `s`.
  - A secondary requirement `R1` is created, which requires that a condition holds between `c1` and `c`.

- **Parts**: The model defines part `p` and another part `q`:
  - Part `q` is assigned the requirement `r` (which is equivalent to `R`) and is expected to satisfy this requirement by `p`.
  - It asserts that requirement `r` is satisfied by part `q`.

- **Assertions**: 
  - Requirement `r1` (derived from `R1`) is asserted to not be satisfied by part `p` and also fails to be satisfied by part `q`.

Overall, the model outlines a structured relation of requirements, constraints, and their validations through defined parts, capturing the nuances of requirement satisfaction and assurance.","[-4.59621139e-02  1.74557865e-02  2.08673887e-02  9.17567697e-04
  3.67885944e-03 -2.15079300e-02  1.29425782e-03  1.23820119e-02
 -5.44300228e-02  2.99737640e-02  3.68698989e-03 -5.40551506e-02
  7.88175538e-02  5.98653853e-02  4.18984666e-02 -3.40980366e-02
  5.38277067e-03 -5.43197468e-02 -9.44561884e-02  2.31670979e-02
  5.19892797e-02 -2.83999294e-02 -2.04657409e-02 -3.28413546e-02
 -7.01791793e-02 -5.88619262e-02  1.37314675e-02  7.86585957e-02
  5.88902049e-02 -4.14182656e-02  4.76286039e-02  5.04559912e-02
  2.31803395e-02  4.85579967e-02  9.70621854e-02  3.74636054e-02
  3.37452651e-03 -8.84078071e-02 -3.97237130e-02  7.68858753e-03
 -2.67543271e-02 -1.90384462e-02 -3.39896977e-02 -8.40773061e-03
  3.78763899e-02  1.08557325e-02 -4.21251990e-02  3.66997086e-02
 -9.91030782e-02 -3.00684124e-02 -1.06143475e-01  1.66839492e-02
 -3.10535766e-02  1.70476059e-03 -1.34056862e-02  6.84736669e-02
  5.49889952e-02 -4.95490655e-02 -1.07092418e-01 -1.80335790e-02
 -3.20964120e-02 -3.44661474e-02 -1.32085666e-01 -1.64731350e-02
  3.67485210e-02  9.78505053e-03 -8.28547850e-02 -5.83212711e-02
  4.73318063e-02  1.38645545e-01 -1.09056287e-01 -5.93872964e-02
 -4.94736806e-02 -1.22433202e-03  7.62094976e-03 -7.21112685e-03
  9.30572152e-02  8.51086341e-03  3.12599726e-02 -9.85949039e-02
 -5.43548390e-02 -1.01181529e-02 -8.80765468e-02 -1.29575003e-02
  4.11049910e-02 -5.07691354e-02  2.96425838e-02 -4.70827743e-02
  3.71535905e-02  5.74516840e-02  7.14721009e-02 -9.37867910e-02
  3.97323295e-02  5.17976098e-02  9.18973312e-02 -2.39121751e-03
  6.07513674e-02 -1.45049737e-04  1.63575411e-02  1.37957437e-02
 -3.52231227e-02  4.66771377e-03  8.43201280e-02 -2.50489525e-02
 -5.67640476e-02 -2.90228724e-02 -5.89095540e-02 -3.99284251e-02
 -3.88500318e-02 -6.06332533e-02  2.37608571e-02  3.08336504e-02
  2.64784396e-02 -7.09165186e-02 -1.45969708e-02  3.79817896e-02
  8.08223709e-02  3.64026166e-02  3.53843048e-02 -3.86053473e-02
 -1.48355654e-02  2.65411520e-03  3.16799060e-02 -1.90850645e-02
  2.07499731e-02 -6.94255009e-02 -1.05411947e-01  1.18658523e-33
 -2.02834550e-02 -3.72412466e-02 -1.83365587e-02  3.89799364e-02
 -1.40418429e-02  7.99945891e-02 -1.25933569e-02  3.26767750e-02
 -5.71503900e-02  3.95727642e-02 -2.04203613e-02 -4.18319851e-02
 -2.55495477e-02 -4.56336886e-03  5.37222326e-02 -5.60857961e-03
  1.78808123e-02  5.25035709e-02 -2.51938961e-02  2.98716258e-02
  3.57426181e-02 -4.64692637e-02 -6.69101626e-02 -6.69590198e-03
  3.43788825e-02  4.17040363e-02  1.07585184e-01 -1.62445959e-02
 -5.53048924e-02  9.84142534e-04  1.22140339e-02  3.56341414e-02
 -2.02621054e-02  5.30912392e-02  1.93864778e-02  1.28996931e-02
  2.60783825e-02 -2.78667677e-02  6.14617020e-02 -5.33222780e-02
  1.70440529e-03  1.46595510e-02  3.12895626e-02  1.93228293e-02
 -2.60339621e-02 -1.02307118e-01  3.89155447e-02  4.17035557e-02
  3.39770205e-02  1.68585759e-02  2.07504537e-02  7.34150736e-03
  5.16633056e-02 -3.13574523e-02 -5.00776712e-03 -2.70378236e-02
 -1.43087851e-02  1.66721325e-02 -8.85689165e-03  1.00373067e-01
  2.68369541e-02 -3.58385332e-02 -3.27389687e-03  4.93620150e-02
  6.00949004e-02  1.00308947e-01 -7.94244036e-02 -6.57239780e-02
  8.89025629e-02  1.59612391e-02 -1.07222177e-01 -3.94176468e-02
 -4.20989059e-02  5.62564544e-02  2.44611576e-02 -4.97177988e-02
  8.41227081e-03  6.07851148e-03  2.70463526e-02  3.74781271e-03
 -1.44380867e-01  1.23212762e-01 -2.59566233e-02  1.28113854e-04
 -2.03983411e-02 -8.22563022e-02 -1.83423404e-02 -5.00774272e-02
 -4.33289148e-02 -1.26304835e-01  3.72295901e-02 -5.80925457e-02
 -4.27777395e-02  6.79962113e-02  7.01505616e-02 -2.74657928e-33
 -3.10083153e-03  7.62950117e-03 -4.69455086e-02  1.70585606e-02
  2.94498689e-02 -8.82805660e-02  2.76840273e-02 -8.88558775e-02
 -1.05686048e-02  3.11309975e-02  5.05489716e-03 -3.39871161e-02
  3.42898034e-02  1.41627807e-02 -3.91718708e-02  3.22466344e-02
 -7.54745677e-02 -8.94715264e-02  1.95231382e-02  9.74094048e-02
  7.58507708e-03  8.21368918e-02 -8.76433216e-03  1.48871262e-02
  1.01738079e-02  3.07451263e-02 -2.93250233e-02  1.44922873e-02
  1.88963581e-02  2.55388524e-02  6.59552068e-02 -2.70863567e-02
 -8.75232741e-02 -3.79189625e-02 -6.92384131e-03 -1.23667218e-01
 -4.34922837e-02  1.84943769e-02 -3.06233708e-02  7.75752366e-02
  6.64341226e-02  4.01756987e-02  1.60211269e-02  6.21057935e-02
  8.46891385e-03  3.89599241e-02  1.17523208e-01 -7.88534731e-02
 -2.31195036e-02 -9.68260616e-02  6.34710817e-03 -4.30579484e-02
  9.34106410e-02  6.44282326e-02 -1.64036825e-03  2.03634948e-02
 -7.39874691e-02 -1.75158202e-03  5.33305258e-02 -1.48214418e-02
  7.72673264e-02  5.45540638e-02  4.25702557e-02  1.01221753e-02
  6.27719238e-02 -1.76355392e-02 -9.70358308e-03  5.26435440e-03
  2.81975940e-02 -2.39229351e-02 -2.51764320e-02  6.30306255e-04
  3.35209519e-02  2.54602507e-02  4.46393825e-02  2.06421316e-03
 -8.54563788e-02  4.14341465e-02  5.82712181e-02 -2.32384671e-02
 -1.21175721e-01 -5.54642454e-03 -3.96349989e-02  1.02398828e-01
 -8.13299119e-02 -4.26402949e-02  4.04582508e-02  6.81047738e-02
 -4.28445451e-03  2.04830784e-02  1.03550795e-02  1.67717077e-02
 -1.94924185e-03  1.24848686e-01 -3.52379940e-02 -5.07932292e-08
 -1.63666159e-02 -4.03277315e-02 -5.71637750e-02 -6.50666207e-02
  5.45205660e-02  2.97938529e-02 -1.77242272e-02 -7.39181936e-02
 -1.99740492e-02  5.99204898e-02 -8.97292700e-03  6.05138801e-02
 -2.23036464e-02  1.16054364e-03 -9.25071985e-02  3.91846709e-02
 -2.88130110e-03  5.78881726e-02 -3.85334864e-02 -3.18638496e-02
  6.35560676e-02 -1.50309671e-02 -3.24759036e-02  6.49865121e-02
  3.77133079e-02  1.33001441e-02  5.21974675e-02  7.08179548e-02
  1.49845900e-02  1.78962685e-02  4.58399169e-02 -2.14813501e-02
  9.63648483e-02 -2.22615451e-02 -4.29902002e-02  6.08205944e-02
 -4.57676612e-02  6.54789712e-03  2.14849915e-02 -1.52952475e-02
  1.10674882e-02  3.96939069e-02 -9.00133513e-03  7.24783093e-02
  4.16638656e-03 -1.85120087e-02 -1.23530515e-01 -8.55719149e-02
 -6.82651177e-02 -2.95839552e-02 -4.35280763e-02  2.19249707e-02
 -7.51369148e-02  4.03380655e-02 -8.29383209e-02  5.37868477e-02
  1.86876790e-03  2.35878807e-02 -5.36317052e-03 -5.53176180e-02
  9.08238813e-02  9.24711078e-02  6.06145710e-03 -1.04509750e-02]"
72,../models/Simple Tests/RootPackageTest.sysml,"package P1 {
	part def A;
}

package P2 {
	private import P1::*;
	part a : A;
}

private import P2::*;

package P3 {
	part b subsets a;
}","I want to create a SysML v2 model with the following structure:

1. **Package P1**: Contains a part definition `A`.
2. **Package P2**: Imports `P1` privately and defines a part `a` of type `A`.
3. **Package P3**: Imports `P2` privately and defines a part `b` that subsets the part `a` from `P2`. 

This model should maintain the private import scopes and the subset relationship between the parts in the packages.","[ 1.28877563e-02 -3.73952948e-02  3.07601187e-02  1.39285885e-02
  1.28448382e-02  1.01477457e-02  4.02284302e-02 -1.02121430e-02
 -3.78073193e-02  1.70497559e-02  3.78634334e-02 -5.47845960e-02
  2.79071704e-02  6.24405071e-02  7.67517611e-02  4.58977045e-03
  1.45009914e-02 -5.50990226e-03 -3.67386751e-02  4.90500145e-02
  4.65877689e-02 -1.75584089e-02 -1.16388565e-02  1.93638541e-02
 -5.79214767e-02 -1.53850680e-02  4.39832248e-02  7.16768727e-02
  6.59493580e-02 -4.97562736e-02 -1.80861540e-02  7.40299374e-02
 -6.41491190e-02 -2.44978652e-03  1.13910198e-01  2.72712149e-02
  1.59965288e-02 -2.04857364e-02 -3.07237655e-02 -7.21033961e-02
  4.70302589e-02  7.79033359e-03 -1.72514617e-02 -5.13251610e-02
  5.18403994e-03 -5.14955493e-03  4.99287583e-02  4.08819914e-02
 -2.31620576e-02 -4.47988436e-02 -5.43386154e-02 -6.37698025e-02
 -3.88173684e-02 -2.00597160e-02 -4.07797052e-03  2.71100029e-02
  5.29732369e-02 -8.29427689e-02 -1.49556145e-01 -1.75661948e-02
 -5.04689999e-02 -3.88893345e-03 -7.49084726e-02 -6.93256855e-02
 -4.47722487e-02  5.70041426e-02 -8.21806267e-02  4.09590490e-02
  1.94023997e-02  8.06210563e-02 -5.49383871e-02 -1.35351578e-02
 -4.48341772e-04  2.27938201e-02  1.12238536e-02  5.05319377e-03
  1.14774905e-01 -1.39107546e-02  1.78159457e-02 -1.05076090e-01
 -5.87850362e-02  1.73067506e-02 -3.93037051e-02 -1.39571847e-02
 -4.86884266e-03 -4.96770442e-02  6.61381558e-02 -7.49538839e-02
  4.21768501e-02  5.08840978e-02 -2.63260473e-02 -6.36743829e-02
  9.59540755e-02  7.92357512e-03  8.40864256e-02  2.87660258e-03
  4.32694219e-02  1.96600556e-02  5.27587272e-02  2.61896867e-02
 -4.79628481e-02  5.79046607e-02  8.90164673e-02 -1.76031720e-02
 -1.76915172e-02  5.52963652e-02 -3.90825793e-02 -4.99219187e-02
 -5.30844405e-02 -4.59541231e-02 -1.37169547e-02  1.03526853e-01
 -1.32890726e-02 -6.07055500e-02  3.43221389e-02 -1.14629176e-02
  4.25147004e-02 -2.14542681e-03  3.98945883e-02 -6.52997196e-02
 -2.84902826e-02 -8.37577332e-04  9.06860828e-02  9.75158252e-03
  3.36110964e-02 -4.08742763e-02 -1.65525958e-01 -7.62516783e-34
 -3.75642106e-02 -5.88916522e-03 -6.42756745e-03  9.71027166e-02
 -5.98775456e-03  1.23327054e-01  4.93744351e-02  7.99841341e-03
 -4.55996394e-02  6.52966052e-02 -6.18106909e-02 -3.92837711e-02
 -3.24869528e-02  4.69998107e-04  3.95477265e-02 -1.25595508e-02
  1.19041279e-02  6.74041733e-02  4.71028313e-02  1.85094476e-02
  1.59690622e-02 -2.70219357e-03 -6.34194538e-02  8.48952029e-03
  5.02752773e-02  2.88344137e-02  7.02722520e-02 -5.80093786e-02
 -4.73192669e-02  1.67084243e-02  6.82444945e-02  4.73246276e-02
  4.70937714e-02  2.20780596e-02  6.77232891e-02 -1.08508142e-02
  1.18281471e-03  1.22492444e-02  9.77914110e-02 -4.41281870e-02
  8.09422880e-02  4.35831118e-03  1.94798876e-02  5.30861430e-02
 -1.19462892e-01 -3.23412940e-02 -7.37417415e-02  6.53309748e-02
 -2.27045268e-02 -5.04178032e-02  3.36009488e-02  2.24936567e-02
  1.84328146e-02  1.73883556e-04 -7.71434084e-02 -4.11833040e-02
  1.60316639e-02  3.26996557e-02 -4.98058414e-03  2.09591202e-02
  2.87193861e-02  1.97436567e-02  2.37261411e-02  3.49592865e-02
  4.18928899e-02  4.72198874e-02 -7.06688166e-02 -1.03073128e-01
  7.37520605e-02 -3.59674692e-02 -6.24111108e-02  7.56404623e-02
 -5.97886816e-02  6.41166344e-02 -2.79126631e-04 -9.97997299e-02
  1.08581921e-02  5.95523007e-02  8.11004732e-03 -7.84325786e-03
 -1.11382209e-01  8.35087895e-02 -7.99219161e-02  1.60700716e-02
 -4.06064987e-02 -3.91069986e-02 -6.52266517e-02 -4.87807058e-02
 -2.50371154e-02 -8.17388296e-02 -4.52703349e-02 -9.89769548e-02
 -3.09384074e-02 -3.11548188e-02  1.57751720e-02 -1.44770431e-33
  5.33613227e-02  2.76950467e-02  7.16729611e-02 -5.98234981e-02
  6.27000304e-03 -1.05245732e-01  1.75770745e-02  2.55245212e-02
  6.16999017e-03  1.20152682e-01  8.68077949e-03  1.68920141e-02
  4.49384302e-02 -4.67527471e-02  2.59193946e-02  4.20421474e-02
  1.83837134e-02 -1.33781999e-01  1.97752602e-02  5.53374030e-02
 -4.72755432e-02  3.49477567e-02  3.68379871e-03  5.47471717e-02
  3.94926742e-02  3.85591318e-03 -8.14179704e-02  4.47700173e-02
  2.37347260e-02  2.59006284e-02 -1.74728520e-02  1.40447821e-02
 -4.29833867e-02 -9.21833366e-02 -8.83383378e-02 -8.85509923e-02
 -1.07298844e-01 -3.46644931e-02  3.69130373e-02 -2.07687281e-02
 -9.35401488e-03  6.45994172e-02 -8.54514837e-02  1.91028472e-02
  1.65324789e-02  2.70721596e-03  5.69073223e-02 -2.18386892e-02
 -5.42410389e-02 -6.43580481e-02 -7.09735975e-02 -2.10482590e-02
  4.62771058e-02  1.87240373e-02 -1.10245275e-03  3.99722084e-02
  9.31454357e-03 -3.87906805e-02  6.84465691e-02 -3.37431394e-02
  7.87084326e-02  7.24242721e-03  6.44285884e-03 -5.64010954e-03
  9.29975417e-03 -7.55481943e-02 -1.08900853e-02 -3.02927475e-02
  3.04542109e-02 -6.35957643e-02 -2.43585631e-02 -3.05698533e-03
 -1.34970509e-02  4.84983139e-02  9.02755279e-03  3.58729786e-03
 -6.63418323e-02  8.15762952e-02  9.43563879e-02  3.25869434e-02
 -8.41060206e-02 -5.19443564e-02  1.92543063e-02  2.74764728e-02
  2.12085880e-02 -2.45603640e-02  5.42812273e-02  5.82477078e-02
 -6.19607093e-03 -1.21205384e-02 -3.85837629e-02 -3.57463285e-02
  2.81038936e-02  1.36442021e-01 -5.25583094e-03 -4.58816345e-08
 -4.12466079e-02  8.97790771e-03  5.80926659e-03  5.72917722e-02
 -1.89675242e-02 -2.48777419e-02 -8.92738700e-02 -1.79418363e-02
  9.38667078e-03  9.48981941e-02 -1.20701030e-01  2.89545562e-02
 -4.66238707e-02  8.54390487e-03 -7.95652568e-02  7.58970007e-02
  1.92770585e-02  5.53312153e-02 -4.94483449e-02 -2.47353241e-02
  2.39881594e-02 -3.28790001e-03  1.44060450e-02  1.00656524e-01
  4.23050337e-02 -7.07663735e-03 -5.21117356e-03 -1.01890251e-01
  8.26293454e-02  2.49353535e-02  4.64763343e-02 -3.06528248e-03
  1.73661448e-02  4.70051207e-02 -3.46703120e-02  4.42373157e-02
 -5.02908975e-02  1.42143238e-02  2.13606693e-02  1.87497027e-03
  1.04763452e-02 -6.47818819e-02 -4.30686958e-03  5.28500155e-02
 -1.00756008e-02 -5.33349300e-03 -6.38327450e-02 -1.12274200e-01
  1.30726155e-02  5.86300828e-02 -1.39667867e-02  5.81618436e-02
 -6.26647472e-02  2.46960241e-02 -8.35025087e-02  4.88977619e-02
  1.35055073e-02  2.94778608e-02  3.39999124e-02 -8.18784013e-02
 -2.89818309e-02 -1.22818183e-02 -3.87613662e-02 -2.23465118e-04]"
73,../models/Simple Tests/StateTest.sysml,"package StateTest {
	attribute def Sig {
		x;
	}
	attribute def Exit;
	
	part p;
	
	action act;
	
	state def S {
		do action A;
		entry; then S1;
		
		state S1;
			accept s : Sig
			do action D
			then S2;
				
		state S2 {
			do send Sig(T.s.x) to p;
			state S3;
		}
		accept Exit then done;
		
		transition
			first S1
			accept s : Sig
			do action D
			then S2.S3;
		
		transition T
			first S2.S3
			accept s : Sig via p
			if true
			do send s to p
			then S1;
			
		exit act;
		
		state S3 {
			state S3a;
		}
		
		transition first S3.S3a then S1; 
	}
	
	state s0 {
  		state s1 {
    		state s2;
  		}
  		state s3 {
  			state s4;
  		}
  		transition t1 first s1.s2 then s3.s4;
	}
	
	state s parallel {
		state s1;
		state s2;
	}
	
	state s4 {
		do action a;
  		action c;
	}
	
	state s5 :> s4 {
  		do action b :>> c;
	}
	
}","To generate the SysML v2 model described in the package `StateTest`, I will create a model that incorporates the following components:

1. **Attributes:** 
   - A signal `Sig` with an attribute `x`.
   - An attribute `Exit`.

2. **Parts:**
   - A part `p` to represent an interacting element.

3. **Actions:** 
   - An action `act` defined within the package.

4. **States:**
   - A primary state `S` with the following structure:
     - It has a `do` action `A` and an `entry` transition that leads to state `S1`.
     - **State `S1`:** Accepts a signal `s` of type `Sig`, executes action `D`, and transitions to `S2`.
     - **State `S2`:** Executes a `send` action to part `p` with `Sig(T.s.x)` and transitions to `S3`.
     - Accepts `Exit` to complete the process.
   - A transition from `S1` to `S2.S3` upon receiving signal `s`.
   - A transition labeled `T` from `S2.S3` back to `S1`, sending the signal `s` to part `p`.
   - **State `S3`:** Contains a nested state `S3a`.
   - A transition leading from `S3.S3a` back to `S1`.

5. **Nested States:**
   - A state `s0` with states `s1` (having a nested state `s2`) and `s3` (having a nested state `s4`), with a transition from `s1.s2` to `s3.s4`.
   - A parallel state `s` containing states `s1` and `s2`.
   - State `s4`, which has a `do` action `a` and another action `c`.
   - A subclass state `s5` inheriting from `s4`, executing an action `b` leading to action `c`.

The model design captures hierarchy, transitions, actions, and signal handling, which collectively define the system's behavior in a structured manner.","[-6.36410192e-02 -7.16077089e-02  2.15790644e-02  3.47073786e-02
 -7.62059959e-03 -2.45050956e-02  9.65319201e-03 -1.39228255e-02
 -9.22590122e-03  5.55636883e-02  2.79344060e-02 -4.13915589e-02
  2.60797124e-02  1.56788155e-02  4.92585562e-02  1.04012853e-02
  2.45317295e-02 -4.06003036e-02 -1.48814647e-02  2.40734778e-02
  6.14094138e-02 -3.29567455e-02 -8.85749760e-04  3.25532909e-03
 -7.21884221e-02 -2.27279849e-02  1.22622622e-03  2.15059519e-02
  6.99283853e-02 -9.24892128e-02  4.14619558e-02  3.12228296e-02
 -4.15856875e-02  1.62042398e-02  6.52786866e-02  6.74901903e-02
  6.70596808e-02 -7.73394927e-02 -1.01685323e-01 -5.87161370e-02
  7.46153295e-02 -5.55010289e-02 -1.89578291e-02 -1.71190649e-02
  3.65576409e-02 -3.10474485e-02 -3.00346427e-02 -3.75473499e-02
 -6.29261956e-02 -6.46653473e-02 -4.53193747e-02  1.37427226e-02
  2.50228420e-02  6.41657971e-03 -2.40325890e-02  4.68534604e-02
  8.50510523e-02 -5.75109525e-03 -9.73001719e-02 -6.34534359e-02
 -6.89527467e-02 -1.90458316e-02 -8.28045756e-02 -4.38991375e-02
  1.78199802e-02  8.88486132e-02 -3.35553512e-02 -4.03485484e-02
  6.24294356e-02  5.25357984e-02 -1.32999048e-01 -7.58469105e-02
 -2.24347636e-02  8.75426549e-03  5.00465557e-02 -6.34157956e-02
  7.11723417e-02  1.95334945e-02 -1.64438076e-02 -1.00001045e-01
 -6.57300726e-02 -6.69515058e-02 -8.96018967e-02 -1.05814617e-02
 -1.42280543e-02  4.48682718e-02 -2.04772353e-02 -4.42325585e-02
  8.02554488e-02  6.10471256e-02  3.35176894e-03 -2.76499856e-02
  2.39890534e-02  2.96918899e-02  7.37548769e-02  5.96930832e-02
  1.97815225e-02  3.51307518e-03  6.00407645e-02  2.08737217e-02
  1.03802234e-02  5.74139953e-02  6.62007779e-02 -3.13592926e-02
 -3.07201203e-02  1.29254954e-02 -8.37176070e-02 -7.64188990e-02
 -6.93761408e-02 -5.20052724e-02  1.07186812e-03  2.02031564e-02
  6.95604533e-02  2.46011349e-03  2.33356301e-02  7.70019069e-02
  2.32215207e-02  4.18996364e-02  3.01509611e-02 -1.65485963e-02
  3.80689874e-02 -1.29909050e-02  1.69578921e-02  3.42330299e-02
  1.57508086e-02 -1.93451643e-02 -5.76295815e-02 -1.81253019e-33
  3.10599292e-03 -2.71840487e-02 -3.19058411e-02  9.96047258e-02
 -3.09958849e-02  8.24680999e-02  5.75242043e-02 -2.22245604e-02
 -6.63937330e-02  8.08207840e-02 -1.07797407e-01 -6.14350140e-02
 -2.56936215e-02  3.71771790e-02  2.87645161e-02 -1.87279973e-02
  1.09470896e-02 -4.63108113e-03 -2.93654669e-02  2.10537948e-02
  9.86023769e-02  6.18458614e-02 -8.24267417e-02 -6.29406655e-03
  3.38957570e-02  6.67320564e-02  1.93672590e-02  1.85158383e-02
 -7.97429085e-02  6.25122571e-03  1.58329273e-03  2.90366933e-02
 -3.91959436e-02  6.91664442e-02  2.10162159e-02  1.54380156e-02
 -3.33495042e-03 -9.26774554e-03  5.21373302e-02 -9.86576229e-02
 -4.83188964e-03 -1.47652521e-04 -4.53025587e-02  3.80342454e-02
 -5.09462729e-02 -8.22808966e-02 -3.78863774e-02  1.66957751e-02
  5.31037860e-02 -2.68151425e-02  1.08765349e-01 -2.81481352e-02
  6.55795559e-02 -3.88876162e-02 -5.29009849e-02  2.13432051e-02
  2.44196579e-02  2.42169704e-02  8.13919492e-03  9.43897814e-02
  1.40636396e-02 -1.16305184e-02 -2.91814283e-02  4.28879559e-02
  3.01933140e-02  6.80406913e-02 -1.10890850e-01 -4.86764163e-02
  5.12616113e-02  1.78606827e-02 -6.02312386e-02  8.70603099e-02
 -4.75141853e-02  2.56167408e-02  8.30104873e-02 -1.00147411e-01
  1.81991793e-02 -3.95705998e-02 -1.36953816e-02  2.21968945e-02
 -6.13695122e-02  4.14087810e-02 -9.49424207e-02  5.29156774e-02
  1.24070924e-02 -7.81344250e-02 -8.40257034e-02 -1.05258584e-01
 -1.01245731e-01 -1.03388377e-01  7.38869829e-04 -6.59576580e-02
  2.63012927e-02  3.15213501e-02  8.88227019e-03 -3.67369388e-33
  1.26271779e-02  4.13462482e-02  1.24745350e-02  4.36182581e-02
 -7.37762451e-02 -8.06162879e-02  2.78469808e-02  2.14051362e-03
 -2.86294948e-02  2.01655254e-02  2.09843311e-02 -1.41804032e-02
  1.86768826e-02  1.60836279e-02 -8.33914243e-03  2.08100248e-02
  7.49288965e-03 -1.44051373e-01  5.17765842e-02  4.00336646e-02
 -1.91942379e-02  8.36074948e-02 -1.65682323e-02  2.62288153e-02
 -3.06841787e-02 -2.64372043e-02  3.01378556e-02  3.88009548e-02
  3.07198893e-02  6.39466662e-03  4.38008383e-02 -2.19630376e-02
 -9.90005769e-03  1.30452178e-02 -4.32820208e-02 -5.35320267e-02
 -2.86240671e-02 -1.97986532e-02 -9.25368536e-03  3.71026737e-03
  2.37739701e-02  3.79024297e-02  8.18183180e-03  8.36816579e-02
  2.96544582e-02  4.68611345e-02 -2.15733740e-02  5.05453069e-03
 -9.73331034e-02 -8.40836316e-02 -3.77045460e-02  3.18196346e-03
  1.34411557e-02  3.72456871e-02 -2.17580963e-02  5.27543053e-02
  8.28336924e-03 -1.25339376e-02 -4.04523276e-02 -2.26193741e-02
 -1.10387951e-02 -1.60186999e-02  5.65584414e-02 -2.04275008e-02
  4.51040938e-02 -6.58341777e-03 -3.34441289e-02 -1.71331242e-02
  7.54842386e-02 -3.58717144e-02  5.34680821e-02  3.00026722e-02
 -3.49819101e-02  9.35209170e-03  9.56409201e-02 -5.53483441e-02
 -1.14397727e-01  4.21495829e-03  7.55655840e-02 -5.07071950e-02
 -1.76152989e-01 -1.36153977e-02  1.12336107e-04  5.90235442e-02
 -5.96708246e-02 -7.38976523e-03  1.30158216e-02  1.12437762e-01
  4.89401026e-03 -9.08820983e-03 -4.42622639e-02  5.31341434e-02
  2.41921470e-02  1.35349795e-01 -2.74740886e-02 -5.94494765e-08
 -2.03257147e-02  8.57884937e-04 -5.67679806e-03  1.90881863e-02
  4.02610516e-03  6.22561462e-02 -6.55927211e-02 -5.07746786e-02
 -3.17641301e-03 -8.12512822e-03 -6.48479462e-02  4.59901728e-02
 -5.71714304e-02 -5.86924776e-02 -6.98901433e-03  4.57428992e-02
  2.12808885e-02  4.44769971e-02 -5.59916086e-02 -6.55046776e-02
  4.92678247e-02 -1.60400923e-02 -3.72759290e-02  7.02493563e-02
  1.58704687e-02 -7.44682271e-03 -1.05977478e-02  4.30769697e-02
  3.33803408e-02 -5.10890177e-03  6.93520382e-02 -2.30249576e-02
  2.80920900e-02  5.58869839e-02 -8.29496533e-02  6.01651743e-02
 -2.18638182e-02 -4.34752963e-02  1.38124555e-01  1.04405489e-02
 -3.61440890e-02  2.17581242e-02 -5.27788661e-02  2.48207077e-02
 -9.23014805e-02  1.54812112e-02 -9.22768265e-02 -1.20859377e-01
 -8.05637147e-03  2.42591202e-02 -3.66206537e-03 -1.77352261e-02
 -1.51415005e-01  6.41111284e-02 -6.33980483e-02  2.99817063e-02
  1.83612127e-02 -3.49906385e-02  4.30773720e-02 -3.28389965e-02
  3.25762667e-02  6.68378361e-03 -4.25622948e-02 -8.76264833e-03]"
74,../models/Simple Tests/StructuredControlTest.sysml,"package StructuredControlTest {
	
	action {
		attribute i : ScalarValues::Integer := 0;
		attribute b : ScalarValues::Boolean;
		
		if i < 0 {
			assign i := 0;
		} else if i == 0 {
			assign i := 1;
		} else {
			assign i := i + 1;
		}
		
		if i > 0 {
			assign i := i + 1;
		}
		
		then action aLoop
		while i > 0 {
			assign i := i - 1;
		} until b;
		
		then while i > 0 {
			assign i := i - 1;
		}
		
		loop {
			assign i := i - 1;
		} until b;
				
		for n : ScalarValues::Integer in (1, 2, 3) {
			assign i := i * n;
		}
	}
}","To create a SysML v2 model for a system that demonstrates structured control flow, the following concise description captures its essence:

**Model Structure:**
- **Package Name:** `StructuredControlTest`
- **Action Block:** Contains the following attributes and control structures:
  - **Attributes:**
    - `i: ScalarValues::Integer` initialized to `0`
    - `b: ScalarValues::Boolean`
  - **Control Structures:**
    - A series of conditional statements to modify `i` based on its value:
      - If `i` is negative, set `i` to `0`.
      - If `i` is `0`, increment `i` to `1`.
      - Otherwise, increment `i` by `1`.
    - Further increments of `i` if greater than `0`.
    - A `while` loop to decrement `i` until `b` is true, executed if `i` is greater than `0`.
    - Another `while` loop similar to the previous one, repeating until `b` is true.
    - A `loop` construct that continues decrementing `i` until `b` is true.
    - A `for` loop over a specified range (1, 2, 3) to multiply `i` by `n`.

This description outlines the attributes and control structures succinctly, providing a clear picture of the intended behavior and flow within the action block of the model.","[-2.19259504e-02 -1.05170440e-02 -2.91270465e-02 -7.84972962e-03
 -8.50757286e-02 -5.22027873e-02  8.61520413e-03  1.47969164e-02
 -8.84709600e-03  5.56114540e-02  5.33455871e-02 -5.31392731e-02
  3.64076644e-02  1.88946035e-02  1.74243411e-03  1.04343332e-02
  1.51976990e-02  6.05539361e-04 -3.85793000e-02  1.04407908e-03
  4.13959995e-02  1.00875339e-02 -4.19282392e-02  1.78385247e-02
 -6.99059963e-02  8.07282049e-03 -4.99340184e-02 -1.36452205e-02
  8.65495205e-02 -1.00422889e-01 -5.71875880e-03 -8.89579009e-04
  3.72044854e-02  3.70656289e-02  9.77117345e-02  8.36447254e-03
  3.90066728e-02 -8.52089524e-02 -9.65171680e-02 -5.83549263e-03
 -4.95518781e-02 -4.16120887e-03 -3.05051729e-02 -5.32788821e-02
  5.53515553e-02  1.50429690e-02 -6.35592267e-02  1.64191257e-02
 -5.71115837e-02 -2.79295985e-02 -8.90381634e-02 -1.40646053e-02
  5.01938090e-02 -6.83325753e-02  3.17052417e-02  4.26852331e-02
  5.75247854e-02 -9.02763009e-03 -1.02647573e-01 -8.62056985e-02
 -3.02128140e-02 -9.39245708e-03 -9.16102827e-02 -4.77203913e-02
 -1.92503687e-02  7.64115006e-02 -7.87774622e-02  3.73758562e-02
  6.72373623e-02  1.07593872e-01 -7.74232522e-02 -7.66795874e-02
 -5.49778866e-04  2.95468476e-02  8.79788212e-03 -2.20407285e-02
  8.40309188e-02  8.78575630e-03 -3.94365825e-02 -3.56936380e-02
 -3.25439386e-02 -4.29085717e-02 -7.11259618e-02 -2.70940959e-02
 -3.07448152e-02 -7.67588988e-02  2.15243567e-02  3.83360013e-02
  1.54264122e-01  1.29838005e-01 -1.96522623e-02  3.06188837e-02
  5.85439540e-02 -3.58609632e-02  9.22335237e-02  7.46860802e-02
 -1.61352032e-03  1.58840548e-02 -1.98000800e-02  4.48672986e-03
 -1.18777633e-03  1.52568268e-02  4.32842262e-02 -7.53818080e-02
  2.30228473e-02  3.80199257e-04 -2.28244308e-02 -4.71502729e-03
 -4.46333662e-02 -1.42174259e-01 -2.80999695e-03  5.53317554e-02
  3.11253238e-02 -6.03179485e-02  1.76748876e-02 -1.34133419e-03
  5.95946275e-02  3.50930169e-02  1.52063528e-02 -6.29133433e-02
  6.30533621e-02  6.38924120e-03  4.88490099e-03  3.76225598e-02
  3.78391612e-03 -1.78568885e-02 -7.68766329e-02  3.60073168e-33
 -1.53897917e-02 -4.77003939e-02 -9.49971937e-03  7.08547086e-02
  2.59399395e-02  6.52078912e-02  2.32094955e-02 -1.24097918e-03
 -7.30126500e-02  6.02940544e-02 -1.30865872e-02 -1.02057420e-01
 -7.97682554e-02  4.16434444e-02  1.95397884e-02 -9.46422666e-02
  4.63590473e-02 -3.45325768e-02 -2.76779700e-02  1.14911506e-02
  9.77146700e-02 -3.14177871e-02 -7.81515837e-02 -2.91311070e-02
  5.66220768e-02 -6.93940558e-03  6.03345316e-03  1.73406117e-02
 -7.37013221e-02 -4.60264226e-03  2.33948715e-02  1.94456847e-03
 -1.78681239e-02  3.21177877e-02  1.49017945e-02  5.27721643e-02
 -5.38981380e-03 -1.45330019e-02  1.11030966e-01 -3.64623964e-02
 -4.20259424e-02 -3.24914083e-02 -5.37502393e-02  1.97151303e-02
 -6.41442910e-02 -8.47429931e-02 -3.74701992e-02  3.80717292e-02
 -4.80750129e-02 -4.94559631e-02  7.68486783e-02  5.08524328e-02
  7.76430010e-04  1.31665859e-02 -1.53913144e-02 -1.10387253e-02
 -2.76866052e-02  7.84633160e-02 -2.73411386e-02  1.15872458e-01
  3.11854742e-02  2.26105992e-02 -4.55437787e-02  2.92171561e-03
 -1.04400213e-03  6.61043748e-02 -5.60337566e-02 -3.80013548e-02
  6.43553808e-02  2.94932388e-02 -8.99462774e-02  7.53782094e-02
 -4.95607965e-02  5.99653684e-02  4.78212684e-02 -8.39951038e-02
  1.43639334e-02 -7.57771954e-02 -3.87915522e-02 -1.04491683e-02
 -7.69156665e-02  1.03562079e-01 -1.44514153e-02  6.42214343e-02
  4.79041822e-02 -5.90574071e-02 -2.19741333e-02 -1.73185244e-02
 -1.08019680e-01 -9.36857685e-02  1.87743604e-02 -9.70974043e-02
  9.04492065e-02 -4.66350903e-04  3.15791555e-02 -6.85658581e-33
  4.62671369e-02  1.11205888e-03  1.78526640e-02  1.85290519e-02
 -6.67097718e-02 -7.99011812e-02  2.58349441e-02 -1.50970025e-02
 -3.23068164e-02 -4.66874838e-02 -1.60356760e-02  4.87228744e-02
  6.18261518e-03  1.57906767e-02  2.83123944e-02  2.89269965e-02
 -2.99309064e-02 -1.83396593e-01  1.62728168e-02  1.55133726e-02
 -6.69581816e-02  1.20394096e-01 -1.70233585e-02  2.15258636e-02
 -3.48996744e-02 -1.12880692e-02 -1.12942168e-02  7.65390024e-02
  4.11387086e-02  1.28746284e-02  1.45247979e-02 -3.03474460e-02
  3.58291566e-02 -1.06183067e-02 -2.35747471e-02 -6.80969208e-02
  1.10407220e-02 -4.35496531e-02 -1.24355173e-02  3.08036860e-02
  1.71004143e-02  1.26193399e-02 -4.16050144e-02  3.27468216e-02
  3.74398455e-02  4.99667116e-02 -1.29621169e-02  2.61706058e-02
 -5.56676723e-02 -1.02343552e-01 -4.17892337e-02 -3.17859091e-02
  9.95625928e-03  7.04687610e-02 -1.18541587e-02 -1.31175201e-02
 -3.85887139e-02 -4.02575955e-02  5.30380122e-02 -1.62962265e-03
 -6.65938482e-02 -1.00310547e-02  2.81629059e-02  1.36954328e-02
  2.11866833e-02  3.96332005e-03 -1.48408161e-02 -2.28916109e-02
 -1.30210239e-02 -3.85857187e-02  1.16864517e-01  3.15957442e-02
 -5.73562980e-02  4.74448949e-02  4.20358367e-02 -6.12036623e-02
 -8.30958337e-02  7.42671788e-02  5.33045642e-02  1.85940899e-02
 -9.14203301e-02  2.09581647e-02  3.42308991e-02  9.00253430e-02
 -3.49046290e-02 -6.37288112e-03 -2.03485284e-02  1.14346273e-01
  1.11249872e-02  5.34167252e-02 -6.48596361e-02  5.34609333e-03
  2.25173552e-02  1.26492068e-01 -3.07191387e-02 -6.32846735e-08
 -2.31976137e-02 -1.61766261e-02 -1.36615168e-02  3.12285349e-02
  8.72502290e-03  4.77445833e-02 -2.03384589e-02 -8.83274078e-02
 -9.51847434e-03 -3.13717648e-02 -6.89728186e-02  7.17080384e-02
 -4.50452529e-02 -3.72924618e-02 -6.29992709e-02  8.64943191e-02
  3.23376767e-02  1.66029558e-02 -6.31873682e-03 -1.99236739e-02
  1.13266617e-01 -1.42216841e-02 -3.52466702e-02  9.16759446e-02
  2.46413220e-02 -5.18349037e-02  3.41118383e-03  4.55251858e-02
  6.73991591e-02 -1.60890480e-03  5.78847751e-02  1.71619114e-02
  8.25228244e-02  9.48654413e-02  1.33468891e-02  3.75666693e-02
 -8.46722443e-03  1.27026141e-02  6.36980236e-02 -1.64545700e-02
 -7.73610454e-03  1.12949489e-02 -3.12683806e-02 -3.45395436e-03
 -3.30072902e-02  1.02148773e-02 -5.28442487e-02 -7.45132565e-02
 -2.50042230e-02 -7.10793654e-04 -1.38549581e-02  8.48636106e-02
 -6.27299026e-02  9.44008082e-02 -5.08083068e-02  3.31479381e-03
  2.55852621e-02  2.04812065e-02  1.08053237e-02  3.72239016e-02
  5.55248838e-03  6.00661663e-03 -3.64491157e-02 -5.42906858e-02]"
75,../models/Simple Tests/TextualRepresentationTest.sysml,"package TextualRepresentationTest {
	private import ScalarValues::Real;
	
	item def C {
	    attribute x: Real;
	    assert constraint x_constraint {
		    rep inOCL language ""ocl"" 
		        /* self.x > 0.0 */
	    }
	}
	
	action def setX {
		in c : C;
		in newX : Real;
		
	    language ""alf"" 
	        /* c.x = newX;
	         * WriteLine(""Set new x"");
	         */
	}
	
}","I want to create a SysML v2 model in a package named `TextualRepresentationTest`. This model should include:

1. An item definition `C` with an attribute `x` of type `Real`.
2. A constraint named `x_constraint` that ensures `x` is greater than `0.0`, specified using OCL.
3. An action definition `setX` that takes an instance of `C` and a new value `newX` (of type `Real`). This action should update the attribute `x` with `newX` and include a statement to print a message indicating the update, using the Alf language.

Please generate this model structure with the specified components and behaviors.","[ 3.24840471e-02 -4.82635833e-02 -1.98277645e-02  8.94191414e-02
 -3.35138366e-02  1.32248411e-02  4.44044964e-03  9.82880872e-03
 -2.47289485e-04  2.27826573e-02  5.17967455e-02 -7.96439871e-02
  5.00592813e-02  3.07033379e-02  5.33505715e-02  1.97769217e-02
  4.18590494e-02 -6.61185011e-02 -8.03727005e-03  3.99390273e-02
  8.10325444e-02  1.68690924e-02  6.28032386e-02  5.83148263e-02
 -5.19794486e-02  1.28438836e-03  4.69388161e-03  4.44890410e-02
  5.77475727e-02 -5.83359860e-02  5.91128357e-02  6.17297813e-02
  4.52731811e-02 -1.85472835e-02  1.16543844e-01  7.09533244e-02
  4.81740683e-02 -8.79400223e-02 -7.44330510e-02 -4.12225947e-02
 -2.86284201e-02 -4.41351868e-02 -6.77822670e-03 -1.65419430e-02
 -1.66706368e-02 -7.09336624e-02  5.12952916e-02  1.52288703e-02
 -3.93530019e-02  2.98953969e-02 -9.97376069e-02 -7.25257322e-02
  1.94075778e-02 -7.35452250e-02 -7.16531556e-03  4.49145660e-02
  2.61226334e-02  3.15539055e-02 -7.52567053e-02 -7.70314261e-02
 -7.42082996e-03 -3.18105258e-02 -4.54218946e-02 -1.83609221e-02
 -1.07617483e-01  7.03637898e-02 -7.75029436e-02 -3.43804397e-02
  2.00268105e-02  6.07422143e-02 -8.85920674e-02 -5.36678173e-02
  5.11861220e-02 -2.14067865e-02  7.52436295e-02  1.39842825e-02
  9.28771570e-02 -2.01037601e-02  3.76174822e-02 -4.41132039e-02
 -2.58158315e-02 -9.63178743e-03 -6.74601942e-02 -2.17387509e-02
 -1.71077475e-02 -1.41381146e-02  5.71077093e-02 -5.93517274e-02
  5.56591153e-02  7.08383322e-02 -1.76435299e-02 -6.62610158e-02
  3.13414149e-02  7.52082677e-04  4.29581031e-02  6.80850446e-02
  2.63493415e-02  1.41069302e-02  2.54557338e-02  5.78142703e-02
  2.53531281e-02  5.37601225e-02  5.95558845e-02  1.82708744e-02
 -6.15926227e-04  3.91953578e-03 -3.85103114e-02 -3.24772075e-02
 -1.15459658e-01 -5.56202084e-02  3.50192115e-02  5.55448197e-02
 -9.95814707e-03 -8.26177821e-02  2.36894805e-02  1.20809628e-02
  5.18158823e-02 -7.72370258e-03 -3.60334627e-02 -4.26662453e-02
  6.08672202e-02 -3.81880589e-02  3.85009423e-02  5.54410517e-02
  2.05208268e-02 -2.96072057e-03 -3.81486937e-02 -2.30109705e-33
  1.97091314e-04  2.64786594e-02  1.32746045e-02  8.84636194e-02
  4.43540700e-02  5.74746914e-02  1.91795565e-02  4.56427075e-02
 -7.44836964e-03 -1.84166171e-02 -2.89452970e-02 -5.98779768e-02
 -1.89224891e-02 -1.78397615e-02  1.74583066e-02 -6.84195459e-02
 -6.35694265e-02  7.63309672e-02  2.23194268e-02  4.48174141e-02
  2.50504389e-02 -3.35610546e-02 -5.47622889e-02 -5.94584458e-02
  1.61550147e-03  8.34228098e-02  9.13198441e-02 -6.65231645e-02
 -8.29994529e-02 -2.06615087e-02  4.02252600e-02  4.31295484e-03
  3.46432738e-02  5.54830283e-02 -4.08479124e-02  7.94980768e-03
 -6.25425428e-02 -5.61789516e-03  2.91911215e-02 -9.01849046e-02
  1.73058901e-02  2.92875059e-02 -3.10569792e-03  2.79836524e-02
  6.23314921e-03 -3.23589817e-02 -4.05073613e-02  6.34472743e-02
  8.79234541e-03 -6.41439930e-02  6.53692409e-02  3.27247381e-02
  3.66884582e-02  1.96925569e-02 -4.63974848e-02  2.37676478e-03
  1.32694803e-02  5.27960844e-02 -3.31603782e-03  3.84591594e-02
  2.28898395e-02  4.77364101e-02  8.06193650e-02  4.51916605e-02
  2.30580214e-02  3.52203511e-02 -5.85839748e-02 -1.04488403e-01
  6.69058710e-02  1.57513656e-02 -1.65147968e-02  9.25444141e-02
 -6.31080419e-02  7.86836967e-02 -9.55545530e-03 -1.00801274e-01
 -4.83962940e-03 -4.36366983e-02 -1.15529355e-02  4.03961316e-02
 -6.47210032e-02 -3.15527478e-03 -1.39413560e-02  4.05142792e-02
  2.23933589e-02 -2.37962753e-02 -5.90969361e-02 -2.04548799e-02
 -5.88007271e-02 -8.74468312e-02  2.08554883e-02 -4.31684926e-02
 -3.78597341e-02 -2.79213991e-02  1.06712632e-01  1.16868530e-33
  5.85702360e-02 -6.81457575e-03  2.76037101e-02 -2.87422575e-02
 -2.85534989e-02 -7.61593282e-02 -4.69158217e-02  7.43465573e-02
 -7.57310390e-02  4.52779196e-02 -4.51334612e-03 -2.28294618e-02
 -2.48880349e-02 -3.31678838e-02 -1.28499782e-02 -2.10006461e-02
 -1.70947853e-02 -1.55745864e-01  3.28716189e-02  7.66849741e-02
  1.78338084e-02  9.47289914e-02 -3.08234543e-02  4.75989617e-02
  9.85592417e-03 -4.32545617e-02  5.46106286e-02  6.06655069e-02
  3.28691788e-02  4.08650227e-02  1.73908677e-02  1.56345367e-02
 -1.76050644e-02 -4.18065041e-02  3.35212164e-02 -7.69679472e-02
 -7.26436684e-03 -5.96933141e-02 -2.24557612e-02  7.45197907e-02
  2.60753855e-02  4.63630110e-02 -1.15952723e-01  2.61538234e-02
  3.20039317e-02  5.98502904e-02  1.03244989e-03 -1.07720671e-02
 -1.49831679e-02 -9.07199383e-02 -5.04519008e-02 -1.03130199e-01
 -3.89267900e-03  3.21900286e-02  1.12290205e-02  3.16749029e-02
 -5.69865070e-02 -2.92833727e-02  4.75213900e-02 -5.50097320e-03
 -3.59899998e-02  4.26725000e-02  8.21981281e-02 -4.26602773e-02
  4.93445471e-02 -5.99892177e-02 -3.46177891e-02 -2.50741653e-02
 -2.36800648e-02  3.31197642e-02  3.86219211e-02  3.72854108e-03
 -6.76673800e-02  4.54719886e-02  1.09570220e-01 -1.78525355e-02
 -3.09810787e-02  5.70263565e-02  2.11877003e-02 -1.57511309e-02
 -8.25061575e-02  4.67243278e-03  5.59579246e-02  1.69297218e-01
 -2.14993004e-02 -9.97812953e-03  5.23422770e-02  1.18468255e-01
 -1.36300586e-02  7.71414861e-02 -6.70036972e-02  5.62985875e-02
  8.64367560e-03  1.21156037e-01 -8.61199647e-02 -5.03572721e-08
 -1.41165793e-01 -3.20001505e-02 -2.17187591e-02  4.05604467e-02
  9.40081663e-03  6.73715845e-02 -7.62174278e-02 -8.96110088e-02
 -3.83633524e-02 -3.02703734e-02 -8.24924558e-02  5.97666465e-02
 -3.67896333e-02 -1.71024017e-02 -7.55671039e-02  1.85768828e-02
  1.71497501e-02  6.33596852e-02 -2.10459009e-02 -4.72104996e-02
  7.02411979e-02  3.14253606e-02  4.58960235e-02  6.57637939e-02
  6.39050156e-02 -2.55539212e-02  3.09775886e-03  3.24863084e-02
  6.27307221e-02 -1.33091016e-02  6.28260225e-02 -1.49928005e-02
  2.12201476e-02  6.30693361e-02 -6.32551461e-02  4.09515165e-02
 -2.12679449e-02 -1.10843068e-03  1.70897897e-02 -1.70815140e-02
 -1.28288940e-02  3.69762778e-02 -5.10222837e-02 -1.45344492e-02
 -2.81053851e-03  2.62928400e-02 -1.07745737e-01 -1.22045554e-01
  2.16753129e-02  1.93089992e-03 -3.51034440e-02  1.05766645e-02
 -6.21893741e-02  5.45886680e-02 -8.67045671e-02  2.97462828e-02
  5.27605303e-02 -3.00160167e-03  5.21204732e-02 -5.07591218e-02
 -5.96951880e-03 -5.55345090e-03 -2.05680542e-02  1.61109641e-02]"
76,../models/Simple Tests/TradeStudyTest.sysml,"package TradeStudyTest {
	private import ScalarValues::Real;
	private import TradeStudies::*;
	
	part def Engine;
	part engine1: Engine;
	part engine2: Engine;
	
	analysis engineTradeStudy : TradeStudy {
		subject : Engine[1..*] = (engine1, engine2);
		objective : MaximizeObjective;

		calc :>> evaluationFunction {
			in part : Engine;
			return : Real;
		}
		
		return part : Engine;
	}
	
}","I want to create a SysML v2 model that represents a trade study for comparing two engines. The model will be encapsulated in a package called `TradeStudyTest`. It includes two engine parts (engine1 and engine2) and defines a trade study analysis named `engineTradeStudy`. 

The trade study focuses on maximizing an objective related to the engines, with an evaluation function that takes an engine as input and returns a real number representing the evaluation result. The structure should clearly indicate that the trade study evaluates one or more engines as its subject and returns an engine based on the evaluation result.","[-1.18569965e-02 -1.36239342e-02 -6.29144907e-02  4.97848401e-03
 -5.14551997e-02  3.80555764e-02 -2.91544888e-02  4.66604270e-02
 -5.91492392e-02 -2.63713370e-03 -1.30775040e-02 -5.00125773e-02
  3.25456597e-02  1.09601669e-01 -1.32685965e-02  2.10683513e-03
  2.62530334e-02  2.63151359e-02 -1.66612044e-02 -4.46076132e-02
  9.44184661e-02  1.39368894e-02  1.42190401e-02 -9.95366089e-03
 -5.64513840e-02 -5.25267906e-02 -5.66323325e-02  9.54441428e-02
  3.06535717e-02 -7.62415752e-02  2.90973280e-02  6.01420775e-02
 -1.03545701e-02  5.99826910e-02  3.14307250e-02  7.41269859e-03
 -1.47448601e-02 -5.61732128e-02 -4.36360482e-03 -8.68804604e-02
 -9.55170207e-03 -3.86511534e-02 -5.02448231e-02 -3.41258198e-02
  9.56725050e-03 -4.53103781e-02  2.60071401e-02  5.49054239e-03
  2.65203379e-02  1.46836657e-02 -1.31222427e-01 -7.87340832e-05
  1.74198020e-03 -7.61096478e-02 -4.50608134e-02  6.85741752e-02
  1.64129976e-02 -8.60948563e-02 -1.31658942e-01 -3.19624133e-02
 -3.63740437e-02 -2.42776554e-02 -7.63124228e-02 -3.53016593e-02
 -1.03071518e-02  1.59680028e-03 -8.83232728e-02  3.27913873e-02
 -7.21901730e-02  7.09254071e-02 -1.53345559e-02 -6.27018064e-02
 -5.32685779e-02  2.14282535e-02  9.18883737e-03  1.93607826e-02
  2.85335816e-02 -2.01631710e-02  5.80208711e-02 -9.50411707e-02
 -3.01326942e-02 -3.44236754e-02 -7.66606852e-02  7.22395664e-04
  3.95813100e-02 -2.64612902e-02  5.99048063e-02 -3.72278057e-02
  1.06660061e-01  4.01808731e-02  1.94652821e-03 -1.05083678e-02
  6.53542206e-02  2.09476128e-02  1.13701835e-01  6.20823428e-02
  3.76038365e-02  3.58725935e-02  7.26603046e-02  4.55405861e-02
 -4.33747135e-02  6.46227896e-02 -2.37195995e-02 -9.63612348e-02
 -3.31541002e-02  2.59655174e-02 -3.39431167e-02 -5.33962920e-02
 -7.48083834e-03 -9.71435532e-02 -3.53240903e-04  1.04982473e-01
 -2.21469942e-02  2.87138317e-02  1.37730734e-02  3.32835540e-02
  2.91937776e-02  1.50641408e-02  4.26897258e-02 -2.29144637e-02
  3.79352085e-03 -4.87709120e-02  5.51916249e-02  2.57354509e-02
  4.76064198e-02 -2.62240265e-02 -8.45730007e-02  1.67379724e-33
 -1.11253284e-01 -5.16902804e-02 -1.93263695e-03  1.10901125e-01
  4.22210898e-03  9.74995270e-02  6.88365428e-03  3.01312022e-02
 -5.58844134e-02  7.29165301e-02 -1.67646065e-01  8.12488571e-02
 -8.91204923e-03  1.60417464e-02  1.87062938e-02  8.76891240e-03
 -6.73357099e-02  6.96767047e-02  2.62633860e-02 -1.26922103e-02
  4.91830185e-02 -3.10944039e-02 -5.73582537e-02 -1.55807529e-02
  1.20141180e-02  1.80714875e-02  5.14930598e-02 -2.38089096e-02
 -2.92980671e-02  2.60290764e-02  7.76366293e-02  1.69553719e-02
  6.43535610e-03  4.60205972e-02 -1.82199124e-02  5.44780232e-02
  3.71810491e-03  1.57836210e-02  8.38703066e-02  2.21459009e-02
  1.73238069e-02  6.78499881e-03 -3.88313867e-02 -2.59686424e-03
 -8.65930244e-02  2.07160544e-02 -7.80006796e-02  4.50705402e-02
  5.67804985e-02 -6.12918613e-03  2.62252484e-02 -2.17070915e-02
  6.88504577e-02 -1.75317880e-02 -4.60614935e-02  8.89272895e-03
  1.77191198e-02  3.56293693e-02 -2.95671672e-02  6.37658760e-02
 -3.63874137e-02  5.52954711e-02  4.44852971e-02 -1.29801035e-02
  3.82464454e-02  5.75129949e-02 -6.87774345e-02 -1.18545778e-01
  2.36371290e-02  1.74455773e-02 -3.33300419e-02  6.04153574e-02
  3.25468159e-03  3.26756835e-02  5.91254570e-02 -8.94275606e-02
  1.11531494e-02  5.67658059e-02 -9.95001756e-03 -2.65134498e-02
 -7.15949833e-02  8.45626444e-02 -1.41716078e-02 -1.46713248e-02
  3.08125541e-02 -4.21299636e-02 -9.66962948e-02 -7.89595097e-02
 -2.74548568e-02 -4.44318280e-02 -5.93448989e-02 -4.94421870e-02
 -6.07285015e-02  2.72160377e-02  8.70739445e-02 -3.46729214e-33
 -1.38368541e-02  4.83465604e-02  4.79292981e-02  3.27064171e-02
 -1.94523465e-02 -6.84556812e-02  4.85509522e-02 -3.32771689e-02
 -1.08931186e-02  1.10266231e-01  8.01739022e-02 -3.10398415e-02
  1.46647710e-02  2.43154895e-02  2.60977000e-02 -1.35863312e-02
  2.18760502e-02 -1.82688326e-01  7.03337369e-03  3.51395607e-02
  5.46644162e-03  1.20699681e-01 -3.07474472e-02  1.83328986e-02
 -4.74976050e-03  1.98411234e-02 -5.74082788e-03  6.86942320e-03
  6.11372739e-02 -5.72665082e-03  4.09988165e-02 -1.54616348e-02
  4.29809205e-02 -2.69284863e-02 -3.40326503e-02 -3.87790240e-02
  3.07482984e-02 -1.27879769e-01  1.61998663e-02  8.18424895e-02
 -7.45770754e-03  2.90875118e-02 -5.54193668e-02  2.48745959e-02
  5.53367808e-02  4.94417874e-03 -9.25081491e-04 -6.47590235e-02
  3.24938893e-02 -7.11831376e-02  5.01470566e-02  6.66859075e-02
 -9.62154660e-03 -1.93844754e-02 -4.00273241e-02  1.33082261e-02
  1.94896257e-03 -8.38814005e-02  3.76347150e-03  5.03485575e-02
  8.76208842e-02  1.43019892e-02  1.04143303e-02  3.92924510e-02
 -4.35806885e-02 -2.51783039e-02  3.42763262e-03 -3.64714302e-02
  3.40398476e-02  7.64458254e-03 -2.65125697e-03  3.40153165e-02
  1.31748598e-02  4.14153337e-02  4.12698016e-02  4.46013687e-03
 -7.60405436e-02  6.19593002e-02  1.02302775e-01  2.18625329e-02
 -9.98706967e-02  1.17345238e-02  8.93810391e-02  3.55652273e-02
 -1.39031783e-02 -3.70904393e-02 -1.09745990e-02  1.02880709e-01
 -9.29868873e-03 -1.19269732e-02 -6.38240129e-02 -3.87775600e-02
  1.10392589e-02  4.74466011e-02 -1.78282093e-02 -5.06789384e-08
 -2.68072281e-02 -6.78655431e-02  7.44510889e-02  7.70121589e-02
 -9.02059451e-02  4.31022048e-02 -1.11473098e-01 -2.66022235e-02
 -5.22802472e-02  3.00801564e-02 -1.11619815e-01  6.43154457e-02
 -7.97620341e-02  4.25453782e-02 -6.38176575e-02  5.67085706e-02
  4.93115969e-02  4.57748882e-02 -2.70825885e-02 -4.78296317e-02
  1.03399262e-01  7.93941766e-02  1.04439482e-02  4.46514338e-02
  4.36001159e-02 -3.93996835e-02 -3.33418585e-02 -4.53593256e-03
  4.40522581e-02 -2.81646531e-02  3.85070182e-02  4.52669188e-02
  2.94572543e-02 -2.94577243e-04  7.85418786e-03 -6.30193716e-03
 -4.78753261e-02  5.81541024e-02  3.60212848e-02 -3.95618496e-04
 -5.69116846e-02  1.92415547e-02 -3.76396142e-02  2.79516391e-02
  4.56755534e-02  3.12392842e-02 -9.86810699e-02 -1.10243224e-01
  2.09301561e-02 -5.80997113e-03  1.09559111e-02  7.44544156e-03
 -3.36358696e-02  3.09614185e-02 -7.24917427e-02  1.13551831e-02
 -4.24125232e-02 -4.15499918e-02 -4.21007983e-02 -5.28523177e-02
 -1.90749858e-02 -5.44439023e-03 -1.56517457e-02  8.53834860e-03]"
77,../models/Simple Tests/UseCaseTest.sysml,"package UseCaseTest {

	part def System;	
	part def User;
	
	use case def UseSystem {
		subject system : System;
		actor user : User;
		
		objective  { 
			/* Goal */
		}
		
		include use case uc1 : UC1;	
		include use case uc2 {
			subject = system;
			actor user = UseSystem::user;
		}
	}
	
	use case def UC1;
	
	part user : User;
	
	use case uc2 {
		actor :>> user;
	}
	
	use case u : UseSystem;
	
	part system : System {
		include uc2;
		perform u;
	}
	
}","Here’s a concise description of the SysML v2 model:

The model is organized within a package named `UseCaseTest`. It defines two main parts: `System` and `User`. The primary use case `UseSystem` establishes the interactions between the system and the user, outlining a central goal.

Within `UseSystem`, two other use cases are included: `UC1`, which is a standalone use case, and `uc2`, which directly links the user actor from `UseSystem` to ensure consistent usage across the model.

A separate instance of use case `uc2` is defined, reiterating the role of the user actor. Additionally, there is another representation of the main use case `UseSystem` instantiated as `u`, where it specifies the system part and includes `uc2`, ultimately performing the use case `u` to illustrate the system's functionalities within the user context. 

This structure leverages SysML's capabilities to model system behaviors and interactions effectively.","[-7.23653287e-03 -3.44771482e-02 -3.21327746e-02 -2.40380317e-02
 -6.17883680e-03 -5.04087396e-02  3.44521329e-02  4.49415483e-02
  5.52084995e-03  4.51852344e-02  4.41673622e-02  1.52551860e-03
  6.07874766e-02  4.31654528e-02  7.56008327e-02 -3.77774276e-02
  7.90320262e-02 -7.16917887e-02 -5.03337048e-02  3.45658585e-02
  4.68435585e-02 -6.47289529e-02 -7.94069842e-02  6.26320252e-03
 -1.26787499e-01 -1.43358437e-02 -3.51927616e-03 -2.81150099e-02
  4.51759696e-02 -4.06917036e-02  3.08550298e-02  5.64314201e-02
 -2.90793413e-03 -1.02749607e-02 -2.67983135e-02  2.63799299e-02
  6.43946007e-02 -7.41210654e-02 -1.00170530e-01 -4.97824736e-02
 -2.52503678e-02 -2.02120095e-02 -5.68828173e-03  6.46256208e-02
 -5.87342959e-03 -3.30481008e-02  2.13269908e-02 -4.19600569e-02
 -7.12582096e-03  5.69908768e-02 -5.51517084e-02  2.75750682e-02
  1.13495387e-01 -8.10422096e-03  5.23290858e-02  1.48683498e-02
  1.33189872e-01  3.58355641e-02 -9.88957882e-02 -7.47939572e-02
 -7.47229233e-02  2.74355449e-02 -8.57132301e-02 -9.45539400e-03
  3.80704440e-02  1.02885133e-02 -8.56224671e-02 -6.19151853e-02
  2.72482540e-02  8.59612226e-03 -1.03430793e-01 -5.49073182e-02
  1.32029373e-02 -5.54358028e-03 -1.76643173e-03 -7.10309893e-02
  1.67801064e-02 -1.51713495e-03  7.02276006e-02 -8.42783451e-02
  6.99821264e-02  2.60345768e-02 -8.92938226e-02 -2.35304628e-02
 -2.98922695e-02  9.97829735e-02  4.49643135e-02 -8.52138698e-02
  9.72543582e-02 -3.77821433e-03  9.09981951e-02 -2.29229615e-03
  8.43548551e-02 -1.75519548e-02  8.34200755e-02 -2.73310021e-02
  2.38207150e-02  5.58504723e-02 -8.95864889e-03  5.28086275e-02
 -5.99286612e-03  3.41110080e-02  4.99042645e-02 -1.76839288e-02
 -6.09669462e-03  1.95745230e-02 -5.65292463e-02 -1.53870089e-02
 -2.17171293e-02 -2.91719716e-02 -1.39730815e-02  2.70671342e-02
 -2.56053056e-04 -1.59577690e-02  5.13966493e-02 -2.32077111e-02
  5.00335805e-02 -3.66828358e-03  1.76194869e-02 -6.20296865e-04
  7.95133039e-03 -1.28829468e-03  2.82727797e-02  4.05040719e-02
 -2.10054666e-02 -1.56889074e-02 -1.18037634e-01  3.08271924e-34
 -2.51876991e-02 -8.07548240e-02 -1.54025005e-02  1.46871820e-01
 -2.16689650e-02  9.41545295e-04 -9.89387929e-03  2.99438077e-04
 -1.88221205e-02 -3.88483964e-02  6.52316120e-03  5.65190725e-02
  9.59479995e-03  7.46389851e-02  7.82002360e-02  9.93057620e-03
  9.54708364e-03 -1.46288583e-02  1.23967808e-02  4.51194532e-02
  4.38116714e-02  7.49652311e-02 -2.10910458e-02 -4.24441509e-03
  7.37957731e-02  3.15387696e-02  3.79115753e-02  1.98996067e-02
  5.41737191e-02  3.19554955e-02  2.72621382e-02  3.71896364e-02
 -8.25725943e-02  8.67761075e-02  3.91548574e-02  6.20978847e-02
  3.87000106e-02  2.06166971e-02  4.00015153e-02 -6.26261383e-02
  1.01647498e-02  2.67548747e-02  3.89284454e-02  2.13684142e-02
 -6.72378242e-02 -1.26577944e-01 -6.16556518e-02  2.66432744e-02
  1.06213265e-03 -3.32756378e-02  5.05655743e-02  5.67452572e-02
  5.63392341e-02  1.73973218e-02 -1.61568299e-02 -5.20927981e-02
  2.10400950e-02 -6.32359460e-02 -1.11714127e-02  8.08824077e-02
  1.47286607e-02  2.02665571e-02  8.31266807e-04  1.06663741e-01
 -4.01679240e-02 -2.31909808e-02 -6.31571040e-02 -2.88609713e-02
  5.64353205e-02  7.22984970e-02 -6.71624765e-02  5.04415892e-02
 -2.01683175e-02  1.06690399e-01 -2.47049555e-02 -8.10344219e-02
  1.80303939e-02 -1.12236533e-02 -5.71650639e-02  4.37623709e-02
 -6.57097921e-02 -9.65695921e-03 -3.99734341e-02  1.29806660e-02
 -6.02627620e-02 -5.88209033e-02 -6.09959401e-02 -1.04715921e-01
 -3.74624431e-02 -9.09589678e-02  8.88973475e-03 -2.64936443e-02
 -3.49686891e-02  1.09854549e-01  2.11363006e-02 -3.05714104e-33
  1.89013202e-02 -2.36713011e-02 -1.95397753e-02 -3.35083809e-03
 -2.71821432e-02 -8.40000361e-02 -3.18602286e-03 -5.22957221e-02
 -9.81833562e-02 -3.67767401e-02 -4.70058545e-02  2.17598043e-02
  3.10084410e-02  3.41536105e-02  6.77899569e-02 -2.07804739e-02
 -5.31376200e-03 -1.52208298e-01 -3.55795510e-02 -3.65786511e-03
  3.64882275e-02  5.55649735e-02 -2.79612970e-02 -4.95533310e-02
 -1.75858550e-02 -4.84838560e-02 -5.06318547e-02 -3.33434157e-03
  5.69789596e-02 -2.13192273e-02  3.15690711e-02 -3.41394320e-02
 -6.40264014e-03 -5.92900859e-03 -3.25229354e-02  1.29421754e-03
 -3.38755921e-02 -2.42747590e-02 -1.66595299e-02  3.11980443e-03
 -4.81762271e-03  2.49490850e-02 -2.33384967e-02  5.20243831e-02
 -9.86654870e-03  8.89790654e-02 -3.89944017e-02 -4.46682982e-02
 -7.00389501e-03 -9.44528654e-02  4.44832779e-02 -7.13902265e-02
  2.02009343e-02 -7.28584651e-04 -4.94645052e-02 -5.67568932e-03
  6.12820918e-03 -3.36804762e-02 -7.80009152e-03  1.46489562e-02
  7.45284706e-02  2.34557651e-02 -3.21699269e-02  3.69465426e-02
 -6.20755330e-02 -3.27399820e-02 -2.24122610e-02 -3.21661122e-02
 -2.07222700e-02  4.91191410e-02 -4.40821014e-02 -1.23090614e-02
 -4.21696827e-02  1.87974237e-02  6.13568649e-02  3.42708081e-02
 -1.21692859e-01 -2.53973398e-02  1.23152537e-02  4.16532205e-03
 -1.04510777e-01 -3.42261232e-02  1.68792214e-02  4.91315760e-02
 -6.05842583e-02  2.70546600e-02  4.31727171e-02  9.21448395e-02
 -5.30867912e-02 -3.09898797e-03 -4.40367013e-02  1.35236457e-02
 -5.30582294e-02  1.63076043e-01 -5.75247407e-02 -5.75749013e-08
 -7.59127215e-02 -1.54105294e-03  8.05266574e-02  2.72007915e-03
 -5.34613691e-02  6.16569333e-02 -3.50416675e-02  1.42364139e-02
  1.20401541e-02  8.64388049e-02 -1.19244181e-01  5.59473224e-02
 -4.18089032e-02 -7.23799393e-02  2.65858117e-02  1.45179257e-01
  2.93193907e-02  1.05144903e-02 -2.90925410e-02 -1.51610980e-02
  2.75129527e-02  1.88658629e-02 -5.98253421e-02  4.09376584e-02
 -6.67722151e-02  5.31684943e-02  1.60790421e-02  9.68835950e-02
 -5.79441525e-02  8.74036364e-03  5.59352785e-02  3.09878346e-02
 -1.81835219e-02 -1.54872695e-02 -7.09852651e-02  3.76483165e-02
 -5.27169891e-02 -2.76768953e-02  8.83313194e-02 -4.30046534e-03
  2.72696130e-02  1.48436595e-02  1.57020297e-02  9.44806486e-02
  2.79884245e-02  2.49363929e-02 -5.11948988e-02 -2.19155028e-02
 -1.46313673e-02 -2.48447806e-03 -4.37424332e-02 -1.11031523e-02
 -1.05064332e-01  1.08332202e-01 -1.34953773e-02  1.07311551e-02
  6.06077053e-02  5.15074376e-03  4.84806895e-02 -5.07650804e-03
  4.99807633e-02  5.15986606e-02  3.67066078e-02  4.24339324e-02]"
78,../models/Simple Tests/VariabilityTest.sysml,"package VariabilityTest {
	part def P {
		attribute a;
	}
	
	part def Q :> P;
	attribute def B;
	variation part def V :> P {
		variant part x : Q {
			attribute b : B :>> a;
		}
	}
	
	part q : Q;
	variation part v : P {
		variant q {
			attribute b : B :>> a;
		}
	}
	
	part y : P = v::q;
	
	variation action def A {
		variant action a1;
		variant action a2;
	}
	
	variation use case uc1 {
    	variant use case uc11;
    	variant use case uc12;
    }

    variation analysis a1;
    
    variation verification v1;
    
    variation requirement r {
    	variant requirement r1;
    }
	
}","I want to create a SysML v2 model encapsulated within a package called `VariabilityTest`. This model should include:

1. A part definition `P` that has an attribute `a`.
2. A part definition `Q` that is a specialization of `P`.
3. An attribute definition `B`.
4. A variation part definition `V` which specializes `P`, containing:
   - A variant part `x` which is of type `Q` and has an attribute `b` that references the attribute `a` from `B`.
5. An instance of part `q` of type `Q`.
6. A variation part `v` of type `P` which includes:
   - A variant `q` with an attribute `b` referencing the attribute `a` from `B`.
7. An instance of part `y` initialized to `v::q`.
8. A variation action definition `A` including two variants: `a1` and `a2`.
9. A variation use case `uc1` with two variants: `uc11` and `uc12`.
10. A variation analysis `a1`.
11. A variation verification `v1`.
12. A variation requirement `r` including a variant `r1`.

I need this model to capture various aspects of variability and their relationships clearly.","[ 3.04202996e-02 -2.49978509e-02  9.86371189e-02  5.96832763e-03
 -2.16014646e-02  4.03601862e-03  5.98418787e-02  4.85170111e-02
 -4.11808006e-02 -6.99767796e-03  2.83951964e-02 -5.59863262e-02
  4.69255671e-02  7.43170232e-02  4.84848805e-02  2.39071436e-03
  5.54100089e-02  1.39678018e-02 -1.79544818e-02  4.03364338e-02
  3.15230526e-02  1.73744969e-02  1.30206253e-02  6.88446388e-02
 -5.17767258e-02 -7.71979988e-02 -1.70865189e-02  1.37106881e-01
  9.16394442e-02 -5.91198169e-02  3.43383476e-02  1.25085518e-01
 -1.00766033e-01  7.98531249e-03  9.55108777e-02  1.14271112e-01
 -2.13437416e-02 -1.32265892e-02  1.34753752e-02 -4.78703901e-02
  3.55028175e-02  3.30860801e-02 -1.56218512e-02  5.22658415e-03
  8.28840118e-03 -4.44550142e-02  7.34486291e-03 -1.34966867e-02
 -7.97358304e-02 -8.64104647e-03 -3.35538909e-02 -2.97042169e-02
 -3.27741988e-02 -8.42567533e-02 -2.21799384e-03  1.37636531e-02
  1.75440125e-02 -3.70523110e-02 -1.13298990e-01 -3.25202346e-02
 -5.16013652e-02 -3.35140042e-02 -4.19868380e-02 -9.35546607e-02
 -6.87993765e-02  6.58554165e-03  1.61097646e-02  4.49767523e-03
  5.39402775e-02  7.46240690e-02 -8.41362476e-02  4.74072620e-03
  3.16290418e-04  2.17302907e-02 -1.55749582e-02  4.60394956e-02
  9.42476317e-02  8.55115335e-03 -1.36629278e-02 -1.09228313e-01
 -6.83578551e-02 -2.95872316e-02 -4.01996784e-02 -3.97496903e-03
  3.68190818e-02 -1.69602912e-02  6.49001896e-02 -6.54835254e-02
  5.05528748e-02  3.83820832e-02 -1.36891548e-02 -4.22065333e-02
  7.70297348e-02  1.12062991e-02  1.13731898e-01  2.23587509e-02
  2.24965662e-02  4.34826724e-02  9.86722559e-02  4.16728444e-02
 -4.35974859e-02  4.48233746e-02  7.34872371e-02 -5.12194820e-03
  1.36144990e-02  7.50751095e-03 -5.66999093e-02 -1.01371400e-01
 -6.21339753e-02 -1.06122859e-01 -2.75323503e-02  3.30891013e-02
 -9.55181941e-03 -4.23884802e-02  1.44443382e-02  2.48103868e-02
  6.26944602e-02 -1.44215291e-02  3.64724919e-03 -7.22728064e-03
  1.83028579e-02 -3.27408649e-02  7.92011842e-02  2.77302992e-02
 -7.27610942e-03 -1.93931919e-04 -4.91724648e-02 -1.74060848e-33
  8.26869067e-03 -6.63061589e-02  7.98745174e-03  1.39127523e-01
  8.45588744e-03  8.28027204e-02  3.56197916e-02 -2.78469664e-03
 -1.08907878e-01  3.24128605e-02 -5.23717813e-02 -4.56151143e-02
 -7.29206130e-02 -1.85227545e-03  7.06752315e-02  1.85776018e-02
 -7.32533112e-02  3.43517363e-02 -4.93333042e-02 -2.33129915e-02
  4.76980135e-02  1.80245060e-02 -9.16089788e-02  2.31984016e-02
 -1.55901408e-03 -1.51173240e-02  7.54253939e-02 -2.25171093e-02
 -2.61096992e-02 -3.98258539e-03  1.57612544e-02 -4.65193251e-03
  1.33038023e-02  4.99475114e-02 -9.69136599e-03  8.92835844e-04
  3.69111858e-02  2.43424512e-02  5.27549349e-02 -5.88946380e-02
  9.87065062e-02  7.28066191e-02  4.39209789e-02 -6.65468769e-03
 -1.85454153e-02 -5.88668846e-02 -3.70696560e-02  9.10172760e-02
  2.86039934e-02 -8.38502496e-02  6.00621551e-02  3.34122404e-02
  7.45768324e-02 -2.89744679e-02 -3.05480231e-02 -2.64845863e-02
  5.82347950e-03  6.45796731e-02  1.05129341e-02  4.26812023e-02
  5.97166037e-03  2.79363804e-02 -2.15680618e-02  3.84099525e-03
  2.66877692e-02  4.84161228e-02 -2.61726826e-02 -7.82493055e-02
  2.77452804e-02  2.32285224e-02 -5.08782566e-02  2.24083439e-02
 -8.10422674e-02  7.32941851e-02  3.06184478e-02 -8.88501406e-02
 -1.93862536e-03  9.06868558e-03 -9.76229366e-03 -2.34592352e-02
 -9.82774273e-02  8.63156393e-02 -5.82019798e-02  7.43804201e-02
 -6.25294819e-02 -1.08746648e-01 -1.62786320e-02 -5.49451225e-02
 -3.20778675e-02 -1.23660766e-01  4.00620215e-02 -6.33458644e-02
 -8.71823356e-03 -1.48923807e-02  2.77041458e-02 -1.24446915e-33
 -1.37574207e-02  2.61402242e-02  3.77459563e-02  1.01428702e-02
 -1.76461954e-02 -8.81908461e-02  3.29315513e-02  6.76864618e-03
 -3.66373472e-02  2.67426576e-02 -2.93390919e-02 -8.95080063e-03
  1.55260973e-02 -5.04750237e-02 -5.36059327e-02  3.61663848e-02
 -6.88443705e-02 -8.61939788e-02  3.74069735e-02  7.99221545e-02
 -1.64489355e-02  4.66945581e-02  5.88224083e-02  1.04863439e-02
  6.19337186e-02  3.41577046e-02  4.80353506e-03  6.33781105e-02
  2.08569542e-02 -1.62519831e-02 -3.02053448e-02 -1.63866263e-02
 -4.33440208e-02 -6.73311576e-02 -6.41946420e-02 -9.86751840e-02
 -6.43591583e-02 -6.14650473e-02  2.84766294e-02  3.37749869e-02
 -4.16817553e-02  5.01485541e-02 -3.03170998e-02  3.99011746e-02
  4.48786989e-02 -4.29817894e-03  5.65547384e-02 -6.97724745e-02
  2.97680609e-02 -1.03119336e-01 -9.11238045e-03 -2.73466320e-03
  9.80219897e-03  4.79501225e-02 -4.79839034e-02 -2.78066602e-02
 -7.41324155e-03 -1.35941757e-02 -3.83656397e-02 -3.45874066e-03
  6.50166646e-02  5.47064794e-03  2.40460578e-02 -3.72558273e-02
  4.63100011e-03 -4.49058674e-02 -6.90975934e-02 -9.13882777e-02
  2.54324302e-02 -5.56000769e-02 -6.54391898e-03 -8.47991370e-03
 -9.19882674e-03 -1.07958568e-02  1.01432264e-01 -3.67954858e-02
 -4.36110683e-02  8.10350031e-02  7.28044733e-02 -2.52275523e-02
 -1.49797469e-01 -1.64854024e-02  2.54242271e-02  6.15782551e-02
 -1.75438877e-02 -3.72803677e-03 -6.24900358e-03  1.01538524e-01
  1.22284722e-02  1.18324067e-02 -7.69789796e-03 -5.33232186e-03
 -1.08360527e-02  1.35188550e-01 -1.85168367e-02 -6.37188151e-08
 -6.61562942e-03  1.70891266e-02 -1.77733954e-02  2.99795661e-02
 -2.44690552e-02  4.13864702e-02 -1.23029105e-01 -2.79815239e-03
  1.35611668e-02  4.99880984e-02 -5.18764630e-02  6.46524876e-02
 -5.96885495e-02 -8.95161182e-04 -8.59197006e-02  5.80238476e-02
 -2.68474165e-02  6.78547025e-02 -6.14231750e-02 -7.70379649e-03
 -1.19253593e-02  2.17066836e-02 -1.06263272e-02  3.45250852e-02
  2.71118432e-02  1.75434968e-03 -5.70512787e-02 -1.86890792e-02
  1.08425066e-01 -1.28866490e-02  7.91285187e-02 -2.95587257e-02
  3.24258171e-02 -1.46726100e-02 -7.10035115e-02  9.07312334e-02
 -1.66803822e-02  4.23876150e-03  4.34250645e-02  2.41654981e-02
  1.13667939e-02 -7.04947859e-02 -1.75320618e-02  5.84365651e-02
  1.17633333e-02 -4.21917737e-02 -5.69566488e-02 -7.39617869e-02
  2.05828832e-03  6.25338703e-02 -1.18888938e-03 -2.43466254e-02
 -8.21973011e-02  3.95860709e-02 -8.53275359e-02  3.12864147e-02
  2.24345233e-02 -1.22577706e-02  4.66117077e-02 -1.22097999e-01
  2.48617958e-02 -8.75965052e-04 -4.03109305e-02  4.77271564e-02]"
79,../models/Simple Tests/VerificationTest.sysml,"package VerificationTest {

	part def V {
		m : ScalarValues::Integer;
	}
	
	part vv : V;
	
	requirement def R {
		doc /* ... */
	}
	
	requirement r : R;

	verification def VerificationCase {		
		subject v : V;	
		objective {
			verify requirement : R;
		}
		
		VerificationCases::PassIf(v.m == 0)
	}
	
	verification def VerificationPlan {
		subject v : V;
		
		objective {
			verify r;
		}
		
		verification verificationCase : VerificationCase;
	}
	
	part verificationContext {
		verification verificationPlan : VerificationPlan {
			subject v = vv;
		}
	}
}","To generate a SysML v2 model for a verification test package, I would specify the following structure:

**Package Name:** `VerificationTest`

1. **Part Definition:**
   - Define a part `V` with a member `m` of type `ScalarValues::Integer`.
   - Create a part instance `vv` of type `V`.

2. **Requirement Definition:**
   - Define a requirement `R` with associated documentation.

3. **Verification Case Definition:**
   - Define a verification case named `VerificationCase`.
     - The subject of this case is the part `v` of type `V`.
     - The objective is to verify requirement `R`.
     - Define the verification condition as: `VerificationCases::PassIf(v.m == 0)`.

4. **Verification Plan Definition:**
   - Define a verification plan named `VerificationPlan`.
     - The subject is again the part `v` of type `V`.
     - The objective is to verify requirement `r`.
     - Include the previously defined verification case `VerificationCase`.

5. **Verification Context:**
   - Create a verification context with a verification plan named `verificationPlan`.
     - Set the subject `v` to be equal to the part instance `vv`.

This concise description outlines the structure and components of the SysML v2 model to effectively encapsulate the verification testing process, focusing on modularity and clarity in requirements and verification.","[-1.22874333e-02  3.15404385e-02 -1.39836483e-02 -1.00734672e-02
  1.52826514e-02 -4.06117514e-02  2.75149588e-02  4.16488349e-02
 -1.04219489e-01  3.51713561e-02  4.11297418e-02 -1.11714572e-01
  5.89342564e-02  7.83664584e-02  6.68715090e-02 -1.52859949e-02
  1.92273594e-02 -1.92016009e-02 -1.84544977e-02  1.83660053e-02
  1.53886173e-02  2.31963657e-02  3.37499492e-02  4.68166778e-03
 -7.77629092e-02 -7.84179717e-02  3.74386050e-02  4.87453118e-02
  4.56601381e-02 -4.67398018e-02  1.00484028e-01  9.40835774e-02
 -3.14060622e-03  1.72871128e-02  1.18624128e-01  5.63252680e-02
  2.98968758e-02 -9.12242159e-02 -5.49873970e-02 -3.71403806e-02
 -8.95755365e-03 -3.42361145e-02 -4.26711850e-02 -3.06485929e-02
  1.46399438e-02 -1.03350738e-02  4.57189232e-02  4.31490093e-02
 -1.60693843e-02  3.09588737e-03 -1.14734434e-02  4.44571534e-03
  2.41663735e-02 -3.95884477e-02 -5.07485531e-02  2.99708862e-02
  8.19158554e-02 -3.73398028e-02 -8.84222239e-02 -4.07317281e-02
 -4.67645563e-02 -3.64337340e-02 -9.27385017e-02 -8.15703645e-02
 -6.93577901e-02  8.25972408e-02 -5.52834570e-02 -1.62661988e-02
  7.36725032e-02  9.07957330e-02 -7.96148553e-02 -3.02481353e-02
  7.66857807e-03  5.59591223e-03 -2.48768069e-02  1.23108709e-02
  8.73300508e-02  4.97857202e-03  3.35521996e-02 -9.39676911e-02
 -8.20461661e-02 -1.58996452e-02 -1.00333668e-01 -2.41653044e-02
 -6.25409046e-03 -9.38949455e-03  7.05467165e-02  4.19424428e-03
  5.56492619e-02  3.94511893e-02  7.76602179e-02 -9.24050156e-03
  3.88640794e-03 -1.88006554e-02  1.09549955e-01  6.23855041e-03
  1.21196425e-02  6.95665088e-03  6.09790161e-02  2.99383495e-02
 -7.03030974e-02 -2.34023146e-02  9.72392485e-02 -1.52935889e-02
 -3.35489772e-03  8.90624970e-02 -4.54439782e-02 -5.94493113e-02
 -4.95514870e-02 -8.20705816e-02 -4.22511861e-04  2.48513874e-02
  3.71768475e-02 -2.41096988e-02  9.48981568e-03  4.68079522e-02
  5.34231141e-02  4.90226895e-02 -1.09732263e-02 -4.07541655e-02
  1.35616977e-02  1.44199878e-02  5.35878502e-02 -9.17974114e-03
  1.27647268e-02 -5.83757423e-02 -4.71663848e-02 -1.57730348e-33
 -2.31036004e-02  1.30758919e-02 -2.76428424e-02  1.15124941e-01
  2.56771874e-03  6.93493560e-02  7.16817528e-02  2.78127231e-02
 -6.22861460e-02 -3.35278665e-03 -6.16272204e-02 -7.72601441e-02
 -3.94827127e-02  1.21683944e-02 -3.26268305e-03 -8.40084814e-03
  1.23692406e-02 -4.87615447e-03 -3.15237939e-02  4.73344028e-02
  8.99394751e-02 -3.57052162e-02 -5.01953810e-02 -1.27534224e-02
  1.59241464e-02  3.97466198e-02  1.01087824e-01 -1.35137746e-02
 -3.94106694e-02  5.51521487e-04  2.63781827e-02  9.91486106e-03
 -9.93424561e-04  7.01261163e-02  9.19660553e-03  4.55743186e-02
  4.21333127e-02  1.78568158e-02  2.33273697e-03 -5.26706725e-02
  5.52900210e-02  1.74156893e-02  3.37915011e-02  5.65280728e-02
 -2.58414913e-02 -5.97697757e-02 -3.45884599e-02  8.00904408e-02
  1.19538821e-01  1.88040715e-02  5.52527159e-02 -6.21215301e-03
  4.58925497e-03 -3.15008759e-02 -3.39142606e-02 -4.31118272e-02
 -1.85928289e-02  7.37256110e-02  3.18845138e-02  4.19486724e-02
 -3.09727266e-02  2.15271842e-02 -5.03205061e-02  2.95618102e-02
 -1.02817202e-02  5.04833758e-02 -9.89796966e-02 -9.47472081e-02
  9.22227949e-02  8.28015711e-03 -3.88012230e-02  1.00793345e-02
 -5.51176295e-02  8.70788544e-02  2.27947836e-03 -8.42834637e-02
  4.96138111e-02  1.94974877e-02 -5.38554266e-02  9.77646839e-03
 -8.16771910e-02  1.34664744e-01 -5.20815402e-02 -6.69409428e-03
  1.49044469e-02 -9.20357406e-02 -4.44491114e-03 -3.84774543e-02
 -4.64480631e-02 -1.54961035e-01 -3.31235910e-03 -4.53224294e-02
 -1.22560025e-03  2.72765607e-02  1.18238553e-02 -1.55519022e-35
  1.19039034e-02  1.40181109e-02  3.02595552e-02  6.73208460e-02
 -3.08474824e-02 -8.39586258e-02  5.92748672e-02 -2.64550671e-02
 -6.79414421e-02  2.85431612e-02 -4.01610620e-02 -7.76106343e-02
  2.16131490e-02 -4.27835854e-03 -5.83116570e-03 -1.23460602e-03
 -6.77029639e-02 -1.43679082e-01  1.93516575e-02  9.38332826e-02
 -1.41202072e-02  1.03916295e-01  1.22673018e-02  2.30262950e-02
  4.39522676e-02  1.30327269e-02  3.58903520e-02  9.61542595e-03
  5.09961806e-02  2.37201769e-02  4.64557186e-02  1.20017696e-02
 -7.12437034e-02 -4.66340221e-03  5.80966659e-03 -9.05679613e-02
  3.38443443e-02  8.69523268e-03 -1.14985189e-04  6.31159022e-02
  2.60990802e-02  1.66182145e-02 -5.22052459e-02  1.59840714e-02
 -3.51305902e-02  3.10455300e-02  9.74495932e-02 -5.26363123e-03
 -4.82970178e-02 -7.89573938e-02 -2.79419776e-02 -3.23413201e-02
  1.82718895e-02  5.29251620e-02  2.66895071e-02  1.44970855e-02
 -1.52053731e-03  3.46231041e-03  2.63533685e-02 -3.23804212e-04
  3.06073800e-02  2.47748848e-02  6.60321191e-02 -2.49491520e-02
  2.17643734e-02 -5.99299408e-02 -1.31680034e-02 -6.32020086e-02
  3.21923196e-02  1.15960697e-02 -3.96864377e-02 -4.56515001e-03
  9.99279437e-04  1.15722595e-02  9.58597437e-02 -5.72068430e-03
 -1.04009077e-01  6.13016151e-02  7.45064020e-02  1.73621830e-02
 -9.81586576e-02 -2.94150263e-02 -1.35809015e-02  1.31397083e-01
 -5.37136868e-02 -4.20687608e-02  4.49716486e-02  7.14325607e-02
 -2.41177231e-02  3.25006954e-02 -2.01720055e-02 -8.93540401e-03
  1.84390391e-03  1.15450613e-01 -1.39454426e-02 -4.87133427e-08
 -1.69278635e-03 -3.43982838e-02 -6.82778507e-02 -1.19654555e-02
  1.71392877e-02  3.66030000e-02 -9.96786207e-02 -1.00621343e-01
  2.32676025e-02  1.37528742e-03 -7.46110678e-02  2.37261914e-02
 -9.50317010e-02 -2.26492248e-02 -1.03293531e-01  1.42851379e-02
 -3.49073834e-03  5.66586889e-02 -4.03766409e-02 -2.00179610e-02
  2.48205829e-02  1.14104450e-02 -5.14111146e-02  5.29902801e-02
  1.75964199e-02  3.30586284e-02  6.59590261e-03  3.13549787e-02
  4.00067866e-02 -3.19700055e-02  4.71255183e-02 -6.24708086e-03
  2.35755220e-02 -8.59058648e-03 -2.90694777e-02  4.01520170e-02
  1.07037239e-02  5.25884852e-02  1.22454561e-01  1.62814893e-02
 -3.36850397e-02  5.27763329e-02 -3.23242359e-02 -1.28779672e-02
 -2.88339611e-02 -3.69564220e-02 -1.06827497e-01 -7.99212530e-02
 -6.58875331e-02  2.41159135e-03 -3.37464437e-02 -4.48510284e-03
 -7.00135753e-02  9.22568366e-02 -1.25453234e-01  3.76848094e-02
 -1.51593685e-02 -3.23298462e-02  2.90037505e-02 -5.07132411e-02
  2.98963953e-02  4.64606397e-02 -2.27704123e-02 -5.10237552e-02]"
80,../models/Simple Tests/ViewTest.sysml,"package ViewTest {
	package P {
		public part p1;
		private part p2;
	}
	
	part def S;
	
	concern def C {
		stakeholder s : S;
	}
	
	concern c : C {
		stakeholder s1;
	}
	
	viewpoint def VP {
		frame c;
	}
	
	rendering def R;
	
	rendering r : R;
	
	view def V {
		viewpoint vp: VP {
			frame concern c1;
			concern c2;
		}
		render rendering r1: R[0..1]; 
		
		view v: V[0..*] {
			expose P::*;
			render r;
			
			rendering r2;
			
			alias vp1 for p1;
			// Note: ""expose"" imports all.
			alias vp2 for p2;
		}
	}

}","I want to create a SysML v2 model encapsulated in a package named ""ViewTest"". Within this package, I have a sub-package ""P"" that defines two parts: ""p1"" (public) and ""p2"" (private). There is a part definition for ""S"" and two concerns defined—one is a generic concern ""C"" which includes a stakeholder ""s"" of type ""S"", and the other concern ""c"" that references ""C"" and introduces its own stakeholder ""s1"".

Next, I define a viewpoint ""VP"" that frames the concern ""c"". I also create a rendering ""R"" and reference it in a rendering instance ""r"". 

The main view ""V"" has a viewpoint ""VP"" with two concerns ""c1"" and ""c2"". It includes a rendering instance ""r1"" tied to rendering ""R"", and within the nested view ""v"", it exposes all parts from package ""P"", renders an instance ""r"", includes another rendering ""r2"", and establishes aliases ""vp1"" and ""vp2"" for ""p1"" and ""p2"" respectively. 

This concise structure allows for systematic representation of stakeholders, concerns, renderings, and views within the model.","[-7.87727349e-03 -6.40103221e-02  2.37218346e-02 -2.89481543e-02
  3.90760377e-02 -6.32663898e-04  8.07225779e-02  2.02167872e-02
  2.22015698e-02 -6.06237724e-03 -8.21393798e-04 -8.96933973e-02
  3.03050447e-02  6.02163300e-02  2.13131402e-02  4.24545445e-02
  6.12001829e-02 -3.76530215e-02 -1.52580552e-02  9.95711461e-02
  6.44658282e-02 -6.29787752e-03 -1.85788721e-02  6.06545061e-02
 -4.68856953e-02  2.96428520e-02  3.73381446e-03  5.06672524e-02
  8.21618959e-02 -4.96746190e-02  7.39985481e-02  1.20010152e-01
 -6.45848066e-02 -2.46241014e-03  1.15788549e-01  8.93342048e-02
  1.32423835e-02 -5.19447476e-02 -2.22724210e-02 -9.06354561e-02
  4.07424942e-03  4.09118645e-02 -3.52085009e-02 -2.22095959e-02
 -1.12095140e-02 -5.53010441e-02  8.12826976e-02 -2.48430800e-02
 -6.36298805e-02 -6.04688041e-02 -2.82905046e-02 -3.68864238e-02
 -3.29804011e-02 -8.04232880e-02 -4.02241461e-02  6.25042021e-02
  5.41563984e-03 -3.22778672e-02 -7.33874887e-02  3.16117406e-02
 -6.57247677e-02 -2.57787537e-02 -2.12261677e-02 -1.08906589e-02
 -7.13785440e-02  3.49154025e-02 -2.50347313e-02 -4.31522056e-02
  3.10849380e-02  7.97724873e-02 -6.09503277e-02  2.93947887e-02
  5.59542812e-02 -6.32961616e-02 -2.33153626e-03  4.87780431e-03
  9.27954540e-02 -2.47938409e-02  4.83863354e-02 -1.88045114e-01
  7.25169182e-02  5.57827018e-02 -5.12431972e-02 -3.82885337e-02
  4.86677922e-02 -2.35488396e-02  4.94392514e-02 -4.57566641e-02
  3.95940207e-02  6.38419390e-02 -2.45334767e-02 -1.00017056e-01
  9.57418680e-02  1.50258569e-02  5.58906086e-02 -4.86134849e-02
 -1.76313538e-02  4.33152020e-02 -8.95117968e-03  3.40229608e-02
 -4.33476940e-02  4.07824740e-02  4.28384691e-02  1.18653234e-02
  8.74236878e-03  4.00098786e-03 -7.54004568e-02 -5.87588549e-02
 -8.55000317e-02 -4.33769450e-02 -3.68095189e-02  6.95619136e-02
  4.92352154e-03 -1.13482187e-02  1.34938359e-02  1.14493864e-02
  9.60850865e-02 -2.63103079e-02  6.20694719e-02 -6.70578107e-02
 -1.84893347e-02  1.68368760e-02  1.17804237e-01  2.13775896e-02
  5.60855567e-02 -3.36873867e-02 -5.13420552e-02 -7.53281070e-34
 -7.21634505e-03 -2.19788663e-02 -2.92426348e-02  5.85067235e-02
  5.15340306e-02  5.93362302e-02  3.73181514e-02  4.18216400e-02
 -4.70003411e-02  3.79568413e-02 -3.01282313e-02 -3.77053432e-02
  4.83969152e-02  1.32074091e-03 -2.40699816e-02 -1.57268178e-02
 -6.42708242e-02  1.08747140e-01 -7.76650459e-02 -1.00618065e-03
 -5.67764640e-02  3.72259133e-02 -1.02266148e-01 -3.51318344e-03
 -3.70970368e-02  5.79910800e-02  6.41108900e-02  2.64290459e-02
 -5.04077040e-02 -8.93057883e-03  3.37687917e-02  4.81967889e-02
  4.94338088e-02  3.03257648e-02  1.44042575e-03  7.87378941e-03
  5.67450263e-02  3.19601689e-03  2.47650500e-02 -4.60231043e-02
  3.74365561e-02  5.31989560e-02  2.29661483e-02  5.82188442e-02
 -4.22796197e-02 -4.03553993e-02 -2.72145364e-02  8.93383697e-02
 -8.87487158e-02 -6.48119450e-02  3.07962783e-02  3.83355469e-03
  4.70788293e-02 -5.47677046e-03 -6.02255948e-02 -8.65829960e-02
 -6.41909521e-03  3.88924889e-02  5.26127927e-02 -3.63994576e-02
 -1.45976860e-02  3.83613375e-03 -8.72897208e-02  2.98873931e-02
  1.21785281e-02  6.66296259e-02 -1.08762104e-02 -6.75985962e-02
 -5.21582225e-03 -1.51750771e-02 -3.65988575e-02  3.15470435e-02
  5.03748364e-04  6.30138889e-02  4.63545360e-02 -5.31908572e-02
 -5.71263619e-02  7.99081326e-02 -6.26043370e-03  7.72517100e-02
 -1.22251943e-01  4.47334498e-02  1.21818399e-02  5.63600287e-02
 -3.12693454e-02 -9.13881287e-02 -8.07242841e-03 -3.48502398e-02
 -2.58347858e-02 -3.78089696e-02 -5.28998002e-02 -1.00594997e-01
  1.51666310e-02 -6.09421134e-02  5.40742688e-02 -9.29076572e-34
  4.45528999e-02  2.00308450e-02 -9.94976796e-03 -1.78382881e-02
 -3.12082842e-02 -8.03384855e-02  1.14594297e-02 -2.12552026e-02
 -1.38044991e-02 -2.55925450e-02 -4.92676906e-02  3.08813322e-02
  1.00824106e-02  3.81926633e-03 -1.47153391e-02 -4.68346197e-03
  6.14822097e-03 -9.99453217e-02 -3.25272605e-02  4.13325317e-02
  4.59279120e-03  4.48394977e-02 -2.58251466e-02  1.48869595e-02
  5.35107590e-02  7.93694854e-02  5.59152178e-02  1.55153526e-02
  3.80431674e-02 -2.92459363e-03 -3.27451015e-03 -1.06980111e-02
 -3.60673591e-02 -9.85619873e-02 -5.28345667e-02  3.83307459e-03
 -9.83240530e-02 -7.25807175e-02 -3.23591158e-02  1.69796441e-02
 -1.86238606e-02  3.91296037e-02 -3.79110873e-02  8.51284340e-02
 -5.65299392e-03 -4.56723347e-02  5.39207831e-02 -9.85744782e-03
 -2.19742339e-02 -7.62776360e-02 -1.53448105e-01 -3.37773608e-03
  2.37276927e-02  3.37204337e-02 -1.59761496e-02  1.33708762e-02
  6.09108713e-03 -2.34555732e-02  6.34741932e-02 -1.70070808e-02
  1.50389135e-01  4.35258087e-04 -2.76041832e-02 -5.05635403e-02
 -7.95175089e-04 -5.94984293e-02 -9.48202610e-02 -2.23720409e-02
  9.06729773e-02 -2.75605917e-02 -1.71834361e-02 -1.61560271e-02
 -5.75745516e-02 -5.04801124e-02  6.44704327e-02  3.85122113e-02
  8.32574535e-03  6.77915141e-02  9.73035395e-02  3.21775079e-02
 -5.71390465e-02 -5.05065657e-02  4.60590161e-02  5.83800599e-02
  2.94977836e-02 -2.72693988e-02 -4.26558638e-03  2.74873283e-02
 -1.23490337e-02 -3.55329029e-02 -2.07353663e-02  2.03726371e-03
 -1.62641667e-02  1.58863693e-01 -5.04996348e-03 -5.47086323e-08
 -1.13356430e-02  3.32360938e-02 -7.87670072e-03  6.39565801e-03
 -3.44592482e-02 -2.40910682e-03 -9.67025012e-02 -2.72379275e-02
 -5.59190549e-02  4.35771123e-02 -9.45178419e-02  1.48909083e-02
 -4.37499620e-02  1.27158326e-03 -4.65523675e-02  2.28854809e-02
 -9.18900035e-03  4.29235213e-02 -8.24769065e-02  2.08182074e-02
 -4.06068116e-02  2.20770463e-02 -1.31161669e-02  3.16329412e-02
  3.68932466e-04 -1.27733983e-02  1.06476173e-02 -5.37132137e-02
  1.02211349e-01 -1.60413813e-02  6.53296113e-02  7.57522583e-02
 -2.23702677e-02  7.70593062e-02 -2.82014962e-02  1.85361449e-02
 -2.94238068e-02  3.62401046e-02  1.24137409e-01  5.33659086e-02
 -1.94289740e-02 -2.87395194e-02 -1.75445173e-02  6.26442954e-02
  6.81249145e-03  5.36581241e-02 -4.43715118e-02 -6.94843903e-02
  2.57956213e-03  7.51492754e-02 -3.68789211e-02  4.41245958e-02
 -8.58644098e-02  7.42457211e-02  1.77753833e-03  1.31691247e-02
  2.75837947e-02 -3.26269902e-02  7.48471022e-02 -4.70928475e-02
 -2.32050903e-02 -1.98448859e-02 -3.41173597e-02  2.81219333e-02]"
81,../models/State Space Representation Examples/CartSample.sysml,"// State Space Representation cart example

package CartSample {
    private import StateSpaceRepresentation::*;
    part def Cart {
        attribute mass :> ISQ::mass;

        attribute def CartInput :> Input {
            attribute force :> ISQ::force;
        }

        attribute def CartOutput :> Output {
            attribute velocity :> ISQ::speed;
        }

        attribute def CartState :> StateSpace {
            attribute velocity :> ISQ::speed;
        }

        attribute def CartStateDerivative :> StateDerivative {
            ref :>> stateSpace : CartState;
            attribute accel :> ISQ::acceleration;
        }
    }

    part def Pusher {
        attribute def PusherOutput :> Output {
            attribute force :> ISQ::force;
        }
    }

    part context {
        part cart : Cart {
            action cartBehavior : ContinuousStateSpaceDynamics {
                in input : CartInput;
                out output : CartOutput;
                :>> stateSpace : CartState;

                calc :>> getDerivative { 
                	in input: CartInput; 
                	in stateSpace: CartState;
                    CartStateDerivative(input.force / mass)
                }
                calc :>> getOutput {
                	in :>> stateSpace : CartState;
                    CartOutput(stateSpace.velocity)
                }
            }
        }
        part pusher : Pusher {
            attribute pusherForce :> ISQ::force;

            action pusherBehavior : ContinuousStateSpaceDynamics {
                in input;
                out output : PusherOutput;
                calc :>> getOutput {
                    PusherOutput(pusherForce)
                }
            }
        }

        flow pusher.pusherBehavior.output.force to cart.cartBehavior.input.force;
    }
}
","To create a SysML v2 model for a cart system demonstrating state space representation, I would describe the model as follows:

**Model Description:**

1. **Package Definition**: Create a package named `CartSample`.

2. **Cart Component**:
   - Define a `Cart` part that includes:
     - **Mass Attribute**: An attribute representing mass with the unit of measurement from `ISQ::mass`.
     - **Input Definition**: An attribute `CartInput`, which includes:
       - A force attribute sourced from `ISQ::force`.
     - **Output Definition**: An attribute `CartOutput`, which includes:
       - A velocity attribute from `ISQ::speed`.
     - **State Definition**: An attribute `CartState` describing the state space, which includes:
       - A velocity attribute from `ISQ::speed`.
     - **State Derivative Definition**: An attribute `CartStateDerivative` that references `CartState` and includes:
       - An acceleration attribute from `ISQ::acceleration`.

3. **Pusher Component**:
   - Define a `Pusher` part that includes:
     - An output attribute `PusherOutput` with:
       - A force attribute from `ISQ::force`.

4. **Context Definition**:
   - Create a context part containing:
     - An instance of `Cart`, implementing `cartBehavior` with:
       - Continuous state space dynamics using the defined `CartInput` and producing `CartOutput`.
       - Calculations for the state derivative and state output based on input force and mass.
     - An instance of `Pusher`, implementing `pusherBehavior` with:
       - Continuous state space dynamics producing `PusherOutput` based on a defined `pusherForce`.

5. **Flow Definition**: Establish a flow from the output of `pusherBehavior` to the input of `cartBehavior`, specifically connecting the force output to the force input of the cart.

This concise description outlines the key components, attributes, and the interactions necessary to build the state space representation model for the cart and its associated pusher.","[-6.58615679e-02 -8.41912851e-02 -2.65763067e-02  5.86939305e-02
 -5.89377210e-02  1.22325877e-02 -4.30391505e-02  5.66370860e-02
 -6.07157983e-02  4.81132679e-02  7.20256567e-02 -7.14584738e-02
 -7.93015957e-03  9.92724020e-03 -1.74447875e-02 -3.93128674e-03
  5.54041900e-02 -1.06534939e-02 -3.74295190e-02  2.60419641e-02
  1.06951207e-01 -3.99212949e-02  4.03190441e-02  3.54592316e-02
 -6.89928532e-02  1.17200725e-02 -2.40638033e-02  9.69558060e-02
 -1.65996025e-03 -6.44129887e-02  9.99984983e-03  1.02166599e-02
  4.97825816e-02 -4.22048755e-02  5.46762720e-02  2.37840731e-02
  1.27058968e-01 -1.07079566e-01 -7.00506419e-02 -1.31249323e-01
  3.43061760e-02 -5.25164641e-02  1.25207193e-02  5.48448339e-02
  9.18407440e-02 -8.48796777e-03  7.72587070e-03 -4.32486758e-02
 -2.22907625e-02  6.21473752e-02 -3.72592397e-02  2.80089993e-02
  1.15279362e-01 -5.60317859e-02 -1.39794620e-02  4.91770022e-02
  8.32751021e-02  5.13792410e-02 -5.39710373e-02 -1.13498516e-01
 -1.27717461e-02  3.97544494e-03 -1.49217043e-02 -1.90082695e-02
 -4.34244350e-02  5.10339439e-02 -8.80619660e-02 -3.04523129e-02
  3.38264070e-02  4.12542783e-02 -7.18624368e-02 -5.51154092e-02
  1.69762019e-02 -1.85946636e-02  1.76210422e-02 -7.83605501e-02
  2.89614331e-02 -2.20579021e-02  2.20277961e-02 -5.79165015e-03
 -4.76979837e-02 -6.18358590e-02 -1.31849945e-01 -1.37643432e-02
 -8.48328695e-02 -5.64450864e-04  1.44863324e-02 -1.37494653e-02
  3.51128876e-02 -6.30555823e-02 -9.96017363e-03 -6.38870075e-02
 -4.77845781e-03  6.06975798e-03  1.02388099e-01  2.17799284e-02
 -2.37246752e-02  2.76548676e-02  4.48963419e-03 -1.41935293e-02
 -7.48366443e-03  4.40646261e-02  3.73799391e-02  2.38661305e-03
 -3.65097821e-02  1.50171127e-02 -6.46484345e-02 -1.36586959e-02
 -4.96390648e-02 -4.79908995e-02 -8.96530692e-03  6.65096715e-02
 -1.04029933e-02 -5.69712743e-03  5.16741537e-02  1.97270289e-02
 -2.28693634e-02 -4.12926711e-02  4.14634757e-02 -7.89785851e-03
  4.52280045e-02 -4.37489487e-02 -1.95342619e-02  3.52279283e-02
  5.63690141e-02 -4.06056680e-02 -3.49962190e-02 -1.65969535e-33
 -7.06262812e-02 -2.85932012e-02  3.42437476e-02  6.54445738e-02
  1.33648608e-02  9.39038619e-02  3.99822146e-02  1.35867894e-02
  5.19451278e-04  6.68696314e-02 -1.68546047e-02 -7.45268539e-03
  4.73337434e-03  3.13277952e-02 -2.80135404e-02 -3.17037217e-02
 -2.66242158e-02  2.98404060e-02  1.21311909e-02 -4.40449528e-02
  3.51720005e-02  4.68935482e-02 -9.49605331e-02 -4.92313989e-02
  2.82249544e-02  1.01507977e-01  3.15962434e-02  6.84707835e-02
 -7.68879429e-02  6.23780303e-03  4.99738753e-02  1.04366895e-02
  1.25940470e-02 -2.03316417e-02  1.40890258e-03 -2.92269439e-02
 -2.85049435e-02 -2.13015210e-02  6.34279987e-03 -6.28850311e-02
  2.08508186e-02 -1.75342001e-02 -3.20911892e-02  7.45272671e-04
 -1.17704406e-01 -5.67409880e-02 -1.61051343e-03 -8.18628520e-02
  3.88383716e-02  7.97150598e-04  2.93050744e-02  5.57130808e-03
  3.52528617e-02  3.36186476e-02  1.27478037e-02 -7.76975751e-02
  5.80800511e-02  8.19058344e-02 -2.81925406e-02  1.85072813e-02
 -5.46985194e-02 -9.90920607e-03  2.99045295e-02 -6.03442155e-02
 -9.30760615e-03  4.89308722e-02 -6.97570369e-02 -3.32411081e-02
  4.40507457e-02  7.16638714e-02 -3.31076533e-02  5.50389811e-02
 -8.74308273e-02  6.62759990e-02  8.09289888e-02 -4.60270047e-02
  5.17390519e-02  1.88266262e-02 -9.21258181e-02 -1.57028362e-02
 -1.46415234e-01  1.73611250e-02 -7.27508590e-02  4.62961644e-02
  1.00136362e-02 -1.12139598e-01 -9.46191549e-02 -4.18395251e-02
 -4.74989600e-02 -9.14807692e-02 -1.76493090e-03 -4.95242998e-02
 -5.05729541e-02  3.12179476e-02 -1.99102722e-02 -2.33313790e-33
 -3.56764323e-03  9.89174992e-02 -9.84959537e-04  5.24924397e-02
 -3.37146893e-02 -8.25518668e-02  3.11882887e-02  3.59232072e-03
 -2.90068276e-02 -5.68148345e-02 -5.79275042e-02 -2.58871634e-03
  1.79753825e-02  5.57252020e-02  4.78887893e-02  1.26481056e-01
  2.11959947e-02 -1.81965321e-01  2.82115694e-02  4.47221275e-04
 -5.13524702e-03  9.86403450e-02 -1.34712690e-02  3.28370593e-02
  2.37712935e-02  6.24245207e-04  2.10940968e-02 -2.90779807e-02
  3.41535099e-02  7.50473840e-03  4.45648097e-02 -4.44682129e-02
 -4.79807099e-03  1.30900610e-02 -8.65526572e-02 -7.70632625e-02
  1.32402470e-02  3.27299931e-03 -2.28464976e-02  2.70818025e-02
  1.96483620e-02  1.48273092e-02 -5.15033007e-02  3.34709473e-02
 -1.44845480e-03  2.52039451e-02  3.44817564e-02 -1.61575545e-02
 -2.80192252e-02 -2.52732560e-02 -1.79809202e-02 -3.39744873e-02
 -4.03169869e-03  1.59073751e-02  3.36303450e-02  5.51867113e-02
  1.20942034e-02 -3.04044280e-02 -1.45591302e-02 -7.35623688e-02
  1.76155232e-02 -4.28481698e-02  4.42765318e-02 -1.12975519e-02
  2.68494594e-03 -1.31370621e-02  1.79813811e-04 -4.64827083e-02
  5.04202880e-02 -4.04980965e-02  1.35236932e-02  6.15416244e-02
  1.93647295e-02  1.26762524e-01  3.21757719e-02  1.26966983e-02
  1.14815496e-02  4.11902219e-02  9.17371511e-02 -3.70592885e-02
 -1.37912527e-01 -2.49270257e-02  8.63963142e-02  7.32077584e-02
  4.68149316e-03  3.98910791e-02 -8.23265538e-02  9.33868662e-02
  2.44322438e-02  9.66638327e-03 -3.96475345e-02  6.86742887e-02
 -6.32134676e-02  1.45472765e-01 -3.01304348e-02 -5.51208323e-08
 -6.86283857e-02 -2.57565901e-02 -2.09807418e-03  2.58625485e-02
 -5.52021153e-02  4.08588164e-02 -8.10703449e-03 -6.36931276e-03
 -4.49258760e-02  2.37990860e-02  6.45212643e-03  3.90983038e-02
 -5.10295220e-02 -1.67304538e-02 -4.84506646e-03  4.69223447e-02
  1.94250420e-02  7.90784210e-02 -6.87544271e-02  1.58175975e-02
  6.23835064e-02 -5.36616053e-03 -4.91360277e-02  1.56107415e-02
  2.10269522e-02 -6.22004271e-02 -2.85842977e-02  6.04591332e-02
  6.62914813e-02 -7.61730829e-03  5.93805686e-02  7.34549668e-03
  4.33232076e-02  4.58223224e-02 -3.06339394e-02  3.49786691e-02
 -7.54913986e-02  2.42443942e-02  7.27667585e-02  1.03831083e-01
 -2.19786018e-02  5.46139963e-02 -4.81799841e-02  1.85498521e-02
 -5.61077753e-03  3.94929908e-02 -1.07449524e-01 -6.55654073e-02
 -9.97797772e-03  4.24242206e-03 -4.41044904e-02  4.53494675e-03
 -9.56174806e-02  1.03257276e-01 -9.85784736e-03  6.30685464e-02
 -3.78710567e-04  5.95026882e-03  8.57512727e-02 -4.21054922e-02
  3.36590260e-02 -2.70371921e-02 -3.47609930e-02  1.84146676e-03]"
82,../models/State Space Representation Examples/EVSample.sysml,"// State Space Representation EV example
package EVSample {
    private import SI::*;
    private import StateSpaceRepresentation::*;

    attribute <'A⋅h'> 'ampere hour'  : ElectricChargeUnit = A*h;

    part def Vehicle {
        attribute mass :> ISQ::mass;

        attribute def VehicleInput :> Input {
            attribute force :> ISQ::force;
        }

        attribute def VehicleOutput :> Output {
            attribute accel :> ISQ::acceleration;
            attribute velocity :> ISQ::speed;
            attribute distance :> ISQ::distance;
        }

        attribute def VehicleState :> StateSpace {
            attribute velocity :> ISQ::speed;
            attribute distance :> ISQ::distance;
        }
    }

    part def Battery {
        attribute baseVoltage :> ISQ::electricPotential;
        attribute socInit: ScalarValues::Real;
        attribute capacity :> ISQ::electricCharge;
        attribute internalResistance :> ISQ::resistance;

        attribute def BatteryInput :> Input {
            attribute current :> ISQ::electricCurrent;
        }

        attribute def BatteryOutput :> Output {
            attribute voltage :> ISQ::electricPotential;
        }

        attribute def BatteryState :> StateSpace {
            attribute soc: ScalarValues::Real;
        }

    }

    part def Motor {
        torquePerCurrent :> Quantities::scalarQuantities = ISQ::torque / ISQ::electricCurrent;

        attribute motR :> ISQ::resistance;
        attribute motL :> ISQ::inductance;

        attribute def MotorInput :> Input {
            attribute voltage :> ISQ::electricPotential;
            attribute friction :> ISQ::torque;
        }

        attribute def MotorOutput :> Output {
            attribute current :> ISQ::electricCurrent;
            attribute torque :> ISQ::torque;
        }

        attribute def MotorState :> StateSpace {
            attribute current :> ISQ::electricCurrent;
        }
    }

    part def Tire {
        attribute radius :> ISQ::length;
        attribute moment :> ISQ::momentOfInertia;

        attribute def TireInput :> Input {
            attribute torque :> ISQ::torque;
            attribute accel :> ISQ::acceleration;
        }

        attribute def TireOutput :> Output {
            attribute force :> ISQ::force;
            attribute outTorque :> ISQ::torque;
        }
    }

    requirement def VehicleRequirement {
        in vehicle : Vehicle;
    }

    analysis def VehicleAnalysis {
        subject vehicle : Vehicle;
        requirement vehicleRequirement : VehicleRequirement;
    }


    requirement def RangeRequirement :> VehicleRequirement {
        doc /* The range of EV must be longer than the required spec under the flat road. */
        attribute actualRange : LengthValue;
        attribute requiredRange : LengthValue;

        require constraint { actualRange >= requiredRange }
    }

    analysis def RangeAnalysis :> VehicleAnalysis {
    	return simulatedRange : LengthValue;
    	
        requirement rangeRequirement :>> vehicleRequirement : RangeRequirement;

        objective rangeAnalysisObjective {
            doc /* This analysis is to estimate the range of
                 * the EV by simulating the vehicle driving under the compact vehicle regulation.
                 */
            require rangeRequirement {
                :>> actualRange = simulatedRange;
            }
        }
    }

    requirement def EfficiencyRequirement :> VehicleRequirement {
        doc /* The efficiency of EV must be better than the required spec. */
        attribute actualEfficiency;
        attribute requiredEfficiency;

        require constraint { actualEfficiency >= requiredEfficiency }
    }

    analysis def EfficiencyAnalysis :> VehicleAnalysis {
    	return simulatedEfficiency;
    	
        requirement efficiencyRequirement :>> vehicleRequirement : EfficiencyRequirement;

        objective efficiencyAnalysisObjective {
            require efficiencyRequirement {
                attribute :>> actualEfficiency = simulatedEfficiency;
            }
        }
    }

    requirement def MaxSpeedRequirement :> VehicleRequirement {
        doc /* The maximum speed of EV must be larger than the required spec. */
        attribute actualMaxSpeed :> ISQ::speed;
        attribute requiredMaxSpeed :> ISQ::speed;
    }

    analysis def MaxSpeedAnalysis :> VehicleAnalysis {
    	return simulatedMaxSpeed;
    	
        requirement maxSpeedRequirement :>> vehicleRequirement : MaxSpeedRequirement;

        objective maxSpeedAnalysisObjective {
            require maxSpeedRequirement {
                attribute :>> actualMaxSpeed = simulatedMaxSpeed;
            }
        }
    }


    part vehicle : Vehicle {
        attribute :>> mass default 1000[kg];

        /* airFrictionCoefficient [kg / m] = 1/2 * rho[kg/m^3] * Cd * S[m^2],
         * where rho is air density, S is front projected area. */
        attribute airFrictionCoefficient = 0.2;

        attribute efficiency;

        action vehicleBehavior : ContinuousStateSpaceDynamics {
            in input : VehicleInput;
            out output : VehicleOutput;
            :>> stateSpace : VehicleState;
        }
        
        part battery: Battery {
            :>> baseVoltage = 300[V];
            :>> capacity = 50['A⋅h'];
            :>> socInit = 0.8;
            :>> internalResistance = 1.8['Ω'];
            action batteryBehavior : ContinuousStateSpaceDynamics {
                in input : BatteryInput;
                out output : BatteryOutput;
                :>> stateSpace : BatteryState;
            }
        }

        flow battery.batteryBehavior.output.voltage to motor.motorBehavior.input.voltage;
        flow motor.motorBehavior.output.current to battery.batteryBehavior.input.current;

        part motor: Motor {
            :>> motR = 4['Ω'];
            :>> motL = 0.2[H];

            action motorBehavior : ContinuousStateSpaceDynamics {
                in input : MotorInput;
                out output : MotorOutput;
                :>> stateSpace : MotorState;
            }
        }

        flow motor.motorBehavior.output.torque to tire.tireBehavior.input.torque;
        flow vehicleBehavior.output.accel to tire.tireBehavior.input.accel;

        part tire: Tire {
            :>> moment default 300['kg⋅m²'];
            :>> radius default 0.7[m];
            action tireBehavior : ContinuousStateSpaceDynamics {
                in input : TireInput;
                out output : TireOutput;
            }
        }

        flow tire.tireBehavior.output.outTorque to motor.motorBehavior.input.friction;
        flow tire.tireBehavior.output.force to vehicleBehavior.input.force;
    }

    part vehicle_compact :> vehicle {
        attribute :>> mass = 800[kg];
        part :>> tire {
            :>> moment = 200['kg⋅m²'];
            :>> radius = 0.5[m];
        }
    }

    part smallEVRangeContext {
        requirement smallEVRequirement : VehicleRequirement {
            doc /* The small EVs must be ligher than 900[kg] */
            in :>> vehicle = vehicle_compact;
            /*  To comform with the regulation and the battery mass will impact it. */
            assume constraint { vehicle.mass < 900[kg] }
        }

        analysis smallEVAnalysis : VehicleAnalysis {
            subject :>> vehicle :> vehicle_compact;
            requirement :>> vehicleRequirement = smallEVRequirement;
        }

        requirement <C1> rangeRequirementSmall :> smallEVRequirement : RangeRequirement {
            doc /* The small EVs must run longer than 130km */
            attribute :>> requiredRange = 130[km];
        }

        analysis rangeAnalysisSmall :> smallEVAnalysis : RangeAnalysis {
            requirement :>> rangeRequirement = rangeRequirementSmall;
            return simulatedRange = vehicle.vehicleBehavior.output.distance;
        }

        requirement <C2> efficiencyRequirementSmall :> smallEVRequirement : EfficiencyRequirement {
            doc /* The target efficiency of small EVs is 0.9. */
            attribute :>> requiredEfficiency = 0.9;
        }

        analysis efficiencyAnalysisSmall :> smallEVAnalysis : EfficiencyAnalysis {
            requirement :>> efficiencyRequirement = efficiencyRequirementSmall;

            return simulatedEfficiency = vehicle.efficiency;
        }

        requirement <C3> maxSpeedRequirementSmall :> smallEVRequirement : MaxSpeedRequirement {
            doc /* The target maximum speed of small EVs is 130 [km/h]. */
            attribute :>> requiredMaxSpeed = 130 [km/h];
        }

        analysis maxSpeedAnalysisSmall :> smallEVAnalysis : MaxSpeedAnalysis {
            requirement :>> maxSpeedRequirement = maxSpeedRequirementSmall;
            out voltage :> ISQ::electricPotential = vehicle.battery.batteryBehavior.output.voltage;
            return simulatedMaxSpeed = vehicle.vehicleBehavior.output.velocity;
        }
    }

    part vehicle_large :> vehicle {
        attribute :>> mass = 1100[kg];
        part :>> tire {
            :>> moment = 300['kg⋅m²'];
            :>> radius = 0.7[m];
        }
    }

    part largeEVRangeContext {
        requirement largeEVRequirement : VehicleRequirement {
            doc /* The large EVs must be ligher than 900[kg] */
            in :>> vehicle = vehicle_large;
            /*  To comform with the regulation and the battery mass will impact it. */
            assume constraint { vehicle.mass < 1200[kg] }
        }

        analysis largeEVAnalysis : VehicleAnalysis {
            subject :>> vehicle :> vehicle_large;
            requirement :>> vehicleRequirement = largeEVRequirement;
        }

        requirement <L1> rangeRequirementLarge :> largeEVRequirement : RangeRequirement {
            doc /* The large EVs must run longer than 200km */
            attribute :>> requiredRange = 200[km];
        }

        analysis rangeAnalysisLarge :> largeEVAnalysis : RangeAnalysis {
            requirement :>> rangeRequirement = rangeRequirementLarge;
            return simulatedRange = vehicle.vehicleBehavior.output.distance;
        }

        requirement <L2> efficiencyRequirementLarge :> largeEVRequirement : EfficiencyRequirement {
            doc /* The target efficiency of large EVs is 0.8. */
            attribute :>> requiredEfficiency = 0.8;
        }

        analysis efficiencyAnalysisLarge :> largeEVAnalysis : EfficiencyAnalysis {
            requirement :>> efficiencyRequirement = efficiencyRequirementLarge;

            return simulatedEfficiency = vehicle.efficiency;
        }

        requirement <L3> maxSpeedRequirementLarge :> largeEVRequirement : MaxSpeedRequirement {
            doc /* The target maximum speed of large EVs is 140 [km/h]. */
            attribute :>> requiredMaxSpeed = 140 [km/h];
        }

        analysis maxSpeedAnalysisLarge :> largeEVAnalysis : MaxSpeedAnalysis {
            requirement :>> maxSpeedRequirement = maxSpeedRequirementLarge;
            out voltage = vehicle.battery.batteryBehavior.output.voltage;
            return simulatedMaxSpeed = vehicle.vehicleBehavior.output.velocity;
        }
    }
}
","**SysML v2 Model Description for Electric Vehicle (EV) State Space Representation**

This SysML v2 model defines the structure and behavior of an electric vehicle system (EV) along with its subcomponents, including the vehicle, battery, motor, and tires. The model is organized into a package named `EVSample` and utilizes structured attributes, requirements, and analyses.

### Key Components:
1. **Vehicle**: Represents the overall electric vehicle with attributes for mass, inputs for force, and outputs for acceleration, velocity, and distance. Has a state space representing its current velocity and distance.
2. **Battery**: Models the battery characteristics including voltage, state of charge (SoC), capacity, and internal resistance. Inputs include current, with an output for voltage and its SoC state space.
3. **Motor**: Describes the electric motor including inductance, resistance, and torque output based on voltage and friction as inputs, alongside a state space for electric currents.
4. **Tire**: Characterizes the tire dynamics including radius and moment of inertia. Takes torque and acceleration as inputs, producing output forces and torque.

### Requirements & Analyses:
- **Vehicle Requirements**: Include multiple requirements such as range, efficiency, and maximum speed, each with constraints and targets that need fulfillment.
- **Analyses**: Each requirement corresponds to an analysis that simulates vehicle performance under specified conditions to verify compliance with requirements.

### Contexts:
- **Small EV Context**: A specific configuration of the vehicle with lighter mass, focusing on meeting defined range, efficiency, and maximum speed requirements using analysis results.
- **Large EV Context**: A similar structure as the small EV, tailored for a heavier vehicle configuration, with its unique requirements and respective analyses.

### Flow Connections:
- The flows between components (battery to motor, vehicle to tire) indicate the interdependencies and data outputs/inputs required for simulations and state changes.

This model allows for concerted analysis and simulation aimed at evaluating and ensuring that the designed electric vehicle meets regulatory and performance specifications.","[-7.39560798e-02  2.64014769e-02 -6.71268106e-02 -1.48786148e-02
  5.62853590e-02 -1.23378513e-02 -1.32659869e-02  7.63422400e-02
  7.12197740e-03  4.32520844e-02  8.27169642e-02  3.34866755e-02
  7.32749552e-02  2.05926504e-02 -4.99103777e-03  3.05463094e-02
  3.93578690e-03  1.69528965e-02 -3.21478881e-02  4.18097116e-02
  1.60851091e-01  5.02050808e-03  8.26317221e-02 -6.41209334e-02
 -1.57111026e-02  3.54344770e-02 -2.05018576e-02  1.32378563e-01
 -6.46578819e-02 -7.80897513e-02 -4.19940017e-02  2.79056896e-02
  4.34872210e-02 -7.83208162e-02  3.88000235e-02 -1.01763392e-02
  3.26566049e-03 -5.47233149e-02 -4.23887074e-02 -9.04965028e-02
 -4.26277481e-02 -7.46089444e-02 -1.25504788e-02 -2.84856427e-02
  4.09364924e-02  2.57114824e-02  5.85716181e-02 -3.25770564e-02
 -1.39398593e-02 -4.42413986e-02  2.17237659e-02 -1.62651844e-03
  3.40818204e-02 -3.50097828e-02 -6.13642409e-02  1.15677975e-02
 -1.59028135e-02  2.37530246e-02 -7.96571970e-02 -7.93933719e-02
  6.51478022e-02 -1.16028115e-02 -3.43985036e-02  2.13694386e-02
 -4.19241823e-02 -1.24135762e-02  5.61453886e-02 -4.92702723e-02
 -9.17947944e-03  1.52222356e-02 -7.24444017e-02 -2.86075026e-02
 -4.10994655e-03 -2.82010785e-03 -1.71983689e-02 -4.17039320e-02
  9.21252817e-02 -3.97730134e-02 -3.32792592e-03 -7.56985173e-02
 -5.65821342e-02  6.61185104e-03  1.16477534e-03 -2.00544130e-02
  3.38769816e-02 -4.23562666e-03  5.43108732e-02 -4.01589368e-03
  7.40150874e-03  5.85631430e-02 -4.20780899e-03 -1.59747433e-02
  3.38345068e-04  1.71879516e-03  5.35353161e-02  9.17338058e-02
  1.94043294e-02 -2.91973948e-02  1.10886442e-02 -1.30265104e-02
  3.71853448e-02  6.10044971e-02  3.94016467e-02 -1.67464074e-02
 -3.24396677e-02  3.97976674e-02 -1.79690160e-02 -1.08620813e-02
 -1.83865204e-02 -1.13540171e-02  3.77632529e-02  3.23817991e-02
 -5.89856431e-02  2.82502044e-02 -3.70576084e-02  3.96603048e-02
 -1.81508157e-02  6.54120073e-02  1.33608490e-01  1.21384878e-02
 -2.83931363e-02 -1.91354677e-02  1.85321309e-02  7.57409707e-02
  6.55826181e-02 -4.41505536e-02 -3.18141617e-02 -7.76564629e-34
 -1.73244402e-01 -1.37577383e-02  2.32295431e-02  3.61137241e-02
 -3.45942453e-02  6.48328438e-02  4.66952287e-03  1.56219350e-02
  1.87645797e-02  8.26317742e-02 -6.86758161e-02  1.96480062e-02
  9.36777517e-02  3.27708349e-02  3.28545272e-02 -4.33337167e-02
 -4.14119139e-02 -3.07507124e-02 -1.39749190e-02 -1.90698169e-02
  2.44868211e-02  5.81287518e-02  1.70723144e-02  4.52324562e-03
  8.74435455e-02  1.80615503e-02  9.91442055e-02 -1.78611111e-02
 -2.53284518e-02  4.13271189e-02  4.18388508e-02  2.08405349e-02
 -3.97312678e-02  4.64958660e-02  4.69133165e-03  3.05437408e-02
  1.77779552e-02 -2.89801080e-02  1.05293188e-02 -8.14705119e-02
  3.43145430e-02 -4.58799154e-02 -5.50502911e-02  3.30580422e-03
 -1.39981344e-01 -2.43299901e-02  4.91357669e-02 -9.61909164e-03
  2.60596629e-03  3.70185263e-02 -5.31661324e-02  3.15178488e-03
  6.64183265e-03  6.30587060e-03 -2.03782544e-02  3.43733691e-02
 -2.12883186e-02  1.73975769e-02 -4.25265692e-02  5.81003018e-02
 -9.02022347e-02  2.60010771e-02 -3.39461700e-03 -9.26297978e-02
 -1.25246989e-02  2.60323640e-02 -7.32426494e-02 -1.00286327e-01
 -1.76474433e-02  4.87279557e-02  1.88799892e-02 -1.30386080e-03
 -3.09813139e-03  3.24642472e-02  2.04111524e-02  2.06799041e-02
  9.57246125e-03  3.80916335e-02 -5.59966415e-02 -1.95125421e-03
 -1.69214770e-01  2.78595146e-02 -5.34342825e-02 -6.31925911e-02
 -2.48932745e-03 -8.97044241e-02 -4.82624844e-02 -7.89586455e-02
  2.36168429e-02 -9.26279277e-02  4.92210276e-02 -4.56609279e-02
 -4.63409089e-02  3.54774967e-02 -4.16572131e-02 -2.21888132e-33
  1.57383119e-03  6.68550730e-02  4.57672141e-02  4.17767651e-02
  7.91989546e-03 -2.30188351e-02 -1.65383727e-03 -3.33575904e-02
 -2.24709343e-02 -2.55831406e-02 -2.94983387e-02 -1.54241836e-02
  6.43640710e-03  2.28604972e-02  4.51857597e-02  5.88195324e-02
 -4.82850112e-02 -1.34633720e-01  3.26174945e-02  7.41220415e-02
 -1.54703604e-02  1.20323494e-01  3.01612671e-02  6.86034607e-03
  5.43065853e-02 -1.54498070e-02  1.42011810e-02  4.61626286e-03
  9.36000049e-03 -2.02007927e-02  4.07485329e-02 -4.62617427e-02
  5.33302613e-02  7.52395764e-02 -7.91111812e-02 -6.12797588e-02
  2.05339845e-02 -7.56692812e-02 -6.33686129e-03  2.90197860e-02
  7.88166597e-02 -3.62510532e-02 -1.38325952e-02 -1.59421787e-02
 -1.06015205e-02 -2.59081144e-02 -1.39273619e-02  2.60576587e-02
  1.21380137e-02 -2.98055746e-02  3.12963016e-02 -2.22899411e-02
  1.19752921e-02  3.01339906e-02  4.67654355e-02 -5.07258736e-02
  9.02413100e-04  3.07786241e-02 -5.30597568e-02 -1.07266596e-02
  3.54445614e-02  3.62323504e-03  5.74558228e-02  2.35876869e-02
 -4.33037207e-02 -1.08755656e-01 -4.57949340e-02 -2.97533590e-02
  1.96491424e-02 -1.32583203e-02 -5.58640659e-02  3.86164412e-02
  7.89243914e-03 -3.40259969e-02 -3.08117811e-02 -8.30547065e-02
  2.81742495e-02 -4.80600372e-02  6.79950044e-02 -1.68802917e-01
 -5.13793305e-02  1.10109402e-02  4.34472561e-02  5.89992553e-02
 -8.49870145e-02  3.40660810e-02 -3.95799726e-02  8.83500278e-02
  6.43489063e-02  4.55921562e-03  4.03881222e-02  6.67085201e-02
 -1.32398214e-02  2.18151420e-01 -6.04160577e-02 -4.62039900e-08
  2.41730101e-02  7.10523874e-02  5.17873131e-02 -2.79368721e-02
  5.01344018e-02  1.01712055e-03  3.36767100e-02  1.21683711e-02
 -2.73114573e-02  4.78823669e-02  1.17889429e-02 -2.97376830e-02
  2.96035502e-03 -2.69621834e-02 -4.12069149e-02  8.03842247e-02
  1.58033241e-02  1.15054399e-01 -1.19844247e-02 -1.67767480e-02
  3.18776071e-02 -2.22911816e-02 -1.20994672e-01  7.18401670e-02
  1.09423839e-01 -6.84452280e-02 -4.25203666e-02 -3.50976177e-02
  2.75847670e-02 -7.49579668e-02 -6.51113763e-02  6.25656173e-02
  8.70135948e-02 -4.75836045e-04 -8.22544545e-02 -1.23177823e-02
 -6.47708215e-03 -3.45444940e-02  4.76083010e-02  8.56196135e-02
  2.22035553e-02 -3.29492427e-03  3.46057862e-03 -2.24010795e-02
 -2.66835839e-02  6.24428596e-03 -6.33244812e-02 -1.27309665e-01
 -2.47529242e-02  2.89424025e-02 -4.57078032e-02  3.31993066e-02
 -3.93572338e-02  7.99969733e-02 -2.12760363e-02  7.55212381e-02
 -7.93302581e-02 -9.47546214e-03  6.31446242e-02 -2.45526694e-02
  3.15553099e-02 -1.57293882e-02 -1.27114262e-02 -1.73202492e-02]"
83,../models/v1 Spec Examples/8.4.1 Wheel Hub Assembly/Wheel Package - Updated.sysml,"package 'Wheel Package - Updated' {
	doc
	/*
	 * Example from the SysML 1.6 spec, subclause 8.4.1 Wheel Hub Assembly.
	 */

	private import ISQ::*;
	
	// Quantities
	
	pressure = force / length^2; 
	
	// Blocks
	
	part def WheelHubAssembly;
	part def WheelAssembly {
		inflationPressure :> pressure;
	}
	
	part def Tire {
		tireSpecification : ScalarValues::String;		
		action mountTire; // Should be operation
	}
	
	part def TireBead;
	
	connection def PressureSeat {
		end : TireBead[1];
		end : TireMountingRim[1];
	}
	
	part def Wheel {
		diameter :> length;
		width :> length;		
	}
	
	connection def BandMount {
		end : Wheel[1];
		end : WirelessTirePressureMonitor[1];
	}
	
	part def WirelessTirePressureMonitor {
		action transmitPressure; // Should be operation
	}
	
	part def TireMountingRim;
	
	part def InflationValve;
	
	part def BalanceWeight;
	
	part def LugBoltMountingHole {
		lugBoltSize :> length;
	}
	
	part def LugBoltJoint {
		torque :> ISQ::torque;
		boltTension :> force;
	}
	
	part def Hub;
	
	part def LugBoltThreadableHole {
		lugBoltSize :> length;
		threadSize :> length;
	}
	
	// Parts
	
	part wheelHubAssembly: WheelHubAssembly {
		part wheel: WheelAssembly[1] {
			part t: Tire[1] {
				part bead : TireBead[2];			
			}
			part w: Wheel[1] {
				part rim : TireMountingRim[2];
				part v : InflationValve[1];
				part weight : BalanceWeight[0..6];
				part mountingHoles : LugBoltMountingHole[5];
			}						
			connection : PressureSeat connect t.bead to w.rim;		
		}
		part lugBoltJoints: LugBoltJoint[5] {					
			ref mountingHole: LugBoltMountingHole[1] subsets wheel.w.mountingHoles;
			ref threadedHole: LugBoltThreadableHole[1] subsets hub.h;
		}
		part hub: Hub[1] {
			part h: LugBoltThreadableHole[5];
		}
	}
	
}","Here is a concise description for generating the requested SysML v2 model:

---

**Model Name:** Wheel Package - Updated

**Description:**
This model describes a Wheel Hub Assembly system, including various components and their relationships. It includes definitions for parts such as WheelHubAssembly, WheelAssembly, Tire, TireBead, Wheel, and more. Key connections define interactions, such as the PressureSeat connecting the TireBead to the TireMountingRim, and the BandMount connecting the Wheel to the WirelessTirePressureMonitor. Additionally, various attributes like inflation pressure, dimensions, torque, and tension are utilized throughout the assembly to capture mechanical specifications.

**Components:**
1. **Parts:**
   - `WheelHubAssembly`: Contains the WheelAssembly and associated components.
   - `WheelAssembly`: Comprises Tire, Wheel, and connections to the mounting rim.
   - `Tire`: Specifies tire properties and includes an action to mount the tire.
   - `TireBead`: Represents the bead of the tire.
   - `Wheel`: Defines the diameter and width.
   - `WirelessTirePressureMonitor`: Includes an operation to transmit pressure.
   - `LugBoltJoint`, `LugBoltMountingHole`, `LugBoltThreadableHole`, and `Hub`: Define additional mechanical connections and specifications.

2. **Connections:**
   - `PressureSeat`: Connects TireBead to TireMountingRim.
   - `BandMount`: Connects Wheel to WirelessTirePressureMonitor.

This model effectively captures the structural and functional aspects of a wheel assembly system, focused on tire mounting and safety features.

--- 

This description succinctly outlines the purpose and structure of the SysML v2 model while maintaining clarity on its components and functions.","[-9.14773569e-02 -3.09433565e-02 -6.64977953e-02  2.06869338e-02
 -8.05625692e-03 -2.85574067e-02  1.45575951e-03  8.57560560e-02
 -3.28412801e-02  1.31498072e-02  7.36721605e-02 -1.78740434e-02
  6.01933971e-02 -1.60247628e-02 -4.91656922e-02  4.28366289e-02
  4.04319493e-03 -1.03407912e-02 -7.45403692e-02  5.41388337e-03
  9.54725295e-02 -1.86720968e-03  4.05912437e-02 -2.46893130e-02
  9.59471893e-03 -1.54521875e-03  1.28495926e-02  1.34014681e-01
  4.61531021e-02 -4.80104052e-02  1.00306701e-02  7.79365897e-02
  3.40456814e-02 -5.16101494e-02  7.60825500e-02  1.54079432e-02
  2.36384794e-02 -4.96126860e-02 -9.20203999e-02 -1.10412851e-01
 -3.65956919e-03 -5.36598153e-02  2.63970792e-02  6.72729919e-04
  1.14308037e-02 -8.78449809e-03  2.37700599e-03 -2.46365666e-02
 -4.07911949e-02  3.17171328e-02  1.15308352e-02 -4.48486432e-02
  8.31520632e-02 -2.07315683e-02 -3.24477404e-02  1.03893980e-01
 -2.86294539e-02  6.16854280e-02 -4.85873185e-02 -1.10809259e-01
  7.81972334e-02 -9.39768180e-03 -5.32363355e-02 -1.83685571e-02
 -2.95509808e-02  2.42331140e-02  2.04393864e-02 -1.02137052e-01
  1.56684108e-02  2.33566221e-02 -9.80971456e-02 -6.71142489e-02
  2.52493448e-03  4.25088406e-02  2.06669569e-02 -6.58885315e-02
  5.20034805e-02 -2.67272685e-02 -1.77838374e-02 -3.16142365e-02
 -9.68389586e-02  2.74399035e-02  8.94713029e-02 -8.74551479e-03
 -1.80293266e-02 -1.68925580e-02  5.94152436e-02  3.46490629e-02
  7.12168450e-03  1.46576697e-02 -6.34926260e-02 -4.10950407e-02
 -2.80410983e-02 -3.09518743e-02  4.67679240e-02  1.02170125e-01
 -1.51215482e-03 -3.70729831e-03  1.10387160e-02  3.29713300e-02
 -3.03979851e-02  9.02123656e-03  3.12395152e-02 -4.26906422e-02
 -7.97470063e-02  6.06565513e-02 -3.05681322e-02 -2.66111419e-02
 -8.41203779e-02  1.36556020e-02 -7.32915895e-03  7.26606324e-02
 -2.48555522e-02 -4.48803976e-02  1.68397371e-02  7.58675812e-03
 -1.65015440e-02  8.59825313e-02  6.23084083e-02  2.15873513e-02
  2.37920955e-02 -1.30387605e-03  7.47511256e-03  6.07187375e-02
  5.25646023e-02 -5.69762997e-02 -8.48598555e-02  2.27178481e-33
 -7.43419901e-02  1.93734989e-02  1.52938021e-02  7.21262544e-02
 -3.29976268e-02  9.12095606e-03  3.39474119e-02 -1.13632288e-02
  1.89037379e-02  8.22597668e-02 -4.62383330e-02 -3.31907868e-02
 -2.20952909e-02 -5.12149408e-02 -1.84867959e-02 -9.82083827e-02
 -4.31332650e-04  1.28523540e-02 -4.43077125e-02  1.95985865e-02
  1.08973766e-02  4.18257676e-02 -3.22461650e-02  4.97686630e-03
  7.86138177e-02  4.66250256e-02  9.53968391e-02  3.66655849e-02
  3.18029672e-02  2.40187775e-02  2.25580130e-02  1.37924524e-02
 -2.86655407e-02 -5.86407166e-03  6.76519284e-03 -1.99359711e-02
 -9.30358246e-02 -3.33910920e-02  2.42696833e-02 -4.23851684e-02
  8.47612917e-02 -3.07668373e-02 -6.49883449e-02  5.54323243e-03
 -7.50750378e-02 -2.01069806e-02  6.54461933e-03  2.84452904e-02
  1.06362708e-01 -3.47392149e-02 -5.20798936e-03  6.35321764e-03
  9.69249941e-03  5.88424802e-02 -1.58440601e-03 -2.03194376e-02
  9.12648439e-03  9.23639163e-03 -5.00048995e-02  8.77234712e-02
 -6.44664243e-02 -6.24215975e-03  5.76752005e-03 -5.10073043e-02
  2.33228281e-02  2.46223304e-02 -3.97891775e-02 -7.74993375e-02
 -5.27801923e-02  5.82394237e-03 -6.38027936e-02  3.82722430e-02
 -2.35593561e-02  1.26983181e-01 -1.08322324e-02 -4.17372249e-02
  1.51086887e-02  4.30413149e-03 -6.31043985e-02  3.44090536e-03
 -1.17201105e-01  3.68121527e-02 -3.69824320e-02 -5.63774332e-02
 -2.64578611e-02 -8.96548256e-02 -5.51705211e-02 -1.11562446e-01
 -1.60347894e-02 -9.31761339e-02  4.23438521e-03 -3.93991619e-02
 -8.86568129e-02 -1.43344672e-02 -4.75310870e-02 -4.45341178e-33
 -5.50690573e-03  4.38479893e-02  4.56798263e-02  4.63913120e-02
 -2.07268931e-02 -1.36366477e-02  1.21988859e-02 -6.41176775e-02
 -2.09442340e-02 -1.21506052e-02  6.49996847e-02  2.41764113e-02
 -5.40504791e-02 -3.15355766e-03  2.52181254e-02  6.42888620e-02
 -6.89332432e-04 -1.35401294e-01  5.14071062e-02 -6.82481192e-03
 -1.27274282e-02  9.72522572e-02 -1.24333613e-02 -3.98957469e-02
  1.33597041e-02 -4.18260172e-02  2.59475894e-02  4.80005816e-02
  7.05187442e-03  1.05973206e-01  1.55684594e-02 -1.51128769e-02
  4.25449274e-02  7.35687986e-02 -5.35639003e-02 -7.61185512e-02
 -5.26542515e-02 -8.67745578e-02 -2.47476250e-02 -3.86646055e-02
  6.33778721e-02 -1.48918666e-02 -1.49656553e-02 -1.20489225e-02
 -1.92478839e-02 -6.08658344e-02  3.56262736e-02 -5.19351959e-02
  6.78122789e-03 -7.90555254e-02  6.29040673e-02 -8.47411435e-03
  6.19112775e-02  1.05844829e-02  2.23449823e-02  5.49995080e-02
  2.35442016e-02 -3.16319540e-02  2.52291877e-02 -5.17626032e-02
  7.85219967e-02  1.76277827e-03  7.13483691e-02  3.15055363e-02
 -6.91104168e-03 -7.04170987e-02 -4.55489935e-04 -3.85888405e-02
 -4.64823097e-02  5.81819601e-02 -2.33344026e-02  2.04152744e-02
  1.08751826e-01  4.33645472e-02  5.41906320e-02 -2.40516644e-02
  3.35201100e-02  5.10164313e-02  5.45668080e-02 -9.87010226e-02
 -4.45622541e-02  2.49697156e-02  6.58489764e-02  5.90066463e-02
 -4.23011966e-02  8.29706714e-03 -1.58757549e-02  1.11780673e-01
  3.03974096e-02  5.74494340e-02  8.89902841e-03  3.95354517e-02
  1.82044618e-02  1.99367568e-01  1.90118626e-02 -5.73215821e-08
 -2.48165559e-02  1.84645560e-02 -7.89035782e-02 -5.14184050e-02
  9.52648837e-03  2.12933943e-02  7.02487398e-03 -1.49247535e-02
 -6.98449686e-02  5.44677079e-02 -2.69164499e-02  3.38502154e-02
 -3.68758626e-02  2.14703865e-02  2.60304357e-03  8.93583968e-02
 -4.91675083e-03  1.10827014e-01 -1.97026860e-02 -7.17907771e-02
  5.50605096e-02 -2.73734294e-02  3.41275521e-03 -9.64011124e-04
  6.01072758e-02 -6.13604067e-03 -2.97447350e-02  4.49998640e-02
  2.55496288e-03 -2.17678002e-03  2.82031856e-03  2.12210547e-02
  3.47364247e-02 -1.15132555e-02 -6.01405613e-02  6.14456944e-02
 -1.26631767e-01  5.70184644e-03  1.10286497e-01  7.31309950e-02
  1.98480152e-02  1.24358311e-01 -3.03510763e-02  1.14771659e-02
  2.91894525e-02  1.64695475e-02 -9.96626168e-02 -4.34562750e-02
 -7.98622742e-02 -1.28762526e-02 -2.67682131e-02  5.12334332e-02
 -6.95948154e-02  5.50769977e-02 -7.73831010e-02  1.06548078e-01
 -2.91190799e-02  1.46816541e-02  3.90919298e-02 -4.34276983e-02
 -7.37454817e-02  3.43493260e-02  1.41853532e-02 -4.85500246e-02]"
84,../models/v1 Spec Examples/8.4.1 Wheel Hub Assembly/Wheel Package.sysml,"package 'Wheel Package' {
	doc
	/*
	 * Example from the SysML 1.6 spec, subclause 8.4.1 Wheel Hub Assembly.
	 */

	private import ISQ::*;
	
	pressure = force / length^2; 
	
	part def WheelHubAssembly {
		part wheel: WheelAssembly[1];
		part lugBoltJoints: LugBoltJoint[5] {
			ref redefines threadedHole subsets hub.h;
			ref redefines mountingHole subsets wheel.w.mountingHoles;
		}
		part hub: Hub[1];
	}
	
	part def WheelAssembly {
		inflationPressure :> pressure;
		
		part t: Tire[1] {
			part bead redefines Tire::bead;
		}
		part w: Wheel[1] {
			part rim redefines Wheel::rim;
		}		
				
		connection : PressureSeat connect t.bead to w.rim;		
	}
	
	part def Tire {
		tireSpecification : ScalarValues::String;
		
		part bead : TireBead[2];
		
		action mountTire;
	}
	
	part def TireBead;
	
	connection def PressureSeat {
		end : TireBead[1];
		end : TireMountingRim[1];
	}
	
	part def Wheel {
		diameter :> length;
		width :> length;
		
		part rim : TireMountingRim[2];
		part v : InflationValve[1];
		part weight : BalanceWeight[0..6];
		part mountingHoles : LugBoltMountingHole[5];
	}
	
	connection def BandMount {
		end : Wheel[1];
		end : WirelessTirePressureMonitor[1];
	}
	
	part def WirelessTirePressureMonitor {
		action transmitPressure;
	}
	
	part def TireMountingRim;
	
	part def InflationValve;
	
	part def BalanceWeight;
	
	part def LugBoltMountingHole {
		lugBoltSize :> length;
	}
	
	part def LugBoltJoint {
		torque :> ISQ::torque;
		boltTension :> force;
		
		ref mountingHole: LugBoltMountingHole[1];
		ref threadedHole: LugBoltThreadableHole[1];
	}
	
	part def Hub {
		part h: LugBoltThreadableHole[5];
	}
	
	part def LugBoltThreadableHole {
		lugBoltSize :> length;
		threadSize :> length;
	}
	
}","To generate a SysML v2 model for a Wheel Package, I would describe it as follows:

```plaintext
Create a package named 'Wheel Package' that reflects the Wheel Hub Assembly from the SysML 1.6 specification. This model includes the following components:

1. Define 'WheelHubAssembly' part, which includes:
   - A single 'WheelAssembly' part.
   - Five 'LugBoltJoint' parts, each redefining references to 'threadedHole' and 'mountingHole'.
   - A single 'Hub' part.

2. Define 'WheelAssembly' part with:
   - An 'inflationPressure' attribute based on a pressure equation (`pressure = force / length^2`).
   - A single 'Tire' part (with a redefining 'bead') and a single 'Wheel' part (with a redefining 'rim').
   - A connection ('PressureSeat') linking the tire's bead to the wheel's rim.

3. Define 'Tire' part featuring:
   - A 'tireSpecification' attribute (String type).
   - Two 'TireBead' parts.
   - An action 'mountTire'.

4. Define components for 'TireBead', 'Wheel', 'WirelessTirePressureMonitor', 'TireMountingRim', 'InflationValve', 'BalanceWeight', 'LugBoltMountingHole', 'LugBoltJoint', 'Hub', and 'LugBoltThreadableHole', specifying attributes and actions where needed.

5. Include additional connections:
   - 'BandMount' which connects a 'Wheel' to a 'WirelessTirePressureMonitor'.

This succinctly captures the architecture of a wheel assembly, detailing parts, connections, and relevant attributes.
```","[-5.94941080e-02 -5.23931794e-02 -2.52581108e-02  1.90128945e-02
 -2.74289753e-02 -5.25180250e-03  1.03363981e-02  4.16216552e-02
 -3.02079786e-02  1.09317163e-02  6.65527508e-02 -5.33287190e-02
  6.55789599e-02  3.87388328e-03  2.50207493e-03  2.46995464e-02
 -1.97180286e-02  7.48814363e-03 -7.10007176e-02  3.25233899e-02
  8.28281492e-02  7.20115937e-03  1.53564438e-02  1.05583593e-02
 -2.99957022e-02 -3.75365838e-02 -1.28313806e-02  1.21318594e-01
  6.27196357e-02 -2.28445623e-02  4.65599522e-02  1.28894538e-01
  2.26864591e-02 -5.78654110e-02  1.38337031e-01  5.04834764e-02
  1.31019410e-02 -3.54874581e-02 -6.04839958e-02 -1.01466537e-01
  2.08994728e-02 -3.75399664e-02  2.25809012e-02  6.91857468e-03
  3.87027487e-02 -3.88745964e-02  1.14960670e-02 -5.65511268e-03
 -2.50399541e-02  1.67252887e-02 -1.33913262e-02 -2.69462243e-02
  6.26121387e-02 -8.90429839e-02 -3.38992588e-02  7.51331449e-02
  9.39142704e-03  1.60184074e-02 -1.06622756e-01 -8.47232118e-02
  1.13833873e-02 -3.52758281e-02 -6.19353093e-02 -4.45571877e-02
 -5.07999919e-02  5.36637791e-02 -6.66368147e-03 -9.03680697e-02
  3.73062342e-02  5.34910597e-02 -1.34879887e-01 -4.30357233e-02
 -1.02037564e-02  4.97404151e-02  4.47053416e-03 -4.80709672e-02
  7.64703080e-02 -1.79902855e-02 -2.77499706e-02 -5.61070666e-02
 -7.05846697e-02  1.50371306e-02  7.86514655e-02 -3.67495394e-03
 -3.63109969e-02 -4.67540659e-02  5.93790673e-02  2.13605072e-02
  2.48824228e-02  3.18190530e-02 -3.75694521e-02 -3.95062417e-02
  9.03586578e-03 -3.08599081e-02  6.36971071e-02  8.79542530e-02
 -1.45676677e-04 -1.13137555e-03  8.02850816e-03  1.57818217e-02
 -7.93285966e-02  6.80982135e-03  4.12326232e-02 -3.93875353e-02
 -5.19230589e-02  6.56469986e-02 -4.83556911e-02 -8.01788941e-02
 -8.10906067e-02 -4.44920734e-03 -8.47418234e-03  5.56199066e-02
  7.30584259e-04 -6.96526691e-02 -1.76957957e-02 -5.46461809e-03
 -5.18371118e-03  3.87694943e-03  4.48891930e-02  5.86924236e-03
  2.82172393e-02  3.94963212e-02  2.92188339e-02  4.55874652e-02
  5.36795147e-02 -4.46974039e-02 -6.26997948e-02  2.21980739e-33
 -6.44161031e-02  1.92503899e-03  3.95421907e-02  9.60264578e-02
  9.82712116e-03  1.61367022e-02  5.68264164e-02 -1.68135278e-02
  1.62293799e-02  5.46962880e-02 -5.85073270e-02 -4.47720103e-02
 -1.01474095e-02 -4.65922877e-02 -2.41494887e-02 -5.14320396e-02
 -3.08291465e-02  5.25230356e-02 -4.12052199e-02  1.50040779e-02
 -1.22364005e-02  2.30942275e-02 -3.75846960e-02 -1.73311047e-02
  5.87662719e-02  7.08080530e-02  1.12981640e-01  2.17182003e-02
  3.14594246e-02  1.49937356e-02  2.33639125e-02  3.64471823e-02
  1.18756704e-02  2.22636983e-02 -1.30906710e-02 -1.81730650e-02
 -6.94136396e-02 -2.69325748e-02  4.90283147e-02 -2.04735287e-02
  6.81946427e-02  1.99362133e-02 -1.41496994e-02  4.02861610e-02
 -6.14729896e-02  1.18640484e-02 -1.78342182e-02  2.23119035e-02
  9.89376903e-02 -3.07681877e-02  3.12917642e-02  1.98257212e-02
  1.96325891e-02  5.89508638e-02 -3.63749787e-02 -3.62172611e-02
 -1.12627931e-02 -1.10520679e-03 -2.94745434e-02  8.15347880e-02
 -6.26791269e-02  7.54704047e-03 -1.00235464e-02 -1.42927403e-02
  4.94871028e-02  2.49168985e-02 -4.37187254e-02 -9.52112973e-02
 -2.03016046e-02 -2.68490543e-03 -6.29439726e-02  1.89685263e-02
 -3.80877964e-02  1.11793980e-01  2.16302508e-03 -6.33116588e-02
  4.27256376e-02  3.00120423e-03 -4.93384860e-02 -1.08878342e-02
 -1.41380921e-01  3.93965133e-02 -2.68281605e-02 -6.27500191e-02
  1.43938018e-02 -6.68590367e-02 -6.93445578e-02 -6.95772618e-02
 -9.33975261e-03 -1.39903277e-01 -1.67351905e-02 -8.37290734e-02
 -7.20876977e-02 -4.03387062e-02 -3.55374180e-02 -4.25894240e-33
 -2.16858126e-02  6.16332293e-02 -3.33154923e-03  9.76978242e-02
 -2.22049275e-04 -2.28159934e-05  2.04088781e-02 -5.14357090e-02
 -9.20034014e-03  5.32166148e-03  1.21195288e-02  4.19725589e-02
 -2.06434242e-02 -1.70299988e-02  3.09682861e-02  5.78772463e-02
 -2.59670173e-03 -1.42275795e-01  2.83089709e-02  5.32285832e-02
 -1.97296180e-02  5.36875613e-02 -4.99323867e-02 -2.12761667e-02
  1.30139068e-02 -3.99367251e-02  1.41506661e-02  3.10154110e-02
  2.44708196e-03  8.91238004e-02 -1.02525288e-02 -1.40519449e-02
  8.67243204e-03 -4.95681865e-03 -5.40446416e-02 -7.44632334e-02
 -1.05091222e-01 -6.41182363e-02 -3.75417806e-02  2.32639089e-02
  2.36584451e-02 -4.88382801e-02 -3.93161066e-02 -1.04909716e-02
 -2.90305968e-02 -4.86007817e-02  2.88915522e-02 -5.51827326e-02
  1.88822094e-02 -7.18306974e-02  1.13653019e-02  1.59146152e-02
  5.35806529e-02  1.90054234e-02 -1.02760578e-02  3.60014476e-02
  1.42582720e-02 -5.45470640e-02  1.87360421e-02 -3.52664217e-02
  5.42167351e-02  1.46661196e-02  8.65946263e-02 -7.89023191e-03
  3.45986858e-02 -5.69868386e-02  1.10015702e-02 -3.98259051e-02
 -5.73390350e-02  5.41418120e-02 -3.17366421e-02  4.34351787e-02
  7.31662288e-02  7.85076469e-02  6.11078888e-02  2.41328757e-02
 -4.72867955e-03  6.12264052e-02  7.12459087e-02 -5.42200357e-02
 -6.26282915e-02  2.45255511e-02  8.99708197e-02  1.21390522e-01
 -9.13754292e-03 -5.07496148e-02 -9.07163601e-03  8.68856385e-02
  4.15117852e-02  7.77263641e-02  9.75424331e-03  4.00122032e-02
  2.48226915e-02  1.98449984e-01  4.89957482e-02 -5.92009499e-08
 -2.31541153e-02  2.53928527e-02 -6.27978966e-02 -1.63916871e-02
 -6.39091758e-03  3.39889154e-02 -4.45247144e-02  1.70837883e-02
 -5.96770644e-02  4.78728823e-02 -3.40223946e-02  6.09815195e-02
 -3.67714763e-02  9.27640777e-03 -2.71989685e-02  8.01368877e-02
 -5.10041043e-03  1.05087966e-01 -6.27452061e-02 -8.12400654e-02
  1.20073473e-02  1.73830409e-02 -2.61893161e-02 -3.45491455e-03
  5.14749996e-02 -7.06908060e-03 -2.28569359e-02  1.48244435e-02
  5.42672127e-02 -2.97680106e-02  5.82544394e-02 -2.64180731e-02
  1.96493603e-02  1.40323704e-02 -4.85746674e-02  5.07565774e-02
 -1.04548536e-01  4.50080214e-03  1.11921944e-01  8.00746679e-02
 -3.38507779e-02  8.89109969e-02 -3.29996757e-02 -6.24372019e-03
  8.04286823e-03  4.86269742e-02 -1.58645779e-01 -6.80551380e-02
 -6.99533895e-02  3.13308500e-02 -3.33195962e-02  6.80007637e-02
 -8.56592581e-02  7.24395886e-02 -4.39564027e-02  8.46582130e-02
 -2.36030184e-02  5.95558109e-03  6.46598712e-02 -2.87454091e-02
 -8.55390653e-02  4.00803797e-02  1.22166174e-02 -1.50478128e-02]"
85,../models/v1 Spec Examples/8.4.5 Constraining Decomposition/Vehicle Decomposition - Updated.sysml,"package 'Vehicle Decomposition - Updated' {
	doc
	/*
	 * Example from the SysML 1.6 spec, subclause 8.4.5 Constraining Decomposition,
	 * updated for usage-focused approach.
	 */
	
	// Blocks
	
	part def Vehicle;
	
	part def 'Chassis Assembly';
	
	part def Wheel;
	
	part def LugBolt;
	
	part def RollBar;
	part def HeavyRollBar :> RollBar;
	part def LightRollBar :> RollBar;
	
	part def Engine;
	
	part def Cylinder;
	
	// Parts
	
	part vehicle : Vehicle {
		part chs : 'Chassis Assembly'[1] {
			part rb : RollBar[0..1];
			part w : Wheel[4] {
				part lb : LugBolt[6..10];
			}
		}
		part eng: Engine[1] {
			part cyl : Cylinder[4..8];
		}
	}
	
	
	part 'vehicle model 1' :> vehicle {
		part redefines chs {
			part redefines rb : LightRollBar[0..1];
			part redefines w {
				part redefines lb;
			}
		}
		part redefines eng {
			part redefines cyl[4];
		}
		
		// Constrains total number of lugbolts.
		ref lugBolts[24] = chs.w.lb;
	}
	
	part 'vehicle model 2' :> vehicle {
		part redefines chs {
			part redefines rb[0];
			part redefines w {
				// Constrains number of lugbolts per wheel.
				part redefines lb[6..7];
			}
		}
		part redefines eng {
			part redefines cyl[6..8];
		}
	}
}","To create a SysML v2 model named ""Vehicle Decomposition - Updated"", I would define a package that represents the structure of a vehicle, illustrating its components and their relationships. The model will include the following key elements:

1. **Blocks**: I would define blocks representing the main components of the vehicle:
   - `Vehicle`
   - `Chassis Assembly`
   - `Wheel`
   - `LugBolt`
   - `RollBar` with subtypes `HeavyRollBar` and `LightRollBar`
   - `Engine`
   - `Cylinder`

2. **Parts**: The main vehicle part would be defined to consist of:
   - One `Chassis Assembly` that contains:
     - Up to 1 `RollBar`
     - Four `Wheels`, each containing between 6 to 10 `LugBolts`
   - One `Engine` with between 4 to 8 `Cylinders`

3. **Vehicle Instances**: 
   - `vehicle model 1`: A refined version of the main vehicle, redefining the chassis to have a `LightRollBar` and constraining the total number of `LugBolts` to 24. It also defines exactly 4 `Cylinders`.
   - `vehicle model 2`: A different refined version with 0 `RollBar`, allowing for a different structure of `LugBolts` per wheel (6 to 7), and defining `Cylinders` ranging from 6 to 8.

Overall, the model showcases a hierarchical decomposition of a vehicle emphasizing flexibility in configuration while adhering to constraints on the number of components.","[-4.73612249e-02 -2.73927450e-02 -2.26967689e-03 -4.11365740e-03
 -2.28300858e-02 -4.56202440e-02 -1.71327535e-02  7.92674944e-02
 -3.46879996e-02  4.25915420e-03  7.09306747e-02 -4.49963920e-02
  4.35594320e-02 -5.44434988e-05  1.17092580e-02  2.67652497e-02
  5.03345486e-03 -1.03505217e-02 -9.39646140e-02  6.40308037e-02
  8.22777525e-02 -5.74698709e-02  1.59949772e-02 -8.51718523e-03
 -1.17410414e-01  5.71455574e-03 -4.40456271e-02  8.63642171e-02
  4.93535921e-02 -7.34604895e-02  5.77777550e-02  6.63854852e-02
  4.62210458e-03  1.28232650e-02  7.01196417e-02 -3.20416018e-02
  3.76346745e-02 -2.68323980e-02 -7.07675070e-02 -6.22230805e-02
 -2.71538226e-03 -6.79779891e-03 -5.89090958e-02 -1.75890233e-02
  7.39491507e-02  5.76357776e-03 -1.70331113e-02 -1.20576723e-02
  3.24196345e-03 -4.82611693e-02  8.95695353e-04 -1.15977740e-02
 -4.12863418e-02  3.47331958e-03 -4.26444337e-02  1.03389360e-02
 -3.83418128e-02 -1.91206094e-02 -9.40827802e-02 -1.73777379e-02
  9.10289865e-03  4.34559584e-02 -3.12115178e-02 -6.71237484e-02
 -1.58283040e-02  5.32953441e-03 -7.25739971e-02 -1.68892164e-02
  3.62416133e-02  1.16304301e-01 -8.22011307e-02 -5.21647185e-02
  6.00122694e-05  3.59692313e-02 -4.59788665e-02 -9.53381732e-02
  1.24179043e-01 -7.24557554e-03 -5.95505722e-02 -9.87844989e-02
 -6.56660125e-02  1.73111539e-02 -2.54809503e-02 -8.13859794e-03
  2.19009947e-02 -6.65892363e-02  2.81635169e-02  2.95450222e-02
  1.24941198e-02  5.06332703e-02 -3.58972587e-02 -1.56390928e-02
  9.27918926e-02  5.10280393e-03  6.25911504e-02  8.52815062e-02
  3.85992192e-02  3.10508013e-02  5.94401881e-02  3.17247845e-02
 -1.73993707e-02  1.46960216e-02  1.13389045e-01 -3.00230198e-02
 -7.77617395e-02  4.34863530e-02 -3.65996584e-02 -1.71879660e-02
 -7.06194118e-02 -9.28934291e-02  1.88121777e-02  3.57016437e-02
 -6.89928159e-02 -2.97204982e-02 -3.77650633e-02 -4.36674021e-02
  2.84355376e-02  1.64475776e-02  2.32352912e-02  7.24857394e-03
  4.15904112e-02  1.13553293e-02  9.97175202e-02  1.28115183e-02
  3.68990973e-02 -8.06953944e-03 -5.60484007e-02  1.61605476e-33
 -9.09279734e-02 -2.13234648e-02 -2.89337598e-02  1.46019906e-01
  3.32621112e-02  6.16578795e-02 -7.29329232e-03  5.88148758e-02
 -3.67065705e-03  1.23578563e-01 -4.87035029e-02 -4.08798866e-02
 -4.42815572e-02 -1.52830584e-02  2.88206097e-02 -6.57679588e-02
 -4.06283624e-02  3.60263884e-03 -4.18969467e-02 -4.67779413e-02
 -3.57731357e-02  2.36854125e-02 -1.04308901e-02 -2.00875457e-02
  7.42297843e-02  6.77424446e-02  9.00527835e-02 -1.86203662e-02
 -4.71123196e-02  1.56149948e-02  9.70679987e-03  7.25043181e-04
  8.71940423e-03  4.94276546e-02  6.02064515e-03 -6.57899398e-03
 -6.59541041e-02 -4.39478494e-02  4.80664968e-02 -4.57592458e-02
  4.75872867e-02 -2.22784001e-02 -6.69614673e-02  2.38573905e-02
 -6.14253916e-02  4.88868095e-02  3.63429487e-02  3.58631462e-02
  5.15449159e-02 -4.19163331e-03 -8.47351155e-04  7.83493568e-04
  1.58043969e-02 -2.73857731e-02 -6.72731102e-02 -1.92992035e-02
  1.69002991e-02  5.44174425e-02  5.19577228e-02  2.25152634e-02
 -2.56712027e-02  2.74548568e-02 -1.36968829e-02 -2.57831276e-03
  5.21125942e-02  8.21091831e-02 -4.78046127e-02 -2.88558565e-02
  3.41072530e-02  3.13701271e-03 -8.12937245e-02  9.09238402e-03
  1.22882482e-02  1.06849462e-01  9.30671543e-02 -3.72402668e-02
  1.74115784e-02 -1.12321628e-02 -1.16766848e-01  3.16391475e-02
 -9.66084525e-02  1.00521103e-01 -7.27575421e-02 -5.25933504e-02
  9.97801777e-03 -4.73343544e-02 -2.55071893e-02 -1.10314889e-02
 -5.20456806e-02 -7.92066902e-02 -3.52089927e-02 -9.48124975e-02
 -7.84121156e-02 -3.07017304e-02 -3.30876047e-03 -5.07485817e-33
  2.60554366e-02  3.30392234e-02  2.49340627e-02  1.55384827e-03
  1.17410999e-02 -6.98441565e-02 -1.44187463e-02 -3.58929783e-02
 -4.42948826e-02  3.86197753e-02  3.03743985e-02 -2.38996744e-03
  4.78972355e-03 -5.79952914e-03  1.34249218e-04  9.05457139e-02
 -2.46413480e-02 -1.70915619e-01 -1.25522325e-02  1.11743975e-02
 -5.04261665e-02  5.54312505e-02 -2.08901837e-02  6.36842325e-02
  4.76338388e-03  9.97310411e-03  2.94746123e-02  2.71009244e-02
  7.89197981e-02 -2.57211272e-02  4.34642565e-03 -9.46911201e-02
  5.50379418e-02 -1.88815501e-02 -7.10754618e-02 -9.08851326e-02
 -2.32090279e-02 -5.11404537e-02 -3.84523310e-02  1.42360700e-03
  2.99130660e-02 -2.00751238e-02 -1.79360453e-02  2.30969712e-02
 -1.10794166e-02 -1.20472098e-02  2.46592541e-03 -4.83044647e-02
 -2.05647852e-03 -8.41431990e-02  3.40573750e-02 -1.78903975e-02
 -2.01185495e-02  1.33136902e-02  4.51050363e-02  1.59798693e-02
  2.31253430e-02 -2.35441308e-02  8.39813333e-03 -2.56689154e-02
  5.76618388e-02 -3.73394936e-02  2.85433754e-02 -2.19582440e-03
  3.06600984e-03 -7.81326219e-02 -1.97272543e-02 -6.21313453e-02
 -6.56836778e-02  2.26765964e-03 -1.47728156e-02  5.74954739e-03
  5.73937967e-03 -2.93228608e-02  1.06774550e-02 -1.32680191e-02
 -4.96369181e-03  3.81492227e-02  1.17067754e-01 -3.31655443e-02
 -8.70182142e-02 -8.33547115e-02  9.76918414e-02  8.81911069e-02
 -5.70461228e-02 -4.59136665e-02 -5.15524782e-02  1.02881141e-01
  5.80750257e-02  4.06437516e-02  1.62402093e-02  5.52385524e-02
  1.04774348e-02  1.69043362e-01 -2.82006878e-02 -5.71173508e-08
  4.84693563e-03 -4.14171489e-03  9.48774279e-04 -2.46916320e-02
 -1.46342833e-02 -6.77954033e-03 -5.08618280e-02  2.17274278e-02
 -5.68174683e-02  2.31309608e-02  2.46650185e-02  1.95119064e-02
 -7.72034451e-02  2.47938614e-02 -4.79217283e-02  5.70823997e-02
 -4.20845374e-02  1.04479171e-01 -2.28644721e-02 -6.65552169e-02
  5.45226112e-02 -2.42562755e-03  2.83772275e-02  5.57604246e-02
  4.61888760e-02 -2.85033882e-02 -3.24626751e-02 -3.33512342e-03
  7.59626627e-02 -7.14116991e-02  7.36753121e-02  2.82652043e-02
  9.57962051e-02  3.15543376e-02 -1.19687160e-02 -3.81677747e-02
 -1.18582338e-01  3.88752744e-02  7.39748478e-02  5.23108318e-02
  4.88126539e-02 -2.07826402e-02 -3.18281539e-02  3.45848911e-02
  4.16132696e-02  7.05498308e-02 -1.26994848e-01 -7.89946765e-02
 -8.75954330e-02  1.86412092e-02  1.73400547e-02  1.73518229e-02
 -6.29338920e-02  1.04553528e-01 -8.31840783e-02  2.93756295e-02
 -8.28589965e-03  1.15167256e-02  7.28617236e-02 -7.63249397e-02
 -2.73509510e-02  3.21586281e-02  8.13068077e-03  3.50335613e-02]"
86,../models/v1 Spec Examples/8.4.5 Constraining Decomposition/Vehicle Decomposition.sysml,"package 'Vehicle Decomposition' {
	doc
	/*
	 * Example from the SysML 1.6 spec, subclause 8.4.5 Constraining Decomposition.
	 */
	
	part def Vehicle {
		part chs : 'Chassis Assembly'[1] {
			part rb redefines 'Chassis Assembly'::rb;
			part redefines w {
				part redefines lb;
			}
		}
		part eng : Engine[1] {
			part cyl redefines Engine::cyl;
		}
		
		ref cylinderBR[*] = eng.cyl;
		ref rollBarBR[*] = chs.rb;
		ref lugBoltBR[24..32] = chs.w.lb;
	}
	
	part def 'Chassis Assembly' {
		part w : Wheel[4];
		part rb : RollBar[0..1];
	}
	
	part def Wheel {
		part lb : LugBolt[6..10];
	}
	
	part def LugBolt;
	
	part def RollBar;
	part def HeavyRollBar :> RollBar;
	part def LightRollBar :> RollBar;
	
	part def Engine {
		part cyl : Cylinder[4..8];
	}
	
	part def Cylinder;
	
	part def 'Vehicle Model 1' :> Vehicle {
		ref redefines cylinderBR[4];
		ref redefines rollBarBR : LightRollBar[*];
		ref redefines lugBoltBR[24];
	}
	
	part def 'Vehicle Model 2' :> Vehicle {
		ref redefines cylinderBR[6..8];
		ref redefines rollBarBR[0];
		ref redefines lugBoltBR[24..28]; // 6..7 per wheel
	}
}","To generate the SysML v2 model for the ""Vehicle Decomposition"" package, I want a decomposition of vehicle systems that includes various components and their configurations. The model will define a `Vehicle` part which contains a `Chassis Assembly` and an `Engine`, along with redefinitions for certain components.

1. **Vehicle Part**: The main part `Vehicle` includes the integrated parts:
   - **Chassis Assembly** (`chs`): Contains:
     - **Wheel** (`w`): Four instances, each with redefined attributes for `LugBolt` (`lb`).
     - **RollBar** (`rb`): Defined with optional instances (0 to 1).
   - **Engine** (`eng`): Contains a variable number of `Cylinder` parts.

2. **References**: The vehicle part will have references to:
   - `cylinderBR`: Points to `cyl` from `eng`.
   - `rollBarBR`: Points to `rb` from `chs`.
   - `lugBoltBR`: Represents the `lb` from `chs`, defined with a possible range (24 to 32).

3. **Chassis Assembly Part**:
   - Composed of `Wheel` and `RollBar`.

4. **Wheel Part**: Contains a flexible number of `LugBolt`.

5. **RollBar**: It has specialized parts: `HeavyRollBar` and `LightRollBar`.

6. **Engine Part**: Defined with a variable quantity of `Cylinder`.

7. **Derived Vehicle Models**:
   - **Vehicle Model 1**: 
     - Redefines the number of `cylinderBR` to 4, `rollBarBR` to use `LightRollBar` and 24 `lugBoltBR`.
   - **Vehicle Model 2**: 
     - Changes `cylinderBR` to a range of 6 to 8, uses 0 `rollBarBR`, and defines `lugBoltBR` from 24 to 28.

This concise structure allows for a clear representation of the vehicle's assembly and provides flexibility for the creation of specific vehicle models.","[-7.12492466e-02 -3.18047330e-02  6.07868482e-04  6.10595383e-03
  2.68995818e-02 -2.50238422e-02  2.44835895e-02  4.82460074e-02
 -3.86416316e-02 -4.04265635e-02  3.84053141e-02 -4.37420905e-02
  7.45038092e-02 -1.50775872e-02  9.28170793e-03  3.07030715e-02
  1.38187851e-03  2.45148054e-04 -9.05311629e-02  3.88196595e-02
  5.99284321e-02  1.04560787e-02 -8.09263252e-03  2.13555451e-02
 -5.27618453e-02 -1.79298148e-02 -2.67076362e-02  1.06469214e-01
  6.30343184e-02 -6.01832308e-02  8.79874676e-02  8.22171643e-02
 -2.76205745e-02 -2.00408772e-02  9.63590667e-02  1.24363275e-02
 -6.98179472e-03 -5.08565642e-02 -7.87206814e-02 -5.53642511e-02
  1.07658086e-02  3.75592969e-02 -3.76116484e-02 -1.69704594e-02
  9.89125594e-02  4.28523719e-02 -2.63023768e-02 -6.05228217e-03
 -1.73613522e-02 -5.91606535e-02 -2.63542403e-02  2.02564383e-03
 -1.39559126e-02  3.77124362e-02 -5.56359887e-02  1.73775479e-02
 -1.79981347e-02 -6.67267069e-02 -1.05071619e-01 -4.53182422e-02
 -1.09638143e-02  1.56643037e-02 -2.79700849e-02 -9.81914178e-02
 -5.94428591e-02  3.09266336e-02 -5.06723821e-02 -5.93718886e-02
  2.01566312e-02  1.07375026e-01 -9.52326059e-02 -6.15117513e-02
 -2.78194202e-03  5.38716055e-02 -2.11570635e-02 -9.61283047e-04
  1.40833989e-01 -4.57614884e-02 -4.48074862e-02 -9.42165032e-02
 -6.39509037e-02 -3.00995586e-03 -2.00399049e-02 -3.00546065e-02
  3.69507261e-02 -2.83795930e-02 -9.69340035e-04  5.90181618e-04
  3.45174260e-02  6.28203228e-02 -3.16266604e-02 -2.39936132e-02
  6.40393123e-02 -2.07944736e-02  5.43586425e-02  5.61223887e-02
  9.59868804e-02  6.70749098e-02  6.20996580e-02  2.50982158e-02
 -5.56786582e-02  9.86928586e-03  1.02704309e-01 -5.05749322e-02
 -1.04453415e-01  6.53889105e-02 -6.42144531e-02 -7.22258771e-03
 -8.95130560e-02 -1.14047736e-01  5.02940034e-03  5.21201268e-02
 -2.41434965e-02 -3.87568623e-02  2.67632655e-03 -2.87550464e-02
  6.37474433e-02 -3.46434824e-02  4.40544039e-02  2.16328409e-02
  2.02454980e-02 -1.20815104e-02  7.05845058e-02  5.99174909e-02
  2.52756141e-02 -2.83137262e-02 -8.06287825e-02  1.43497830e-33
 -5.66811971e-02 -3.04511003e-02  2.31875423e-02  1.01022750e-01
 -2.18922161e-02  7.12360442e-02 -3.72492545e-03  4.36935686e-02
 -3.56947631e-02  1.05594307e-01 -5.89773282e-02 -3.37000377e-02
 -5.36367148e-02 -3.95392142e-02  2.74695363e-02 -3.19320150e-02
 -1.10419933e-02  1.03819277e-03 -5.03544062e-02 -4.37730253e-02
  6.60719816e-03  3.87230925e-02 -5.49491905e-02 -4.45531793e-02
  3.51128429e-02  5.88451810e-02  7.72837400e-02 -6.14987351e-02
 -3.93968895e-02  2.83346307e-02 -1.42656788e-02  2.12230720e-02
 -2.53283121e-02  8.51835087e-02 -2.41809264e-02 -3.86960246e-02
 -8.17057714e-02 -2.65149046e-02  1.83853768e-02 -2.79945862e-02
  8.06141421e-02  9.98009741e-03 -6.29438534e-02  2.82304473e-02
 -5.01996242e-02  4.63914461e-02  1.06635178e-02  7.32262507e-02
  8.11487734e-02 -7.22749624e-03  1.71742477e-02  8.99591297e-03
  4.00850065e-02 -2.59138923e-02 -4.84881140e-02  5.18212514e-03
  4.09486936e-03  3.19711789e-02  3.73395160e-02  4.29139771e-02
 -3.82669568e-02  6.98321387e-02 -2.75107156e-02 -1.91452950e-02
  4.27776054e-02  5.79189844e-02 -3.20480801e-02 -4.17072512e-02
  3.63993607e-02  3.41580361e-02 -7.77185708e-02 -8.48092046e-03
  1.59453023e-02  8.92947167e-02  7.54610226e-02 -6.07282482e-02
  2.90741120e-02 -3.09259146e-02 -5.95357679e-02 -1.05637191e-02
 -1.06226936e-01  1.51956007e-01 -5.85169159e-02 -5.03864810e-02
  4.00524735e-02 -7.83550292e-02 -4.50210497e-02 -5.86911999e-02
 -7.91920051e-02 -9.74633768e-02 -9.03038122e-03 -1.23851582e-01
 -8.63458663e-02 -4.34393296e-03 -5.94138168e-02 -3.99494106e-33
  1.77628379e-02  1.43931049e-03  4.38105986e-02  5.11145685e-03
 -1.16507374e-02 -8.53275731e-02 -1.85055236e-04 -2.57472079e-02
 -6.09853887e-04  4.84687537e-02  2.15612799e-02 -2.25551287e-03
  2.66433246e-02  2.30517872e-02  4.18387260e-03  8.23348314e-02
 -2.98763290e-02 -1.52178943e-01 -2.10820735e-02  4.12418358e-02
 -5.70207499e-02  5.21606579e-02  2.35454012e-02  2.31870469e-02
 -8.06524791e-03 -6.49580907e-04  8.28803889e-03  3.89706381e-02
  7.68306404e-02 -3.34631167e-02 -2.29395591e-02 -3.63452286e-02
  9.03540291e-03 -8.74896720e-03 -9.25236195e-02 -8.62781331e-02
 -6.07044026e-02 -9.79056302e-03 -2.20876690e-02 -2.47549750e-02
  2.57668234e-02 -3.66871469e-02 -6.32321611e-02  3.46414670e-02
  5.97925112e-03  4.53653134e-04  2.79894210e-02 -2.85845622e-02
  2.62406543e-02 -3.67498249e-02  2.59051546e-02 -3.43591385e-02
  1.14614423e-02  5.58396876e-02  7.26595102e-03  1.47351017e-02
  3.52736488e-02 -3.17810997e-02  3.47438194e-02 -3.22090611e-02
  5.44299111e-02 -1.64252482e-02  4.09593359e-02  1.93436444e-02
  4.28047553e-02 -4.64129746e-02  5.08715678e-03 -3.95569205e-02
 -4.17992808e-02 -1.10803423e-02  6.04048930e-03  3.39636579e-02
  3.11053433e-02 -7.34754698e-03  3.22004035e-02  8.02907685e-04
 -4.77331430e-02  4.19139005e-02  7.31061101e-02 -3.69647518e-02
 -7.12558255e-02 -7.06857592e-02  6.88919201e-02  8.44652802e-02
 -2.88601313e-02 -5.37882373e-02 -4.95599620e-02  1.04360186e-01
  5.85582629e-02  4.14187415e-03  1.27131576e-02  5.77595346e-02
  4.48682494e-02  1.78783953e-01 -2.81635448e-02 -5.87196887e-08
  1.04582822e-02  1.84234940e-02 -5.18579073e-02 -3.65890376e-02
 -2.33992822e-02 -2.86514908e-02 -3.45546864e-02  3.02773323e-02
 -3.09822802e-02  6.66267350e-02  2.72797626e-02  4.33396036e-03
 -3.37210633e-02 -4.69306903e-03 -5.63360527e-02  3.46707553e-02
 -4.24409881e-02  6.86223879e-02 -2.16981433e-02 -7.48716071e-02
  7.55329132e-02 -8.72700009e-03  9.36103240e-03  5.86929396e-02
  6.28781095e-02 -5.16372249e-02 -3.51491533e-02 -2.46302560e-02
  1.05282225e-01 -2.75956932e-02  4.46336679e-02  5.20150503e-03
  9.32936221e-02  7.41585642e-02 -2.26239078e-02 -9.17203818e-03
 -8.38269591e-02  3.61393504e-02  3.57882380e-02  2.89024077e-02
  1.45374332e-02 -9.04811732e-03 -6.48515895e-02  7.71066081e-03
  6.50438219e-02  4.51029465e-02 -1.05605029e-01 -7.07996115e-02
 -1.52402092e-02  2.91392002e-02 -1.85822677e-02  7.86330830e-03
 -8.52082148e-02  9.36210379e-02 -5.56901842e-02  9.53358412e-03
  2.71741371e-03  1.15212360e-02  1.04887523e-01 -8.68019313e-02
 -3.53172645e-02  3.11183017e-02  3.22927795e-02  3.34467404e-02]"
87,../models/v1 Spec Examples/D.4.7.8 Dynamics/HSUVDynamics.sysml,"package HSUVDynamics {
	private import ScalarValues::*;
	private import SequenceFunctions::size;
	private import ControlFunctions::*;
	
	attribute def Horsepwr :> Real;
	attribute def Weight :> Real;
	attribute def Accel :> Real;
	attribute def Vel :> Real;
	attribute def Dist :> Real;
	attribute def Time :> Real;
	
	constraint def PowerEquation {
		attribute whlpwr : Horsepwr;
		attribute Cd : Real;
		attribute Cf : Real;
		attribute tw : Weight;
		attribute tp : Horsepwr;
		attribute v : Vel;
		
		tp == whlpwr - Cd * v - Cf * tw * v
	}
	
	constraint def PositionEquation {
		attribute dt : Time;
		attribute v : Vel[0..*] ordered;
		attribute x : Dist[0..*] ordered;
		
		(1..size(x)-1)->forAll {in n : Natural; x#(n + 1) == x#(n) + v#(n) * (5280/3600) * dt}
	}
	
	constraint def VelocityEquation {
		attribute dt : Time;
		attribute v : Vel[0..*] ordered;
		attribute a : Accel;
		
		(1..size(v)-1)->forAll {in n: Natural; v#(n + 1) == v#(n) + a * 32 * (3600/5280) * dt}
	}
	
	constraint def AccelerationEquation {
		attribute tw : Weight;
		attribute dt : Time;
		attribute tp : Horsepwr;
		attribute a : Accel;
		
		a == (550/32) * tp * dt * tw
	}
	
	constraint def StraightLineVehicleDynamics {
		attribute dt : Time;
		attribute whlpwr : Horsepwr;
		attribute Cd : Real;
		attribute Cf: Real;
		attribute tw : Weight;
		attribute a : Accel;
		attribute v : Vel[0..*] ordered;
		attribute x : Dist[0..*] ordered;
		
		constraint pwr : PowerEquation {
			attribute redefines whlpwr = StraightLineVehicleDynamics::whlpwr;
			attribute redefines Cd = StraightLineVehicleDynamics::Cd;
			attribute redefines Cf = StraightLineVehicleDynamics::Cf;
			attribute redefines tw = StraightLineVehicleDynamics::tw;
			attribute redefines v = vel.v;
			attribute redefines tp;
		}
		
		constraint acc : AccelerationEquation {
			attribute redefines tp = pwr.tp;
			attribute redefines tw = StraightLineVehicleDynamics::tw;
			attribute redefines dt = StraightLineVehicleDynamics::dt;
			attribute redefines a = StraightLineVehicleDynamics::a;
		}
		
		constraint vel : VelocityEquation {
			attribute redefines a = acc.a;
			attribute redefines v = StraightLineVehicleDynamics::v;
			attribute redefines dt = StraightLineVehicleDynamics::dt;
		}
		
		constraint pos : PositionEquation {
			attribute redefines v = vel.v;
			attribute redefines x = StraightLineVehicleDynamics::x;
			attribute redefines dt = StraightLineVehicleDynamics::dt;
		}
	}
		
}","To generate the SysML v2 model for vehicle dynamics, I would create a package named `HSUVDynamics` that defines several attributes related to vehicle performance, including horsepower, weight, acceleration, velocity, distance, and time.

Within this package, I would define multiple constraints to represent the essential equations of motion and dynamics for a vehicle. These include:

1. **Power Equation**: Relates horsepower, drag coefficient, rolling resistance, weight, and velocity, capturing how these factors influence the power available to the vehicle.

2. **Position Equation**: Describes how the position of the vehicle changes over time based on its velocity and the time step, utilizing a loop to update the position for each time increment.

3. **Velocity Equation**: Models how the vehicle's velocity changes over time given its acceleration, also iterating through recorded velocity values.

4. **Acceleration Equation**: Connects weight, horsepower, time, and acceleration to determine the vehicle's acceleration based on the available power.

5. **Straight Line Vehicle Dynamics Constraint**: This encompasses the above equations to simulate the dynamics of a vehicle moving in a straight line, ensuring that the constraints interact cohesively while redefining essential attributes from the broader context to specific instances.

Each equation is defined with appropriate attributes, and the use of ordered collections allows for the tracking of velocity and position across multiple time points. The model aims to provide a comprehensive simulation of vehicle motion dynamics under specified conditions.","[-7.62365311e-02 -8.84189364e-03 -1.91476401e-02 -4.32961248e-03
 -1.76164880e-02  2.44650133e-02 -6.88483790e-02  4.00966145e-02
 -2.80283615e-02 -9.59629659e-03  5.41073717e-02 -3.49928923e-02
  4.85513546e-02 -1.68824643e-02 -2.53033526e-02  3.78605798e-02
 -2.10264442e-03  5.27932607e-02 -4.89277765e-02  3.12282369e-02
  1.59292772e-01 -1.29931755e-02  5.31762745e-03 -1.66526076e-03
 -7.18852207e-02 -1.98473465e-02 -1.13033038e-02  1.04192182e-01
 -7.94852804e-03 -5.22946045e-02  4.30275407e-03 -5.05571179e-02
  2.06496622e-02 -9.51770879e-03  1.68317445e-02 -5.05136102e-02
  1.64219923e-02 -2.81057917e-02 -1.02099113e-01 -1.28823295e-02
 -7.82336444e-02 -6.51811138e-02 -2.39043757e-02  2.74898186e-02
  1.11158460e-01  5.44538721e-03  3.03987246e-02  1.18585611e-02
 -5.67565411e-02 -2.97030937e-02 -6.10905550e-02  3.20845470e-02
 -9.23829526e-03 -7.00520873e-02 -2.45105587e-02  7.49964034e-03
  2.84172595e-02  1.83242206e-02 -3.29995118e-02 -6.78863451e-02
  1.83377527e-02  1.68833206e-03 -6.51772991e-02 -8.90873000e-03
 -7.89297149e-02  1.56980697e-02 -3.88176404e-02  5.60418963e-02
  5.88049516e-02  1.23681612e-01 -8.06856677e-02 -6.30071387e-02
  1.67723323e-04 -3.38323303e-02  1.60013530e-02 -6.76603764e-02
  8.41392726e-02  6.96888333e-03  1.49889039e-02 -5.16188331e-02
  4.83226817e-04  2.76944488e-02 -6.09921217e-02  1.01379938e-02
 -2.33926550e-02 -6.08516373e-02  1.11355912e-02  2.69337669e-02
  1.04483873e-01  6.36467487e-02  3.22549827e-02  1.59829315e-02
  5.66583723e-02 -3.74434851e-02  1.28013492e-01  3.89954448e-02
  2.24752841e-03 -6.55592978e-02  6.66529834e-02 -4.09087911e-02
 -1.59808304e-02  1.76653117e-02  3.92116979e-02  4.69509438e-02
 -2.04091403e-03  6.85570613e-02  5.64010954e-03 -8.93220305e-03
 -5.72559498e-02 -6.52260184e-02  7.48346746e-02  6.33663982e-02
 -3.91434245e-02 -3.81282642e-02  1.70330238e-02  3.18221897e-02
 -1.38533739e-02 -3.23797651e-02  4.18808758e-02 -2.95812041e-02
 -7.36586973e-02 -8.48235637e-02  8.04357976e-02  2.49037128e-02
  7.37090632e-02 -7.17585385e-02 -4.82818373e-02 -1.26523875e-33
 -1.59373373e-01 -3.91476648e-03  2.44996254e-03  9.91184786e-02
 -3.16629335e-02  4.04708199e-02 -6.55711070e-02  1.71571281e-02
  7.96560384e-03  1.15002602e-01 -5.37316725e-02 -3.70971602e-03
 -2.32515559e-02  2.91591939e-02  3.55712064e-02 -5.64023778e-02
  3.03406641e-03  3.82789671e-02 -1.53184133e-02  2.15980653e-02
  3.24010216e-02 -9.59630497e-03 -3.48018669e-02 -2.10266002e-02
  6.03966303e-02  8.22458491e-02  3.19984667e-02  1.02908174e-02
 -2.18076091e-02  3.08243115e-03  2.99561806e-02 -2.88924593e-02
 -3.55646275e-02 -8.40984844e-03 -3.42840180e-02  3.55777666e-02
 -3.97888273e-02 -5.70424460e-02  6.00284524e-02  1.63135231e-02
  2.29568258e-02 -2.51970589e-02 -2.02491712e-02  3.18905003e-02
 -1.00198574e-01 -4.26437752e-03  3.36851254e-02  5.02882563e-02
 -3.42647620e-02  4.34342362e-02 -1.02469340e-01  1.34197238e-03
  6.39187470e-02 -6.11208715e-02 -1.82650127e-02  1.44375497e-02
  3.40263471e-02  2.16248538e-02 -7.39329010e-02  9.26288888e-02
 -7.74758756e-02 -1.36916880e-02  4.55516689e-02 -1.19706847e-01
  5.41853718e-02  2.89992616e-03 -8.48812833e-02 -1.25129251e-02
  8.97298679e-02  5.42569682e-02 -3.31780910e-02  1.16488095e-02
 -2.65384782e-02 -3.94122908e-03  9.41015631e-02 -4.77425605e-02
  4.59452458e-02  1.56766940e-02 -7.52254650e-02  3.99675220e-04
 -1.44713596e-01  8.33217725e-02 -1.50029063e-02 -2.28553880e-02
  1.39697921e-02 -5.35549000e-02 -5.38934357e-02 -4.68370616e-02
 -3.36604826e-02 -8.19969475e-02 -1.63471363e-02 -3.15581001e-02
 -2.94383224e-02  5.20286746e-02  8.79291818e-03 -1.52339862e-33
  3.94372940e-02 -1.63614191e-02  5.71217537e-02  1.99243519e-02
  5.16874418e-02  3.02560329e-02 -2.65520159e-02 -3.05934343e-02
  3.43086235e-02 -3.09189297e-02 -1.32511770e-02 -4.36070077e-02
 -1.11337602e-02  5.12620993e-02  8.86667594e-02  5.87654859e-02
 -3.51147205e-02 -1.72724605e-01 -1.86123643e-02  4.18973006e-02
 -8.11597612e-03  4.21534367e-02  4.37929248e-03 -2.63348185e-02
  6.75261021e-02 -1.00969467e-02  2.21027136e-02  1.55736471e-03
  1.67134926e-02  1.94054563e-02  1.26626929e-02 -4.95719947e-02
  3.09758838e-02 -1.00995961e-03 -5.07669710e-02 -7.91228786e-02
  1.22387484e-02 -2.53314078e-02  2.42989939e-02  1.82381086e-02
  4.69180048e-02  1.94089767e-02  3.12763825e-02 -2.03767922e-02
  5.22777587e-02  6.44681826e-02  1.21775670e-02 -1.73318628e-02
 -3.81468399e-03  4.41694492e-03  3.41583639e-02 -2.49957778e-02
 -2.16592159e-02  5.68027683e-02 -9.58317146e-03  2.11074390e-02
  1.92969944e-02 -2.69250441e-02  3.10967509e-02 -2.99230348e-02
  2.81724846e-03 -7.20561445e-02  3.81936412e-03  3.49582136e-02
 -5.23194298e-02 -8.14241171e-02  4.12821677e-03 -7.93647096e-02
 -2.73050405e-02 -5.37157319e-02 -6.63265213e-02  1.94497015e-02
  3.13031748e-02  3.69848572e-02 -2.53365152e-02 -6.02282137e-02
  5.99242048e-03  2.03261860e-02  6.62125722e-02 -1.06242873e-01
 -3.12323868e-02  2.89178845e-02  1.06299669e-01  9.06364694e-02
 -1.68223828e-01  3.42751928e-02 -3.30938771e-02  7.15540498e-02
  6.03494756e-02  1.49935167e-02 -1.02922600e-02  4.33519073e-02
 -1.44303069e-02  1.41539767e-01 -1.17008261e-01 -5.48277335e-08
 -4.36618291e-02  9.17242374e-03  5.34494258e-02 -2.05458887e-02
  1.02197668e-02  1.14066347e-01 -2.50966232e-02 -2.36991514e-02
 -1.52509417e-02  1.16795739e-02  5.34721725e-02  4.05621603e-02
 -9.40098427e-03  3.16945836e-02 -6.26779497e-02  5.42749912e-02
  3.49967927e-02  4.66901883e-02 -6.60842564e-03 -1.88884363e-02
  6.79430664e-02  2.74955221e-02 -7.39453807e-02  7.80223012e-02
  9.45379734e-02 -5.56429476e-02 -5.18385656e-02  1.03276204e-02
  6.45247996e-02 -4.65581305e-02  1.81862861e-02  2.54751369e-02
  6.41675070e-02  1.89883281e-02 -4.45749424e-03  1.75599251e-02
 -5.88195138e-02  5.81751671e-03  3.67811210e-02  4.09830287e-02
  5.51831611e-02  5.41845039e-02 -2.44188718e-02 -3.19953151e-02
  6.69204965e-02  4.16213237e-02 -8.85495245e-02 -1.15126036e-01
 -4.20265496e-02  5.55124357e-02 -5.45410253e-02  3.63588072e-02
 -6.03198409e-02  6.72369227e-02 -3.76378223e-02  9.99181718e-03
  1.94689271e-03 -3.97305414e-02  7.14221597e-02 -5.02700843e-02
 -2.89382655e-02  6.81455359e-02  1.37404324e-02 -1.12706153e-02]"
88,../models/Variability Examples/VehicleVariabilityModel.sysml,"package VehicleVariabilityModel {

	package DesignModel {
		public import PartDefinitions::*;
		public import PartsTree::*;
		public import ActionDefinitions::*;
		public import ActionTree::*;
	
		package PartDefinitions {
			part def Vehicle;
			
		    attribute def Diameter;
		    part def Cylinder {
		        attribute diameter : Diameter[1];
		    }
		
		    part def Engine;
		    part def Transmission;
		    part def Sunroof;
		
		    port def AutoPort;
	    }
	    
	    package PartsTree {
	    	part vehicle : Vehicle {
	    		part engine : Engine[1];
	    		part transmission : Transmission[1];
	    		part sunroof : Sunroof[0..1];
	    	}
	    	
		    part engine : Engine {
		        port autoPort : AutoPort;
		        part cylinder : Cylinder[2..*];
		    }
		    
		    part '4cylEngine' :> engine {
		    	part :>> cylinder[4];
		    }
		    
		    part '6cylEngine' :> engine {
		    	part :>> cylinder[6];
		    }
		
			part transmission : Transmission;
		    part manualTransmission :> transmission;
		    part automaticTransmission :> transmission;
	    }
	
		package ActionDefinitions {   
		    action def GenerateTorque;
		    action def AmplifyTorque;
		    action def ProvidePower;
	    }
	    
	    package ActionTree {    
		    action generateTorque4Cyl : GenerateTorque;
		    action generateTorque6Cyl : GenerateTorque;
		    
		    action amplifyTorqueManual : AmplifyTorque;
		    action amplifyTorqueAutomatic : AmplifyTorque;
	    }	
	}
		
	package '150% Model' {
		private import DesignModel::*;
	
		package PartsTree {
		
		    // Variation point definitions
		
		    variation attribute def DiameterChoices :> Diameter {
		    	variant attribute diameterSmall;
		    	variant attribute diameterLarge;
		    }
		
		    variation part def EngineChoices :> Engine {
		        variant '4cylEngine';
		        variant '6cylEngine' {
		        	variation port :>> autoPort {
		        		variant port autoPort1;
		        		variant port autoPort2;
		        	}
		        	
		        	part :>> cylinder {
		        		attribute :>> diameter : DiameterChoices;
		        	}
		        	
		          	assert constraint {
		            	(autoPort == autoPort::autoPort1 & cylinder.diameter == cylinder::diameter::diameterSmall) ^
		             	(autoPort == autoPort::autoPort2 & cylinder.diameter == cylinder::diameter::diameterLarge)
		        	}
		        }
		    }
		
		    // Part superset model
		    
		    abstract part vehicleFamily :> vehicle {
		    	// Variation point usage
		        part :>> engine : EngineChoices[1];
		        
		        // Variation point with embedded variant definitions
		        variation part :>> transmission : Transmission[1] {
		        	variant manualTransmission;
		        	variant automaticTransmission;
		        }
		        
		        assert constraint {
		            (engine == '4cylEngine' & transmission == transmission::manualTransmission) ^
		            (engine == '6cylEngine' & transmission == transmission::automaticTransmission)
		        }
		        
		        // Variation point on variant multiplicity (inherited multiplicity is [0..1]) 
		        variation part :>> sunroof {
		        	variant part withSunroof[1];
		        	variant part withoutSunroof[0];
		        }
		        
		        perform ActionTree::providePowerFamily;
		    }
		}
		
		package ActionTree {
		
		    // Action superset Model
		    
		    action providePowerFamily : ProvidePower {
		        variation action generateTorque : GenerateTorque {
		        	variant generateTorque4Cyl;
		        	variant generateTorque6Cyl;
		        }
		        
		        variation action amplifyTorque : AmplifyTorque {
		        	variant amplifyTorqueManual;
		        	variant amplifyTorqueAutomatic;
		        }
		        
			    assert constraint {
			        (generateTorque == generateTorque::generateTorque4Cyl & 
			        	amplifyTorque == amplifyTorque::amplifyTorqueManual
			        ) xor
			        (generateTorque == generateTorque::generateTorque6Cyl & 
			        	amplifyTorque == amplifyTorque::amplifyTorqueAutomatic
			        )
			    }		   
		    }		    
		}
	}
	
	package '100% Model' {
		private import '150% Model'::*;
		
		// Vehicle instance model
		
	    part vehicle4Cyl :> PartsTree::vehicleFamily {
	        part :>> engine = engine::'4cylEngine';
	        part :>> transmission = transmission::manualTransmission;
	        part :>> sunroof = sunroof::withoutSunroof;
	        
	        perform action :>> providePowerFamily {
	            action :>> generateTorque = generateTorque::generateTorque4Cyl;
	            action :>> amplifyTorque = amplifyTorque::amplifyTorqueManual;
	        }
	    }
	}
}","Here is a concise description of the SysML v2 model that I would like to generate, focusing on the key elements and structure:

---

**Model Description: VehicleVariabilityModel**

This model defines a system for different vehicle configurations, encapsulating the design, variability, and actions concerning vehicles.

1. **DesignModel Package**: 
   - **PartDefinitions**: Defines parts such as `Vehicle`, `Engine`, `Transmission`, `Sunroof`, and `Cylinder` with their attributes.
   - **PartsTree**: Constructs a tree structure of a vehicle with an engine, a transmission, and optional sunroofs. Distinguished engine configurations include `4cylEngine` and `6cylEngine`, both containing a specific number of `Cylinder` parts.
   - **ActionDefinitions**: Contains actions such as generating and amplifying torque, as well as providing power.
   - **ActionTree**: Specifies actions associated with engine variations.

2. **150% Model Package**: 
   - Introduces variability points for `Diameter` of cylinders and choices for engine types, allowing for configuration of both `4cylEngine` and `6cylEngine` with different torque generation attributes and transmission options (manual or automatic). Constraints ensure that engine type corresponds logically with the transmission type and the diameter specified.

3. **100% Model Package**: 
   - Instantiates a vehicle configuration (`vehicle4Cyl`) using the `150% Model`'s features, specifying a `4cylEngine`, manual transmission, and absence of sunroof. The instance performs associated actions for generating and amplifying torque uniquely related to the selected configuration.

This model effectively captures the variability and configurations of vehicle components and actions, allowing for flexibility in design and analysis.

--- 

This concise description captures the essential structure and relationships within the SysML v2 model for a vehicle variability framework, suited for generating an accurate model representation.","[-9.03073885e-03  1.91346072e-02  2.24506985e-02  2.47415658e-02
  2.60585104e-03 -2.72142161e-02 -1.70957427e-02  7.37400502e-02
 -5.62899448e-02  2.06395565e-03  1.91386994e-02 -9.74384993e-02
  1.69093367e-02 -1.37841245e-02 -4.43300651e-03  2.15210244e-02
  2.79199611e-02  1.09336516e-02 -5.94562851e-02  4.79056947e-02
  9.68641266e-02  2.52546296e-02  3.14342640e-02  1.72966346e-02
 -6.37471303e-02 -2.52165049e-02 -5.15381843e-02  1.23565711e-01
  9.33723897e-03 -1.08668692e-01  2.97676139e-02  7.57742375e-02
 -1.62003480e-03 -7.85260089e-03  9.00829881e-02  1.82684488e-03
  3.82960737e-02 -6.55079708e-02 -5.21032065e-02 -5.01973256e-02
 -2.31509637e-02 -3.34461592e-02 -2.41545364e-02  2.43084896e-02
  4.74882461e-02  3.79097499e-02 -3.33917290e-02 -8.05178378e-03
 -2.47796737e-02 -3.92680727e-02 -5.14413938e-02 -4.80636433e-02
  8.23214371e-03 -4.89039533e-02 -2.53391825e-02  6.90791234e-02
 -3.86405885e-02 -3.36101949e-02 -6.60129935e-02 -8.03057104e-02
  6.04650006e-02 -2.34277034e-03 -1.00889519e-01 -5.29557504e-02
 -6.58922344e-02  3.65887247e-02 -3.86905596e-02 -3.90553474e-02
  5.86090498e-02  3.51646245e-02 -8.79025534e-02 -2.92161945e-02
 -2.71992031e-02  2.21736748e-02 -3.33176553e-02  9.50647611e-03
  1.04180671e-01 -2.85210367e-03 -7.66854174e-03 -1.10878415e-01
 -7.19536990e-02  4.03192788e-02 -3.19496691e-02 -8.98181461e-03
  1.08779864e-02 -1.08779725e-02  6.20864369e-02  8.81521031e-03
  3.29148360e-02  4.04563919e-02 -3.30933556e-02 -2.29118206e-02
  5.86651154e-02 -4.05263640e-02  6.86011240e-02  7.16928989e-02
  4.26431596e-02 -2.79802084e-02  7.60302767e-02  3.38441171e-02
 -1.65577400e-02  2.61848569e-02  7.35687539e-02 -3.43697295e-02
 -5.33401407e-02  3.14150676e-02 -8.84584710e-02  3.31573421e-03
 -6.99332133e-02 -7.74109364e-02  5.11465129e-03  5.81217371e-02
 -4.62448224e-02 -4.26497273e-02  3.46393809e-02 -2.82188505e-02
  1.79460924e-03 -2.13846955e-02  4.48947214e-02 -2.06279047e-02
  1.68579910e-02 -5.24070226e-02  5.17517924e-02  3.58822905e-02
  3.05958018e-02 -6.78646266e-02 -8.00450966e-02  2.55455365e-33
 -4.51627895e-02  7.09976954e-03  2.91009173e-02  1.58614025e-01
  3.38438004e-02  8.66676047e-02 -1.23287421e-02  9.43259802e-03
  6.38931408e-04  6.65430427e-02 -9.75768343e-02 -4.20576073e-02
 -3.59946303e-02  8.04950204e-03  6.92505762e-02 -6.42742813e-02
 -1.84526537e-02  3.71205322e-02 -5.72677255e-02 -5.69852907e-03
  2.34943796e-02  8.28374401e-02 -4.63569611e-02 -1.47343073e-02
  7.32618198e-02  4.69162837e-02  5.95453270e-02 -3.83443795e-02
 -1.22117519e-01  4.07862924e-02 -1.97276659e-02 -1.45255737e-02
 -1.48865525e-02  5.74599095e-02 -6.75765844e-03 -3.61925550e-03
 -5.49368225e-02 -6.55792803e-02  1.81140229e-02 -6.97014481e-02
  3.62638719e-02  3.28635797e-02 -4.76172715e-02  5.39242812e-02
 -9.59422141e-02  4.78221755e-03  2.70692557e-02  3.09042446e-02
  6.88278899e-02  1.23343784e-02  7.09395716e-03  2.05047261e-02
  5.88337407e-02 -5.48262484e-02 -4.08543162e-02  2.43154950e-02
  1.41057475e-02  6.57262355e-02  9.83685628e-03  9.68628228e-02
 -1.36781614e-02  3.20339724e-02  1.68134533e-02 -5.88828437e-02
  5.78779355e-02  7.57500827e-02 -8.08784813e-02 -8.96800980e-02
  3.56166326e-02  1.90888364e-02 -7.35554844e-02  6.62679458e-03
  1.21020405e-02  5.88983931e-02  5.64145260e-02 -4.53408584e-02
  5.36221005e-02 -2.57184524e-02 -7.94857070e-02  2.55586393e-03
 -1.42447025e-01  1.19734012e-01 -5.10221496e-02 -4.33129258e-02
  3.40563506e-02 -1.06790595e-01  3.86249041e-03 -1.53095881e-02
 -6.41070157e-02 -5.66990152e-02  6.26287656e-03 -8.65077153e-02
 -4.80120443e-02 -1.49595225e-02  1.37231359e-02 -5.86594566e-33
  1.46456147e-02  1.90176722e-02  5.55103160e-02 -1.70985684e-02
 -2.82593556e-02 -3.20759490e-02 -3.54648307e-02 -1.58473700e-02
 -3.06182224e-02  1.55326640e-02  5.50005995e-02  3.66749242e-02
  2.34102551e-02 -2.07628906e-02 -4.65613194e-02  1.76221244e-02
 -8.67706817e-03 -1.66514128e-01  1.67849660e-03  6.76417053e-02
  3.59902391e-03  1.13187201e-01 -3.44844870e-02  1.82027407e-02
  1.28669376e-02 -1.77408382e-02 -3.31713445e-02 -1.03614824e-02
  2.78531257e-02  2.31938227e-03  8.73217417e-04 -2.51385570e-02
  2.12509185e-02 -5.06906137e-02 -7.09388480e-02 -8.98830667e-02
 -9.93697089e-04 -2.21836399e-02  7.58436800e-04  5.36776893e-02
 -1.94246210e-02 -2.37902310e-02 -2.99765915e-02  3.83834131e-02
  3.90371098e-03  1.39261875e-02  5.01386672e-02 -5.21964170e-02
 -1.63371470e-02 -4.74030524e-02  6.01480305e-02 -5.15941381e-02
  4.13577184e-02  4.30994891e-02  1.60497439e-03 -4.21714038e-03
  1.04678087e-02 -7.73799494e-02  2.25863140e-02  2.99359914e-02
  4.60876636e-02 -3.44212204e-02  2.36211885e-02 -2.01344807e-02
 -1.58766955e-02 -1.09324455e-01 -7.71263689e-02 -6.56638667e-02
 -3.32760927e-03 -5.40541625e-03 -4.55899313e-02 -1.62151717e-02
  6.17531035e-03  3.96470353e-02  2.45454721e-02 -4.51876186e-02
 -3.74128371e-02  2.40155719e-02  7.72464871e-02 -1.12317158e-02
 -1.02763996e-01  5.24552492e-03  6.07346669e-02  9.23318490e-02
 -2.64920611e-02 -5.46525158e-02 -6.33796863e-03  1.08476073e-01
  4.13624793e-02 -1.53844925e-02 -1.04709845e-02  6.66396767e-02
  2.39434298e-02  2.19218984e-01 -2.72552148e-02 -6.03367170e-08
  1.76332630e-02  7.15071708e-03  2.12693587e-02 -3.54831980e-04
  8.67154263e-03  2.80715674e-02 -4.70011495e-02  2.99863517e-02
 -3.81471999e-02  4.08796631e-02 -9.75556951e-03  5.76454662e-02
 -5.19536585e-02 -1.58274230e-02 -3.25757265e-02  4.81364839e-02
 -6.49049063e-04  1.00194059e-01 -4.05785926e-02 -2.16865782e-02
  1.02112770e-01 -7.73681281e-03 -4.14494462e-02  2.30649784e-02
  7.58790597e-02 -4.75057103e-02 -1.61484666e-02 -7.67591363e-03
  3.76579240e-02 -1.19216060e-02  5.66458628e-02  2.44070701e-02
  5.20259589e-02  5.04734069e-02 -8.06964710e-02  2.71917731e-02
 -9.42795649e-02  8.75256956e-03  3.18858400e-02 -6.96666446e-03
  6.64023235e-02 -1.07112399e-03 -4.20444608e-02  4.01228778e-02
  1.39905028e-02  7.90882185e-02 -8.41043666e-02 -8.17804486e-02
 -3.70540097e-02  5.36156520e-02 -2.56642457e-02  1.69033948e-02
 -6.88869134e-02  7.47819319e-02 -9.69567820e-02  5.75423874e-02
  1.98664464e-04 -1.94696337e-02  7.05761388e-02 -8.52559581e-02
  1.52913304e-02  7.16197044e-02 -2.49144272e-03  4.21393517e-04]"
89,../models/Vehicle Example/SysML v2 Spec Annex A SimpleVehicleModel.sysml,"package SimpleVehicleModel{
    // 2023-02 release
    public import Definitions::*;  
    public import ISQ::*;
    package Definitions{
        public import PartDefinitions::*;
        public import PortDefinitions::*;
        public import ItemDefinitions::*;
        public import SignalDefinitions::*;
        public import InterfaceDefinitions::*;
        public import AllocationDefinitions::*;
        public import ActionDefinitions::*;
        public import StateDefinitions::*;
        public import RequirementDefinitions::*;
        public import AttributeDefinitions::*;
        public import IndividualDefinitions::*;
        public import MetadataDefinitions::**;
        public import KeyWord_MetadataDefinitions::*;
        package PartDefinitions{
            part def Vehicle {
                attribute mass :> ISQ::mass;
                attribute dryMass:>ISQ::mass;
                attribute cargoMass:>ISQ::mass;
                attribute position:>ISQ::length;
                attribute velocity:>ISQ::speed;
                attribute acceleration:>ISQ::acceleration;
                attribute electricalPower:>ISQ::power;
                attribute Tmax:>ISQ::temperature;
                attribute maintenanceTime: Time::DateTime; 
                attribute brakePedalDepressed: Boolean;
                port ignitionCmdPort:IgnitionCmdPort;
                port pwrCmdPort:PwrCmdPort;
                port vehicleToRoadPort:VehicleToRoadPort;
                port statusPort:StatusPort;
                perform action providePower;
                perform action provideBraking;
                perform action controlDirection;
                perform action performSelfTest;
                perform action applyParkingBrake;
                perform action senseTemperature;
                exhibit state vehicleStates parallel {
                    ref controller : VehicleController;
                    state operatingStates {
                        entry action initial;
                        state off;                    
                        state starting;                    
                        state on {
                            entry performSelfTest;
                            do providePower;
                            exit applyParkingBrake;
                            constraint {electricalPower<=500[W]}
                        }

                        transition initial then off;

                        transition off_To_starting
                            first off
                            accept ignitionCmd:IgnitionCmd via ignitionCmdPort
                                if ignitionCmd.ignitionOnOff==IgnitionOnOff::on and brakePedalDepressed
                            do send StartSignal() to controller
                            then starting;
                        
                        transition starting_To_on
                            first starting
                            accept VehicleOnSignal
                            then on;
                        
                        transition on_To_off
                            first on
                            accept VehicleOffSignal
                            do send OffSignal() to controller
                            then off;
                    }

                    state healthStates {
                        entry action initial;
                        do senseTemperature{
                            out temp;
                        }

                        state normal;
                        state maintenance;
                        state degraded;                    

                        transition initial then normal;

                        transition normal_To_maintenance
                            first normal
                            accept at maintenanceTime
                            then maintenance;

                        transition normal_To_degraded
                            first normal
                            accept when senseTemperature.temp > Tmax 
                            do send OverTemp() to controller
                            then degraded;

                        transition maintenance_To_normal
                            first maintenance
                            accept ReturnToNormal
                            then normal;

                        transition degraded_To_normal
                            first degraded
                            accept ReturnToNormal
                            then normal;
                    }
                }
            }
            part def Engine{
                attribute mass :> ISQ::mass;
                attribute peakHorsePower:>ISQ::power;
                attribute fuelEfficiency:Real;
                attribute cost:Real;
                attribute displacement :> ISQ::volume;
                port engineControlPort: ~ControlPort;
                port fuelInPort: ~ FuelPort;
                port fuelCmdPort:FuelCmdPort;
                port drivePwrPort:DrivePwrPort;
                port ignitionCmdPort:IgnitionCmdPort;
                port flyWheelPort;
                perform action generateTorque;
                exhibit state engineStates{
                    state off;
                    state starting;
                    state on{
                        do generateTorque;
                    }
                }
            }
            part def StarterMotor{
                port gearPort:GearPort;
            }
            part def Cylinder;
            part def Transmission{
                attribute gearRatio:Real;
                port clutchPort:~DrivePwrPort;
                exhibit state transmissionStates;
            }
            part def Driveshaft;
            part def AxleAssembly;
            part def Axle{
                attribute mass:>ISQ::mass;
            }
            part def FrontAxle:>Axle{
                attribute steeringAngle:>ISQ::angularMeasure;
            }
            part def HalfAxle{
                port shankCompositePort:ShankCompositePort{
                }
            }
            part def Differential;
            part def Wheel{
                attribute diameter:LengthValue;
                port lugNutCompositePort:LugNutCompositePort;
            }
            part def Hub{
                port shankCompositePort:ShankCompositePort;
            }
            abstract part def Software;
            part def VehicleSoftware:>Software;
            part def VehicleController:>Software {
                port controlPort:ControlPort;
                exhibit state controllerStates parallel {
                    state operatingStates {
                        entry action initial; 
                        state off;
                        state on;    
                        transition initial then off;
                        transition 'off-on'
                            first off
                            accept StartSignal
                            then on;
                        transition 'on-off'
                            first on
                            accept OffSignal
                            then off;
                    }
                }  
            }
            part def CruiseController:>Software {
                port setSpeedPort:~SetSpeedPort;
                port speedSensorPort:~SpeedSensorPort;
                port cruiseControlPort:CruiseControlPort;
                exhibit state cruiseControllerStates;
            }
            part def SpeedSensor{
                port speedSensorPort:SpeedSensorPort;
            }
            part def FuelTank{
                attribute mass :> ISQ::mass;
                ref item fuel:Fuel{
                    attribute :>> fuelMass;
                }
                attribute fuelKind:FuelKind;
                attribute fuelMassMax:>ISQ::mass;
                assert constraint fuelConstraint {fuel.fuelMass<=fuelMassMax}
                port fuelOutPort:FuelPort;
                port fuelInPort:~FuelPort;
            }
            part def BodyAssy;
            part def Body{
                attribute color:Colors;
            }
            part def Thermostat;
            part def WaterHose;
            part def Road{
                attribute incline:Real;
                attribute friction:Real;
            }
            part def Engine4Cyl;
            part def Engine6Cyl;
            part def TransmissionChoices;
            part def TransmissionAutomatic;
            part def TransmissionManual;
            part def Sunroof;
            
            //logical Components
            part def ElectricalGenerator;
            part def TorqueGenerator;
            part def SteeringSubsystem;
            part def BrakingSubsystem;
        }
        package PortDefinitions{
            port def IgnitionCmdPort{
                in item ignitionCmd:IgnitionCmd;
            }
            port def StatusPort;
            port def GearPort;
            port def PwrCmdPort{
                in item pwrCmd:PwrCmd;
            }
            port def FuelCmdPort:>PwrCmdPort{
                in item fuelCmd:FuelCmd redefines pwrCmd;
            }
            port def FuelPort{
                out item fuel:Fuel;
            }
            port def DrivePwrPort{
                out torque:Torque;
            }
            port def ShaftPort_a;
            port def ShaftPort_b;
            port def ShaftPort_c;
            port def ShaftPort_d;
            port def DiffPort;
            port def AxlePort;
            port def AxleToWheelPort;
            port def WheelToAxlePort;
            port def WheelToRoadPort;

            port def LugNutCompositePort{
                port lugNutPort:LugNutPort [*];
            }
            port def ShankCompositePort{
                port shankPort:ShankPort [*];
            }
            port def LugNutPort{
                attribute threadDia;
                attribute threadPitch;
            }
            port def ShankPort{
                attribute threadDia;
                attribute threadPitch;   
                attribute shaftLength;
            }
            
            port def VehicleToRoadPort;
            port def ControlPort;
            port def CruiseControlPort:>ControlPort;
            port def SpeedSensorPort;
            port def SetSpeedPort;

            port def DriverCmdPort{
                out item driverCmd[*]:DriverCmd;
            }
            port def HandPort :> DriverCmdPort {
                out item ignitionCmd:IgnitionCmd subsets driverCmd;
                out item pwrCmd:PwrCmd subsets driverCmd;
            }  
        }
        package ItemDefinitions{
            item def PwrCmd{
                attribute throttleLevel:Real;
            }
            item def FuelCmd:>PwrCmd;
            item def Fuel{
                attribute fuelMass:>ISQ::mass;
            }
            item def SensedSpeed{
                attribute speed:>ISQ::speed;
            }
        }
        package SignalDefinitions{
            item def Cmd{
            }
            item def DriverCmd;
            item def IgnitionCmd:>DriverCmd{
                attribute ignitionOnOff:IgnitionOnOff;
            }
            item def EngineStatus;
            
            attribute def VehicleStartSignal;
            attribute def VehicleOnSignal;
            attribute def VehicleOffSignal;
            attribute def StartSignal;
            attribute def OffSignal;
            attribute def OverTemp;
            attribute def ReturnToNormal;
            attribute def SetSpeed:>Real;
        }
        package InterfaceDefinitions{
            interface def EngineToTransmissionInterface{
                end p1:DrivePwrPort;
                end p2:~DrivePwrPort;
                flow p1.torque to p2.torque;
            }
            interface def FuelInterface {
                end fuelOutPort:FuelPort;
                end fuelInPort:~FuelPort;
                flow of Fuel from fuelOutPort.fuel to fuelInPort.fuel;
            }
            
            interface def WheelFastenerInterface{
                end lugNutPort:LugNutPort;
                end shankPort:ShankPort;
                attribute maxTorque : Torque;
                constraint {lugNutPort.threadDia == shankPort.threadDia}
            }
            interface def WheelHubInterface{
                end lugNutCompositePort:LugNutCompositePort;
                end shankCompositePort:ShankCompositePort;
                interface wheelFastenerInterface:WheelFastenerInterface [5]
                    connect lugNutCompositePort.lugNutPort to shankCompositePort.shankPort;
            }
        }
        package AllocationDefinitions{
            allocation def LogicalToPhysical{
                end #logical logicalEnd;
                end #physical physicalEnd;
            }
        }
        package ActionDefinitions{
            action def ProvidePower {
                in item pwrCmd:PwrCmd;
                out wheelToRoadTorque:Torque[2];
            }
            action def GenerateTorque {
                in item fuelCmd:FuelCmd;
                out engineTorque:Torque;
            }
            action def AmplifyTorque {
                in engineTorque:Torque;
                out transmissionTorque:Torque;
            }
            action def TransferTorque {
                in transmissionTorque:Torque;
                out driveshaftTorque:Torque;
            }
            action def DistributeTorque {
                in driveshaftTorque:Torque;
                out wheelToRoadTorque:Torque[2];
            }
            action def PerformSelfTest;
            action def ApplyParkingBrake;
            action def SenseTemperature{
                out temp: ISQ::TemperatureValue;
            }
        }    
        package StateDefinitions {
            state def VehicleStates;
            state def ControllerStates;  
            state def CruiseControllerStates;
        }
        package RequirementDefinitions{
            requirement def MassRequirement{
                doc /*The actual mass shall be less than the required mass*/
                attribute massRequired:>ISQ::mass;
                attribute massActual:>ISQ::mass;
                require constraint {massActual<=massRequired}
            }
            requirement def ReliabilityRequirement{
                doc /*The actual reliability shall be greater than the required reliability*/
                attribute reliabilityRequired:Real;
                attribute reliabilityActual:Real;
                require constraint {reliabilityActual>=reliabilityRequired}
            }
            requirement def TorqueGenerationRequirement {
                doc /* The engine shall generate torque as a function of RPM as shown in Table 1. */
                subject generateTorque:ActionDefinitions::GenerateTorque;
            }
            requirement def DrivePowerOutputRequirement { 
                doc /* The engine shall provide a connection point to transfer torque to the transmission.*/
            }
            requirement def FuelEconomyRequirement {
                doc /* The vehicle shall maintain an average fuel economomy of at least x miles per gallon for the nominal 
                driving scenario */
                attribute actualFuelEconomy :> distancePerVolume;
                attribute requiredFuelEconomy :> distancePerVolume;
                require constraint {actualFuelEconomy >= requiredFuelEconomy}
            }
        }
        package AttributeDefinitions{
            public import ScalarValues::*;
            public import Quantities::*;
            public import MeasurementReferences::DerivedUnit;
            public import SIPrefixes::kilo;
            // Numerical Functions provides basic operators such as Sum expression
            public import NumericalFunctions::*;
            public import SI::*;
            public import USCustomaryUnits::*;
            alias Torque for ISQ::TorqueValue;
            
            enum def Colors {black;grey;red;}
            enum def DiameterChoices:>ISQ::LengthValue{
                enum = 60 [mm];
                enum = 80 [mm];
                enum = 100 [mm];
            }
            attribute cylinderDiameter: DiameterChoices = 80 [mm]; 
            enum def IgnitionOnOff {on;off;}
            enum def FuelKind {gas;diesel;}

            distancePerVolume :> scalarQuantities = distance / volume;
            timePerDistance :> scalarQuantities = time / distance;
            volumePerDistance :> scalarQuantities = volume / distance;
            volumePerTime :> scalarQuantities = volume / time;
            
            // kpl is approx .425 * mpg
            kpl : DerivedUnit = km / L;
            rpm : DerivedUnit = 1 / SI::min;
            kW : DerivedUnit = kilo * W;
            
        }
        package IndividualDefinitions{
            individual def VehicleRoadContext_1:>GenericContext::Context;
            individual def Vehicle_1:>Vehicle;
            individual def FrontAxleAssembly_1:>AxleAssembly;
            individual def FrontAxle_1:>FrontAxle;
            individual def Wheel_1:>Wheel;
            individual def Wheel_2:>Wheel;
            individual def RearAxleAssembly_1:>AxleAssembly;
            individual def Road_1:>Road;
        }
        package MetadataDefinitions { 
            public import AnalysisTooling::*;   
            metadata def Safety {
                attribute isMandatory : Boolean;
            }
            metadata def Security;
        }
        package KeyWord_MetadataDefinitions{
            public import Metaobjects::SemanticMetadata;
            
            // the following is used to define the key word failureMode
            state failureModes[*] nonunique;
            
            // with alias <fm>
            metadata def <fm> failureMode :> SemanticMetadata {
                :>> baseType = failureModes meta SysML::StateUsage;
            }
            
            occurrence logicalOccurrences [*] nonunique;
            
            metadata def <l> logical :> SemanticMetadata {
                :>> baseType = logicalOccurrences meta SysML::Usage;
            }
            
            occurrence physicalOccurrences [*] nonunique;
            
            metadata def <p> physical :> SemanticMetadata {
                :>> baseType = physicalOccurrences meta SysML::Usage;
            }  
        }
        package GenericContext {

            part def Context {
                attribute time:TimeValue;
                attribute spatialCF: CartesianSpatial3dCoordinateFrame[1] { :>> mRefs = (m, m, m); }
                attribute velocityCF: CartesianVelocity3dCoordinateFrame[1] = spatialCF/s;
                attribute accelarationCF: CartesianAcceleration3dCoordinateFrame[1] = velocityCF/s;
            }
        }
    }

    package VehicleLogicalConfiguration{
        package PartsTree{
            #logical part vehicleLogical:Vehicle{
                part torqueGenerator:TorqueGenerator{
                    action generateTorque;
                }
                part electricalGenerator:ElectricalGenerator{
                    action generateElectricity;
                }
                part steeringSystem:SteeringSubsystem;
                part brakingSubsystem:BrakingSubsystem;
            }
        }
    }
    package VehicleLogicalToPhysicalAllocation{
        public import VehicleConfigurations::VehicleConfiguration_b::PartsTree::**;
        public import VehicleLogicalConfiguration::PartsTree::*;

        allocation vehicleLogicalToPhysicalAllocation:LogicalToPhysical
            allocate vehicleLogical to vehicle_b{
                allocate vehicleLogical.torqueGenerator to vehicle_b.engine{
                    allocate vehicleLogical.torqueGenerator.generateTorque to vehicle_b.engine.generateTorque;
                }
                allocate vehicleLogical.electricalGenerator to vehicle_b.engine{
                    allocate vehicleLogical.electricalGenerator.generateElectricity to vehicle_b.engine.alternator.generateElectricity;
                }
            }
    } 
    package VehicleConfigurations{
        package VehicleConfiguration_a{
            package PartsTree{
                part vehicle_a:Vehicle{
                    attribute mass redefines Vehicle::mass=dryMass+cargoMass+fuelTank.fuel.fuelMass;
                    attribute dryMass redefines Vehicle::dryMass=sum(partMasses);
                    attribute redefines Vehicle::cargoMass=0 [kg];
                    attribute partMasses [*] nonunique :>ISQ::mass;
                    part fuelTank:FuelTank{
                        attribute redefines mass=75[kg];
                        ref item redefines fuel{
                            attribute redefines fuelMass=50[kg];
                        }   
                    }
                    part frontAxleAssembly:AxleAssembly{
                        attribute mass :> ISQ::mass=800[kg];
                        part frontAxle:Axle;
                        part frontWheels:Wheel[2];
                    }
                    part rearAxleAssembly:AxleAssembly{
                        attribute mass :> ISQ::mass=875[kg];
                        attribute driveTrainEfficiency:Real = 0.6;
                        part rearAxle:Axle;
                        part rearWheels:Wheel[2]{
                            attribute redefines diameter;
                        }
                    }
                }
            }
            package ActionTree{  
            }
            package Requirements{
            }
        }
        package VehicleConfiguration_b{
            //Shapes library for simple geometry
            public import ShapeItems::Box;
            public import ParametersOfInterestMetadata::mop;
            public import ModelingMetadata::*; // incudes status info
            
            package PartsTree{
                part vehicle_b : Vehicle{
                    #mop attribute mass redefines mass=dryMass+cargoMass+fuelTank.fuel.fuelMass;
                    attribute dryMass redefines dryMass=sum(partMasses);
                    attribute redefines cargoMass default 0 [kg];
                    attribute partMasses=(fuelTank.mass,frontAxleAssembly.mass,rearAxleAssembly.mass,engine.mass,transmission.mass,driveshaft.mass);
                    attribute avgFuelEconomy :> distancePerVolume;
                    port fuelCmdPort: FuelCmdPort redefines pwrCmdPort {
                        in item fuelCmd redefines pwrCmd;
                    }
                    port setSpeedPort:~SetSpeedPort;
                    port vehicleToRoadPort redefines vehicleToRoadPort{
                        port wheelToRoadPort1:WheelToRoadPort;
                        port wheelToRoadPort2:WheelToRoadPort;
                    }
                    perform ActionTree::providePower redefines providePower;
                    perform ActionTree::performSelfTest redefines performSelfTest;
                    perform ActionTree::applyParkingBrake redefines applyParkingBrake;
                    perform ActionTree::senseTemperature redefines senseTemperature;
                    exhibit state vehicleStates redefines vehicleStates;
                    
                    // Example vehicle with simple enveloping shape that is a solid 
                    item :> envelopingShapes : Box[1] {
                        length1:>> length = 4800 [mm];
                        width1:>> width = 1840 [mm];
                        height1:>> height = 1350 [mm];
                    }
                    
                    part fuelTank:FuelTank{
                        attribute redefines mass=75[kg];
                        ref item redefines fuel{
                            attribute redefines fuelMass=60[kg];
                        }
                        attribute redefines fuelMassMax=60 [kg];
                    }
                    part frontAxleAssembly:AxleAssembly{
                        attribute mass :> ISQ::mass=800[kg];
                        port shaftPort_d:ShaftPort_d;
                        part frontAxle:FrontAxle;
                        part frontWheels:Wheel[2];
                    }
                    
                    part rearAxleAssembly:AxleAssembly{
                        attribute mass :> ISQ::mass=875[kg];
                        attribute driveTrainEfficiency:Real = 0.6;
                        port shaftPort_d:ShaftPort_d;
                        perform providePower.distributeTorque;
                        part rearWheel1:Wheel{
                            attribute redefines diameter;
                            port wheelToRoadPort:WheelToRoadPort;
                            port lugNutCompositePort :>> lugNutCompositePort{
                                port lugNutPort :>> lugNutPort [5];
                            }
                        }
                        part rearWheel2:Wheel{
                            attribute redefines diameter;
                            port wheelToRoadPort:WheelToRoadPort;
                            port lugNutCompositePort :>> lugNutCompositePort{
                                port lugNutPort :>> lugNutPort [5];
                            }
                        }
                        part differential:Differential{
                            port shaftPort_d:ShaftPort_d;
                            port leftDiffPort:DiffPort;
                            port rightDiffPort:DiffPort;
                        }
                        part rearAxle{
                            part leftHalfAxle:HalfAxle{
                                port leftAxleToDiffPort:AxlePort;
                                port shankCompositePort :>> shankCompositePort{
                                    port shankPort :>> shankPort [5];
                                }
                            }
                            part rightHalfAxle:HalfAxle{
                                port rightAxleToDiffPort:AxlePort;
                                port shankCompositePort :>> shankCompositePort {
                                    port shankPort :>> shankPort [5];
                                }
                            }
                        }
                        
                        bind shaftPort_d=differential.shaftPort_d;
                        connect differential.leftDiffPort to rearAxle.leftHalfAxle.leftAxleToDiffPort;
                        connect differential.rightDiffPort to rearAxle.rightHalfAxle.rightAxleToDiffPort;
                        
                        interface wheelToleftHalAxleInterface:WheelHubInterface 
                            connect [1] rearWheel1.lugNutCompositePort to [1] rearAxle.leftHalfAxle.shankCompositePort;
                        interface wheelTorightHalAxleInterface:WheelHubInterface
                            connect [1] rearWheel2.lugNutCompositePort to [1] rearAxle.rightHalfAxle.shankCompositePort;
                        
                    }
                    part starterMotor:StarterMotor;
                    part engine:Engine{
                        perform providePower.generateTorque redefines generateTorque;            
                        part cylinders:Cylinder[4..6];
                        part alternator{
                            action generateElectricity;
                        }
                        satisfy Requirements::engineSpecification by vehicle_b.engine{
                            requirement torqueGenerationRequirement :>> torqueGenerationRequirement{
                                subject generateTorque redefines generateTorque = vehicle_b.engine.generateTorque;
                            }
                            requirement drivePowerOuputRequirement :>> drivePowerOutputRequirement{
                                port torqueOutPort redefines torqueOutPort=vehicle_b.engine.drivePwrPort;
                            }
                        } 
                    }
                    part transmission:Transmission{
                        attribute mass :> ISQ::mass=100[kg];
                        port shaftPort_a:ShaftPort_a;
                        perform providePower.amplifyTorque;
                    }
                    part driveshaft:Driveshaft{
                        attribute mass :> ISQ::mass=100[kg];
                        port shaftPort_b:ShaftPort_b;
                        port shaftPort_c:ShaftPort_c;
                        perform providePower.transferTorque;
                    }
                    part vehicleSoftware:VehicleSoftware{
                        part vehicleController: VehicleController {
                            exhibit state controllerStates redefines controllerStates;
                            part cruiseController:CruiseController;
                        }
                    }
                    part speedSensor:SpeedSensor;
                    
                    // parts in bodyAssy and interioer are marked as safety or security features
                    part bodyAssy:BodyAssy{
                        part body:Body{
                            attribute :>> color = Colors::red;  
                        }
                        part bumper {@Safety{isMandatory = true;}}
                        part keylessEntry {@Security;}
                    }
                    part interior {
                        part alarm {@Security;}
                        part seatBelt[2] {@Safety{isMandatory = true;}}
                        part frontSeat[2];
                        part driverAirBag {@Safety{isMandatory = false;}}
                    }
                    
                    //connections
                    bind engine.fuelCmdPort=fuelCmdPort;

                    interface engineToTransmissionInterface:EngineToTransmissionInterface
                        connect engine.drivePwrPort to transmission.clutchPort;
                
                    interface fuelInterface:FuelInterface
                        connect fuelTank.fuelOutPort to engine.fuelInPort;

                    allocate ActionTree::providePower.generateToAmplify to engineToTransmissionInterface;
                    
                    bind engine.ignitionCmdPort=ignitionCmdPort;
                    connect starterMotor.gearPort to engine.flyWheelPort;
                    connect vehicleSoftware.vehicleController.controlPort to engine.engineControlPort;
                    bind vehicle_b.setSpeedPort = vehicleSoftware.vehicleController.cruiseController.setSpeedPort;
                    connect speedSensor.speedSensorPort to vehicleSoftware.vehicleController.cruiseController.speedSensorPort;
                    bind vehicleSoftware.vehicleController.cruiseController.cruiseControlPort = vehicleSoftware.vehicleController.controlPort;
                    connect transmission.shaftPort_a to driveshaft.shaftPort_b; 
                    connect driveshaft.shaftPort_c to rearAxleAssembly.shaftPort_d;
                    bind rearAxleAssembly.rearWheel1.wheelToRoadPort=vehicleToRoadPort.wheelToRoadPort1;
                    bind rearAxleAssembly.rearWheel2.wheelToRoadPort=vehicleToRoadPort.wheelToRoadPort2;
                    
                    satisfy Requirements::vehicleSpecification by vehicle_b{
                        requirement vehicleMassRequirement:>>vehicleMassRequirement{
                            attribute redefines massActual=vehicle_b.mass;
                            attribute redefines fuelMassActual = vehicle_b.fuelTank.fuel.fuelMass;
                        }
                    }
                }
            }
            package ActionTree{
                action providePower:ProvidePower{
                    in item fuelCmd:FuelCmd redefines pwrCmd;
                    out wheelToRoadTorque redefines wheelToRoadTorque [2] = distributeTorque.wheelToRoadTorque;
                    action generateTorque:GenerateTorque {
                        in item = providePower.fuelCmd;
                    }
                    action amplifyTorque:AmplifyTorque;
                    action transferTorque:TransferTorque;
                    action distributeTorque:DistributeTorque;
                    
                    //named flow
                    flow generateToAmplify from generateTorque.engineTorque to amplifyTorque.engineTorque;
                    //unnamed flows
                    flow amplifyTorque.transmissionTorque to transferTorque.transmissionTorque;
                    flow transferTorque.driveshaftTorque to distributeTorque.driveshaftTorque;
                }
                action performSelfTest: PerformSelfTest;
                action applyParkingBrake: ApplyParkingBrake;
                action senseTemperature: SenseTemperature;
            }                   
            package DiscreteInteractions{
                package Sequence{
                    part def Driver{
                        port p1;
                        port p2;
                    }

                    part part0{
                        perform action startVehicle{
                            action turnVehicleOn send ignitionCmd via driver.p1{
                                in ignitionCmd:IgnitionCmd;
                            }
                            action trigger1 accept ignitionCmd:IgnitionCmd via vehicle.ignitionCmdPort;
                            flow of IgnitionCmd from trigger1.ignitionCmd to startEngine.ignitionCmd;
                            action startEngine{
                                in item ignitionCmd:IgnitionCmd; 
                                out item es:EngineStatus;
                            }
                            flow of EngineStatus from startEngine.es to sendStatus.es;
                            action sendStatus send es via vehicle.statusPort{
                                in es:EngineStatus;
                            }
                            action trigger2 accept es:EngineStatus via driver.p2;
                        }
                        part driver : Driver {
                            perform startVehicle.turnVehicleOn;
                            perform startVehicle.trigger2;
                            event occurrence driverReady;
                        }
                        part vehicle : Vehicle {
                            perform startVehicle.trigger1;
                            perform startVehicle.sendStatus;
                            event occurrence doorClosed;
                        }
                        first vehicle.doorClosed then driver.driverReady;
                        message of ignitionCmd:IgnitionCmd from driver.turnVehicleOn to vehicle.trigger1;  
                        message of es:EngineStatus from vehicle.sendStatus to driver.trigger2;
                    }
                }
                occurrence CruiseControl1{
                    part vehicle_b:>PartsTree::vehicle_b{
                        port redefines setSpeedPort{
                            event occurrence setSpeedReceived;
                        }
                        part redefines speedSensor{
                            port redefines speedSensorPort{
                                event occurrence sensedSpeedSent;
                            }
                        }
                        part redefines vehicleSoftware{
                            part redefines vehicleController{
                                part redefines cruiseController{
                                    port redefines setSpeedPort{
                                        //analagous to gate: event occurrence bound but may not need this since the port is bound
                                        event occurrence setSpeedReceived = vehicle_b.setSpeedPort.setSpeedReceived;
                                    }
                                    port redefines speedSensorPort{
                                        event occurrence sensedSpeedReceived;
                                    }
                                    port redefines cruiseControlPort{
                                        event occurrence fuelCmdSent;
                                    }
                                }
                            }
                        }
                        part redefines engine{
                            port redefines fuelCmdPort{
                                event occurrence fuelCmdReceived;
                            }
                        }
                        message sendSensedSpeed of SensedSpeed
                            from speedSensor.speedSensorPort.sensedSpeedSent to vehicleSoftware.vehicleController.cruiseController.speedSensorPort.sensedSpeedReceived;
                        message sendFuelCmd of FuelCmd
                            from vehicleSoftware.vehicleController.cruiseController.cruiseControlPort.fuelCmdSent to engine.fuelCmdPort.fuelCmdReceived;
                    }
                }
                occurrence CruiseControl2{
                    part vehicle_b:>PartsTree::vehicle_b{
                        port redefines setSpeedPort{
                            event occurrence setSpeedReceived;
                        }
                        part redefines speedSensor{
                            port redefines speedSensorPort{
                                event sendSensedSpeed.source;
                            }
                        }
                        part redefines vehicleSoftware{
                            part redefines vehicleController{
                                part redefines cruiseController{
                                    port redefines setSpeedPort{
                                        //analagous to gate: event occurrence bound but may not need this since the port is bound
                                        event occurrence setSpeedReceived = vehicle_b.setSpeedPort.setSpeedReceived;
                                    }
                                    port redefines speedSensorPort{
                                        event occurrence setSpeedReceived=setSpeedPort.setSpeedReceived;
                                        then event sendSensedSpeed.target;
                                    }
                                    port redefines cruiseControlPort{             
                                        event sendFuelCmd.source;
                                    }
                                }
                            }
                        }
                        part redefines engine{
                            port redefines fuelCmdPort{
                                event sendFuelCmd.target;
                            }
                        }
                        message sendSensedSpeed of SensedSpeed;
                        message sendFuelCmd of FuelCmd;
                    }
                }
            }
            package Requirements{
                public import RequirementDerivation::*;
                public import ModelingMetadata::*; // incudes status info
                item marketSurvey;
                dependency from vehicleSpecification to marketSurvey;
                
                requirement vehicleSpecification{
                    subject vehicle:Vehicle;
                    requirement <'1'> vehicleMassRequirement: MassRequirement {
                        doc /* The total mass of the vehicle shall be less than or equal to the required mass.
                        Assume total mass includes a full tank of gas of 60 kg*/
                        attribute redefines massRequired=2000 [kg];                     
                        attribute redefines massActual default vehicle.dryMass + fuelMassActual;
                        attribute fuelMassActual:>ISQ::mass;
                        attribute fuelMassMax:>ISQ::mass = 60 [kg];
                        assume constraint {fuelMassActual==fuelMassMax}
                    }
                    
                    allocate vehicleMassRequirement to PartsTree::vehicle_b.mass;
                    
                    requirement <'2'> vehicleFuelEconomyRequirements{
                        doc /* fuel economy requirements group */
                        attribute assumedCargoMass:>ISQ::mass;
                        requirement <'2_1'> cityFuelEconomyRequirement:FuelEconomyRequirement{
                            redefines requiredFuelEconomy= 10 [km / L];
                            assume constraint {assumedCargoMass<=500 [kg]}
                        }
                        requirement <'2_2'> highwayFuelEconomyRequirement:FuelEconomyRequirement{
                            redefines requiredFuelEconomy= 12.75 [km / L];
                            assume constraint {assumedCargoMass<=500 [kg]}
                            
                            //StatusInfo is contained in ModelingMetadata library
                            // StatusKind has values for open, closed, tbd, tbr, tbd
                            @StatusInfo {
                                status = StatusKind::closed;     
                                originator = ""Bob"";
                                owner = ""Mary"";
                            }
                        }
                    }
                }
                requirement engineSpecification {
                    subject engine1:Engine;
                    requirement <'1'> engineMassRequirement: MassRequirement {
                        doc /* The total mass of the engine shall be less than or equal to the required mass.*/
                        attribute redefines massRequired=200 [kg];                     
                        attribute redefines massActual = engine1.mass;
                    }
                    requirement torqueGenerationRequirement : TorqueGenerationRequirement{
                        subject generateTorque default engine1.generateTorque;
                    }

                    requirement drivePowerOutputRequirement : DrivePowerOutputRequirement{
                        port torqueOutPort{
                            out torque:Torque;
                        }
                    }
                }
                // the engine mass requirement is derived from the vehicle mass requirement
                #derivation connection {
                    end #original ::> vehicleSpecification.vehicleMassRequirement;
                    end #derive ::> engineSpecification.engineMassRequirement;
                }

            }
        }    
        package Engine4Cyl_Variant{
            public import ModelingMetadata::*; // incudes refinement
            part engine:Engine{
                part cylinders:Cylinder[4..8] ordered;
            }
            part engine4Cyl:>engine{
                part redefines cylinders [4];
                part cylinder1 subsets cylinders[1];
                part cylinder2 subsets cylinders[1];
                part cylinder3 subsets cylinders[1];
                part cylinder4 subsets cylinders[1];
            }
            #refinement dependency engine4Cyl to VehicleConfiguration_b::PartsTree::vehicle_b::engine;
        }
        package WheelHubAssemblies{
            // alternative 1 - w/o explicit nesxted interfaces
            part wheelHubAssy1{
                part wheel1:Wheel{
                    port :>>lugNutCompositePort:LugNutCompositePort {
                        port lugNutPort :>> lugNutPort [5];
                    }
                }
                part hub1:Hub{
                    port :>> shankCompositePort:ShankCompositePort {
                        port shankPort :>> shankPort [5];
                    }
                }
                interface wheelHubInterface:WheelHubInterface
                    connect [1] wheel1.lugNutCompositePort to [1] hub1.shankCompositePort;
            }
            // alternative 2 - w multiple nesxted interfaces
            part wheelHubAssy2{
                part wheel1:Wheel{
                    port :>>lugNutCompositePort:LugNutCompositePort {
                        port lugNutPort :>> lugNutPort [5];
                    }
                }
                part hub1:Hub{
                    port :>> shankCompositePort:ShankCompositePort {
                        port shankPort :>> shankPort [5];
                    }
                }
                interface wheelHubInterface:WheelHubInterface
                    connect [1] lugNutCompositePort ::> wheel1.lugNutCompositePort to [1] shankCompositePort ::> hub1.shankCompositePort {
                        interface wheelFastenerInterface1 :> wheelFastenerInterface
                            connect [5] lugNutPort ::> lugNutCompositePort.lugNutPort to [5] shankPort ::> shankCompositePort.shankPort;
                        }
            }
            // alternative 3 - w explicit nesxted interfaces
            part wheelHubAssy3{
                part wheel1:Wheel{
                    port lugNutCompositePort :>> lugNutCompositePort {
                        port lugNutPort [5] :>> lugNutPort {
                            attribute :>> threadDia = 14 [mm];
                            attribute :>> threadPitch = 1.5 [mm];
                        }
                        port lugNutPort1 [1] :> lugNutPort;
                        port lugNutPort2 [1] :> lugNutPort;
                        port lugNutPort3 [1] :> lugNutPort;
                    }
}
                part hub1:Hub{
                    port shankCompositePort :>> shankCompositePort {
                        port shankPort [5] :>> shankPort {
                            attribute :>> threadDia = 14 [mm];
                            attribute :>> threadPitch = 1.5 [mm];
                            attribute :>> shaftLength = 70 [mm];
                        }
                        port shankPort1 [1] :> shankPort;
                        port shankPort2 [1] :> shankPort;
                        port shankPort3 [1] :> shankPort;
                    }
}
                interface wheelHubInterface:WheelHubInterface
                    connect [1] lugNutCompositePort ::> wheel1.lugNutCompositePort to [1] shankCompositePort ::> hub1.shankCompositePort {
                        interface wheelFastenerInterface1 :> wheelFastenerInterface
                            connect lugNutPort ::> lugNutCompositePort.lugNutPort1 to shankPort ::> shankCompositePort.shankPort1 {
                                attribute :>> maxTorque = 90 * 1.356 [N*m];
                        }
                        interface wheelFastenerInterface2 :> wheelFastenerInterface
                            connect lugNutPort ::> lugNutCompositePort.lugNutPort2 to shankPort ::> shankCompositePort.shankPort2 {
                                attribute :>> maxTorque = 90 * 1.356 [N*m];
                        }
                        interface wheelFastenerInterface3 :> wheelFastenerInterface
                            connect lugNutPort ::> lugNutCompositePort.lugNutPort3 to shankPort ::> shankCompositePort.shankPort3 {
                                attribute :>> maxTorque = 90 * 1.356 [N*m];
                        }
                }
            }
        }
    }
    package VehicleAnalysis{
        public import RiskMetadata::*;
        public import RiskLevelEnum::*;
        // recursive public import uses double asterisk **
        public import VehicleConfigurations::VehicleConfiguration_b::**;
        package FuelEconomyAnalysisModel{
            public import SampledFunctions::SampledFunction;
              
            /*
            This analysis model was provided by Hisashi Miyashita on January 27, 2021
              We use the simplest fuel consumption analysis model introduced in:
              Akcelik, R. ""Fuel efficiency and other objectives in traffic system management."" Traffic Engineering and Control 22.2 (1981): 54-65. 

              Fuel consumption rate f can be decomposed to:
              f = f_a + f_b * tpd_avg,
              where tpd_avg is average interrupted travel time per unit distance, actually the inverse of the average velocity [t/km];
              f_a is the best fuel consumption per distance; and
              f_b is the additional fuel consumption per distance and average travel time, which can be regarded as the idling fuel consumption.
              Approximately, it is proportional to engine displacement and it ranges from 0.5 to 0.6 [l/hour/litre of engine displacement]
              according to:
              Review of the Incidence, Energy Use and Costs of Passenger Vehicle Idling; Gordon W. Taylor, P.Eng. Prepared for the Office of Energy Efficiency, Natural Resources Canada, 2003

              We assume f_a can be approximated to
              fuel_consumption / distance = BSFC * SGG * required_power_avg * tpd_avg,
              where required_power_avg is the required power, and it can be approximately derived from:
                  total_energy == P_req * tpd_avg * distance == 1/2 * mass / tpd_avg^2
              This part is computed with BestFuelConsumptionPerDistance calc def.

              BSFC means Brake-Specific Fuel Consumption, defined as gram/power.  SGG is the specific gravity of gasoline.
              The high octane gasoline is about 0.76[l/kg].
            */
            
            attribute def Scenario :> SampledFunction {
                attribute wayPoint[1..*] {
                    attribute elapseTime[1] :> ISQ::time;
                    attribute position[1] :> ISQ::distance;
                }
            }
            
            calc def FuelConsumption {
                in bestFuelConsumption: Real;
                in idlingFuelConsumption: Real; 
                in tpd_avg:>timePerDistance;
                attribute f = bestFuelConsumption + idlingFuelConsumption * tpd_avg;
                return dpv :> distancePerVolume = 1/f;
            }
            
            calc def AverageTravelTimePerDistance {
                in scenario: Scenario;
                return tpd_avg:>timePerDistance;
            }
            calc def TraveledDistance {
                in scenario: Scenario;
                return distance:> length;
            }
            calc def IdlingFuelConsumptionPerTime {
                in engine:Engine;
                attribute idlingFuelConsumptionPerDisplacement: Real = 0.5;
                return f_a : Real = engine.displacement * idlingFuelConsumptionPerDisplacement;
            }

            attribute specificGravityOfGasoline: Real = 0.76;
            calc def BestFuelConsumptionPerDistance {
                in mass: MassValue;
                in bsfc: Real;
                in tpd_avg:> timePerDistance;
                in distance:>length;
                attribute required_power_avg:> ISQ::power;
                constraint {required_power_avg == 1/2 * mass * tpd_avg **(-3) / distance}
                return f_b : Real = bsfc * specificGravityOfGasoline * required_power_avg * tpd_avg;
            }

            calc def ComputeBSFC{
                in engine: Engine;
                return : Real;
            }

            analysis fuelEconomyAnalysis  {    
                subject = vehicle_b; 
                
                objective fuelEconomyAnalysisObjective {
                    doc /*estimate the vehicle fuel economy*/
                    require vehicleSpecification.vehicleFuelEconomyRequirements;
                }
                
                in attribute scenario: Scenario;
                // define a series of waypoints
                
                attribute distance = TraveledDistance(scenario);
                attribute tpd_avg = AverageTravelTimePerDistance(scenario);
                attribute bsfc = ComputeBSFC(vehicle_b.engine);
                attribute f_a = BestFuelConsumptionPerDistance(vehicle_b.mass, bsfc, tpd_avg, distance);
                attribute f_b = IdlingFuelConsumptionPerTime(vehicle_b.engine);

                return attribute calculatedFuelEconomy:>distancePerVolume=FuelConsumption(f_a, f_b, tpd_avg);
            }
        }
        package ElectricalPowerAnalysis{
        }
        package ReliabilityAnalyis{
        }
        package VehicleTradeOffAnalysis{
            /* The following example provides the rationale for selecting the engine4cyl. 
            The rationale and risk are contained in a metadata library. */
            
            @Rationale about engineTradeOffAnalysis::vehicle_b_engine4cyl{
                explanation = VehicleAnalysis::VehicleTradeOffAnalysis::engineTradeOffAnalysis;          
                text = ""the engine4cyl was evaluated to have a higher objective function compared to the engine6cyl based on the trade-off analyiss""; 
            }
            
            // The following risk for the engine4cyl could have been included as part of the objective evaluaiton criteria
            
            @Risk about engineTradeOffAnalysis::vehicle_b_engine4cyl {
                totalRisk = medium;
                technicalRisk = medium;
                scheduleRisk = medium;
                costRisk = RiskLevelEnum::low;
            }
            @Risk about engineTradeOffAnalysis::vehicle_b_engine4cyl::engine::fuelEfficiency {
                technicalRisk {
                    probability = 0.3;
                    impact = 0.5;
                }
            }
            
                
            public import TradeStudies::*;
            //evaluation function with criterion engine mass, engine power, and engine cost
            calc def EngineEvaluation {
                in engineMass:>ISQ::mass;
                in enginePower:>ISQ::power; 
                in engineFuelEfficiency:Real;
                in engineCost:Real;
                return eval:Real;
            }
            calc def EngineEvaluation_4cyl {
                in engineMass:>ISQ::mass;
                in enginePower:>ISQ::power;
                in engineFuelEfficiency:Real;
                in engineCost:Real;
                return eval:Real;
            }
            calc def EngineEvaluation_6cyl {
                in engineMass:>ISQ::mass;
                in enginePower:>ISQ::power;
                in engineFuelEfficiency:Real;
                in engineCost:Real;
                return eval:Real;
            }
            analysis engineTradeOffAnalysis:TradeStudy{
                subject vehicleAlternatives[2]:>vehicle_b;   
                
                part vehicle_b_engine4cyl:>vehicleAlternatives{   
                    part engine redefines engine{
                        part cylinders :>> cylinders [4];
                        attribute mass redefines mass=180 [kg];
                        attribute peakHorsePower redefines peakHorsePower = 180 [W];
                        attribute fuelEfficiency redefines fuelEfficiency=.6;
                        attribute cost redefines cost = 1000;                     
                    }
                }
                part vehicle_b_engine6cyl:>vehicleAlternatives{   
                    part engine redefines engine{  
                        part cylinders redefines cylinders [6];
                        attribute mass redefines mass=220 [kg];
                        attribute peakHorsePower redefines peakHorsePower = 220 [W];
                        attribute fuelEfficiency redefines fuelEfficiency=.5;
                        attribute cost redefines cost = 1500;
                    }
                }
                
                objective :MaximizeObjective;
                    /*Select vehicle alternative with the engine whose evaluation function returns the max value*/
                
                calc :> evaluationFunction{
                    in part vehicle:>vehicle_b_engine4cyl;
                    return attribute eval:Real=EngineEvaluation_4cyl (vehicle.engine.mass, vehicle.engine.peakHorsePower, vehicle.engine.fuelEfficiency, vehicle.engine.cost); 
                }
                calc :> evaluationFunction{
                    in part vehicle:>vehicle_b_engine6cyl;
                    return attribute eval:Real=EngineEvaluation_6cyl (vehicle.engine.mass, vehicle.engine.peakHorsePower, vehicle.engine.fuelEfficiency, vehicle.engine.cost); 
                }                                                  
                return part selectedVehicle:>vehicle_b;
            }
        }
    }
    package VehicleVerification{
        public import VehicleConfigurations::VehicleConfiguration_b::**;
        public import VerificationCaseDefinitions::*;
        public import VerificationCases1::*;
        // the following is a model library which contains VerdictKind
        public import VerificationCases::*;
        public import VerificationSystem::*;
        package VerificationCaseDefinitions{
            verification def MassTest;
            verification def AccelerationTest;
            verification def ReliabilityTest;
        }
        package VerificationCases1{
            verification massTests:MassTest {
                subject vehicle_uut :> vehicle_b;
                actor vehicleVerificationSubSystem_1 = verificationContext.massVerificationSystem;
                objective {
                    verify vehicleSpecification.vehicleMassRequirement{
                        redefines massActual=weighVehicle.massMeasured;
                    }
                }     
                // method kinds are test, demo, analyze, should also include inspection, similarity
               @ VerificationMethod{
                    kind = (VerificationMethodKind::test, VerificationMethodKind::analyze);
                }
                action weighVehicle {
                    out massMeasured:>ISQ::mass;
                }
                then action evaluatePassFail {
                    in massMeasured:>ISQ::mass;
                    out verdict = PassIf(vehicleSpecification.vehicleMassRequirement(vehicle_uut));
                }
                flow from weighVehicle.massMeasured to evaluatePassFail.massMeasured;
                return :>> verdict = evaluatePassFail.verdict;
            }
        }
        package VerificationSystem{
            part verificationContext{
                perform massTests;
                part vehicle_UnitUnderTest :> vehicle_b;
                part massVerificationSystem{
                    part scale{
                        perform massTests.weighVehicle;
                    }
                    part operator{
                        perform massTests.evaluatePassFail;
                    }
                }
            }
        }
    }
    package VehicleIndividuals{
        individual a:VehicleRoadContext_1{
            timeslice t0_t2_a{
                snapshot t0_a {             
                    attribute t0 redefines time=0 [s];
                    snapshot t0_r:Road_1{
                        :>>Road::incline =0;
                        :>>Road::friction=.1;
                    }
                    snapshot t0_v:Vehicle_1{
                        :>>Vehicle::position=0 [m];
                        :>>Vehicle::velocity=0 [m];
                        :>>Vehicle::acceleration=1.96 [m/s**2];
                        // .2 g where 1 g = 9.8 meters/sec^2
                        snapshot t0_fa:FrontAxleAssembly_1{
                            snapshot t0_leftFront:Wheel_1;
                            snapshot t0_rightFront:Wheel_2;
                        }
                    }
                }
                snapshot t1_a{
                    attribute t1 redefines time=1 [s];
                    snapshot t1_r:Road_1{
                        :>>Road::incline =0;
                        :>>Road::friction=.1;
                    }
                    snapshot t1_v:Vehicle_1{
                        :>>Vehicle::position=.98 [m];
                        :>>Vehicle::velocity=1.96 [m/s];
                        :>>Vehicle::acceleration=1.96 [m/s**2];
                        // .2 g where 1 g = 9.8 meters/sec^2
                        snapshot t1_fa:FrontAxleAssembly_1{
                            snapshot t1_leftFront:Wheel_1;
                            snapshot t1_rightFront:Wheel_2;
                        }
                    }
                }
                snapshot t2_a{
                    attribute t2 redefines time=2 [s];
                    snapshot t2_r:Road_1{
                        :>>Road::incline =0;
                        :>>Road::friction=.1;
                    }
                    snapshot t2_v:Vehicle_1{
                        :>>Vehicle::position=3.92 [m];
                        :>>Vehicle::velocity=3.92 [m/s];
                        :>>Vehicle::acceleration=1.96 [m/s**2];
                        // .2 g where 1 g = 9.8 meters/sec^2
                        snapshot t2_fa:FrontAxleAssembly_1{
                            snapshot t2_leftFront:Wheel_1;
                            snapshot t2_rightFront:Wheel_2;
                        }
                    }
                }
            }
        }
    }
    package MissionContext{
        /* Define mission context with mission use cases for vehicle_b */
        public import VehicleConfigurations::VehicleConfiguration_b::**;
        public import ParametersOfInterestMetadata::moe;
        public import TransportPassengerScenario::*;
        package ContextDefinitions{
            part def MissionContext:>GenericContext::Context;
            part def Road;
            part def Driver{
                port handPort:HandPort{
                }
                exhibit state driverStates{
                    state initial;
                    state wait;
                    transition initial then wait;
                    //ignition on
                    transition 'wait-wait-1'
                        first wait
                        do send IgnitionCmd (ignitionOnOff=IgnitionOnOff::on) via handPort
                        then wait;
                    // ignition off
                    transition 'wait-wait-2'
                        first wait
                        do send IgnitionCmd (ignitionOnOff=IgnitionOnOff::off) via handPort
                        then wait;
                }
            }
            part def Passenger;
            
            requirement transportRequirements;
            use case def TransportPassenger{
                objective TransportObjective {
                    doc /*deliver passenger to destination safely, comfortably, and within acceptable time*/
                    require transportRequirements;
                }
                subject vehicle:Vehicle;
                actor environment;
                actor road;
                actor driver;
                actor passenger [0..4];
                include use case getInVehicle_a:>getInVehicle [1..5];
                include use case getOutOfVehicle_a:>getOutOfVehicle [1..5];
            }
            
            use case getInVehicle:GetInVehicle {
                action unlockDoor_in [0..1];
                then action openDoor_in;
                then action enterVehicle;
                then action closeDoor_in;
            }
            use case def GetInVehicle{
                subject vehicle:Vehicle;
                actor driver [0..1];
                actor passenger [0..1];
                assert constraint {driver != null xor passenger != null}
            }

            use case getOutOfVehicle:GetOutOfVehicle {
                action openDoor_out;
                then action exitVehicle;
                then action closeDoor_out;
                then action lockDoor_out;
            }
            use case def GetOutOfVehicle{
                subject vehicle:Vehicle;
                actor driver [0..1];
                actor passenger [0..1];
                assert constraint {driver != null xor passenger != null}
            }
        }
        package TransportPassengerScenario{
            public import ContextDefinitions::TransportPassenger;
            
            // this version uses nesting vs fork and join for concurrent actions
            use case transportPassenger:TransportPassenger{
                first start; 
                then action a{
                    action driverGetInVehicle subsets getInVehicle_a[1];
                    action passenger1GetInVehicle subsets getInVehicle_a[1];
                }
                then action trigger accept ignitionCmd:IgnitionCmd;
                then action b{
                    action driveVehicleToDestination;
                    action providePower;   
                }
                then action c{
                    action driverGetOutOfVehicle subsets getOutOfVehicle_a[1];
                    action passenger1GetOutOfVehicle subsets getOutOfVehicle_a[1];
                }
                then done;
            }
            
            
            //this version uses forks and joins
            use case transportPassenger_1:TransportPassenger{
                // declare actions
                action driverGetInVehicle subsets getInVehicle_a[1];
                action passenger1GetInVehicle subsets getInVehicle_a[1];
                action driverGetOutOfVehicle subsets getOutOfVehicle_a[1];
                action passenger1GetOutOfVehicle subsets getOutOfVehicle_a[1];
                action driveVehicleToDestination;
                action providePower;
                item def VehicleOnSignal;
                join join1;
                join join2;
                join join3;
                action trigger accept ignitionCmd:IgnitionCmd;
                
                // define control flow
                first start;               
                then fork fork1;
                    then driverGetInVehicle;
                    then passenger1GetInVehicle;
                first driverGetInVehicle then join1;
                first passenger1GetInVehicle then join1;
                first join1 then trigger;
                first trigger then fork2;
                //succession trigger if trigger.ignitionCmd.ignitionOnOff==IgnitionOnOff::on then fork2;
                
                fork fork2;
                    then driveVehicleToDestination;
                    then providePower;
                first driveVehicleToDestination then join2;
                first providePower then join2;
                first join2 then fork3;

                fork fork3; 
                    then driverGetOutOfVehicle;
                    then passenger1GetOutOfVehicle;
                first driverGetOutOfVehicle then join3;
                first passenger1GetOutOfVehicle then join3;

                first join3 then done;
            }
        }
        
        part missionContext:ContextDefinitions::MissionContext{
            #moe attribute transportTime :> ISQ::time;
            perform transportPassenger;
            // bind parts to actors of use case
            part road:ContextDefinitions::Road = transportPassenger.road;
            part driver:ContextDefinitions::Driver = transportPassenger.driver{
                perform transportPassenger.a.driverGetInVehicle.unlockDoor_in;
                perform transportPassenger.a.driverGetInVehicle.openDoor_in;
                perform transportPassenger.a.driverGetInVehicle.enterVehicle; 
                perform transportPassenger.a.driverGetInVehicle.closeDoor_in;
                perform transportPassenger.c.driverGetOutOfVehicle.openDoor_out;
                perform transportPassenger.c.driverGetOutOfVehicle.exitVehicle; 
                perform transportPassenger.c.driverGetOutOfVehicle.closeDoor_out;
                perform transportPassenger.c.driverGetOutOfVehicle.lockDoor_out;
                perform transportPassenger.b.driveVehicleToDestination;
            }
            part passenger1:ContextDefinitions::Passenger = transportPassenger.passenger {
                perform transportPassenger.a.passenger1GetInVehicle.unlockDoor_in;
                perform transportPassenger.a.passenger1GetInVehicle.openDoor_in;
                perform transportPassenger.a.passenger1GetInVehicle.enterVehicle; 
                perform transportPassenger.a.passenger1GetInVehicle.closeDoor_in;
                perform transportPassenger.c.passenger1GetOutOfVehicle.openDoor_out;
                perform transportPassenger.c.passenger1GetOutOfVehicle.exitVehicle; 
                perform transportPassenger.c.passenger1GetOutOfVehicle.closeDoor_out;
                perform transportPassenger.c.passenger1GetOutOfVehicle.lockDoor_out;
            }
            part vehicle_b_1:>vehicle_b = transportPassenger.vehicle{
                attribute :>> position3dVector = (0,0,0) [spatialCF];
                perform transportPassenger.b.providePower redefines providePower;
                perform transportPassenger.trigger;
            }
            connect driver.handPort to vehicle_b_1.ignitionCmdPort;
            connect road to vehicle_b_1.vehicleToRoadPort;
        }
    }
    package VehicleSuperSetModel{
        /* all of vehicleFamily is included in the superset model to enable subsetting a specific vehicle configuration*/
        package VariationPointDefinitions {
            variation part def TransmissionChoices:>Transmission {
                variant part transmissionAutomatic:TransmissionAutomatic;
                variant part transmissionManual:TransmissionManual;
            }
        }
        package VehiclePartsTree{
            public import VariationPointDefinitions::*;
            abstract part vehicleFamily {
                // variation with nested variation
                variation part engine:Engine{
                    variant part engine4Cyl:Engine4Cyl;
                    variant part engine6Cyl:Engine6Cyl{
                        part cylinder:Cylinder [6]{
                            variation attribute diameter:LengthValue{
                                variant attribute smallDiameter:LengthValue;
                                variant attribute largeDiagmeter:LengthValue;
                            }
                        }
                    }
                }
                // variation point based on variation of part definition
                part transmissionChoices:TransmissionChoices;
                // optional variation point
                part sunroof:Sunroof[0..1];
                // selection constraint
                assert constraint selectionConstraint{
                    (engine==engine::engine4Cyl and transmissionChoices==TransmissionChoices::transmissionManual) xor
                    (engine==engine::engine6Cyl and transmissionChoices==TransmissionChoices::transmissionAutomatic)
                }
                part driveshaft;
                part frontAxleAssembly;
                part rearAxleAssembly;
            }
        }
    }
    package SafetyandSecurityGroups {
        public import VehicleConfigurations::VehicleConfiguration_b::PartsTree::*;
        package SafetyGroup {
            /* Parts that contribute to safety. */
            public import vehicle_b::**;
            filter @Safety;
        }
        package SecurityGroup {
            /* Parts that contribute to security. */
            public import vehicle_b::**;
            filter @Security;
        }
        package SafetyandSecurityGroup {
            /* Parts that contribute to safety OR security. */
            public import vehicle_b::**;
            filter @Safety or @Security;
        }
        package MandatorySafetyGroup {
            /* Parts that contribute to safety AND are mandatory. */
            public import vehicle_b::**;
            filter @Safety and Safety::isMandatory;
        }
    }
    package Views_Viewpoints{
       package ViewpointDefinitions{
            viewpoint def BehaviorViewpoint;
            viewpoint def SafetyViewpoint{
                frame concern vs:VehicleSafety;
            }
            part def SafetyEngineer;
            concern def VehicleSafety {
                doc /* identify system safety features */
                stakeholder se:SafetyEngineer;
            }
        }
        package ViewDefinitions{
            //public import Views to access rendering method library 
            public import Views::*;
            view def TreeView{
                render asTreeDiagram;
            }
            view def NestedView; 
            view def RelationshipView;
            view def TableView;
            view def PartsTreeView:>TreeView {
                filter @SysML::PartUsage;
            }
            view def PartsInterconnection:>NestedView;
        }
        package VehicleViews{
            public import ViewpointDefinitions::*;
            public import ViewDefinitions::*;
            public import VehicleConfigurations::VehicleConfiguration_b::*;
            view vehiclePartsTree_Safety:PartsTreeView{
                satisfy requirement sv:SafetyViewpoint;
                expose PartsTree::**;
                filter @Safety;
            }
        }
    }
}

","The SysML v2 model described is a comprehensive representation of a simple vehicle system called ""SimpleVehicleModel."" The model is structured in multiple nested packages, primarily under the package ""Definitions,"" which encompasses various components such as parts, ports, signals, actions, states, requirements, and attributes related to vehicle functionalities.

Key elements of the model include:

1. **Parts and Subcomponents**: The vehicle is modeled with various parts such as `Vehicle`, `Engine`, `Transmission`, `Axles`, `Wheels`, and subsystems like `SteeringSubsystem` and `BrakingSubsystem`. Each part has its attributes (e.g., mass, power) and may also define their local states and actions.

2. **Ports and Interfaces**: Ports are defined to facilitate communication between parts, including commands for the ignition, power management, and signals for status updates. Interfaces establish the data flow between components (e.g., between the engine and the transmission).

3. **State Behavior**: The model captures the dynamic behavior of the vehicle through states (like `on`, `off`, `starting`) and actions (like `providePower` and `generateTorque`). It has defined transitions between states based on events and conditions.

4. **Requirements**: The requirements packages specify constraints like mass, fuel efficiency, and reliability, ensuring that parts satisfy the functional and performance criteria over scenarios.

5. **Logical Configuration/Allocation**: The model defines how logical vehicle configurations relate to physical implementations, showing the allocation of logical actions to physical parts.

6. **Variability**: The model includes variation points, allowing for different configurations (like engine types and transmission options) indicating a scalable and adaptable system design.

7. **Verification and Validation**: The verification package suggests methods to validate that the vehicle meets specified requirements through tests such as mass and performance evaluations.

8. **Mission Context**: Contains use cases defining operational scenarios for the vehicle, focusing on the context of transporting passengers and vehicle functionalities.

This model provides a holistic design approach, capturing both the physical and logical structure of a vehicle while ensuring it meets performance and safety requirements through a well-defined framework.","[-2.55488660e-02 -3.84768359e-02  5.31318504e-03  1.70504730e-02
  2.96836887e-02 -1.06359506e-02 -2.64291912e-02  4.92797941e-02
 -9.33778659e-03  1.78039148e-02  4.34286259e-02 -1.23828994e-02
  4.09529544e-02 -1.23958802e-02 -9.81828384e-03 -3.38513292e-02
  5.39765097e-02 -6.36017770e-02 -3.52260880e-02  5.05993180e-02
  1.20862022e-01  2.29747165e-02 -3.04742679e-02 -3.41220871e-02
 -1.16492480e-01  2.91302986e-02  6.60360744e-03  4.86024693e-02
  2.15642266e-02 -9.42145139e-02 -2.18209699e-02  1.88930035e-02
  3.26227327e-03  1.47023778e-02  6.41007721e-03 -2.31556445e-02
  8.52090642e-02 -5.81040159e-02 -1.05304636e-01 -6.16841987e-02
 -6.61503943e-03 -1.28285229e-01 -3.01645901e-02 -8.76892265e-03
  3.33816595e-02  4.93735168e-03  9.15716682e-03 -6.27408102e-02
 -3.69716175e-02 -6.00629263e-02 -4.58744206e-02  3.57708335e-02
  5.47138266e-02  3.47719677e-02  9.48852766e-03  1.07124681e-02
  2.51380708e-02  2.05402095e-02 -9.41231698e-02 -4.37577367e-02
  3.41990851e-02  1.36229210e-02 -5.44313379e-02 -1.16896192e-02
 -1.16549376e-02  2.86266673e-02 -2.74449121e-02 -3.60500216e-02
  4.60390672e-02 -1.55113416e-03 -1.10886112e-01 -6.81986660e-02
 -4.58846334e-03 -8.89504980e-03  2.94075664e-02 -1.18916057e-01
  3.73911932e-02  8.32765712e-04 -8.41399189e-03 -9.17119086e-02
 -7.79945701e-02  1.95531845e-02 -9.01435092e-02 -2.27112900e-02
  9.84725426e-04  2.72243051e-03 -1.13994430e-03 -2.23708246e-02
  1.92062166e-02  3.45968269e-02 -3.41515541e-02 -1.52427368e-02
  3.47949713e-02 -3.55255194e-02  4.76459600e-02  6.89472854e-02
  4.77096178e-02 -3.27483453e-02  1.89212430e-02  7.23810401e-03
  9.59093496e-03  3.68880332e-02  4.07065935e-02 -5.71904879e-04
 -4.38765623e-02  1.24710072e-02 -6.50454015e-02 -2.34962571e-02
 -7.01614320e-02 -6.72850236e-02 -1.62954908e-02  9.24946219e-02
 -5.34994118e-02 -5.78339444e-03  2.78858766e-02 -7.99420942e-03
 -2.22655479e-02  1.97406150e-02  6.43537417e-02 -1.81404725e-02
 -2.59363279e-02 -3.19639444e-02  8.28083307e-02  5.32261506e-02
  6.47251308e-02 -2.00336520e-02 -3.96140851e-02 -8.72641823e-34
 -7.52456635e-02 -3.42100635e-02 -5.65147772e-02  9.58007723e-02
 -2.06095017e-02  7.28787482e-02  1.60451662e-02  1.38251893e-02
  6.02782704e-02  7.72935748e-02 -6.26893267e-02  4.20106612e-02
 -2.36222688e-02  4.51598354e-02  7.10080415e-02 -3.87027822e-02
 -5.83623052e-02 -7.91123137e-03 -1.80036761e-02 -2.41804272e-02
  2.17337888e-02  6.50173128e-02 -3.65965487e-03 -1.64087657e-02
  1.18279159e-01  5.23124970e-02  1.83349568e-02 -2.45296978e-03
 -4.83691730e-02  4.66367379e-02  1.70106441e-02  5.47829531e-02
 -3.78123373e-02  4.35430892e-02  7.35672563e-03  2.37523299e-02
 -1.81434005e-02 -5.71590699e-02 -8.52691941e-04 -8.06534439e-02
 -9.28496011e-03 -5.80825843e-02 -7.15787932e-02  2.74193683e-03
 -7.63367116e-02 -3.45771946e-02  1.09855626e-02  1.87238306e-02
  2.84860209e-02 -2.80404789e-03  1.13148419e-02 -4.23505455e-02
  5.97314388e-02 -3.77421901e-02 -3.82849947e-02  4.54873927e-02
  8.95734876e-03  2.85012554e-02 -4.57770824e-02  8.91648382e-02
 -7.52846599e-02  1.68540161e-02  4.43421192e-02 -1.82964336e-02
  3.53355631e-02  1.01406954e-01 -4.94450144e-02 -4.51341309e-02
  5.80467619e-02  5.33029400e-02 -6.49679229e-02  8.88829902e-02
 -7.17248302e-03  6.14603832e-02  5.94014749e-02 -1.23625686e-02
  1.36968549e-02 -4.23752591e-02 -9.73151997e-02  7.68410265e-02
 -1.23154677e-01  6.09582178e-02 -6.92871585e-02  2.88966727e-02
  2.57570092e-02 -5.50781637e-02 -5.52173406e-02 -6.50763139e-02
 -3.04514114e-02 -7.45459348e-02 -1.50724426e-02 -1.95946656e-02
 -5.92732010e-03  2.60802228e-02  2.43690535e-02 -3.30876240e-33
  2.26195995e-02 -3.20452154e-02 -2.63669994e-03 -2.89722858e-03
 -5.71487546e-02 -7.63639584e-02 -2.26815175e-02  1.62403826e-02
 -3.01538203e-02  3.16405185e-02 -1.26377773e-03  1.98798608e-02
  3.76512557e-02  1.58214103e-02 -1.39132291e-02  7.76334060e-03
 -2.16439571e-02 -1.64583638e-01  4.87654433e-02  3.44294496e-02
 -4.05719653e-02  9.90323573e-02  2.79726014e-02 -3.32507193e-02
 -2.83210240e-02 -2.18704063e-02 -1.95426270e-02  1.43501526e-02
  4.54865582e-03 -1.42208757e-02  9.22559276e-02 -6.82915002e-02
  7.57953152e-02  2.00822800e-02 -6.14330657e-02 -3.06506362e-02
 -2.41873618e-02 -6.08716123e-02  2.61108187e-04 -1.90172102e-02
  3.87937985e-02 -1.67727768e-02 -6.09665131e-03  1.86855569e-02
 -1.70687102e-02  8.88066273e-03 -3.07907928e-02 -2.90100779e-02
 -7.89202452e-02 -6.12973198e-02  5.57623059e-02 -1.73273515e-02
  3.57902646e-02  4.84050773e-02  2.08538156e-02  3.74679118e-02
  4.18529436e-02  3.83949699e-03  1.69236157e-02  2.73953546e-02
  7.87166283e-02 -1.86329205e-02 -1.91638935e-02  3.54069769e-02
 -2.69069318e-02 -7.90534616e-02 -3.73708531e-02 -8.09472874e-02
  3.29292305e-02 -1.95655245e-02  6.53349832e-02  8.94863345e-03
 -5.77645190e-03  1.91349462e-02  3.81188653e-02 -5.70294447e-02
 -7.52702355e-02 -2.67150551e-02  2.15253606e-02 -4.53038774e-02
 -7.89534152e-02 -1.65037774e-02 -5.92954597e-03  4.98500057e-02
 -6.31625876e-02  1.39173714e-03 -2.62972508e-02  1.03561386e-01
  5.92037998e-02 -2.24754624e-02 -5.04693724e-02  8.20589438e-02
 -6.15559779e-02  1.91861421e-01 -1.12649523e-01 -5.65028664e-08
 -2.46136566e-03  2.46616378e-02  6.56324700e-02 -4.47183326e-02
 -8.44360888e-03  4.25033271e-02 -9.70383827e-03 -3.99495587e-02
 -5.54685481e-02  5.66127412e-02 -7.77195347e-03  1.62365916e-03
 -4.26871739e-02 -1.69472303e-02  4.26280238e-02  1.04991928e-01
  5.54980189e-02  5.15462868e-02 -3.31354551e-02 -3.83490361e-02
  1.24274798e-01 -5.30119576e-02 -6.45425692e-02  9.88458097e-02
  9.36218575e-02 -5.87218143e-02 -2.91832979e-03  3.85495648e-02
  1.92293350e-03 -2.59738825e-02  3.09350230e-02  3.39457653e-02
  8.69674087e-02  1.20052338e-01 -4.16738056e-02  1.01669267e-01
 -5.94247021e-02 -1.76473986e-02  7.81759322e-02  3.28586139e-02
  4.12908830e-02 -1.37497031e-03 -5.14954254e-02  1.00916587e-02
  2.79611745e-03  7.55479932e-02 -9.14625525e-02 -1.04085438e-01
 -1.55645953e-02  4.26121131e-02 -5.59418350e-02  1.28218811e-02
 -4.12016399e-02  1.26976237e-01 -6.68270513e-02  6.20731562e-02
 -2.27481835e-02 -1.95633713e-02  7.54628256e-02 -3.52765620e-02
 -1.14332959e-02  1.38145626e-01 -3.10619804e-03  2.71610487e-02]"
90,../models/Vehicle Example/VehicleDefinitions.sysml,"package VehicleDefinitions {
	doc
	/*
	 * Example vehicle definitions model.
	 */

	private import ScalarValues::*;
	private import Quantities::*;
	private import MeasurementReferences::*;
	private import ISQ::*;
	private import SI::*;
	
	/* PART DEFINITIONS */
	
	part def Vehicle {
		attribute mass :> ISQ::mass;
	}
	part def Transmission;	
	part def AxleAssembly;
	part def Axle {
		port leftMountingPoint: AxleMountIF;
		port rightMountingPoint: AxleMountIF;
	}
	part def Wheel {
		port hub: WheelHubIF;
	}
	part def Lugbolt {
		attribute tighteningTorque :> ISQ::torque;
	}
	
	/* PORT DEFINITIONS */
	
	port def DriveIF { 
		in driveTorque :> ISQ::torque;
	}
	
	port def AxleMountIF { 
		out transferredTorque :> ISQ::torque;
	}
	
	port def WheelHubIF { 
		in appliedTorque :> ISQ::torque;
	}
	
	/* INTERFACE DEFINITIONS */
	
	interface def Mounting {
		doc /* The definition of the interface for mounting a Wheel to an Axle. */
		end axleMount: AxleMountIF;
		end hub: WheelHubIF;
		
		flow axleMount.transferredTorque to hub.appliedTorque;
	}
}","I want to create a SysML v2 model named `VehicleDefinitions` that defines various components of a vehicle. This model will include the following key elements:

1. **Parts**:
   - A `Vehicle` part that has a mass attribute.
   - `Transmission`, `AxleAssembly`, `Axle`, `Wheel`, and `Lugbolt` parts, with specific functionalities:
     - `Axle` has two ports (`leftMountingPoint` and `rightMountingPoint`) for mounting interfaces.
     - `Wheel` includes a port (`hub`) to connect to a wheel hub.

2. **Ports**:
   - `DriveIF` for driving torque input.
   - `AxleMountIF` for transferring torque out of the axle.
   - `WheelHubIF` for receiving applied torque at the wheel hub.

3. **Interface**:
   - An interface named `Mounting` that describes how a wheel is mounted on an axle, facilitating torque transfer from the axle to the wheel hub.

In summary, the model should encapsulate vehicle definitions, including the parts that represent physical components and their interactions via ports and interfaces to simulate vehicle dynamics.","[-3.55256051e-02 -7.33514354e-02  1.42423082e-02  1.49824070e-02
  3.37629742e-03  3.75223672e-03  1.19329086e-02  6.40364438e-02
 -5.77601492e-02 -1.12301819e-02  8.49364474e-02 -5.10129109e-02
  9.16579366e-02  1.03800343e-02 -9.41179041e-03  2.60145054e-03
  3.36711816e-02  3.03354785e-02 -1.92745440e-02  7.82804564e-02
  5.37359305e-02  2.47308705e-02  1.49918329e-02 -1.77950226e-02
 -5.84807284e-02 -8.02140236e-02  1.02227787e-02  8.07378739e-02
  3.07040475e-02 -5.99735640e-02  1.55469636e-02  4.62507717e-02
 -5.89140244e-02 -5.97133813e-03  3.11238319e-02  2.46069990e-02
  2.56643072e-02 -8.27545598e-02 -1.35805532e-01 -1.18873760e-01
  2.51570381e-02 -5.10928631e-02  2.77305786e-02 -2.01819520e-02
  6.33421764e-02 -5.91906859e-03  2.49945689e-02 -7.06190988e-02
 -2.48148870e-02  3.85144469e-03 -7.98867196e-02  2.74896435e-02
  3.52063440e-02  1.04177659e-02 -1.76531132e-02  5.61173223e-02
  3.69926579e-02  1.34926653e-02 -8.93132985e-02 -2.39712205e-02
  2.69855242e-02 -8.69378354e-03 -2.74531022e-02 -6.54298738e-02
 -4.26933914e-02  2.51833014e-02 -5.81177063e-02 -5.73169664e-02
 -2.17410382e-02  9.26639438e-02 -9.16186497e-02 -6.46861196e-02
 -2.80770287e-02  2.86739171e-02  1.89023037e-02 -4.10762466e-02
  2.31028385e-02  2.32822131e-02 -2.32465975e-02 -1.08287960e-01
 -1.09678492e-01  6.42511994e-02  4.27005161e-03 -5.11582345e-02
 -1.14289541e-02  7.80075835e-03  1.04972934e-02  7.06446311e-03
 -2.04117261e-02  3.43301557e-02 -2.53241826e-02 -4.66862619e-02
  3.28198150e-02 -1.48213524e-02  8.05792436e-02  3.37653458e-02
  1.48965083e-02 -1.23906871e-02  1.79645643e-02  1.72137581e-02
 -5.95351458e-02  2.22941320e-02  1.76389925e-02 -2.89865434e-02
 -8.18789825e-02  5.63173220e-02 -6.00547232e-02 -7.20805302e-02
 -1.26333237e-01 -4.24448773e-02  3.95232700e-02  7.37953484e-02
 -6.84187412e-02 -5.68771996e-02  1.61172124e-03  9.88182845e-04
  1.57594252e-02  1.68438982e-02  4.96011376e-02  2.79228785e-03
 -1.66744227e-03 -1.18763940e-02  9.09658968e-02  8.37721080e-02
  5.16615175e-02 -8.38717148e-02 -7.15127960e-02  4.05926163e-34
 -9.31972340e-02 -4.71444502e-02  1.64170694e-02  1.28126279e-01
 -7.80147174e-03  2.97605395e-02  3.11506949e-02  2.72745788e-02
  1.53813595e-02  8.06340799e-02 -4.67558876e-02  3.21182944e-02
 -5.63578047e-02 -1.61808208e-02  3.18245366e-02 -4.42285724e-02
 -9.27376654e-03  6.18883409e-02 -1.90154873e-02 -1.37000317e-02
  7.02165216e-02  2.68070661e-02 -6.49151802e-02 -9.87286121e-03
  3.06113269e-02  6.72751665e-02  3.44172679e-02 -7.47980084e-04
 -2.75876336e-02  3.76735926e-02 -2.35272609e-02  2.19820980e-02
  6.32815063e-03 -1.04209722e-03  6.68968121e-03 -6.17598221e-02
 -6.32058606e-02 -5.77033944e-02 -5.24375439e-02 -6.74698651e-02
  3.56995873e-02 -2.98832227e-02 -5.81608303e-02  1.32768974e-03
 -6.60677925e-02 -8.96741450e-03  1.27567006e-02  4.96654995e-02
  5.55958487e-02 -1.89575925e-02  1.90051794e-02 -2.06413735e-02
  4.65704091e-02 -2.69015171e-02 -7.03314543e-02 -1.24205379e-02
 -2.56118514e-02  5.48753925e-02 -3.30352932e-02  1.08599454e-01
 -9.96589884e-02  4.57227267e-02  3.37332077e-02 -1.91858020e-02
 -3.36870514e-02  7.02236593e-02 -1.36854881e-02 -7.92271644e-02
  2.12050974e-02  9.11567174e-03 -5.57249486e-02  2.20063869e-02
 -4.39182967e-02  1.20476872e-01  2.54585799e-02 -4.67461795e-02
 -1.12418206e-02 -2.27348469e-02 -5.58193885e-02  1.40705844e-02
 -1.30837470e-01  1.00157246e-01 -7.82822296e-02 -7.22444663e-03
  1.43883983e-02 -1.01312794e-01 -3.84977050e-02 -8.21509957e-02
  9.23060998e-03 -8.57974887e-02 -1.43102864e-02 -3.31413001e-02
 -4.42702770e-02 -1.76047031e-02 -2.54650880e-02 -4.49607487e-33
  7.07142893e-03  1.19681899e-02  3.21747884e-02 -2.04307064e-02
 -3.17128561e-02 -4.17388231e-02  5.37325405e-02 -5.47118895e-02
 -2.14573387e-02  2.20240131e-02  1.72812641e-02 -1.22549254e-02
 -1.11717945e-02 -1.85136236e-02  4.42902092e-03  4.65196297e-02
 -2.28486806e-02 -1.57532230e-01  5.06446697e-02  5.74991144e-02
 -4.24313769e-02  9.67523828e-02  3.70151252e-02 -5.00401761e-03
  3.11775710e-02 -5.34566771e-03  8.11491162e-03  9.03892145e-02
  4.60943999e-03  3.24055701e-02  5.69868693e-03 -3.12405988e-03
  3.10103334e-02 -2.59052566e-03 -6.76090494e-02 -5.96127994e-02
 -3.46823297e-02 -4.83207293e-02 -1.00112576e-02  7.52844644e-05
  3.59973386e-02 -4.42784019e-02 -2.45865248e-02  6.44866824e-02
 -3.18660103e-02 -6.42798841e-02 -1.01149399e-02 -2.24417150e-02
  6.71064947e-03 -4.19076718e-02  3.92563455e-02 -2.56812554e-02
  4.51172106e-02 -1.29462816e-02 -8.43196362e-03  7.74850473e-02
  5.09945303e-02 -5.32685928e-02  5.85623048e-02  2.22489610e-03
  8.62324685e-02 -4.40137424e-02 -2.02922989e-03  6.18277900e-02
  2.56332494e-02 -1.05149858e-01  3.90776992e-03 -8.53527337e-02
 -3.83456312e-02 -1.38980104e-02  2.51504555e-02  3.61743532e-02
  9.62505341e-02  4.81841750e-02  5.64851128e-02  1.87487248e-02
  2.05820445e-02  3.18476222e-02  6.29498214e-02 -6.10768162e-02
 -8.95975530e-02  5.70523506e-03  5.26424125e-02  6.80363625e-02
 -3.47766690e-02 -6.33710530e-03 -3.00756488e-02  1.04504682e-01
  6.15698844e-02  2.04427028e-03 -3.70502844e-02  5.57440370e-02
  8.43375688e-04  1.94453731e-01 -4.14487794e-02 -5.40512772e-08
 -7.69726885e-03  4.24030749e-03 -3.40828672e-02 -2.11131889e-02
 -7.07596987e-02  1.48949157e-02 -7.07425848e-02  8.16756976e-04
 -4.26444933e-02  5.95244430e-02 -1.84513349e-02  3.34613770e-02
 -4.31327447e-02  1.24568483e-02  1.04103442e-02  5.96290305e-02
  1.99743379e-02  4.24401090e-02 -5.32486513e-02 -6.71564043e-02
  7.64456019e-02 -1.26600852e-02 -1.36981914e-02  3.41249108e-02
  5.12536392e-02 -4.62957583e-02 -4.55059521e-02  4.51653302e-02
  5.34368604e-02  6.69676065e-03  8.13471004e-02 -1.73990708e-02
  3.34173106e-02  8.20482820e-02 -2.22029984e-02  5.06147444e-02
 -8.09682906e-02  3.31716239e-02  6.59175739e-02  4.86844964e-02
 -4.74724080e-03  4.31009755e-02 -5.50452508e-02  5.17112156e-03
  3.39211561e-02  6.24085963e-02 -1.57932982e-01 -3.04536186e-02
 -7.03994650e-03  6.60304651e-02 -8.29348639e-02  1.82522126e-02
 -7.25593492e-02  8.86927471e-02 -4.21714149e-02  8.08100253e-02
 -4.63991892e-03  1.04897295e-03  6.81748986e-02 -5.52374050e-02
 -3.46750692e-02  8.24829116e-02  2.49356609e-02  3.06700226e-02]"
91,../models/Vehicle Example/VehicleIndividuals.sysml,"package VehicleIndividuals {
	private import VehicleUsages::*;
	private import Time::DateTime;
	private import SI::kg;
	
	package IndividualDefinitions {

		individual part def Vehicle1 :> Vehicle {
			doc
			/*
			 * This is an individual Vehicle with a mass of 1800 kg.
			 */
			
			attribute redefines mass = 1800 [kg];
		}
		
		individual part def Vehicle2 :> Vehicle {
			doc
			/*
			 * This is an individual Vehicle with a mass of 1700 kg.
			 */
		
			attribute redefines mass = 1700 [kg];
		}
		
		individual part def AxleAssembly1 :> AxleAssembly;
		
		individual part def Wheel1 :> Wheel;
		individual part def Wheel2 :> Wheel;
	}
	
	package IndividualSnapshots {
		public import IndividualDefinitions::*;
	
		attribute t0: DateTime;
		attribute t1: DateTime;
		
		snapshot part vehicle1_t0: Vehicle1 {
			doc
			/*
			 * This is a snapshot of Vehicle1 at time t0;
			 */
		
			// Note: Timestamping of snapshots is not yet formalized.
			attribute t = t0;
		}
		
		timeslice part vehicle1_t0_t1: Vehicle1 {
			doc
			/*
			 * This is a time slice of Vehicle1 starting at snapshot vehicle1_t0 
			 * (time t0) and ending at time t1.
			 */
		
			snapshot :>> start = vehicle1_t0;
			snapshot :>> done {
				attribute t = t1;
			}
		}	
	}
	
	package IndividualConfigurations {
		public import IndividualSnapshots::*;
	
		individual part vehicle1_C2: Vehicle1 :> vehicle_C2 {
			doc
			/*
			 * This asserts that for some portion of its lifetime, Vehicle1 conforms
			 * to the configuration vehicle_C2;
			 */
		}	
			
		snapshot part vehicle1_C2_t0 : Vehicle1 :> vehicle1_C2, vehicle1_t0 {
			doc
			/*
			 * This is a snapshot of Vehicle1 in configuration vehicle1_C2 at time t0.
			 */
		
			snapshot axleAssembly1_t0: AxleAssembly1 :>> frontAxleAssembly {
				doc
				/*
				 * frontAxleAssembly is a feature of vehicle1_C2.
				 */
			
				snapshot leftFrontWheel_t0: Wheel1 :>> leftFrontWheel {
					doc
					/*
					 * This asserts that Wheel1 is the leftFrontWheel of vehicle_C2_t0
					 * (leftFrontWheel is a feature of vehicle_C2::frontAxleAssembly).
					 */
				}
			}
		}
		
		snapshot part vehicle1_C2_t1 : Vehicle1 :> vehicle1_C2, vehicle1_t0_t1.done {
			doc
			/*
			 * This is a snapshot of Vehicle1 in configuration vehicle_C2 at time t1.
			 */
		
			snapshot axleAssembly1_t1: AxleAssembly1 :>> frontAxleAssembly {
				snapshot rightFrontWheel_t1: Wheel1 :>> rightFrontWheel {
					doc
					/*
					 * This asserts that Wheel1 is the rightFrontWheel of vehicle_C2_t1.
					 */
				}
			}
		}	
	}
}","Here’s a concise description of the SysML v2 model:

---

**Package Name: VehicleIndividuals**

This model defines a system of vehicle components and their configurations over time. 

- **IndividualDefinitions**: Contains individual instances of vehicles and components.
  - Two vehicle instances (`Vehicle1` with mass 1800 kg and `Vehicle2` with mass 1700 kg).
  - Definitions for `AxleAssembly1`, `Wheel1`, and `Wheel2`.

- **IndividualSnapshots**: Captures the state of `Vehicle1` at specific times.
  - Snapshot `vehicle1_t0` records the state of `Vehicle1` at `t0`.
  - A timeslice `vehicle1_t0_t1` represents the vehicle's behavior from `t0` to `t1`.

- **IndividualConfigurations**: Specifies configurations and snapshots of `Vehicle1`.
  - `vehicle1_C2` asserts that `Vehicle1` conforms to a configuration called `vehicle_C2`.
  - Snapshots `vehicle1_C2_t0` and `vehicle1_C2_t1` document the state of `Vehicle1` in the configuration `vehicle_C2` at `t0` and `t1`, respectively, including details about the front axle assembly and wheels.

---

This model effectively captures the definitions, states, and configurations of vehicle components across different time points.","[-8.13789293e-02 -3.30974944e-02 -2.66813245e-02 -4.76281857e-03
  1.92278326e-02 -2.97102816e-02  2.49855630e-02  5.30260652e-02
 -2.40686424e-02 -3.27120977e-03  1.15624085e-01 -3.00135985e-02
  5.02951071e-02 -4.25025215e-03 -5.27309515e-02  2.92807003e-04
 -8.57653748e-03 -2.37398706e-02 -4.07761857e-02  3.61522883e-02
  7.34148473e-02 -3.63863073e-02 -1.02473097e-03 -1.11957220e-02
 -2.07700823e-02  6.71053072e-03 -8.41322541e-02  9.88819450e-02
  5.73125249e-03 -9.61569250e-02 -2.52658799e-02  8.08433294e-02
 -1.92579962e-02  2.28687860e-02  9.55863073e-02 -1.50850480e-02
 -1.69095490e-02 -5.14854640e-02 -8.18058103e-02 -7.16686696e-02
  1.72538236e-02 -6.64063469e-02 -7.74943084e-02 -4.59335335e-02
  1.45871995e-03  5.03877923e-02 -7.32057495e-03  3.09428666e-04
 -3.89515795e-02 -1.18734939e-02 -3.58928628e-02  7.29091745e-03
  2.10477202e-03  2.93826908e-02 -3.41025218e-02  4.56138812e-02
  8.15163949e-04  4.01877686e-02 -9.01314542e-02 -5.59215024e-02
  2.16754340e-02  9.93606541e-03 -5.19716330e-02 -1.71368457e-02
  2.23365463e-02  5.68458848e-02 -4.97002564e-02 -5.07366210e-02
  2.19426416e-02  5.81975877e-02 -8.34718123e-02 -1.90166533e-02
 -3.26899788e-03  5.02041504e-02 -1.45503636e-02 -8.29568133e-02
  5.71853332e-02  4.70795948e-03 -2.04605535e-02 -1.35406494e-01
 -8.28372613e-02  1.76471323e-02 -3.12383547e-02 -3.31821032e-02
 -2.49471772e-03 -4.56041880e-02  1.20495418e-02  2.15526279e-02
  5.48766218e-02  4.65174578e-02 -3.98463570e-02 -1.93563048e-02
  6.76534846e-02 -2.06477176e-02  5.31432666e-02  4.01966944e-02
  9.65856295e-03  7.11647719e-02  8.39251354e-02  9.31880716e-03
 -8.55184346e-03  4.81139086e-02  7.42131099e-02 -5.79475716e-04
 -5.37473671e-02  4.64434065e-02 -4.78195623e-02 -7.40656108e-02
 -3.13026495e-02 -5.36303259e-02  3.67947482e-02  9.29962173e-02
  3.10525484e-02 -3.42870988e-02 -4.69944673e-03  1.95441837e-03
 -1.46122230e-02  4.39086407e-02  4.42861877e-02 -1.64703745e-02
  2.42956029e-03 -6.34099096e-02  8.88121501e-02  9.71162505e-03
  6.91548139e-02  6.01926167e-03 -3.23543581e-03  3.04607596e-33
 -9.81231406e-02 -5.03823496e-02 -2.01698299e-02  1.12932459e-01
 -7.31054181e-03  7.26488307e-02 -4.84983847e-02  8.84350482e-03
 -1.38707990e-02  8.24103951e-02 -9.79099199e-02 -4.86066286e-03
 -1.90664567e-02 -7.53159076e-03  1.86906364e-02 -5.51208928e-02
 -1.79063412e-04  3.85076553e-02 -1.05891039e-03  4.90866788e-03
  6.56281561e-02  6.98181987e-02 -4.79787104e-02 -3.74077372e-02
  8.94899219e-02  3.96668240e-02  5.90450913e-02  3.00161894e-02
 -1.37822097e-02  2.21905299e-02 -2.01834906e-02  4.65122089e-02
 -9.16838422e-02  2.59408019e-02  2.47784220e-02 -4.84030880e-03
 -6.73786476e-02 -2.25934591e-02  1.03510469e-02 -5.53560704e-02
  7.91416839e-02 -8.23679194e-03 -8.42306092e-02 -2.24335375e-03
 -6.98086098e-02 -5.98240271e-02 -1.40786041e-02  3.50032933e-02
  1.00586740e-02 -1.95802953e-02  1.08840251e-02 -8.65139626e-03
  1.67669300e-02 -7.24886730e-02 -7.90589154e-02  1.82973407e-02
  1.53660784e-02  1.25652328e-02 -2.34629624e-02  1.21054366e-01
 -2.01666299e-02  2.16385190e-04  8.87481961e-03 -4.27113026e-02
  4.05166894e-02  8.76366124e-02 -8.17150846e-02 -3.85729596e-02
  9.02716666e-02  7.38854185e-02 -4.08259518e-02  4.86103073e-03
  1.03203794e-02  4.09350321e-02  8.96655247e-02 -7.61594698e-02
  3.30906622e-02  2.67640688e-03 -1.02436267e-01  5.31827845e-02
 -1.81778982e-01  7.19437748e-02 -5.43619730e-02 -1.59292035e-02
 -2.55196374e-02 -9.11500081e-02 -8.70746598e-02 -8.54862183e-02
 -3.58592868e-02 -5.29396534e-02 -1.54723953e-02 -5.53075373e-02
 -6.03913814e-02 -4.92801331e-03 -3.18807247e-03 -6.35627264e-33
  1.73450783e-02  4.46813218e-02  3.85173745e-02  1.32027501e-02
 -1.53895300e-02 -3.23374607e-02 -5.06091164e-03 -3.94443196e-04
 -5.27278297e-02  4.13020663e-02  2.01836377e-02 -2.71796975e-02
  5.26790414e-03 -5.99027164e-02 -1.53131122e-02  3.19951847e-02
  3.22380885e-02 -1.82033658e-01 -6.26874343e-03  1.56333819e-02
 -3.91073078e-02  6.16278015e-02  4.91348989e-02  3.74001563e-02
  1.97216868e-02  3.02059622e-03  1.54318968e-02  4.07289378e-02
  3.95281687e-02 -5.32288551e-02  3.56666408e-02 -6.36536703e-02
  2.87459921e-02  2.47542281e-02 -3.12853828e-02 -7.19642267e-02
 -5.75112812e-02 -3.40727307e-02 -3.63733135e-02  1.11629744e-03
  4.37334515e-02 -2.41785171e-03 -3.81292626e-02  2.59444248e-02
 -1.60704702e-02  3.18181217e-02  3.12918834e-02 -1.69309881e-02
 -1.52470986e-03 -7.18300864e-02  4.06316891e-02 -3.88626978e-02
  1.19405650e-02  2.62400899e-02  5.29614016e-02  4.41183746e-02
  3.71169560e-02 -2.86443438e-02 -3.00549865e-02 -1.20808533e-03
  8.15747231e-02 -3.77443545e-02  2.10668761e-02  5.52476197e-02
 -5.98138897e-03 -4.97360751e-02 -4.51550595e-02 -7.40874633e-02
  4.25231783e-03 -3.40553336e-02  2.52895039e-02 -4.50726599e-03
  2.30710208e-02 -2.34924983e-02  1.10499272e-02 -1.93361565e-02
 -2.68914346e-02  2.04379670e-02  7.43368715e-02 -1.16981596e-01
 -1.24501631e-01 -5.68047203e-02  4.74049859e-02  1.05627641e-01
 -9.18454230e-02  1.72437001e-02 -1.39474412e-02  9.10217836e-02
  6.68266267e-02  7.22997785e-02 -4.22606952e-02  6.77836686e-02
 -2.68544033e-02  1.75657913e-01 -3.27599905e-02 -5.90320610e-08
  3.19056921e-02  1.23948008e-02  8.93085916e-03 -5.11638075e-03
 -1.23094441e-03 -1.15945879e-02 -1.60355642e-02  1.77331213e-02
 -6.06569722e-02  4.55967262e-02  2.26428881e-02  4.74147089e-02
 -5.41176461e-02 -2.77193580e-02 -7.89796282e-03  2.85175964e-02
 -2.09634751e-02  3.19312960e-02 -5.85817210e-02 -4.46076766e-02
  5.60122542e-02 -2.47586481e-02 -2.68301778e-02  7.18933418e-02
  2.89624259e-02 -3.78169469e-03 -2.22528856e-02  4.55018356e-02
  8.61390159e-02 -4.77620848e-02  5.91450036e-02  4.04968262e-02
  8.49179253e-02  4.49782051e-02  9.38742247e-04 -2.65166536e-03
 -8.87007341e-02  1.03956334e-01  8.33534822e-02  6.17793715e-03
  2.20764689e-02  1.54709443e-02 -3.49864438e-02  4.35680263e-02
  2.71864654e-03  4.14683148e-02 -1.28031120e-01 -7.92448372e-02
 -3.76497060e-02  1.99302603e-02 -1.06138028e-02  3.89199294e-02
 -8.48830268e-02  1.42340526e-01 -7.85474181e-02  2.20815539e-02
 -7.47497566e-03 -3.92005481e-02  8.33505318e-02 -2.01744158e-02
 -8.57548043e-03  1.68762561e-02 -4.11287928e-03 -1.04339579e-02]"
92,../models/Vehicle Example/VehicleUsages.sysml,"package VehicleUsages {
	doc
	/*
	 * Example usages of elements from the vehicle definitions model.
	 */

	private import SI::N;
	private import SI::m;
	private import ScalarFunctions::*;

	public import VehicleDefinitions::*;

	/* VALUES */	 
	T1 = 10.0 [N * m];
	T2 = 20.0 [N * m];
	
	/* PARTS */	
	part narrowRimWheel: Wheel {
		doc /* Narrow-rim wheel configuration with 4 to 5 lugbolts. */

		part lugbolt: Lugbolt[4..5];
	}
	
	part wideRimWheel: Wheel {
		doc /* Wide-rim wheel configuration with 4 to 6 lugbolts. */	

		part lugbolt: Lugbolt[4..6];
	}

	part vehicle_C1: Vehicle {
		doc /* Basic Vehicle configuration showing a part hierarchy. */

		part frontAxleAssembly: AxleAssembly {
			part frontWheel[2] subsets narrowRimWheel {
				part redefines lugbolt[4] {
					attribute redefines tighteningTorque = T1;
				}
			}
			part frontAxle: Axle;
		}		
		part rearAxleAssembly: AxleAssembly {
			part rearWheel[2] subsets wideRimWheel {
				part redefines lugbolt[6] {
					attribute redefines tighteningTorque = T2;
				}
			}
			part rearAxle: Axle;			
		}
	}
	
	part vehicle_C2 subsets vehicle_C1 {
		doc /* Specialized configuration with part-specific ports. */

		part redefines frontAxleAssembly {
			part leftFrontWheel subsets frontWheel = frontWheel#(1);
			part rightFrontWheel subsets frontWheel = frontWheel#(2);
			
			interface leftFrontMount: Mounting connect 
				frontAxle.leftMountingPoint to leftFrontWheel.hub;
				
			interface rightFrontMount: Mounting connect 
				frontAxle.rightMountingPoint to rightFrontWheel.hub;
		}
		
		part rearAxleAssembly redefines vehicle_C1::rearAxleAssembly {
			part leftRearWheel subsets rearWheel = rearWheel#(1);
			part rightRearWheel subsets rearWheel = rearWheel#(2);

			interface leftRearMount: Mounting connect 
				rearAxle.leftMountingPoint to leftRearWheel.hub;
				
			interface rightRearMount: Mounting connect 
				rearAxle.rightMountingPoint to rightRearWheel.hub;
		}		
	}
	
	part vehicle_C3 subsets vehicle_C2 {
		doc /* Further specialized configuration with a connection to a deeply-nested port. */

		
		part transmission: Transmission {
			port drive: ~DriveIF;
		}
		
		part redefines rearAxleAssembly {
			part redefines rearAxle {
				port drive: DriveIF;
			}
		}
		
		interface driveShaft connect 
			transDrive ::> transmission.drive to axleDrive ::> rearAxleAssembly.rearAxle.drive {
			flow transDrive.driveTorque to axleDrive.driveTorque;
		}		
	}
}","Here's a concise description of the SysML v2 model you'd like to generate:

---

**Model Description:** This SysML v2 model encapsulates various vehicle configurations and their components, defined in the `VehicleUsages` package.

- **Values**: Defines specific tightening torques (T1 and T2) for different wheel configurations.
  
- **Parts**:
  - **NarrowRimWheel**: Configured with 4 to 5 lugbolts with a redefined tightening torque of T1.
  - **WideRimWheel**: Configured with 4 to 6 lugbolts with a redefined tightening torque of T2.
  
  - **Vehicle_C1**: A basic vehicle configuration that includes:
    - **FrontAxleAssembly**: Contains two `narrowRimWheel` parts with specified lugbolt configuration.
    - **RearAxleAssembly**: Contains two `wideRimWheel` parts with specified lugbolt configuration.

  - **Vehicle_C2**: A specialized vehicle configuration that:
    - Redefines `frontAxleAssembly` with left and right front wheel mounts.
    - Adjusts `rearAxleAssembly` with left and right rear wheel mounts.

  - **Vehicle_C3**: Further specialization featuring:
    - A `transmission` part with a drive port.
    - Redefinition of the rear axle to include a dedicated drive port.
    - A drive shaft that connects the transmission drive to the rear axle's drive, facilitating torque flow.

---

This description captures the structure, parts, and specializations of the vehicle model while highlighting connections and configurations relevant to the task.","[-6.06756844e-02 -5.03633581e-02 -3.24164666e-02 -4.62130643e-03
 -5.04033826e-02 -2.29092166e-02 -1.67989582e-02  6.88542426e-02
 -5.34330346e-02  1.96999907e-02  5.36523201e-02 -2.06286572e-02
  2.19953246e-02 -6.89584762e-02 -2.57714149e-02  3.40078734e-02
 -5.74038085e-03  4.28041853e-02 -5.17336167e-02  5.16068004e-02
  6.90592378e-02 -3.66321430e-02  3.15807015e-02  8.68674368e-03
 -7.60196447e-02 -2.85851322e-02 -3.76097150e-02  9.93396938e-02
 -2.21943352e-02 -8.59258026e-02 -2.95784697e-02  4.62690927e-02
 -5.98390214e-02 -2.09012292e-02  3.95868011e-02 -2.58490462e-02
  4.08366381e-04 -4.03652377e-02 -1.00016214e-01 -5.80996349e-02
  2.58790096e-03 -1.43039608e-02  1.94926336e-02  3.05810827e-03
  1.74710434e-02  1.88213941e-02  2.14279275e-02  2.36967597e-02
 -4.60562557e-02 -8.28721374e-03 -6.73997821e-03 -1.14402715e-02
  3.28086540e-02 -3.30439620e-02 -8.62641558e-02  8.35580379e-02
  1.38474889e-02 -9.36943479e-03 -6.35198504e-02 -3.98751423e-02
  7.86428750e-02 -2.17715707e-02 -5.66311814e-02 -4.03754525e-02
 -7.38630146e-02 -1.67217311e-02 -1.48643507e-02 -7.59154186e-02
  1.79452803e-02  9.25894752e-02 -9.60468873e-02 -6.68479279e-02
 -2.68008746e-03  2.68628076e-02  1.31405611e-02 -5.60392439e-02
  9.24518034e-02 -2.48814356e-02 -3.38912359e-04 -1.10439166e-01
 -7.21352249e-02  5.69348261e-02  4.41426411e-02 -5.17296093e-03
  1.28752124e-02 -6.05843551e-02  4.41264957e-02  2.94176657e-02
  5.76488003e-02  3.84336561e-02  2.01545283e-02 -4.06097062e-02
 -2.12514941e-02 -4.17274348e-02  6.34013414e-02  5.30287586e-02
  2.21579429e-02  1.11098839e-02 -1.79871498e-03  6.68230373e-03
  1.16910217e-02  1.04820849e-02  6.50748983e-02 -5.29290102e-02
 -3.67601998e-02  6.45157844e-02 -2.64296727e-03 -2.68556550e-02
 -9.42532942e-02 -3.21602300e-02  4.68655340e-02  7.97856823e-02
  2.58715991e-02 -2.15008128e-02 -4.06266004e-03  3.99068072e-02
  5.85360546e-03  5.19573465e-02  3.95575091e-02 -1.30687477e-02
  8.93362612e-03 -4.27772142e-02 -1.00502316e-02  3.27495337e-02
  5.19074164e-02 -9.27694887e-02 -1.28689617e-01  3.96110482e-33
 -7.19003901e-02 -2.48061866e-02  5.30831469e-03  1.28475711e-01
 -4.05972078e-02  7.03867897e-02  4.14680596e-03 -8.39108881e-03
 -5.26228584e-02  1.32868722e-01 -1.82204843e-02 -4.98718917e-02
 -2.07174737e-02 -3.22691090e-02 -1.34941249e-03 -8.62695500e-02
  2.19499823e-02  4.15289067e-02 -2.16595940e-02 -1.89872459e-02
  2.47675870e-02  7.27155581e-02 -8.75494704e-02 -5.11001237e-02
  3.27887014e-02  4.09845300e-02  8.64132792e-02  2.78389938e-02
  1.06327524e-02  3.60434800e-02  7.92146544e-04 -9.26853716e-03
  5.74994599e-03  1.67212859e-02  1.76995676e-02 -5.29281087e-02
 -6.76911473e-02 -5.24450876e-02  6.02037460e-02 -2.04809438e-02
  7.70310014e-02  3.14977653e-02 -6.01510219e-02  8.92540440e-03
 -6.10723272e-02 -1.40361662e-03  4.74975072e-02  4.83691841e-02
  9.07072499e-02 -4.05337587e-02  4.58394885e-02 -1.69529244e-02
  1.83000844e-02  5.09369792e-03 -2.72238598e-04  2.51627620e-02
  1.38417939e-02  2.15965752e-02 -8.44588224e-03  1.26288608e-01
 -5.25213517e-02 -5.26798237e-03  1.60415948e-03 -7.95390308e-02
  1.68735515e-02  3.79685834e-02 -2.36336552e-02 -6.08211383e-02
 -2.56662052e-02  6.93500787e-02 -6.50844425e-02 -2.89056487e-02
  1.69540569e-02  1.06910616e-01  4.88800630e-02 -2.32283585e-02
  8.00049230e-02  7.08181644e-03 -3.24411988e-02 -2.69261915e-02
 -1.41173720e-01  1.30027100e-01 -4.86569218e-02  2.25433502e-02
 -6.70244033e-03 -1.03305854e-01 -7.39244819e-02 -2.44529098e-02
 -4.13904600e-02 -2.31986437e-02 -1.69808101e-02 -1.12155803e-01
 -7.54341483e-02 -2.09231898e-02 -6.85175359e-02 -6.25888955e-33
 -4.86349761e-02  4.83502187e-02  2.35601868e-02  2.95692906e-02
  1.71518587e-02 -9.70653538e-03  2.24608853e-02 -3.78146991e-02
 -2.52654348e-02  1.46824867e-02  1.03218377e-01 -4.96061593e-02
 -5.63136749e-02  1.21729495e-02  5.23526706e-02  2.21112166e-02
  2.06618682e-02 -7.42515922e-02 -1.81570370e-02  4.03083675e-02
  6.23101741e-02  6.32025599e-02  3.40914428e-02  3.86748128e-02
  7.27502778e-02 -2.89442651e-02 -7.97854085e-03  9.47543085e-02
 -4.30014990e-02  3.01074181e-02 -9.33007896e-02 -4.33759280e-02
  2.87967194e-02  1.10293105e-02 -6.16315193e-02 -1.06900670e-01
 -9.63266268e-02 -5.48420921e-02 -4.97177569e-03  4.67652567e-02
 -2.19960115e-03 -6.22044830e-03  3.85046564e-03  1.31809851e-02
 -6.71786675e-03 -1.71024818e-02  7.09423563e-03 -6.42936304e-02
  9.95100662e-03 -1.35612441e-02  2.67949551e-02 -3.44617330e-02
  2.04084832e-02 -1.06400121e-02 -1.30063444e-02 -4.70082052e-02
 -3.63505073e-03 -6.06003664e-02  3.07715964e-03  1.77996345e-02
  3.31834592e-02 -3.62364054e-02  5.35346642e-02 -1.29328752e-02
  4.00107019e-02 -6.32546395e-02  3.86603293e-03 -3.01619284e-02
 -4.31221798e-02  4.84696291e-02  2.89555360e-02  2.27198135e-02
  5.99112362e-02  4.23215255e-02  8.68090317e-02  1.44137978e-03
 -1.90589251e-03 -1.87782217e-02  1.00926049e-01 -7.95820281e-02
 -3.56611796e-02 -1.91495717e-02  1.11857601e-01  9.47825238e-02
 -1.05100058e-01  6.92611039e-02 -3.33376899e-02  1.24272846e-01
  4.72875051e-02  5.78086153e-02  5.61665883e-03  1.78848039e-02
  7.99745470e-02  1.27400994e-01  2.86226962e-02 -5.75102383e-08
 -2.81321127e-02  2.34106509e-03  2.17085537e-02  1.46663897e-02
 -2.51148045e-02  1.63693801e-02 -6.71061054e-02  1.04326513e-02
 -2.55437028e-02  3.14031318e-02 -6.29481971e-02  5.18328808e-02
  4.75623012e-02 -2.97938362e-02 -5.93895093e-02  8.15209225e-02
 -5.35075516e-02  4.33013216e-02 -2.27754284e-02 -6.15339242e-02
  6.57373071e-02  1.13477521e-02  3.26338299e-02  4.44918089e-02
  7.00530261e-02 -3.51809748e-02 -7.39490986e-02  2.38721445e-03
  7.66171515e-02 -5.87752499e-02  8.99423659e-02 -4.01679352e-02
  6.31993413e-02  4.35037985e-02 -4.92863879e-02 -9.97864734e-03
 -1.27933770e-01  3.42685767e-02  4.16715406e-02  8.79912674e-02
  2.60905325e-02  6.87824264e-02  1.34666041e-02  3.50363813e-02
 -3.33953016e-02  2.58278083e-02 -1.02762595e-01 -7.27227330e-02
 -6.70634061e-02 -5.60200885e-02  4.55694785e-03  3.22596617e-02
 -5.83450198e-02  5.31370901e-02 -6.73309416e-02 -1.04216477e-02
 -2.35396829e-02  6.21285625e-02 -6.51918631e-03 -1.56803131e-02
 -4.24881838e-02  3.99244539e-02 -2.95858234e-02  6.67097699e-03]"
