,file_path,raw_content,descriptions,embeddings
0,../SysML-v2-release-src/training/01. Packages/Comment Example.sysml,"package 'Comment Example' {
	/* This is a comment, which is a part of the model, 
	 * annotating (by default) it's owning namespace. */
	
	comment Comment1 /* This is a named comment. */
	
	comment about Automobile
	/* This is an unnamed comment, annotating an 
	 * explicitly specified element. 
	 */
	 
	part def Automobile;
	
	alias Car for Automobile {
		/*
		 * This is a comment annotating its owning
		 * element.
		 */
	}	                         
	
	// This is a note. It is in the text, but not part 
	// of the model.
	alias Torque for ISQ::TorqueValue;
}","Generate a SysML v2 model with the package named 'Comment Example'. This package includes a named comment, 'Comment1', which serves as an annotation for its owning namespace. Additionally, there is an unnamed comment that provides insights about the automobile element, specifically annotating a part defined as 'Automobile'. Within this package, create an alias 'Car' for the 'Automobile', which also contains a comment that annotates its owning element. Lastly, introduce a note labeled 'Torque' that refers to 'ISQ::TorqueValue'. This model should effectively demonstrate the use of comments and annotations to enhance clarity and understanding of the elements defined within the 'Comment Example' package.","[-1.02997318e-01 -1.44721800e-02  1.73292379e-03  6.41061440e-02
 -1.63171068e-02  1.09310225e-02  1.04661703e-01  2.56697964e-02
 -8.48873239e-03  2.78253411e-03  3.95603441e-02 -2.48068627e-02
  8.95007178e-02  3.65109742e-02  1.71992239e-02  7.84643441e-02
  5.34896776e-02 -3.81309092e-02 -5.14249243e-02 -1.80884507e-02
  8.62021223e-02  6.15059678e-03  3.95075008e-02  8.04027691e-02
 -6.11744858e-02  4.20720354e-02 -2.62752287e-02  1.19664751e-01
  2.87362691e-02 -3.68370041e-02 -4.80153337e-02  4.31657955e-02
  1.55491745e-02  6.81561604e-02  3.46879847e-03 -1.50921494e-02
 -9.80076962e-04 -5.42010460e-03 -7.17894062e-02 -8.00938234e-02
 -2.54428014e-03 -6.03897795e-02  3.45900021e-02 -7.63365347e-03
  5.32241650e-02  1.75344814e-02  3.06476336e-02  2.87403762e-02
  3.23397592e-02 -1.38188126e-02 -8.19337070e-02 -4.09706570e-02
  2.95576230e-02 -6.24523312e-02 -4.79012765e-02  7.62657449e-02
  6.82466626e-02  5.47949597e-03 -1.05956584e-01 -8.32314324e-03
  6.53069094e-02  2.52843718e-03 -5.16548678e-02  1.30848605e-02
 -5.58678992e-02  1.99517552e-02 -7.72893876e-02 -1.56211609e-03
 -3.06839086e-02  7.37155005e-02 -4.25717160e-02 -2.86839553e-03
 -2.24423385e-03  7.44066536e-02 -2.74691526e-02  2.05226652e-02
  4.92733456e-02 -2.35140566e-02  1.87011976e-02 -1.18449874e-01
 -9.32369977e-02  2.97304131e-02 -3.80619876e-02  4.82368544e-02
  7.76410624e-02  2.24892683e-02  7.83834755e-02 -2.69501121e-03
  1.01185404e-03  6.96083233e-02 -4.79272269e-02 -1.03334650e-01
  3.05533782e-02 -6.12332532e-03  6.54516444e-02  9.91366804e-02
  3.92147675e-02 -1.41106667e-02 -1.78627821e-03  4.27154303e-02
  1.16641028e-02  9.59348381e-02  2.81640589e-02 -8.11934762e-04
 -4.18840311e-02  7.88104311e-02 -5.11772558e-02 -5.77643998e-02
 -9.16195586e-02 -6.92209080e-02  4.65000235e-03  8.87434185e-02
 -3.86949182e-02 -1.42253740e-02  2.11533671e-03 -1.03946663e-01
 -1.85985342e-02 -2.79204790e-02  6.30465597e-02 -2.65044700e-02
  6.83177635e-02 -9.08335149e-02 -4.09082584e-02  7.31013641e-02
  1.08997948e-01  8.73620622e-03 -7.13521913e-02  5.77759950e-35
 -3.15793119e-02  1.11070480e-02  2.14999057e-02  1.02325700e-01
 -1.93862338e-02  7.73655847e-02 -2.60483921e-02  4.52408269e-02
 -7.83507600e-02  4.18088660e-02  5.73414713e-02 -7.01019168e-02
  2.02235058e-02 -4.68377843e-02 -2.64291801e-02 -2.76998244e-02
 -3.76705267e-02  3.54181416e-02 -2.28123087e-03 -4.00731601e-02
 -1.31824538e-02  1.14659443e-01 -1.00515127e-01  1.32688768e-02
  3.83192413e-02  2.95314677e-02  4.01908867e-02 -7.75345881e-03
 -3.57084870e-02  1.51239177e-02  3.39899911e-03  1.10089323e-02
 -2.89212782e-02  5.55613749e-02  2.20661815e-02 -5.08035049e-02
 -5.71899116e-02 -7.44355023e-02  1.70005802e-02 -2.46358830e-02
  1.00945473e-01 -2.84439279e-03 -9.70957875e-02  1.55449454e-02
 -1.05910651e-01  3.23461592e-02 -3.61670516e-02  5.78015372e-02
  3.84477638e-02 -3.50595564e-02  5.38079590e-02  1.72886029e-02
  4.41282429e-02  2.42522247e-02 -6.53426051e-02  4.05034143e-03
  2.92131864e-02  1.04545830e-02 -3.57864462e-02 -1.74977668e-02
 -8.77592564e-02  6.41076416e-02  3.29583809e-02 -2.27657277e-02
  1.44292209e-02  3.53205390e-02  1.37013141e-02 -3.02899405e-02
  6.75720274e-02  4.55173738e-02  1.24778214e-03  1.61720663e-02
 -7.43292691e-03  6.37198389e-02 -1.34660155e-02 -2.25723963e-02
 -2.52268109e-02 -1.84651390e-02 -2.75069345e-02  8.42323247e-03
 -9.35849547e-02  2.26587746e-02 -3.70861180e-02  3.95464338e-02
 -6.91552833e-03 -6.93258122e-02  1.29705658e-02 -1.05514221e-01
 -2.21291669e-02 -3.86010967e-02 -1.19797401e-02 -4.19856086e-02
 -1.25737311e-02 -1.20347897e-02 -4.33138162e-02 -3.96079470e-34
  8.32312834e-03 -9.34895594e-03  3.15530784e-02  2.54455674e-02
 -5.85329495e-02 -9.32007656e-02 -7.57041434e-03  2.08115745e-02
 -1.12528317e-02  3.79517153e-02  2.66469605e-02 -4.74677142e-03
  4.35106020e-04  5.28386841e-03  7.72059336e-02  3.50050703e-02
 -3.48358154e-02 -1.57603323e-01 -1.32280458e-02  6.73817769e-02
  4.53057745e-03  4.80411984e-02  3.81647088e-02  7.38906628e-03
  1.20109292e-02 -1.48187801e-02  4.40278044e-03  7.36520514e-02
  3.80194783e-02 -6.57316297e-02  4.03346941e-02 -5.82101643e-02
 -3.52845970e-03 -9.20669213e-02 -2.93007772e-02 -7.28712976e-02
 -5.44729121e-02 -1.03914775e-01 -1.99793726e-02 -1.12971710e-03
  2.62491498e-03  2.15039961e-02 -3.35059948e-02  5.23887984e-02
 -2.67101154e-02 -3.93899493e-02  1.92770977e-02 -5.06314337e-02
  1.50202960e-02  2.48077158e-02 -1.33258104e-03 -8.63392800e-02
  4.50165384e-02  2.79356986e-02 -3.27580911e-03 -1.67652052e-02
  7.94081092e-02 -2.57217940e-02  1.55193498e-02  2.77863070e-02
  3.82320732e-02  5.06781414e-03  7.06609106e-04  1.87265649e-02
  3.28236236e-03 -1.14561319e-01 -3.52526940e-02 -6.56092539e-02
 -4.26862314e-02 -1.65433623e-02  7.76524991e-02  3.41047198e-02
 -1.99683979e-02  1.88007951e-02  9.05360058e-02  1.39556751e-02
  6.88894838e-02  3.69992219e-02  1.74484029e-02 -4.88092341e-02
 -3.21634747e-02 -2.53875498e-02  5.95160648e-02  1.19865991e-01
 -5.10153249e-02 -3.92926577e-03 -2.70655062e-02  1.48507074e-01
  2.43016761e-02  3.26069482e-02 -1.86639167e-02  4.19697724e-02
  2.81593464e-02  9.51517224e-02 -6.34650514e-02 -4.09384668e-08
 -1.14221536e-01 -4.85647768e-02  6.48400784e-02 -3.49080097e-03
  2.20252480e-02  9.56373755e-03  5.54250320e-03  5.22563793e-03
 -6.20686188e-02  6.23238608e-02  3.90528329e-02  2.10749675e-02
 -3.58378403e-02 -2.21070405e-02 -6.19409941e-02  2.62179896e-02
  1.55701060e-02  2.13496797e-02 -6.30487949e-02 -2.15758923e-02
  5.34908324e-02  5.66452555e-02 -3.63284722e-02  5.19604385e-02
  2.39617918e-02 -7.66543373e-02 -2.20935121e-02  3.06740832e-02
  2.47587524e-02 -3.28645334e-02  9.42584313e-03  3.18446979e-02
  8.18653926e-02  1.14794048e-02  2.94554532e-02  5.44951670e-02
  7.57271284e-03  8.60668570e-02  1.02776498e-01  2.75618187e-03
 -2.77969018e-02  2.32976079e-02 -6.70765564e-02  2.58941129e-02
  9.80890542e-03  6.20530769e-02 -1.37527823e-01 -7.88903311e-02
 -6.72055185e-02 -2.27257665e-02 -4.59389426e-02 -5.98348677e-03
 -1.16322018e-01  8.04888606e-02 -1.09982111e-01  5.04969470e-02
  3.90920304e-02  4.15576324e-02  3.27487066e-02 -1.66333932e-02
 -3.93927097e-03  5.37521727e-02  1.21635571e-02  4.27793860e-02]"
1,../SysML-v2-release-src/training/01. Packages/Documentation Example.sysml,"package 'Documentation Example' {
	doc /* This is documentation of the owning 
	     * package.
	     */
	
	part def Automobile {
		doc Document1 /* This documentation of Automobile. */
	}
	
	alias Car for Automobile {
		doc /* This is documentation of the alias. */
	}
	alias Torque for ISQ::TorqueValue;
}","Generate a SysML v2 model that encapsulates a package named 'Documentation Example'. This package will include comprehensive documentation describing its purpose and context. Within the package, define a part called 'Automobile', ensuring to include a specific document, 'Document1', that elaborates on the Automobile's functionalities and characteristics. Additionally, create an alias named 'Car' for the previously defined 'Automobile', including documentation that provides insight into the relevance and usage of this alias within the model. Lastly, establish an alias called 'Torque', referencing 'ISQ::TorqueValue', again accompanied by documentation explaining its role. This model will facilitate a structured representation of automobile-related concepts with clear documentation for each element.","[-4.85667139e-02  2.21772436e-02  7.00415671e-03  2.56080031e-02
 -2.29986887e-02  3.12803909e-02  3.71455848e-02  8.32895041e-02
 -8.83004908e-03  1.35618262e-02  3.77646461e-02 -8.51772074e-03
  8.84798765e-02  3.79495360e-02  2.61520892e-02  1.69948619e-02
  4.01436538e-02  1.24374693e-02 -2.84323059e-02  3.07799093e-02
  8.71248394e-02  6.99949935e-02  3.79499421e-02  4.54171412e-02
 -8.31770897e-02  9.64412279e-03 -6.98452517e-02  7.46647418e-02
  3.68699990e-02 -5.61540797e-02 -1.19538307e-02  7.52035305e-02
  8.85436777e-03  4.19640169e-02  2.83468273e-02 -2.25671148e-03
  2.27809176e-02 -2.65197325e-02 -4.94723767e-02 -9.24153775e-02
 -3.15991752e-02 -6.44433573e-02 -4.49831672e-02 -2.12812796e-02
  8.42886493e-02 -1.40917869e-02  2.53990404e-02 -4.72259987e-03
  2.37293150e-02  3.28799449e-02 -1.24202713e-01 -5.42277358e-02
  1.97044181e-04 -5.80894090e-02 -2.43723243e-02  6.88593686e-02
  2.91100629e-02 -8.19024257e-03 -1.14158101e-01 -6.92011341e-02
  3.46736833e-02  2.15949956e-02 -5.94600216e-02  3.93242538e-02
 -1.52413240e-02  3.66912782e-02 -4.33197096e-02  8.72910023e-03
  1.51920822e-02  6.70588091e-02 -6.97347149e-02 -1.37109747e-02
  1.99871399e-02  3.01260054e-02 -1.20050125e-02 -1.42214745e-02
  4.23698463e-02 -2.76891515e-03 -9.89548862e-04 -1.34422168e-01
 -6.49348050e-02  5.65650426e-02 -1.56638231e-02  4.04887460e-02
  2.80558430e-02  2.33559143e-02  7.11822957e-02 -2.12206952e-02
  1.79657189e-03  7.52145499e-02 -5.68211153e-02 -1.14114240e-01
  5.87336831e-02 -5.87913841e-02  3.72305363e-02  7.78495297e-02
  5.96035980e-02 -4.44700271e-02  4.15544100e-02  1.71063747e-02
  2.25395639e-03  5.97400740e-02  5.19058220e-02 -2.33327672e-02
 -6.78578317e-02  4.15655747e-02 -7.30253533e-02 -6.08418733e-02
 -7.33315870e-02 -4.93678413e-02  1.09002646e-02  6.49254471e-02
 -7.58525133e-02 -4.84904610e-02 -4.39818716e-03 -4.57251035e-02
  1.61670316e-02 -6.43353618e-04  2.41165813e-02  6.02315087e-03
  1.36004500e-02 -4.89259213e-02  1.46536976e-02  3.79279815e-02
  5.55386990e-02 -3.13415416e-02 -6.65786490e-02 -7.33732186e-34
 -4.03938554e-02 -4.99260332e-03  5.16738230e-03  1.44704238e-01
  2.96600368e-02  6.50947914e-02  2.10971069e-02  3.57509963e-02
 -7.50342831e-02  6.13056049e-02  1.68982428e-02  2.80603562e-02
 -1.84222194e-03 -1.50285382e-02 -4.99542803e-02 -1.59263853e-02
 -1.06860809e-01  7.28988647e-02 -2.32951622e-02 -4.28318121e-02
 -4.08005416e-02  5.81144579e-02 -3.60722952e-02  2.66332217e-02
  4.99514379e-02  7.78338164e-02  5.03268093e-02  3.68401073e-02
 -5.12298122e-02  8.03600904e-03  2.27690209e-02  9.37712379e-03
 -2.51146569e-03  1.14058033e-02  1.71938613e-02 -1.96353942e-02
 -6.43435568e-02 -8.31823722e-02  5.53692766e-02 -3.55164185e-02
  5.78929000e-02 -2.39742436e-02 -9.16357860e-02 -1.90361645e-02
 -7.10901991e-02  2.46036518e-02  4.69333446e-03  2.32985541e-02
  8.14343691e-02 -7.84997568e-02  6.85089175e-03 -6.39118766e-03
  4.81811874e-02  3.34527083e-02 -3.72491889e-02  1.68624092e-02
  1.76802248e-04  5.55121675e-02 -3.04241665e-02  1.65522657e-02
 -4.49854024e-02  7.65030906e-02  3.70470434e-02 -1.28272725e-02
 -7.41248904e-03  4.69674766e-02 -1.44557152e-02 -2.79882383e-02
  7.37971067e-02  5.94842471e-02 -8.01768561e-04 -1.10408673e-02
 -3.94754745e-02  5.79966195e-02  1.65104158e-02 -1.63584873e-02
 -9.86721274e-03 -4.62258048e-02 -5.50088286e-02  4.16312329e-02
 -1.43775791e-01  4.24739271e-02 -4.68579307e-02  4.33866940e-02
  3.22180130e-02 -2.76156235e-02  3.20345201e-02 -9.06835645e-02
 -1.33223906e-02 -8.84303898e-02 -1.75569151e-02 -3.75004001e-02
 -8.25762078e-02 -2.52055284e-02  2.84201317e-02 -1.24145152e-33
  2.75984872e-02 -2.25779284e-02  1.93320625e-02  5.34606166e-02
 -4.65437062e-02 -9.70170125e-02  1.44573650e-03 -5.25334850e-03
 -3.49146463e-02  3.57373543e-02  3.79785597e-02  5.93669806e-03
 -3.66254859e-02 -6.00673212e-03  5.41727059e-02  1.67956203e-02
 -2.50974894e-02 -1.85711965e-01 -1.33140571e-03  1.00048184e-01
 -2.15243176e-02  4.83642071e-02  6.66551618e-03  5.57107478e-02
  3.48428525e-02 -3.00962999e-02 -2.66503487e-02  1.03306342e-02
  1.68547779e-03 -2.45074760e-02  5.85858226e-02 -5.68836741e-02
  1.70000456e-02 -7.06742704e-02 -4.37700711e-02 -1.04296975e-01
 -1.98347010e-02 -5.31446226e-02 -3.38088796e-02  4.30981405e-02
  1.29874861e-02 -2.71992497e-02 -1.98502839e-02  7.47518707e-03
 -1.58782247e-02 -4.13614549e-02 -4.53222170e-03 -5.11227474e-02
  2.61861570e-02  8.00305698e-03  4.05906178e-02 -5.26164509e-02
  2.41133738e-02 -1.24684563e-02 -3.46335545e-02 -8.02423223e-04
  3.61940190e-02 -5.62137552e-02  2.99034882e-02  5.14307432e-02
  7.72924200e-02  1.58727560e-02 -2.27201264e-03  1.48265483e-02
 -3.95514723e-03 -1.60583645e-01 -4.09735925e-02 -7.97238499e-02
 -8.13010260e-02 -2.47075632e-02  2.63460558e-02  3.04601602e-02
  1.20150484e-02  4.11319733e-02  5.83705418e-02 -1.71663128e-02
  7.65040237e-03  1.25859538e-02  3.67933363e-02 -7.28947595e-02
 -2.42784973e-02 -5.65999595e-04  6.86128139e-02  1.24542162e-01
 -5.18307164e-02  4.11279984e-02 -7.32889771e-02  1.34063676e-01
  3.13884728e-02  2.16756165e-02 -4.13247421e-02  6.88667297e-02
  3.59051256e-03  1.40290156e-01 -1.43251449e-01 -4.83735931e-08
 -8.27908143e-02  1.83977094e-02  5.69370203e-02 -1.38417236e-03
 -4.06274721e-02  5.47355823e-02 -2.75587626e-02  2.09663697e-02
 -5.24055660e-02  2.36271080e-02  3.59738171e-02 -1.76620334e-02
 -1.89081226e-02  9.18438286e-03 -5.34036234e-02  6.10996671e-02
  1.61332916e-02  6.59378842e-02 -5.63312806e-02 -5.38979582e-02
  8.13042894e-02  2.80178431e-02 -1.11832898e-02  4.68130633e-02
  8.59823376e-02 -7.30697811e-02 -4.70098108e-02  3.72821651e-02
  6.77351207e-02 -8.36646855e-02  2.68512834e-02  3.53237055e-03
  1.00599691e-01  4.36270274e-02  3.48432958e-02  5.42620383e-02
 -2.65773460e-02  6.50407374e-02  4.74896170e-02  1.48711465e-02
  1.71626396e-02  4.08446975e-02 -3.88359092e-02  3.11110690e-02
  2.15929374e-02  4.40849923e-02 -1.00646950e-01 -4.76485789e-02
 -5.77050559e-02 -2.03259028e-02 -6.54655248e-02 -1.80138797e-02
 -3.85659896e-02  1.13898814e-01 -7.65547380e-02  3.91005315e-02
  4.87874486e-02  4.10942622e-02  5.14569916e-02 -7.68024102e-02
  6.84155896e-03  6.19077943e-02  1.00693088e-02  3.54554020e-02]"
2,../SysML-v2-release-src/training/01. Packages/Package Example.sysml,"package 'Package Example' {
	public import ISQ::TorqueValue;
	private import ScalarValues::*;
	 
	private part def Automobile;
	
	public alias Car for Automobile;	                         
	alias Torque for ISQ::TorqueValue;
}","Generate a SysML v2 model that includes a package named 'Package Example'. In this package, I want to publicly import the type 'ISQ::TorqueValue' and privately import all elements from the 'ScalarValues' package. Within this package, I need to define a part named 'Automobile', which should encapsulate the structure and behavior of a vehicle. Additionally, I require a public alias 'Car' that refers specifically to the 'Automobile' part for ease of use in other contexts. Lastly, create an alias named 'Torque' that corresponds to the 'ISQ::TorqueValue' type, to simplify the representation of torque-related attributes within this model. This structure should provide a clear and organized framework for representing automotive components with an emphasis on torque characteristics.","[-4.12323810e-02 -5.04992949e-03  2.43930705e-03  1.15092127e-02
 -4.59308438e-02  3.82239632e-02  4.66245785e-02  3.01516522e-02
 -4.06912565e-02 -8.45475215e-03  4.51684967e-02 -7.07255229e-02
  6.56276643e-02  6.42255098e-02  5.40042706e-02  4.00588708e-03
  6.72663450e-02  3.31795029e-02 -2.00691875e-02  5.88996857e-02
  4.43713851e-02  7.51092210e-02  2.33654063e-02  5.72402179e-02
 -8.26824456e-02 -4.80066203e-02 -5.18883858e-03  7.51447305e-02
  3.97422574e-02 -9.77614522e-02  3.12835574e-02  9.02243257e-02
  2.87324190e-03  1.27304904e-02  6.24601059e-02  4.93700430e-02
  2.02590860e-02 -1.98629070e-02 -4.42824475e-02 -1.01247199e-01
  5.02200760e-02 -5.49500361e-02  2.96118623e-03 -4.22301190e-03
  4.13287021e-02 -3.63799483e-02  7.17985183e-02  1.23777986e-02
  6.48205169e-03 -2.19816417e-02 -5.88648915e-02 -7.21380338e-02
 -1.82780046e-02 -3.22322510e-02 -1.93197094e-02  5.28612174e-02
 -4.58147191e-03 -3.53636965e-02 -1.32190019e-01 -3.07301041e-02
 -2.75293794e-02  3.73855308e-02  5.89766400e-03 -1.03688631e-02
 -9.59017798e-02  5.30200340e-02 -3.75926346e-02  1.20209837e-02
  2.86637470e-02  6.10833764e-02 -4.33429144e-02 -4.79357084e-03
 -1.63844917e-02  2.74872277e-02  1.12412078e-02  3.06793954e-02
  7.75986761e-02  1.42294746e-02  3.18795778e-02 -9.87014845e-02
 -5.87076172e-02  4.16529141e-02 -5.64817563e-02  9.84678324e-03
  1.15706706e-02  2.17242911e-02  4.08504643e-02 -1.85451955e-02
  4.64713387e-02  3.96906137e-02 -6.23373501e-02 -7.24287927e-02
  8.03959817e-02 -4.28362861e-02  7.24756867e-02  5.33992611e-02
  6.63404688e-02  4.41279523e-02  2.25496627e-02  2.53121611e-02
 -4.40270528e-02  5.00933789e-02  1.89375393e-02  1.67912841e-02
 -6.42641038e-02  6.35125339e-02 -2.87051219e-02 -8.28196928e-02
 -3.93509492e-02 -4.84728813e-02  1.08883844e-03  5.81612997e-02
 -3.70591953e-02 -9.27630514e-02  2.85651465e-03 -3.89440218e-03
  1.52863031e-02 -1.62266288e-02  6.50481060e-02 -7.98046514e-02
  1.63383335e-02 -4.64020148e-02  5.85173592e-02  1.05072213e-02
  8.43769908e-02 -3.11213471e-02 -9.77985039e-02 -1.68448708e-33
 -5.99077977e-02  3.09528913e-02  5.52728102e-02  1.25843003e-01
  5.96953416e-03  4.31606248e-02  7.08313137e-02  2.59182975e-02
 -7.60331452e-02  5.38884997e-02 -2.72820964e-02  6.61447318e-03
 -2.44189668e-02  2.17150375e-02 -2.98064668e-02  1.21119507e-02
 -5.86312003e-02  5.83047383e-02  4.11579199e-03 -3.26467305e-02
 -1.53088290e-02  3.67973261e-02 -9.30551440e-02  5.18035628e-02
  2.62064040e-02  5.03844954e-02  6.12122305e-02 -2.27185730e-02
  2.10339520e-02  3.49716991e-02  5.97568043e-02  2.55702604e-02
  1.71865001e-02  3.85548770e-02  2.75063794e-02 -3.62492725e-02
 -5.36843203e-02 -6.26224950e-02  2.14777254e-02 -2.48149801e-02
  1.10544652e-01  7.44430069e-03 -4.84423190e-02  6.05127811e-02
 -8.97543281e-02 -8.26124288e-03  1.19357894e-03  4.06322144e-02
  6.93140402e-02 -9.98408645e-02  1.10493908e-02  1.60939414e-02
  7.26627260e-02  3.19678267e-03 -7.86728635e-02  2.01838091e-02
  2.75574997e-02  7.24601969e-02 -2.45226938e-02  4.22760611e-03
 -9.72210020e-02  6.87533468e-02  4.16333154e-02 -2.02713329e-02
  1.59921907e-02  2.90953219e-02 -5.09084426e-02 -8.85188952e-02
  4.16966192e-02  5.00823185e-02  4.17321175e-02  7.20834499e-03
 -1.10463060e-01  7.69808143e-02  2.45833900e-02 -3.39883007e-02
  1.89396981e-02  4.13761996e-02 -2.09519733e-02 -1.26036340e-02
 -1.22120500e-01  5.15645221e-02 -3.74372341e-02  6.76155090e-02
  1.49770454e-03 -5.83835356e-02  3.04910913e-02 -6.20244555e-02
 -1.39147630e-02 -6.47275448e-02 -4.94021028e-02 -5.36925830e-02
 -5.00185676e-02 -3.45951803e-02 -2.91420110e-02 -2.69036058e-34
  2.66839769e-02  1.55104389e-02  2.32453812e-02  2.48481389e-02
 -5.45242503e-02 -1.08296432e-01  1.67005416e-02 -3.59668327e-03
  9.02806874e-03  3.41041163e-02 -3.26513546e-03 -1.02672884e-02
 -2.31070374e-03 -5.71259782e-02  7.32107237e-02  3.78053859e-02
 -6.69588987e-03 -1.71541348e-01 -4.16881070e-02  8.52528736e-02
 -4.89472523e-02  1.97436884e-02 -2.50357017e-03  2.81917714e-02
  5.17667159e-02 -5.71912760e-03 -1.04080159e-02  2.54515689e-02
 -2.92434692e-02  3.09540089e-02 -4.45133895e-02 -1.34311719e-02
 -1.81546677e-02 -1.03294760e-01 -1.30336463e-01 -6.65001795e-02
 -5.08858934e-02 -4.12952639e-02  1.18082520e-02  3.12011433e-03
 -3.37518454e-02 -2.16913037e-02 -4.76112328e-02  3.85637954e-02
 -4.85235220e-03 -6.33423924e-02 -2.53994833e-03 -3.84568349e-02
  1.70853250e-02  3.14206816e-02 -1.92581844e-02  1.17863133e-03
 -1.90105047e-02  7.32629653e-03 -1.83685273e-02  1.62560511e-02
  4.94903550e-02 -3.26850750e-02  6.84752539e-02  5.11420658e-03
  6.98020309e-02 -1.21408887e-02 -1.69394966e-02 -4.78218123e-02
  2.13048025e-03 -1.50855765e-01 -9.27923620e-03 -1.10724449e-01
 -1.13121541e-02 -6.92038983e-02  3.41994353e-02 -6.31054444e-03
  4.70007733e-02  4.77334820e-02  1.73232555e-02 -3.90765928e-02
  1.75190624e-02  8.96086097e-02  8.05550963e-02  1.70942303e-02
 -1.56014832e-02 -3.24715152e-02  7.67579153e-02  7.84996524e-02
 -1.31275756e-02 -2.09066495e-02  1.62935704e-02  1.41277835e-01
  5.93681727e-03  2.37287711e-02 -3.86056341e-02  5.05507067e-02
 -1.68436393e-02  1.25197619e-01 -5.43812327e-02 -4.36534755e-08
 -2.89036725e-02 -1.92498192e-02 -1.16865439e-02  1.99705623e-02
 -5.52034229e-02  5.94424047e-02 -1.05878487e-01 -2.10338999e-02
 -1.13990381e-02  7.48479292e-02 -1.86197590e-02 -4.80809156e-03
 -3.32546867e-02  9.51303984e-04 -7.61327446e-02  4.08131629e-02
  1.40306959e-02  7.87034333e-02 -9.93715227e-02 -7.86436051e-02
  4.80917655e-03  6.74088523e-02 -2.11366895e-03  3.48941237e-02
  7.24457800e-02 -6.75740689e-02 -3.90213057e-02 -6.09502643e-02
  9.51962024e-02 -1.06716268e-02  2.82138376e-03  6.17182488e-03
  4.08088043e-02  4.32552621e-02  6.93868333e-03  4.21092100e-02
 -5.44162504e-02  5.10578603e-02  7.84818307e-02  6.89993501e-02
 -1.97293218e-02 -2.81597162e-03 -4.12123874e-02  1.36896176e-02
  1.09149581e-02  5.24057336e-02 -1.23694114e-01 -3.42657268e-02
 -2.74384003e-02  6.06092475e-02 -1.08851613e-02  2.63648340e-03
 -6.14500754e-02  9.36145782e-02 -7.24536479e-02  3.06455307e-02
  4.91469679e-03  1.47560108e-02  5.17085940e-02 -9.45172459e-02
 -4.09982502e-02 -2.47165058e-02  1.03414208e-02  2.74886824e-02]"
3,../SysML-v2-release-src/training/02. Part Definitions/Part Definition Example.sysml,"package 'Part Definition Example' {
	private import ScalarValues::*;
	
	part def Vehicle {
		attribute mass : Real;
		attribute status : VehicleStatus;
		
		part eng : Engine;
		
		ref part driver : Person;
	}
	
	attribute def VehicleStatus {
		attribute gearSetting : Integer;
		attribute acceleratorPosition : Real;
	}
	
	part def Engine;	
	part def Person;
}","Generate a SysML v2 model titled ""Part Definition Example."" This model will define a part named ""Vehicle,"" incorporating attributes such as mass (of type Real) and status (of type VehicleStatus). Within the Vehicle part, include a reference part for a driver of type Person and a nested part for the Engine. Define the VehicleStatus attribute to include gearSetting (Integer) and acceleratorPosition (Real). Additionally, establish parts for Engine and Person to encapsulate their definitions. The model emphasizes a clear hierarchy between the Vehicle, its attributes, and the associated elements, fostering a structured approach to represent the system components and their interactions.","[-1.88306142e-02  2.32369807e-02 -4.21168888e-03  2.22777631e-02
 -3.94027717e-02 -2.48568617e-02  2.40122899e-02  4.03726138e-02
 -7.26813227e-02 -2.37895027e-02  5.10374047e-02 -4.32385243e-02
  7.29036480e-02  1.54574569e-02  1.26949092e-02 -2.36223061e-02
  4.65982296e-02  3.10591608e-02 -4.72999476e-02  1.28027694e-02
  8.57774615e-02 -1.97213013e-02 -2.54792557e-03  4.03146669e-02
 -8.31192210e-02 -2.36454438e-02 -2.86036376e-02  5.85149005e-02
  5.10929935e-02 -7.85607547e-02  1.87631100e-02  5.45241460e-02
  5.64793590e-03 -5.64313866e-03  5.61155612e-03  9.99207143e-03
  3.92048843e-02 -2.94904243e-02 -3.98657955e-02 -8.58481154e-02
 -3.03729773e-02 -7.59790689e-02 -2.18185876e-02 -2.69735651e-03
  8.57438147e-02  2.11542211e-02  6.45756200e-02 -1.11805787e-02
  1.84101854e-02 -2.11979710e-02 -6.77715614e-02 -1.37860281e-02
  3.67993163e-03  1.40598160e-03 -3.66303734e-02  5.30215278e-02
  1.49554973e-02 -2.24790461e-02 -1.30939573e-01 -3.84404063e-02
  2.10658018e-03  1.97336897e-02 -5.40984347e-02 -9.44586098e-03
 -2.39825509e-02  2.83934791e-02 -4.00592387e-02 -1.43966153e-02
  3.57600413e-02  7.20117316e-02 -9.69622098e-03 -4.08505388e-02
 -1.24499267e-02  4.54330258e-02 -9.98268276e-03 -4.90207784e-02
  8.04788098e-02 -7.30861351e-03  3.28266472e-02 -4.88493443e-02
 -7.76681304e-02  2.80971024e-02 -4.50857505e-02 -9.82938893e-03
  4.90151793e-02 -4.64531267e-03  6.89498410e-02 -1.00386646e-02
  2.01570857e-02  7.01939017e-02 -6.12607300e-02 -2.83824075e-02
  1.14082769e-01 -5.09731323e-02  1.01286396e-01  8.21799338e-02
  3.40244845e-02 -1.76052116e-02  6.65415898e-02  9.27692652e-03
 -1.55947031e-02  3.68147716e-02  8.70469734e-02  2.07906030e-02
 -6.30022734e-02  4.02015373e-02 -4.33416031e-02 -5.51565085e-03
 -5.65028340e-02 -8.53718817e-02  1.61046349e-02  3.48839015e-02
 -2.98937708e-02 -6.09795339e-02  1.02774929e-02 -5.09091988e-02
 -1.55477682e-02 -2.53209826e-02  4.38136347e-02 -5.51830083e-02
  3.11815925e-03 -6.00294434e-02  5.47911413e-02  6.63606450e-02
  1.18716009e-01 -2.68709529e-02 -4.37688455e-02 -6.82643135e-34
 -1.00715734e-01 -2.60093529e-03  1.98455304e-02  1.28881037e-01
  9.03492421e-03  4.58249636e-02  2.75028730e-03  4.78105154e-03
  2.53703482e-02  3.98337282e-02 -5.88138811e-02  2.57141795e-03
 -4.46341634e-02  5.10975420e-02  4.06689011e-02 -5.61526865e-02
 -5.27718253e-02  6.28550351e-02 -5.36246710e-02 -3.91482115e-02
 -2.95189023e-03  5.74735887e-02 -6.22974820e-02  1.07858889e-02
  8.30244422e-02  9.56427902e-02  3.31503786e-02  2.83252019e-02
 -7.37050399e-02  2.17547808e-02  3.16089690e-02  2.62994859e-02
 -4.08128984e-02  3.65715399e-02 -1.44411903e-03 -2.51389295e-02
 -4.80457097e-02 -5.67060448e-02  6.04250915e-02  2.17644894e-03
  7.79271945e-02 -1.23255458e-02 -5.84193729e-02 -4.23907526e-02
 -1.24100871e-01 -1.07699484e-02  9.20253899e-03  9.67820361e-02
 -2.05266150e-03 -2.62593268e-04  3.59829771e-03  8.37247528e-04
  7.49172568e-02 -3.94286625e-02 -6.79202303e-02  5.21745794e-02
  8.20434280e-03  2.91005373e-02 -5.96440397e-02  4.77290191e-02
 -9.16635245e-02  1.79320257e-02  6.21295050e-02 -1.15971416e-02
  1.20540382e-02  3.91698964e-02 -4.62726913e-02 -6.99178427e-02
  7.35072196e-02  4.45170663e-02 -4.01941314e-02 -9.11770272e-04
 -4.53864336e-02  7.14851394e-02  5.47970198e-02 -1.85584035e-02
 -1.04649188e-02 -2.30391081e-02 -1.01875596e-01  5.53869754e-02
 -1.21803127e-01  9.35792103e-02 -6.42368868e-02 -1.16671417e-02
  5.08430153e-02 -4.50974852e-02 -2.78712083e-02 -5.78180403e-02
 -3.61463577e-02 -7.44794458e-02 -3.40000130e-02 -4.77115661e-02
 -7.92268589e-02  6.09251112e-02 -1.24012697e-02 -1.28545303e-33
 -2.34151678e-03 -1.60991848e-02  7.63189346e-02 -3.74515378e-03
  4.67628194e-03 -6.26204610e-02  1.06808888e-02 -3.17193829e-02
 -4.08220477e-02  1.02360420e-01  2.18800511e-02 -1.27495835e-02
 -9.86683927e-03 -9.46927874e-04  1.04916468e-02  9.35468823e-03
 -2.20876932e-02 -1.43139735e-01  2.43501067e-02  7.94931352e-02
 -3.19600143e-02  5.69664538e-02 -1.73420552e-03  1.10527370e-02
  3.66287939e-02 -1.02022281e-02 -4.16303314e-02  2.27981806e-02
  4.74370234e-02 -2.20937598e-02  1.02375653e-02 -5.10390103e-02
  2.29481030e-02 -2.85363626e-02 -5.87021299e-02 -6.61373660e-02
 -2.14464273e-02 -5.43458387e-02  3.24951275e-03  3.65388417e-03
  1.02869058e-02 -2.94705313e-02 -2.79675866e-03  3.05767879e-02
  1.85464397e-02 -2.06053145e-02  4.94205877e-02 -5.04254848e-02
 -2.47152224e-02 -3.19394171e-02  2.52783000e-02 -1.60063785e-02
  2.57858615e-02  2.77673211e-02  6.91797165e-03  2.38700509e-02
  3.10956743e-02 -3.65963876e-02  4.31740992e-02  6.20940560e-03
  5.27053513e-02 -7.37721920e-02  5.18794060e-02  3.04167694e-03
 -3.84655595e-02 -1.29758865e-01 -2.83102915e-02 -4.06271219e-02
 -3.75688188e-02 -2.78416220e-02  5.54993004e-02  1.01677170e-02
  4.08077054e-03  1.05198175e-02 -8.11759848e-03 -8.93134251e-02
 -1.81763079e-02  6.01315387e-02  1.01068720e-01 -4.83573191e-02
 -7.24118054e-02 -5.71541823e-02  5.88504672e-02  8.09094906e-02
 -6.78038150e-02 -3.12858410e-02 -2.83104461e-02  1.06640577e-01
  3.62043865e-02 -2.98290867e-02 -4.30131443e-02  8.84526297e-02
 -3.57405394e-02  1.85539946e-01 -1.18903004e-01 -4.43133032e-08
 -8.77979118e-03  2.97806822e-02  2.21029539e-02 -8.65573529e-03
 -2.34258659e-02  5.92656098e-02 -6.41425103e-02 -2.23513413e-02
 -6.29197806e-02  6.90718219e-02  2.96846740e-02 -1.63555872e-02
  2.39382144e-02  1.04122749e-02 -5.07547939e-03  3.92618179e-02
 -3.40265362e-03  7.75809512e-02 -5.65938093e-02 -3.48474048e-02
  9.96343493e-02  1.04402890e-02 -3.21767479e-02  1.02561221e-01
  7.65806362e-02 -6.48205206e-02 -2.26260852e-02  3.14446874e-02
  6.72943592e-02  3.58261950e-02  1.63567998e-02  5.58250621e-02
  8.40983018e-02  6.37134761e-02  3.97288874e-02  3.93225774e-02
 -5.66906407e-02  7.93178976e-02  6.16647117e-02 -1.79084707e-02
  4.42828238e-02  1.25549342e-02 -2.44378839e-02  3.98631766e-02
  6.19449578e-02  5.05159199e-02 -1.40956983e-01 -9.51727331e-02
 -7.00531453e-02  3.87096070e-02 -1.50994482e-02  2.12138146e-02
 -7.60125145e-02  8.98348615e-02 -9.06774178e-02  2.81323288e-02
  2.83809546e-02 -3.74740027e-02  4.24836576e-02 -6.76285401e-02
  2.43302737e-03  8.68838504e-02  3.65207181e-03  2.28376314e-02]"
4,../SysML-v2-release-src/training/03. Generalization/Generalization Example.sysml,"package 'Generalization Example' {

	abstract part def Vehicle;
	
	part def HumanDrivenVehicle specializes Vehicle {
		ref part driver : Person;
	}
	
	part def PoweredVehicle :> Vehicle {
		part eng : Engine;
	}
	
	part def HumanDrivenPoweredVehicle :> 
		HumanDrivenVehicle, PoweredVehicle;
	
	part def Engine;	
	part def Person;
	
}","Generate a SysML v2 model encapsulated in a package named 'Generalization Example'. The model consists of an abstract part 'Vehicle', which serves as the base for various vehicle types. Define a 'HumanDrivenVehicle' part that specializes from 'Vehicle', incorporating a reference part 'driver' of type 'Person' to represent human operators. Create another part 'PoweredVehicle' that specializes from 'Vehicle' and includes a part 'eng' of type 'Engine' to denote powered operation. Finally, establish the part 'HumanDrivenPoweredVehicle' that inherits behavior from both 'HumanDrivenVehicle' and 'PoweredVehicle', effectively combining the attributes of human control and powered mechanics. Additionally, include definitions for the 'Engine' and 'Person' parts to complete the model structure.","[-4.27889116e-02  1.04695861e-03  2.10926253e-02  2.62482539e-02
 -6.18694611e-02 -3.30177806e-02  3.22362557e-02  3.02808098e-02
 -6.84376657e-02  6.77842274e-03  6.62855059e-02 -6.12153076e-02
  2.51482166e-02  3.70020196e-02  3.38000804e-03  3.90651356e-03
  3.48305218e-02  3.16656753e-02 -3.64056304e-02  8.86705592e-02
  1.01038128e-01  2.12656707e-02  1.90601945e-02  5.82743110e-03
 -9.39317942e-02 -5.30891567e-02 -2.04708185e-02  7.63801709e-02
  3.30266431e-02 -9.79837403e-02  3.89212407e-02  2.07442548e-02
  1.99314933e-02 -8.88364483e-03  1.61849391e-02  8.39667115e-03
  3.10756080e-02  4.86138277e-03 -5.15813977e-02 -1.08934946e-01
 -2.41483189e-02 -1.16463922e-01 -2.94947680e-02 -3.59478267e-03
  1.83451325e-02  4.14852537e-02  3.01688556e-02 -5.26838489e-02
  2.30904892e-02 -2.75320429e-02 -7.34845921e-02 -2.88736802e-02
  1.26099149e-02 -3.09303068e-02 -2.29974855e-02  1.42314788e-02
  3.47581394e-02  1.41505804e-02 -8.11683983e-02 -7.35886618e-02
  1.34972390e-03  1.81054454e-02 -6.07110560e-02 -5.86060574e-03
  2.09642248e-03  3.68270725e-02 -2.97886916e-02 -2.68080905e-02
  2.93385237e-03  4.99110334e-02 -2.57081147e-02 -7.18284696e-02
 -1.03362007e-02  2.99597234e-02  2.84215137e-02 -3.63067500e-02
  5.76156080e-02 -2.05442496e-02  3.94918323e-02 -8.26012790e-02
 -4.52555940e-02  2.15293337e-02 -3.89445312e-02  1.43011771e-02
  4.36517484e-02  3.72832604e-02  2.98412163e-02 -6.03779731e-03
 -1.37267786e-03  8.49389732e-02 -8.54359567e-02 -6.47712573e-02
  1.29360050e-01 -4.66710702e-02  7.11414367e-02  4.27549444e-02
  1.94664188e-02  8.93964141e-04  5.46399020e-02 -1.87253754e-03
 -3.13080214e-02  2.71956641e-02  3.28262448e-02  2.15111878e-02
 -4.40709516e-02  5.54312728e-02 -4.89937477e-02 -2.64039189e-02
 -1.60361491e-02 -9.68135297e-02  7.09278928e-03  6.24481291e-02
 -6.22394532e-02 -1.62722189e-02 -6.44779298e-03 -1.35384602e-02
 -2.73126345e-02  2.31825430e-02  5.26483320e-02 -6.18823096e-02
  6.94722263e-03 -5.73344976e-02  6.74654990e-02  3.12660970e-02
  1.12423040e-01 -5.02875149e-02 -5.50092496e-02  2.13623415e-33
 -9.59152281e-02 -2.37757862e-02  3.28961872e-02  1.46815374e-01
  4.70869330e-04  7.32922032e-02 -3.13558355e-02  3.08807250e-02
  2.95291524e-02  4.22589816e-02 -6.41869009e-02 -9.84953344e-03
 -2.21981704e-02  5.03988490e-02  9.06700455e-03 -5.91306128e-02
 -7.20008761e-02  2.37322897e-02 -4.75128517e-02 -2.20330358e-02
  4.84952852e-02  1.00808054e-01 -5.94349317e-02 -1.00946566e-03
  5.06578200e-02  6.26464933e-02  4.69930507e-02  2.68349331e-02
 -1.08826812e-02  3.52471508e-02 -2.33599879e-02  2.29318552e-02
 -4.48329896e-02  4.33700345e-02 -5.88495471e-03  4.39736396e-02
 -2.24482510e-02 -5.15370481e-02  4.00546342e-02  4.28157113e-03
  5.89631796e-02 -8.81717261e-03 -3.78346629e-02 -4.38660271e-02
 -1.17250293e-01 -2.45834477e-02  3.89073417e-02  5.13338260e-02
 -1.13680596e-02 -2.11470015e-02 -1.26159471e-02 -1.02370568e-02
  7.06467479e-02 -5.31932488e-02 -2.52304450e-02  2.09898734e-03
  1.76571831e-02  5.33109233e-02 -3.53188664e-02  2.33783126e-02
 -5.87575473e-02  4.37398888e-02  7.57490396e-02  5.83079294e-04
  3.31553668e-02  1.75126791e-02 -2.77508050e-02 -1.19272597e-01
  5.15059866e-02  3.83774266e-02 -9.66797955e-03  3.66165303e-02
 -3.03808711e-02  6.51181266e-02  4.33547795e-02 -2.60612983e-02
  1.17968945e-02 -1.26155904e-02 -9.47679207e-02  1.92488469e-02
 -1.24523215e-01  8.43415111e-02 -4.97458279e-02 -2.40230206e-02
  6.77350238e-02 -7.15595558e-02 -3.95651981e-02 -7.74261951e-02
 -3.94810177e-02 -4.21018749e-02 -2.27190703e-02 -9.00176466e-02
 -6.24721013e-02  2.81744115e-02 -7.25688972e-03 -3.78344832e-33
 -3.56223322e-02 -9.26294457e-03  3.44638787e-02 -1.17846383e-02
  1.62131824e-02 -6.19747229e-02  2.14900877e-02 -4.41637598e-02
 -7.19401613e-02  4.67664078e-02  1.87722277e-02 -3.27582173e-02
  5.75437769e-02 -9.26416717e-04  5.76208606e-02  1.01219825e-02
 -3.11576836e-02 -1.49138346e-01  1.96154928e-03  7.54938051e-02
 -3.60362753e-02  9.54073444e-02  1.31911924e-02  5.43966703e-02
  5.36959544e-02 -7.54856039e-03 -4.13476340e-02  9.76776034e-02
  5.64659685e-02 -1.38017870e-02 -1.47496769e-02 -5.58525659e-02
 -4.38677659e-03 -3.56957093e-02 -6.18137233e-02 -2.12631002e-02
 -6.21640831e-02 -1.53679391e-02 -6.60719071e-03 -3.80548835e-03
 -1.05010029e-02 -2.30750535e-02 -4.05382253e-02  1.54212303e-02
  3.04337833e-02 -1.87278967e-02  1.16556361e-02 -6.63104877e-02
 -1.28705977e-02 -1.08693866e-02  3.11473440e-02 -1.83788761e-02
 -2.75031105e-02  5.61382214e-04 -3.32827494e-02  1.73754022e-02
  1.49862051e-01 -6.84231743e-02  3.13568301e-02  9.14569292e-03
  6.27659261e-02 -2.38166712e-02  6.76821917e-02  6.75791651e-02
 -8.07822719e-02 -7.71867260e-02 -2.56448165e-02 -1.75058823e-02
 -1.50858657e-02 -1.85769890e-02  3.26054245e-02  4.61342232e-03
  1.03575736e-02  1.63054913e-02  4.72946204e-02 -6.01585805e-02
 -1.05934292e-02  3.36304009e-02  9.50436592e-02 -1.10024497e-01
 -6.24283515e-02 -3.89116295e-02  8.89899284e-02  8.30165297e-02
 -4.90499623e-02 -2.07206281e-03 -2.49288492e-02  1.12647191e-01
  3.91513631e-02 -4.15967964e-03 -2.22968720e-02  9.04040858e-02
 -4.06087153e-02  1.95485756e-01 -1.09799959e-01 -4.79546323e-08
 -3.16994339e-02  4.59901541e-02  9.63099375e-02  7.37122493e-03
 -1.76906660e-02  1.73517112e-02 -1.95067581e-02 -4.02458198e-02
 -7.05987215e-02  9.39774327e-03 -4.47249711e-02  1.97343379e-02
  6.72930330e-02  2.72706524e-02  3.48158106e-02  5.56803271e-02
  6.61496632e-03  1.05414927e-01 -7.14700893e-02 -3.80776562e-02
  8.73868391e-02 -1.27071962e-02 -5.28655313e-02  9.68719125e-02
  5.81445619e-02 -2.57479660e-02 -8.26983228e-02 -3.49314958e-02
  4.21828218e-02  1.74901070e-04  2.28982139e-02  8.93753245e-02
  6.61741057e-03  5.71306422e-02 -1.43462082e-03  5.01304232e-02
 -5.39778210e-02  3.36849093e-02  6.40011684e-04  2.65692100e-02
  5.25916740e-02  1.29313767e-02 -3.84771265e-02  5.49287423e-02
  3.16172987e-02  1.48081193e-02 -1.02921240e-01 -1.13664076e-01
 -3.43771987e-02  7.88935646e-02 -8.78094696e-03 -1.97437424e-02
 -5.60884960e-02  6.33635372e-02 -4.72329259e-02  6.06185235e-02
  1.30930524e-02 -7.19407480e-03  3.04245539e-02 -6.10853881e-02
  1.59137929e-03  7.71713704e-02  2.85873543e-02  1.20696081e-02]"
5,../SysML-v2-release-src/training/04. Subsetting/Subsetting Example.sysml,"package 'Subsetting Example' {
	
	part def Vehicle {
		part parts : VehiclePart[*];
		
		part eng : Engine subsets parts;
		part trans : Transmission subsets parts;
		part wheels : Wheel[4] :> parts;
	}
	
	abstract part def VehiclePart;
	part def Engine :> VehiclePart;
	part def Transmission :> VehiclePart;
	part def Wheel :> VehiclePart;
}","Generate a SysML v2 model named 'Subsetting Example'. Model a package that defines a 'Vehicle' as a part that can contain multiple 'VehiclePart' objects. Implement a collection of parts, specifying subtypes such as 'Engine' and 'Transmission' that are subsets of 'VehiclePart', ensuring they inherit its properties. Additionally, include 'Wheel' as a specific part that is represented as an array of four wheels, explicitly indicating its relationship as a subtype of 'VehiclePart'. Clearly define 'VehiclePart' as an abstract part to establish a common interface for all vehicle components, enabling modular design and promoting reuse in future model iterations. This structured approach allows for easy scalability and management of vehicle components within the system architecture.","[-1.60695668e-02 -1.23239225e-02  2.51659993e-02  1.96876451e-02
  1.09773213e-02 -2.46370174e-02  2.68060565e-02  6.47156239e-02
 -7.18455836e-02 -2.76480746e-02  1.55295888e-02 -4.00195904e-02
  6.60797879e-02  2.65924353e-02  3.60389277e-02  2.66744122e-02
  4.96684574e-02  6.86552934e-03 -4.24875990e-02 -7.65973935e-03
  1.09191705e-02 -3.20947543e-02  2.99051404e-02  1.56112975e-02
 -8.28910545e-02  7.47002894e-03 -1.55598363e-02  5.01555987e-02
  3.07620596e-02 -2.73536146e-02  1.54393269e-02  1.10125378e-01
 -3.95539254e-02  2.39948295e-02  1.54949259e-02 -4.82347235e-02
  9.01337992e-03 -9.83927026e-03 -4.17816229e-02 -1.05846904e-01
 -6.69081602e-03 -5.94826080e-02 -2.99698245e-02 -1.60643328e-02
  3.35981995e-02 -4.39316267e-03  2.19375677e-02 -1.01808375e-02
  2.90018562e-02 -4.78503816e-02  4.57824627e-03 -4.40192781e-02
  2.39822343e-02  3.65467439e-03 -3.74906287e-02  4.47725058e-02
  5.02012111e-03  1.21586118e-02 -8.99814591e-02 -4.83362153e-02
  2.05075219e-02  8.76387581e-03 -2.52028573e-02 -3.40047963e-02
 -5.09554669e-02  3.06897536e-02 -4.39009964e-02  7.79444864e-03
  4.05986570e-02  4.33928482e-02  1.57790966e-02  8.78435560e-03
  2.30204575e-02  7.42466226e-02 -2.83799786e-02 -4.18374948e-02
  1.16319768e-01 -3.14109288e-02 -4.48885694e-04 -5.36840968e-02
 -9.07310322e-02  7.55848661e-02  3.31517891e-04 -1.74385458e-02
  2.85729785e-02 -5.51105775e-02  6.43383414e-02 -3.68676819e-02
 -1.89179536e-02  8.33191797e-02 -9.95822921e-02 -4.30469476e-02
  1.26001567e-01 -2.31725145e-02  3.33257020e-02  3.50567214e-02
  5.74913323e-02 -6.56451732e-02  5.92281446e-02  2.94061340e-02
 -3.09338570e-02  7.00699016e-02  1.11959353e-01  1.79112945e-02
 -1.03896610e-01  4.27721627e-02 -4.37177829e-02 -1.36827724e-02
 -6.78726211e-02 -7.14303851e-02  8.54433107e-04  5.14820740e-02
 -2.05845032e-02 -6.13102578e-02 -8.93627703e-02 -5.47941476e-02
 -3.61530520e-02 -1.42420782e-02  4.27919365e-02  5.44020012e-02
 -1.59988347e-02 -2.26234253e-02  9.98049602e-02  4.17560376e-02
  1.44102246e-01 -3.53718661e-02 -5.96253984e-02  2.61536546e-33
 -1.04356512e-01 -4.26907372e-03 -1.80635471e-02  1.24544188e-01
  4.58901525e-02  3.86281833e-02  8.73251166e-03  1.75656751e-02
  1.29026442e-03  8.84224568e-03 -5.85672483e-02 -9.70403198e-03
 -5.80858625e-02  2.62895366e-03  8.30132216e-02 -4.87814732e-02
 -6.60832971e-02  4.38685939e-02 -2.19723079e-02 -3.94091867e-02
 -4.68939953e-02  2.98120603e-02 -2.46337354e-02  1.56124914e-02
  9.94489938e-02  5.96481189e-02  5.90631291e-02 -5.93214354e-04
  1.80337317e-02  3.46096903e-02 -6.40693412e-04  6.04685545e-02
  3.94509127e-03  8.81982446e-02 -1.30358404e-02 -1.91870909e-02
 -5.69436625e-02 -6.62652031e-02  5.05669117e-02 -2.31083091e-02
  7.36964121e-02 -4.15889025e-02 -2.77825743e-02 -1.45502081e-02
 -9.48115885e-02 -4.88507142e-03  5.29318722e-03  5.68541028e-02
 -1.04427589e-02 -2.30307318e-02  3.09206527e-02  7.85554200e-03
  6.73673823e-02  8.00359715e-03 -5.42233363e-02 -2.26914492e-02
 -8.70614685e-03 -1.92863066e-04  2.63224132e-02  4.50978912e-02
 -8.26719403e-02  3.26394476e-02  1.56250484e-02  3.85683292e-04
  5.40624186e-02  3.10032610e-02 -3.38103324e-02 -7.91640505e-02
  6.65611476e-02  4.14309949e-02 -5.16967513e-02 -1.34758221e-03
 -5.36413938e-02  8.47445950e-02  3.15599218e-02 -3.52166034e-02
  3.62783857e-02  8.77191499e-03 -7.05962628e-02  7.64874183e-03
 -1.36967242e-01  9.07223746e-02 -3.23402323e-02 -2.38620210e-02
  6.87043741e-02 -3.41903791e-02 -3.82369123e-02 -5.72210662e-02
 -2.17177942e-02 -7.33431876e-02 -7.87058324e-02 -5.09492271e-02
 -3.59528922e-02 -1.15911653e-02  2.82083414e-02 -3.31812484e-33
  2.62618866e-02  1.80003587e-02  2.79457364e-02  7.43846642e-03
  2.93287970e-02 -1.09975249e-01 -1.23523902e-02 -4.28482145e-02
 -5.66824153e-02  9.33054611e-02  1.26444930e-02 -2.95365117e-02
  5.40560782e-02 -3.84109877e-02 -3.17472033e-02  2.64262483e-02
  1.96872652e-02 -1.70539647e-01  2.57562306e-02  2.69489381e-02
 -5.84283210e-02  4.23256718e-02 -1.06803421e-02 -3.59218568e-03
  3.02194748e-02 -2.85163224e-02 -7.60516971e-02  4.46112864e-02
  3.78487408e-02  6.25709631e-03 -1.74850132e-02 -5.98584041e-02
  6.42494112e-02 -4.13152985e-02  3.12200491e-03 -4.94744927e-02
 -4.50417167e-03 -7.90596660e-03 -1.50911640e-02 -2.91291643e-02
 -2.03032256e-03 -7.94527009e-02 -3.33484337e-02  4.69163656e-02
  2.23899689e-02 -3.54883783e-02  9.81599186e-03  1.89503431e-02
  9.92916245e-03 -4.88164313e-02 -1.97341647e-02 -3.65580358e-02
  3.92014980e-02 -1.33102490e-02  2.76015904e-02  1.95742231e-02
  9.19970497e-02 -1.64992816e-04  3.52444127e-02  4.94264578e-03
  6.00640103e-02 -4.29193079e-02  6.97822422e-02  3.84682268e-02
  4.06224979e-03 -1.51023328e-01 -4.83124368e-02 -6.41499162e-02
 -5.46270497e-02 -1.51048666e-02 -4.38424962e-04  4.08914238e-02
  1.54480850e-03  1.21973241e-02  1.16038304e-02 -9.08017009e-02
  1.68039389e-02  5.36035895e-02  1.47775605e-01 -5.68192340e-02
 -6.11963682e-02 -4.24667411e-02  8.05079862e-02  7.84974769e-02
 -3.97926308e-02 -6.43794239e-03 -2.88110469e-02  6.87920451e-02
  6.36002943e-02  2.31991522e-02 -9.99193545e-03  6.17843270e-02
  3.68814282e-02  1.70835495e-01 -6.26343191e-02 -4.62698075e-08
  2.56510284e-02  1.48671195e-02 -1.76790953e-02 -6.54050708e-03
 -6.46474864e-03  2.05362625e-02 -6.00146390e-02  2.91591305e-02
 -6.50293902e-02  1.43874120e-02  9.51116346e-03  2.35367455e-02
 -5.34474244e-03  4.02318723e-02  1.38225164e-02  3.22172269e-02
  1.03196511e-02  5.59481271e-02 -5.61417863e-02 -3.52133922e-02
  6.33997470e-02 -2.68497635e-02  1.44819403e-03  1.21780567e-01
  8.03430304e-02 -6.38571084e-02 -7.86598120e-03 -3.23256850e-02
  7.78975487e-02 -1.61098596e-02  1.30986506e-02  3.09190322e-02
  8.97819921e-02  6.72339723e-02  3.68321501e-02  4.01250124e-02
 -6.40474036e-02  9.28050056e-02  1.41043961e-02 -2.49881931e-02
  7.37116486e-02  3.99366516e-04 -3.98545489e-02  8.38363171e-03
  4.05661017e-02  4.03813161e-02 -1.08678758e-01 -7.61094987e-02
 -5.41406013e-02  2.41137538e-02 -7.23631233e-02 -3.07987002e-03
 -7.11864606e-02  9.98705178e-02 -6.50585592e-02  2.60290056e-02
  1.95890851e-02 -3.79190780e-02  1.09242760e-01 -7.27192461e-02
 -6.98620304e-02  4.68686707e-02  4.50053215e-02  2.12561674e-02]"
6,../SysML-v2-release-src/training/05. Redefinition/Redefinition Example.sysml,"package 'Redefinition Example' {

	part def Vehicle {
		part eng : Engine;
	}
	part def SmallVehicle :> Vehicle {
		part smallEng : SmallEngine redefines eng;
	}
	part def BigVehicle :> Vehicle {
		part bigEng : BigEngine :>> eng;
	}

	part def Engine {
		part cyl : Cylinder[4..6];
	}
	part def SmallEngine :> Engine {
		part redefines cyl[4];
	}
	part def BigEngine :> Engine {
		part redefines cyl[6];
	}

	part def Cylinder;
}
","Generate a SysML v2 model titled 'Redefinition Example' that illustrates the concept of redefinition and specialization within a vehicle hierarchy. Model a base part definition 'Vehicle' containing a part 'eng' of type 'Engine'. Create two derived parts: 'SmallVehicle' which redefines 'eng' with 'smallEng' of type 'SmallEngine', ensuring it has 4 cylinders. Define 'BigVehicle' which extends 'Vehicle' with 'bigEng' of type 'BigEngine', allowing for 6 cylinders, clearly demonstrating the subtype relationship. Further, define the 'Engine' part with a collection of 'Cylinder' parts, specifying a cardinality between 4 and 6. Implement 'SmallEngine' and 'BigEngine' as specialized versions of 'Engine', with 'SmallEngine' redoing the cylinder count to 4 and 'BigEngine' to 6. Conclude by defining 'Cylinder' as a standalone part. This model effectively captures the hierarchical structure and differentiation of vehicle types through part redefinitions.","[ 1.37133319e-02  1.42531935e-03  6.05510399e-02 -1.55027816e-02
 -3.30112092e-02  2.84413993e-03 -5.96053898e-02  6.30571023e-02
 -8.39172602e-02 -6.12651557e-02  1.51760108e-03 -4.82244194e-02
 -2.08196528e-02  4.48118001e-02 -1.27671473e-02  3.34343873e-04
 -1.41251953e-02  7.36474842e-02 -1.06302269e-01  6.40191324e-03
  8.21931213e-02  5.16926404e-03  8.53743032e-03  3.16786095e-02
 -5.70094511e-02 -4.19349894e-02 -2.73418278e-02  1.16902925e-01
  7.03411773e-02 -9.41757411e-02  2.63266498e-03  1.31632939e-01
 -2.82340515e-02 -3.33644403e-03  6.11451156e-02 -3.09378114e-02
 -6.90025231e-03  3.72677110e-02 -4.02520131e-03 -4.66950014e-02
  1.41290715e-02 -5.78118563e-02 -2.65548658e-02 -1.45836277e-02
  7.25618824e-02  3.08308452e-02  4.88759531e-03  5.59523841e-03
  4.01847137e-05 -5.02366759e-02  8.65622424e-04 -6.11689873e-02
 -4.98698205e-02  1.19859714e-03 -3.04985195e-02  1.21626183e-02
 -7.02733248e-02 -1.71388481e-02 -6.15533404e-02 -2.00504214e-02
  2.03060731e-02  2.81910952e-02 -3.81853469e-02 -6.01518154e-02
 -9.67083946e-02  4.31634635e-02 -2.85891350e-02 -1.25450622e-02
  2.08068937e-02  5.94668575e-02 -2.61699921e-03 -1.29998103e-02
  1.53697319e-02  3.93109173e-02 -2.96517778e-02 -1.25657469e-02
  1.07956745e-01  1.99136995e-02 -8.76343716e-03 -8.90975222e-02
 -7.44134337e-02  6.18578494e-02 -3.90072055e-02 -2.95176748e-02
  4.48669456e-02 -2.93042846e-02  6.20402507e-02 -5.99628650e-02
 -1.24453129e-02  6.19701594e-02 -7.07578510e-02 -2.49105338e-02
  1.00831792e-01 -2.50756405e-02  3.08310091e-02  4.01544943e-02
  4.61800918e-02  1.11710597e-02  1.38512313e-01  4.50143516e-02
  2.97044008e-03  3.27289440e-02  6.43286481e-02  1.44879576e-02
 -6.23298697e-02  4.12040353e-02 -1.57054011e-02  1.64928753e-02
 -1.88062806e-02 -1.40686512e-01 -1.10375625e-03  4.39547114e-02
 -1.40428413e-02 -2.95098536e-02 -5.27509525e-02 -3.63183916e-02
 -3.73208188e-02 -3.56881879e-02  3.76939625e-02 -2.26161387e-02
  2.39392538e-02 -2.98639163e-02  9.77584794e-02 -7.93667883e-03
  9.12048593e-02  1.56026485e-03 -7.81990513e-02  4.36768848e-33
 -6.17846251e-02  1.12157054e-02  2.10740101e-02  1.37119576e-01
  2.76443250e-02  6.72105551e-02  1.05930807e-03  4.61773984e-02
 -5.13393134e-02  6.11919537e-02 -5.78787774e-02  4.08291817e-02
 -6.10396788e-02 -5.02218232e-02  9.16946679e-02 -5.43090776e-02
 -5.79616912e-02  3.50505412e-02 -2.50077788e-02 -5.99112064e-02
 -1.74203981e-02  1.00492299e-01 -3.32471505e-02 -4.82694386e-03
  7.19615743e-02  2.64253058e-02  7.67909586e-02 -5.56891151e-02
 -5.86350635e-02  4.91355248e-02 -5.25812954e-02  2.60396264e-02
 -2.90333815e-02  4.98225577e-02 -9.35701374e-03 -5.64950332e-02
 -2.46065203e-02 -8.36852342e-02  3.86042148e-02 -4.20540422e-02
  5.55326752e-02 -1.79157052e-02 -8.36393684e-02  2.19987296e-02
 -4.60238382e-02  3.42900008e-02  2.56294366e-02  5.07958196e-02
  1.56986304e-02 -3.08560990e-02  4.30998541e-02 -1.78806018e-02
  8.39124396e-02 -3.82741764e-02 -4.98490967e-02 -2.00241953e-02
 -2.90415175e-02  4.95043695e-02  8.72172695e-03  4.34112512e-02
 -4.78988588e-02  4.58359495e-02  1.38693890e-02  4.31197025e-02
  4.56195623e-02  4.05259393e-02 -4.31389138e-02 -5.68048023e-02
  6.22355118e-02  2.19746772e-02 -4.36691865e-02  9.85591207e-03
 -2.07502265e-02  6.13233969e-02  4.14831042e-02 -4.72548939e-02
 -1.26503874e-03  3.98785761e-03 -4.78075854e-02 -3.04435883e-02
 -1.18796475e-01  1.25209495e-01 -5.21836914e-02 -2.65152045e-02
  3.11690867e-02 -8.72777104e-02  7.97364675e-03 -3.95402536e-02
  3.72241996e-02 -5.05820848e-02 -7.58161843e-02 -9.26804245e-02
 -5.62588610e-02 -3.13507132e-02  4.11824174e-02 -4.95583092e-33
  2.17951443e-02  2.20244545e-02  1.85601618e-02  7.20370980e-03
 -1.14085134e-02 -9.50467587e-02  5.96174225e-02  1.85532067e-02
 -5.85949570e-02  1.80127285e-02  3.19507830e-02  1.54799363e-02
  1.06566682e-01 -4.99603851e-03 -4.89373282e-02  1.09470519e-03
 -5.05652986e-02 -1.54295608e-01  1.80479139e-02  1.02510445e-01
  1.30014133e-03  1.65928621e-02 -5.73926419e-02  4.67727445e-02
  1.57585293e-02  2.96607409e-02 -9.23731104e-02  2.70418804e-02
  3.38703953e-02  1.49871188e-03 -1.77657120e-02 -5.63157909e-02
  2.35267878e-02 -2.43955646e-02 -5.89829162e-02 -8.75762999e-02
  4.05689469e-03 -3.63059938e-02 -6.95390860e-03 -2.03201734e-02
 -3.92439626e-02 -7.54486695e-02 -2.07037898e-03  6.92056306e-03
  4.28686552e-02 -5.90154761e-03  6.15327619e-02 -2.94875000e-02
  8.04949459e-03 -5.20093888e-02  6.00211360e-02  4.66502825e-04
 -2.14435230e-03  3.15911435e-02 -5.31125627e-03 -3.55560556e-02
  9.68220830e-02 -6.94912151e-02 -3.52301896e-02  7.13142380e-02
  6.44976050e-02 -9.09787491e-02  5.72879575e-02  1.70651209e-02
  4.49655381e-05 -1.01517424e-01 -4.31354493e-02 -6.59659877e-02
 -2.75318734e-02 -2.55798064e-02 -1.41793350e-02 -2.59615364e-04
 -9.27509565e-04 -6.63238345e-03  9.79701150e-03 -8.09429884e-02
 -2.38140244e-02  5.07913195e-02  9.80548114e-02 -1.62832439e-02
 -6.90136626e-02 -3.43265645e-02  7.03900158e-02  6.41502291e-02
 -3.58018801e-02 -3.67139652e-02  2.82671098e-02  1.14993304e-01
  4.99109253e-02  1.77410915e-02  1.01902047e-02  4.80771512e-02
  2.79741678e-02  1.32701069e-01 -6.29438013e-02 -4.72385970e-08
  3.53800915e-02 -3.59163480e-03  5.28329983e-02  1.34044960e-02
 -9.30437725e-03 -1.61933601e-02 -7.82903507e-02  7.46382251e-02
 -4.54871953e-02  1.36844243e-03 -2.26067118e-02  2.19381321e-02
  3.24665606e-02 -1.69207100e-02  3.53641696e-02  3.15084197e-02
 -1.65891182e-02  1.59145184e-02 -4.27216738e-02 -1.48282181e-02
  3.75042856e-02  1.68106370e-02 -3.53649259e-02  8.88039619e-02
  5.90832792e-02 -9.75329801e-02 -4.00770754e-02 -3.54544409e-02
  6.86134771e-02 -3.29240002e-02  5.60846813e-02  3.49031128e-02
  5.66355884e-02  8.04330781e-02  3.85508500e-02  1.13514056e-02
 -6.19506873e-02  8.88823122e-02  3.02428808e-02 -2.73126662e-02
  6.30150139e-02 -2.95381229e-02 -7.74361789e-02  2.17845459e-02
  5.48716225e-02  1.74066294e-02 -1.16163447e-01 -9.96256024e-02
 -3.11336964e-02  5.47249727e-02 -3.06037087e-02  3.33556235e-02
 -3.12158447e-02  6.61373064e-02 -4.88368981e-02  4.78218421e-02
  6.06291415e-03 -1.14370100e-02  1.53366262e-02 -5.07254712e-02
  1.42469315e-03  4.87114489e-02  7.61726797e-02  2.91216057e-02]"
7,../SysML-v2-release-src/training/06. Enumeration Definitions/Enumeration Definitions-1.sysml,"package 'Enumeration Definitions-1' {
	private import ScalarValues::Real;
	
	enum def TrafficLightColor {
		enum green;
		enum yellow;
		enum red;
	}
	
	part def TrafficLight {
		attribute currentColor : TrafficLightColor;
	}
	
	part def TrafficLightGo specializes TrafficLight {
		attribute redefines currentColor = TrafficLightColor::green;
	}
}","Generate a SysML v2 model named 'Enumeration Definitions-1' that defines an enumeration and two parts related to a traffic light system. Model an enumeration 'TrafficLightColor' with possible values green, yellow, and red, representing the states of a traffic light. Create a part definition for 'TrafficLight' that includes an attribute 'currentColor' of type 'TrafficLightColor', which will track the light's current state. Further, extend 'TrafficLight' with a specialized part named 'TrafficLightGo', which redefines 'currentColor' to specifically be 'TrafficLightColor::green', indicating the operational state for when the light allows vehicles to proceed. This model encapsulates the basic functionality and states of a traffic light system.","[ 2.44434346e-02 -3.59878466e-02  4.29952843e-03  1.20674726e-02
  6.27656421e-03  5.71236126e-02  9.85423550e-02 -6.79754978e-03
 -2.35981550e-02  1.70166306e-02  7.09417602e-03 -6.21440373e-02
  4.70596142e-02  3.44753750e-02  1.97260901e-02  8.39529112e-02
  6.32338971e-02  2.42634281e-03 -1.84083208e-02 -4.70121242e-02
  1.32018164e-01 -6.03086501e-02 -2.42757816e-02 -5.95739856e-03
 -1.33691996e-01  1.39418002e-02  1.51500767e-02  1.25083150e-02
  3.31188962e-02 -9.03525203e-02  9.33848787e-03  4.76903692e-02
 -2.02226043e-02  4.09197398e-02 -6.62663486e-03 -1.12597205e-01
  1.89500470e-02 -8.49004835e-02 -2.96152476e-02 -2.65140343e-03
  2.15316992e-02 -6.88217357e-02 -5.39621152e-02 -3.14881429e-02
  3.49034667e-02 -6.19759131e-03  4.96016666e-02  3.18732522e-02
 -2.03679949e-02 -9.06095058e-02  6.69630691e-02  1.21666948e-04
  3.09595894e-02  8.36319942e-03  5.21326549e-02  4.03360985e-02
 -3.98418270e-02 -3.23995836e-02 -6.70004338e-02 -6.04587980e-02
 -3.04712541e-02 -3.36866407e-03 -3.86623740e-02 -2.02601850e-02
 -1.86476428e-02  9.84718055e-02 -5.45201004e-02  1.03891175e-02
  4.29990366e-02  4.15259041e-02 -3.92798632e-02  1.61559973e-02
  9.21465233e-02 -2.82669831e-02 -1.85713936e-02 -5.86612001e-02
  1.20781668e-01  1.71852820e-02 -8.69287923e-02 -1.14958182e-01
 -3.27640176e-02 -2.74679996e-03 -5.78394793e-02  4.73205298e-02
  1.32203236e-01 -3.64931338e-02 -3.94291170e-02  2.19162181e-02
  5.08131087e-02  4.99550737e-02 -8.01993981e-02 -1.47088734e-03
  6.27973452e-02 -5.76977432e-02  2.58386321e-02  4.10163291e-02
  2.72645559e-02 -9.89779457e-02  1.96764302e-02  1.65918581e-02
  1.69195200e-03 -1.29400101e-02  2.13572551e-02 -7.22526899e-03
  2.90810596e-04 -4.91347862e-03 -1.04873413e-02  7.94104859e-02
 -9.08241346e-02 -1.24655068e-02  9.41646248e-02  9.56216082e-03
  3.73627990e-02 -2.83049438e-02 -4.56981640e-03  4.45498116e-02
  1.10026980e-02  2.90996209e-02  5.10000885e-02 -3.48657332e-02
  1.70530919e-02 -2.54539140e-02  4.28898027e-03  4.89134192e-02
  6.88812062e-02 -2.50739884e-02  1.12225134e-02  1.46382557e-33
 -3.27847786e-02 -5.76707497e-02 -7.63086677e-02  7.78540820e-02
  3.33720297e-02  7.59078562e-02  3.51002514e-02 -2.84965970e-02
 -5.07015586e-02 -2.78571714e-02  2.29833573e-02  9.05769318e-02
 -1.68020967e-02  1.59005057e-02  6.32076412e-02 -5.08724153e-02
 -1.96499284e-03  3.88160311e-02 -2.62791067e-02 -1.34266987e-02
 -4.96129394e-02  2.82186177e-03 -6.20516054e-02 -5.59541620e-02
  4.02031802e-02  9.64374170e-02  1.05881533e-02  3.01689319e-02
 -1.57186482e-02  1.26203056e-02  7.56144077e-02  9.30676237e-02
  3.64250652e-02  1.23916470e-01  5.62347919e-02  2.52676215e-02
 -4.17191461e-02  6.79411693e-03  5.81147484e-02 -3.80903482e-02
  9.20312770e-04  3.44504155e-02 -6.05448969e-02  1.05206240e-02
 -9.39792469e-02 -8.38331692e-03 -2.41265483e-02  4.62109484e-02
  2.49100644e-02  2.99920309e-02  5.16387746e-02 -1.60804577e-02
 -2.96420380e-02 -6.12535328e-02 -6.66132793e-02 -1.63417764e-03
 -2.61258651e-02  7.01115578e-02 -1.43705476e-02  6.40456099e-03
 -5.40854670e-02  2.40496583e-02  8.97499081e-03 -1.67201366e-02
  5.77612445e-02  2.73644608e-02 -7.65318871e-02 -4.17369902e-02
  1.64166670e-02 -2.59220190e-02 -4.53367792e-02  5.84418401e-02
  4.34417045e-03  7.07371607e-02  8.47224370e-02 -7.46675283e-02
  1.87326651e-02 -7.29315430e-02 -6.27419576e-02  3.45486216e-02
 -9.93962511e-02  4.90787346e-03 -8.41069967e-02 -2.35823952e-02
  7.95734599e-02 -5.92264496e-02 -7.11810822e-03 -3.60081112e-03
 -1.22283302e-01 -1.11866459e-01  1.35948649e-02 -1.47758042e-02
  1.93245262e-02  1.39857698e-02 -1.28625287e-02 -2.55979176e-33
  3.22111137e-02  2.44914610e-02  8.32254067e-03  6.01763539e-02
  4.32863757e-02 -4.89571430e-02  5.32589629e-02 -2.03030426e-02
 -1.35482270e-02  8.96737203e-02  4.15641479e-02  7.63362572e-02
 -3.78321260e-02  3.93892974e-02 -2.44864728e-03 -5.72944283e-02
 -3.01151238e-02 -3.82137448e-02 -4.25260961e-02  1.53010413e-02
 -1.47459403e-01  2.77368706e-02 -6.05428591e-02 -2.03932170e-02
 -7.03886971e-02  5.95973060e-02  2.70845275e-03  4.07885239e-02
 -3.93228829e-02 -2.08304469e-02 -3.68888974e-02 -3.18973996e-02
 -6.52691536e-03 -2.04329472e-02 -2.02710032e-02 -3.16563132e-03
  5.26537113e-02 -9.95935574e-02 -7.95403421e-02  7.34668970e-02
  3.25452443e-03 -2.50199307e-02  8.15778854e-04 -3.89359184e-02
 -5.13911359e-02  1.53850997e-02 -2.19802130e-02  3.78857702e-02
 -9.61789116e-02 -7.21244514e-02  4.87849899e-02  2.30590608e-02
 -1.54393949e-02  9.74237099e-02  4.63696336e-03  4.81059700e-02
  1.67255607e-02  2.89229751e-02 -1.05815819e-02  8.25462192e-02
  3.08479927e-02 -1.68088153e-02 -1.89635623e-02  4.17687371e-02
  3.45891342e-02 -1.30033955e-01 -3.21898833e-02 -5.81348613e-02
  2.21856982e-02 -2.44414266e-02  8.49672854e-02  1.77583098e-02
 -5.66593781e-02  1.30505860e-02  6.44472688e-02 -1.45892367e-01
 -2.51507964e-02  3.31164971e-02  3.26813050e-02  7.05162529e-03
 -6.30339384e-02 -4.85882536e-02  7.34455958e-02  4.77320291e-02
 -5.05383499e-02 -2.74642985e-02  3.17924633e-03  4.92885187e-02
  1.16982674e-02  1.93892084e-02 -2.98103020e-02  5.31856604e-02
 -1.14048719e-02  1.27899900e-01 -6.84937835e-02 -3.97029183e-08
 -5.51876128e-02 -2.73361187e-02  7.93167856e-03 -5.82622597e-03
  1.75298098e-03  6.12544864e-02 -8.84152204e-03 -3.04152705e-02
 -6.40220791e-02 -2.80655473e-02  3.27536575e-02  1.84198860e-02
 -4.04199213e-03  3.81746516e-02 -1.53470994e-03  2.33958028e-02
  2.59538759e-02 -1.06137816e-03 -5.57294749e-02  9.19732749e-02
 -6.74781855e-03  1.19098928e-02 -7.86043033e-02  7.50580058e-02
  3.68974954e-02  9.09645483e-03 -1.34380464e-03  5.08416183e-02
  3.98866870e-02  6.98674172e-02  6.66036010e-02  3.98115851e-02
  6.89982772e-02  5.84016889e-02 -3.46611217e-02  1.93645097e-02
 -1.16474949e-01  5.04515059e-02  5.75506203e-02  6.64752498e-02
 -7.79767474e-03  1.41877783e-02 -7.43446499e-02  6.00615740e-02
  5.98543324e-02  1.38767865e-02 -8.98063034e-02 -9.46181118e-02
 -5.29627167e-02  3.01955845e-02 -6.87921466e-03 -3.40566635e-02
 -7.57758617e-02  6.01653494e-02 -9.44854692e-02 -5.97102083e-02
  2.81218924e-02 -4.20109602e-03  6.99092774e-03 -3.50940693e-03
  3.28914970e-02  5.25854789e-02 -1.85003430e-02  7.04471916e-02]"
8,../SysML-v2-release-src/training/06. Enumeration Definitions/Enumeration Definitions-2.sysml,"package 'Enumeration Definitions-2' {
	private import ScalarValues::*;
	private import 'Enumeration Definitions-1'::*;
	
	attribute def ClassificationLevel {
		attribute code : String;
		attribute color : TrafficLightColor;
	}
	
	enum def ClassificationKind specializes ClassificationLevel {
		unclassified {
			:>> code = ""uncl"";
			:>> color = TrafficLightColor::green;
		}
		confidential {
			:>> code = ""conf"";
			:>> color = TrafficLightColor::yellow;
		}
		secret {
			:>> code = ""secr"";
			:>> color = TrafficLightColor::red;
		}
	}
	
	enum def GradePoints :> Real {
		A = 4.0;
		B = 3.0;
		C = 2.0;
		D = 1.0;
		F = 0.0;
	}
}","Generate a SysML v2 model encapsulated in the package 'Enumeration Definitions-2'. This model imports essential scalar value definitions and references an existing package, 'Enumeration Definitions-1'. It defines an attribute, ClassificationLevel, which consists of two attributes: a string code and a color represented by TrafficLightColor. The model specializes ClassificationKind from ClassificationLevel with three enumerations: unclassified, confidential, and secret, each associated with its respective code and traffic light color. Additionally, the model introduces GradePoints as an enumeration of real values, mapping letter grades A through F to their numeric equivalents, with A as 4.0 down to F as 0.0. This structure will facilitate clear classification and grading systems within the overall model.","[ 5.25434595e-03 -2.82236114e-02 -3.65035683e-02 -1.65092722e-02
 -1.60032511e-02  3.43832523e-02  2.08942778e-02  6.41295162e-04
 -6.36276826e-02  8.69050156e-04  3.43724154e-02 -6.01844341e-02
  4.72257510e-02  2.80489288e-02 -1.19844908e-02  4.55065370e-02
  2.51115151e-02  1.23994742e-02 -7.73833990e-02 -2.34161578e-02
  9.21309292e-02 -7.03000836e-03 -1.11141521e-02  4.02065888e-02
 -6.56095892e-02  1.05343442e-02  2.87578348e-03  5.48693538e-02
  1.34080220e-02 -1.12738356e-01 -4.60504321e-03  6.99933767e-02
  6.03035614e-02  3.90914977e-02 -1.22800106e-02 -5.44290990e-02
  8.27101618e-02 -6.32630289e-02 -4.17218544e-02  5.26637025e-02
 -1.14874810e-03 -6.52116686e-02 -1.87272448e-02  9.12923086e-03
  4.51787859e-02 -3.35948989e-02  2.57199183e-02 -2.50572711e-02
 -4.64355275e-02 -5.40093780e-02  4.44929004e-02  5.73344454e-02
 -6.25314116e-02  1.69067029e-02 -5.75815253e-02  5.47488779e-02
  5.72708156e-03 -3.61216366e-02 -8.41656551e-02  5.08658867e-03
 -8.88830125e-02 -1.99918225e-02 -7.30191497e-03  8.37785751e-03
  4.74283472e-03  2.71203909e-02 -6.77556992e-02 -2.81862244e-02
  6.76895902e-02  4.56517190e-02 -5.34699000e-02 -1.88389663e-02
  5.25364466e-02 -4.10372019e-03  9.64818802e-03  1.81322154e-02
  7.17760697e-02  3.21983285e-02 -2.01222394e-03 -9.32684839e-02
 -4.55599986e-02 -3.39776240e-02 -3.36107761e-02  9.05117765e-03
  1.12432383e-01 -1.90939102e-02  3.69976461e-02 -3.50991124e-03
  1.25232087e-02  1.22228138e-01 -2.12640688e-02  2.92191835e-04
  4.50202972e-02 -3.69103923e-02  5.11950143e-02  5.62747940e-02
 -1.19902799e-03 -9.54964459e-02  1.25568016e-02  1.37622457e-03
 -4.88929823e-02 -3.02348845e-02  7.48960627e-03 -3.56374793e-02
 -6.55841257e-04 -1.38013996e-02  8.63991752e-02  2.28024721e-02
 -5.21104857e-02 -7.29653090e-02  1.29629020e-02  8.09708424e-03
 -1.07937017e-02 -1.04008123e-01  1.35670230e-03  3.72593291e-02
  2.94619650e-02  2.22089570e-02  5.74927479e-02 -5.07843792e-02
 -1.56525541e-02 -3.19650024e-02  2.97210366e-02  1.35342022e-02
  2.27266271e-02 -1.28582595e-02 -9.09943059e-02  3.11744261e-33
 -2.16715690e-02 -1.32409437e-02 -6.31252304e-02  8.72272104e-02
 -4.04061843e-03  3.97445261e-02 -2.36435258e-03 -2.28128359e-02
 -3.29361707e-02  1.24629177e-02 -7.07349461e-03  7.69146159e-02
 -3.41339211e-04  5.54345697e-02  1.14967555e-01  4.48940555e-03
 -1.14870621e-02  4.72847484e-02 -2.04454660e-02 -1.37119237e-02
  4.87791449e-02 -1.61465704e-02 -7.12235318e-03 -6.28191084e-02
  4.66205552e-02  1.28982678e-01 -5.00631565e-03 -6.35421509e-03
 -3.68532650e-02  1.93553809e-02  7.78704435e-02  2.21434459e-02
  5.95538728e-02  9.25288256e-03  7.69238323e-02  4.14299853e-02
 -1.25840036e-02  1.12578152e-02  1.08479902e-01 -5.88964485e-02
  8.23668262e-04  2.75754277e-02 -3.48787159e-02  7.99645856e-03
 -9.05609429e-02  2.88537815e-02  2.25744173e-02  5.11630960e-02
  3.06902304e-02  2.28816606e-02  4.13675383e-02 -2.19423994e-02
 -1.71653219e-02 -3.20865884e-02 -7.82902241e-02  1.12403344e-04
  6.21706434e-02  4.09565829e-02 -5.41890524e-02  3.38085331e-02
 -2.88625695e-02  8.18905905e-02 -7.18941493e-03 -5.78259975e-02
  2.84218490e-02 -3.03820670e-02 -5.85850477e-02 -6.14903085e-02
  4.14460674e-02 -6.83307298e-04 -2.82722116e-02  7.45205805e-02
 -3.64353918e-02  7.01868311e-02  8.59110057e-03 -2.78635100e-02
  3.39658633e-02 -1.08128250e-01  2.64694709e-02  3.50296088e-02
 -9.70681086e-02  6.74770921e-02 -5.02891652e-02 -7.77975544e-02
 -1.57944635e-02 -4.90125716e-02  3.32021713e-02 -2.95990556e-02
 -3.60411257e-02 -8.89500976e-02 -3.14206071e-02 -5.90059571e-02
 -2.13144291e-02  5.60083333e-03 -2.97718383e-02 -4.44173655e-33
 -1.00813946e-02  7.72874951e-02 -4.94803153e-02  1.24419801e-01
 -2.99990103e-02 -1.48883015e-02  1.96914077e-02  4.57880571e-02
  3.85831781e-02  9.42297429e-02  6.39054626e-02  1.13219157e-01
 -2.28982344e-02 -1.18857063e-02  6.78940788e-02 -4.41880152e-02
 -1.11664712e-01 -4.08784822e-02 -3.64539959e-02 -4.29723039e-03
 -4.36423719e-02  1.06069021e-01 -7.96414539e-02  2.94329505e-02
 -1.60664003e-02  2.64557935e-02 -1.65099017e-02  2.45695729e-02
  1.73237994e-02 -1.25105334e-02  3.43649872e-02 -1.87881291e-02
  5.18944487e-02 -4.54806089e-02 -5.34995086e-02 -5.98699450e-02
  9.90597010e-02 -1.21311359e-01 -5.64505085e-02  9.76852402e-02
  2.48101377e-03  1.26098683e-02 -6.91993311e-02  1.03372727e-02
 -1.71727929e-02 -3.28463800e-02  5.86970942e-03  1.98853612e-02
 -4.70686555e-02 -9.30982679e-02  3.52133587e-02 -8.16575903e-03
 -3.01077683e-03  1.04967698e-01  2.60306685e-03  3.90637815e-02
 -5.48124276e-02  1.76609047e-02 -1.61406863e-02  9.54384357e-02
  5.39243072e-02  2.17458326e-02 -4.88602731e-04  9.14422423e-03
 -3.03713279e-03 -1.03553690e-01 -3.71816382e-02 -3.20039615e-02
 -7.25393444e-02 -2.77511347e-02  4.29914631e-02 -9.80729889e-03
  1.24526280e-03 -3.53412493e-03 -1.34655070e-02 -1.42455950e-01
 -2.42272504e-02  8.78780633e-02  4.43722196e-02  8.45711306e-03
 -5.23525551e-02 -2.95534683e-03  3.75873558e-02  9.75821242e-02
  6.81952527e-03 -5.86505495e-02  8.00536573e-02  6.45571128e-02
  5.46993390e-02 -4.09316458e-02 -3.97694223e-02  3.81784402e-02
 -2.89305598e-02  1.51538238e-01 -8.94957930e-02 -4.85033951e-08
 -6.38346151e-02 -2.84891259e-02 -2.98812632e-02  6.99029341e-02
 -3.93325165e-02  9.54584330e-02 -9.87897292e-02 -1.36712715e-02
 -3.78122507e-03  3.90500762e-02  9.17153526e-03 -1.55568011e-02
 -8.68827924e-02 -7.14591099e-03  1.64656527e-02  6.16054498e-02
  3.53934951e-02  6.68811053e-02 -3.77868935e-02  3.62187997e-02
  2.39952449e-02  1.57250408e-02 -5.90580702e-02  2.39857640e-02
  2.58115050e-03 -3.90834659e-02  1.29591217e-02  7.46746883e-02
  2.23225970e-02  7.82340541e-02  3.51790152e-02  2.61213202e-02
  4.73928042e-02  4.89699480e-04  2.73420685e-03  9.46753025e-02
 -8.73339921e-02  4.42067012e-02  2.56285463e-02  1.23720519e-01
 -5.70321679e-02 -5.00300154e-02 -6.14050888e-02  2.34183818e-02
  3.81286815e-02 -2.46885698e-04 -1.28442958e-01 -5.96542507e-02
 -3.58950421e-02  2.00772136e-02 -4.78987396e-03  2.62350626e-02
 -1.14378005e-01  4.35263813e-02 -1.05251506e-01 -3.73774879e-02
 -2.58665830e-02  6.76403113e-04 -4.95506339e-02 -5.16408272e-02
  5.67510389e-02  2.45148595e-03 -3.36914249e-02  3.70435864e-02]"
9,../SysML-v2-release-src/training/07. Parts/Parts Example-1.sysml,"package 'Parts Example-1' {
	
	// Definitions
	
	part def Vehicle {
		part eng : Engine;
	}
	
	part def Engine {
		part cyl : Cylinder[4..6];
	}
	
	part def Cylinder;
	
	// Usages
	
	part smallVehicle : Vehicle {
		part redefines eng {
			part redefines cyl[4];
		}
	}
	
	part bigVehicle : Vehicle {
		part redefines eng {
			part redefines cyl[6];
		}
	}
	
}","Generate a SysML v2 model that represents a simple vehicle system within the package 'Parts Example-1'. Model a 'Vehicle' as a part that contains an 'Engine', which consists of multiple 'Cylinders'. Define the 'Engine' part to allow between 4 to 6 cylinders. Create two specific vehicle instances: a 'smallVehicle' that utilizes an engine with 4 cylinders, and a 'bigVehicle' that uses an engine with 6 cylinders. Ensure that both vehicles redefine the engine component appropriately, demonstrating how different configurations of the same part can meet varying requirements. This model should clearly encapsulate the hierarchy and relationships between the parts while remaining adaptable for future extensions.","[-6.72973320e-03  1.99114680e-02  1.72659308e-02 -3.46755832e-02
 -2.05605570e-02 -1.33057106e-02 -5.13558835e-02  6.38808385e-02
 -9.45157036e-02 -2.11005937e-02  2.01192312e-02 -3.03598586e-02
  3.13604884e-02  4.27832752e-02  1.84213854e-02  5.28972177e-03
  9.37092211e-03  3.16886380e-02 -7.93071464e-02  1.71342753e-02
  5.98497689e-02 -8.10075086e-03  2.20703576e-02  7.64092663e-03
 -9.57952216e-02 -9.32888035e-03 -2.80662253e-02  1.03368096e-01
  3.81617509e-02 -9.72218290e-02  3.07384077e-02  5.40834554e-02
 -3.64347808e-02 -1.48173748e-02  9.47233364e-02 -3.01010367e-02
  1.03000952e-02  6.18696492e-03 -3.75995003e-02 -9.06632841e-02
  1.04174474e-02 -4.27419469e-02 -4.37498838e-02 -1.92437898e-02
  2.29405593e-02 -1.06243845e-02 -1.72136389e-02  2.00521741e-02
  6.27662167e-02 -7.88903981e-02 -3.39167416e-02 -7.48280510e-02
 -5.96301956e-03 -3.40249985e-02 -5.61885200e-02  1.02923112e-02
 -6.60847202e-02 -8.33606347e-03 -1.38999552e-01 -3.49001773e-02
  3.44776586e-02  1.60142891e-02 -2.90952623e-02 -2.84666345e-02
 -7.39988536e-02  5.25989123e-02 -8.23495090e-02  2.28577312e-02
 -5.66918217e-03  7.04900324e-02 -5.10931909e-02 -2.68230233e-02
  7.13828858e-03  4.94339913e-02 -1.94660109e-02 -2.10192073e-02
  9.30215642e-02 -3.01509779e-02  9.01651848e-03 -4.24180776e-02
 -6.64450899e-02  2.14587264e-02 -7.58194700e-02  3.79379792e-03
  1.80499814e-02 -4.33892086e-02  4.70645502e-02 -2.88568698e-02
 -2.70729382e-02  4.26143594e-02 -2.41580214e-02 -1.82914883e-02
  1.13019623e-01 -3.51983905e-02  4.84033823e-02  5.30741177e-02
  4.95423675e-02  4.05275729e-04  7.79567733e-02  5.49157057e-03
 -1.62243284e-02  2.29574982e-02  1.07653476e-01  1.05999857e-02
 -4.06237207e-02  8.20529163e-02 -6.25087172e-02 -3.78584452e-02
 -1.36079183e-02 -1.37725919e-01 -2.24785171e-02  8.56417865e-02
 -1.19487299e-02 -2.19197199e-02 -3.21859643e-02 -5.89359924e-02
 -1.08350068e-02 -3.52650918e-02  2.66620908e-02 -2.56815702e-02
  8.62092432e-03 -2.97034662e-02  7.12982714e-02  1.46933189e-02
  1.25620082e-01  2.15088017e-02 -4.54269312e-02  3.12038061e-33
 -7.61287138e-02  5.40071819e-03  1.66597441e-02  1.29040316e-01
  5.00575416e-02  7.63936341e-02 -6.34441711e-03  3.91009636e-02
 -3.03098764e-02  7.32889995e-02 -7.24869221e-02 -1.52111081e-02
 -3.77785191e-02 -1.84949804e-02  6.19190112e-02 -7.86897391e-02
 -6.19806722e-02  4.85492796e-02  2.03534286e-03 -6.42164350e-02
 -6.92171752e-02  5.23468629e-02 -3.00945304e-02  4.62342799e-03
  9.18858051e-02  4.66516055e-02  9.51468125e-02 -3.81967351e-02
 -4.08156998e-02  3.94459814e-02 -1.13884648e-02  4.34801243e-02
 -3.00273541e-02  6.04734235e-02 -1.00089991e-02 -3.26362327e-02
 -4.60074954e-02 -3.42289843e-02  3.33966762e-02 -2.74796765e-02
  8.54372904e-02  2.88026268e-03 -7.02016875e-02  3.75464819e-02
 -8.05995464e-02  1.93310007e-02  8.12085904e-03  5.46114780e-02
  4.92295362e-02 -2.94218771e-02  3.20901088e-02 -2.19213814e-02
  6.18109480e-02 -2.39343513e-02 -2.12336425e-02  9.55136865e-03
 -3.18492367e-03  1.70563199e-02  1.41513553e-02  1.46220308e-02
 -6.86907321e-02  3.49466205e-02 -6.34025736e-03  2.03026719e-02
  6.98089078e-02  4.50633168e-02 -4.61868681e-02 -1.02478445e-01
  3.92704010e-02  3.80030833e-02 -4.69078422e-02  9.25484300e-03
 -2.39630751e-02  3.42587121e-02  7.09844902e-02 -3.88701521e-02
  3.76131572e-02  4.71682474e-03 -9.46014896e-02 -6.39141118e-03
 -1.05767407e-01  7.23027363e-02 -3.52425687e-02 -2.90634967e-02
  5.59562705e-02 -3.76176760e-02 -3.86311486e-02 -3.62313874e-02
 -1.81135628e-02 -3.93879972e-02 -3.31096351e-02 -9.75925699e-02
 -6.26789853e-02 -4.98506846e-03  3.77098694e-02 -3.84123673e-33
  5.93102053e-02  7.28035672e-03  8.51277411e-02  5.03187887e-02
  4.59833071e-02 -6.01386875e-02  2.14784965e-02 -8.12185742e-03
 -5.42533509e-02  7.61780664e-02  3.28400731e-02  1.34039279e-02
  1.13244481e-01 -2.98060826e-03 -1.40703004e-02  3.40434276e-02
  3.36510432e-03 -1.72466815e-01  4.28177938e-02  6.52202293e-02
 -3.38048115e-02  2.98696570e-02 -1.13782166e-02  2.47202050e-02
  5.46125509e-02  3.48007795e-03 -6.68591708e-02 -1.62273422e-02
  2.05727778e-02 -3.18164006e-02  4.14362922e-03 -5.41837811e-02
  6.42053038e-02 -3.99498232e-02 -5.61392605e-02 -5.71125336e-02
 -4.38713320e-02 -2.82939337e-02 -1.34609398e-02 -1.29099926e-02
 -3.65056433e-02 -9.00655389e-02 -2.14560889e-02  1.98739357e-02
  6.58947090e-03 -1.81746893e-02  5.67007549e-02 -4.48558442e-02
 -1.32476809e-02 -7.74383312e-03 -1.42060108e-02 -2.47916542e-02
  6.42171223e-03  3.34056355e-02  3.61343883e-02  1.34535776e-02
  8.85620862e-02 -4.16829921e-02  1.48689328e-02  2.09897719e-02
  6.63060024e-02 -9.80346128e-02  5.41522726e-02 -7.58345844e-03
 -2.54765134e-02 -7.48221651e-02 -2.99659520e-02 -3.33351940e-02
 -7.07746157e-03 -1.30392816e-02 -9.52440081e-04  3.43561508e-02
  2.25051977e-02  3.67935635e-02  1.97522547e-02 -4.81924526e-02
 -5.23772612e-02  5.05952016e-02  1.24178223e-01 -2.13303547e-02
 -9.31032300e-02 -3.61544378e-02  4.25234511e-02  7.20138401e-02
 -2.05251724e-02 -3.37226391e-02  3.49472240e-02  7.61470944e-02
  5.26162684e-02  4.46214750e-02 -6.79308316e-04  8.65939930e-02
  6.21681139e-02  1.48109272e-01 -2.79462934e-02 -4.84995120e-08
  5.16988635e-02 -1.68790743e-02  1.45759918e-02 -3.07890284e-03
 -1.50639247e-02 -1.23167681e-02 -7.86642730e-02  4.38482389e-02
 -4.28538620e-02  5.17030656e-02 -3.98173137e-03  3.40917148e-02
  1.96949746e-02  2.50216890e-02 -3.86436917e-02  5.35220057e-02
 -8.03258549e-03  3.41100544e-02 -3.46439853e-02 -5.12456521e-02
  5.31695597e-02  3.66507135e-02 -1.77293811e-02  9.76072401e-02
  7.26519451e-02 -5.35678752e-02 -3.61708514e-02 -3.16219963e-02
  9.36879590e-02 -3.33361104e-02  3.50879915e-02  3.00752185e-02
  3.81775610e-02  6.50389045e-02  1.47962393e-02 -3.86287365e-03
 -1.18793018e-01  6.93024546e-02  7.15190172e-02 -4.62563187e-02
  6.35934547e-02  4.73821163e-03 -4.13695946e-02  1.39318258e-02
  2.31172107e-02  5.01972102e-02 -1.39834762e-01 -1.24748275e-01
 -5.92655875e-02  7.71107227e-02 -4.57271747e-02  1.45560084e-02
 -5.09638935e-02  9.65684205e-02 -4.01980057e-02  1.53512759e-02
  1.50422165e-02 -2.79997364e-02  4.25481349e-02 -6.62334859e-02
 -4.71465476e-02  9.44132805e-02  1.95213500e-02  2.83373501e-02]"
10,../SysML-v2-release-src/training/07. Parts/Parts Example-2.sysml,"package 'Parts Example-2' {
	
	// Definitions
	
	part def Vehicle;	
	part def Engine;	
	part def Cylinder;
	
	// Usages
	
	part vehicle : Vehicle {
		part eng : Engine {
			part cyl : Cylinder[4..6];
		}
	}
	
	part smallVehicle :> vehicle {
		part redefines eng {
			part redefines cyl[4];
		}
	}
	
	part bigVehicle :> vehicle {
		part redefines eng {
			part redefines cyl[6];
		}
	}
	
}","Generate a SysML v2 model for a vehicle system with a focus on engine and cylinder components. Model the package 'Parts Example-2', defining three parts: Vehicle, Engine, and Cylinder. Create an instance of Vehicle named 'vehicle', which contains an Engine part 'eng' that holds between 4 to 6 Cylinder parts 'cyl'. Next, establish a specialized part 'smallVehicle' that inherits from 'vehicle' while redefining 'eng' to contain exactly 4 Cylinder parts. Additionally, create another specialized part 'bigVehicle' that also inherits from 'vehicle' but redefines 'eng' to encompass 6 Cylinder parts. This structure allows for variations in vehicle size, encapsulating the relationships and part redefinitions for engines and cylinders effectively.","[-3.88353392e-02  2.62499657e-02  4.16031852e-02 -1.46354744e-02
 -3.04409843e-02 -2.49820109e-02 -6.41916618e-02  7.14448616e-02
 -4.11657915e-02 -7.51695111e-02 -8.63263570e-03 -1.57477073e-02
  5.06914640e-03  2.31055450e-02 -1.95189305e-02 -1.10059911e-02
 -8.94497801e-03  7.69051164e-02 -1.18162826e-01  1.06361324e-04
  7.20615089e-02 -5.86529030e-04  1.87242515e-02  2.97808480e-02
 -6.03376739e-02 -1.54207237e-02 -3.64736244e-02  1.33208558e-01
  7.71281645e-02 -1.11419082e-01  2.10701805e-02  8.27861279e-02
 -4.18517925e-02 -1.22525478e-02  5.48920445e-02 -2.79127210e-02
 -3.31660844e-02  3.00438199e-02 -2.42346823e-02 -6.25927374e-02
  1.65618379e-02 -3.72627452e-02 -2.41933707e-02 -1.94266287e-03
  6.59496635e-02  4.06068116e-02 -3.44394636e-03  2.83189048e-03
  4.99040522e-02 -8.40582624e-02 -4.96356376e-02 -6.00771792e-02
 -6.53862655e-02  3.51534560e-02 -3.00884712e-02  2.35918835e-02
 -8.21419880e-02  4.58557974e-04 -1.19428188e-01 -3.61347236e-02
  3.45084928e-02  4.48578931e-02 -2.19356194e-02 -2.42231023e-02
 -8.30683485e-02  2.89740898e-02 -7.97033906e-02  6.87357783e-03
 -1.17402868e-02  7.09484294e-02 -1.10058887e-02 -3.22673866e-03
  4.09690384e-03  7.01011792e-02 -8.15003179e-03 -5.78916958e-03
  9.25606713e-02 -2.42367350e-02  2.67737196e-03 -8.66531301e-03
 -8.36632624e-02  4.54154722e-02 -4.27662879e-02 -4.23724502e-02
  2.19152384e-02 -1.51426634e-02  6.96491823e-02 -4.50208075e-02
 -3.59070748e-02  3.79344970e-02 -5.27164452e-02 -2.49538049e-02
  7.90025368e-02 -1.79243814e-02  2.73589208e-03  6.66765645e-02
  8.49400833e-02  1.87026318e-02  9.41358581e-02  2.04143506e-02
  5.25881164e-03  1.94588862e-02  9.91551802e-02  3.02770864e-02
 -7.06417412e-02  4.52544019e-02 -5.13668433e-02  1.60147604e-02
 -1.70764967e-03 -1.23768307e-01  9.94819589e-03  3.14069651e-02
 -3.65719534e-02 -3.53493504e-02 -4.31442074e-02 -8.05544853e-02
 -3.33489738e-02 -1.90460458e-02  5.12715206e-02 -2.14584731e-02
  8.53008777e-03 -1.75427385e-02  6.14059269e-02 -9.18702409e-03
  5.49429208e-02 -1.39639276e-04 -5.18702790e-02  3.26455610e-33
 -7.57397190e-02 -6.11849641e-03  1.09972320e-02  1.48752540e-01
 -3.45190126e-03  7.07232356e-02  1.67811681e-02  4.20114882e-02
 -1.18123135e-02  6.02729470e-02 -5.78088090e-02  3.52507317e-03
 -2.78773475e-02  1.94121469e-02  6.88651651e-02 -8.68403241e-02
 -6.65054023e-02  4.58808318e-02 -2.21111509e-03 -6.23445362e-02
 -3.73330675e-02  4.07661870e-02 -1.07278898e-02  1.20298034e-02
  6.94395378e-02  1.98619775e-02  8.76983181e-02 -7.83032402e-02
 -9.22197029e-02  4.60502021e-02 -3.22613679e-02  3.47233079e-02
 -3.45530212e-02  6.57782257e-02 -3.53938696e-04 -3.69716287e-02
 -4.61351983e-02 -6.27015084e-02  3.61102633e-02 -3.15846615e-02
  7.34334141e-02 -2.49204924e-04 -7.24200010e-02  1.56742278e-02
 -7.28733763e-02  3.14436778e-02  1.06992759e-02  6.70129433e-02
  7.76016712e-03 -1.89480484e-02  4.15827483e-02 -1.23248771e-02
  7.70469084e-02 -4.19658124e-02 -2.53921710e-02  1.90150812e-02
 -5.60036115e-03  4.76327911e-03  7.66453240e-03  2.54607983e-02
 -1.00535862e-01  5.18205240e-02  5.79800643e-03  4.00427021e-02
  5.35000972e-02  5.56848608e-02 -3.93158533e-02 -9.65707675e-02
  2.71350499e-02  4.36534435e-02 -5.51547185e-02 -1.56943630e-02
  6.47740904e-04  6.54781982e-02  6.01031706e-02 -4.96135801e-02
  1.69026162e-02  8.43335688e-03 -6.61983788e-02  3.28428904e-03
 -1.12395935e-01  9.43602771e-02 -5.06663136e-02 -4.10016738e-02
  4.37873788e-02 -6.77160323e-02  1.63409207e-02 -3.64707522e-02
  1.62409544e-02 -5.31464107e-02 -3.05453446e-02 -9.49746892e-02
 -7.27092549e-02  1.38568785e-03  1.22053958e-02 -4.22641169e-33
  3.80210839e-02  5.88076608e-03  4.63502221e-02  3.82465012e-02
  2.06174664e-02 -6.34249151e-02  4.35930267e-02 -3.12734582e-02
 -2.88437791e-02  6.40433952e-02  5.35385273e-02  2.25857310e-02
  1.20992050e-01 -5.91552060e-04 -3.47201563e-02  9.39249620e-03
 -1.97462924e-02 -1.63012221e-01 -3.91209731e-03  7.40835592e-02
 -1.55737866e-02  4.40177927e-03 -4.56128493e-02  1.92967895e-02
  4.15374488e-02 -6.70588203e-03 -9.15293992e-02 -2.61510871e-02
  6.61392882e-03 -1.54515794e-02 -1.59034710e-02 -5.44689000e-02
  2.35583540e-02 -2.26468891e-02 -6.85828477e-02 -5.13085946e-02
 -5.61022060e-03 -1.36021487e-02  1.41590461e-02 -1.09924646e-02
 -3.30827460e-02 -7.90714175e-02  1.01582976e-02  5.92393354e-02
  3.06995469e-03 -2.46386230e-02  7.58208260e-02 -4.27695513e-02
  3.65477018e-02 -7.32927409e-04  3.37424912e-02  1.97799001e-02
 -2.69608339e-03  2.24595927e-02  2.91661676e-02 -2.17988882e-02
  7.35871196e-02 -7.06875473e-02  2.68326160e-02  4.81008701e-02
  6.21963032e-02 -9.51148197e-02  6.24595769e-02 -8.83135595e-04
 -2.42442209e-02 -8.40531290e-02 -5.78388236e-02 -5.74102849e-02
  3.66791640e-03 -2.09570490e-02  1.51953353e-02  1.90468784e-02
  4.83388975e-02  8.41786445e-04 -1.28198927e-03 -8.90254527e-02
 -4.53531891e-02  2.04675999e-02  9.68801305e-02  5.99742541e-03
 -5.78957796e-02 -4.27575037e-02  5.56165390e-02  6.46563694e-02
 -1.89466570e-02 -5.90894036e-02  8.35412368e-03  1.09685257e-01
  2.70619225e-02  8.26505246e-04  8.52340274e-03  1.11239322e-01
  4.45131212e-02  1.34987727e-01 -3.54332849e-02 -4.64984389e-08
  5.00351936e-02 -1.20447055e-02  3.20389345e-02 -5.57344686e-03
 -1.52820684e-02 -1.89682376e-02 -5.52526079e-02  8.36578161e-02
 -2.03397628e-02  2.79369298e-02  3.68027464e-02  1.08943721e-02
  2.86283772e-02 -1.65053494e-02 -3.41992034e-03  2.38368977e-02
 -1.64757930e-02  3.29885967e-02 -2.83962600e-02 -8.62489715e-02
  3.70038114e-02  9.82118770e-03 -2.01752614e-02  6.86969906e-02
  8.76014456e-02 -9.00254846e-02 -2.12407541e-02 -2.04511080e-02
  7.80837983e-02 -3.36102881e-02  4.75208797e-02  3.62188257e-02
  6.49428219e-02  7.16456696e-02  4.83039133e-02  7.68411532e-03
 -9.80482250e-02  8.38687941e-02  3.27677280e-02 -3.74999046e-02
  5.49327582e-02 -2.97464244e-02 -3.52038369e-02  3.42557728e-02
  3.62326466e-02  4.25497070e-02 -1.27564982e-01 -1.19884595e-01
 -6.07303269e-02  5.70452623e-02 -2.38360502e-02  4.83441958e-03
 -1.88842993e-02  7.13130608e-02 -2.58503389e-02  3.72301452e-02
  1.75879095e-02 -3.46336290e-02  8.97016190e-03 -9.23448727e-02
 -5.30800596e-02  1.03508674e-01  5.53580858e-02  3.46105210e-02]"
11,../SysML-v2-release-src/training/08. Items/Items Example.sysml,"package 'Items Example' {
	private import ScalarValues::*;
	
	item def Fuel;
	item def Person;
	
	part def Vehicle {
		attribute mass : Real;
		
		ref item driver : Person;

		part fuelTank {
			item fuel: Fuel;
		}		
	}
	
}","Generate a SysML v2 model to represent an automotive system involving essential entities and properties. Model a package named 'Items Example', which includes item definitions for 'Fuel' and 'Person'. Within this package, define a 'Vehicle' part that possesses a real-valued attribute 'mass' indicating its weight. The vehicle should reference a 'Person’ item as the 'driver', establishing a relationship between the vehicle and its operator. Additionally, include a nested part named 'fuelTank' within the vehicle, which encapsulates an item of type 'Fuel'. This structure emphasizes the interaction between the vehicle, its driver, and the essential fuel for operation, facilitating a clear representation of the system's components and their relationships.","[-4.18680385e-02  4.70296927e-02 -4.57411483e-02  4.05314453e-02
  3.02942675e-02 -1.10358167e-02  8.50302950e-02  6.84344694e-02
 -3.34970839e-02 -2.27422062e-02  4.16513048e-02 -5.61265945e-02
  5.13976067e-02  3.10622435e-02  3.07973605e-02 -4.71745385e-03
  4.57035415e-02  2.16918290e-02 -5.11811599e-02  1.84466336e-02
  9.15628970e-02  3.74167319e-03  3.64038087e-02  3.44798565e-02
 -7.47265145e-02  1.77988522e-02 -1.26704145e-02  8.07047486e-02
  3.21292505e-02 -7.17834309e-02  5.45796156e-02  5.05396910e-02
  5.20103984e-02  1.14887776e-02  2.96841804e-02  1.79940853e-02
  6.56155171e-03  2.09553242e-02 -5.83330765e-02 -7.25119188e-02
 -2.62340847e-02 -9.35207084e-02 -9.15808789e-03  7.94422068e-03
  3.72536816e-02 -4.13380601e-02  4.46722917e-02 -2.79050898e-02
  6.25321688e-03 -2.31757816e-02 -6.13545515e-02  2.19044890e-02
 -5.03446795e-02 -8.65789969e-03  4.40390259e-02  4.76765521e-02
  1.41346650e-02 -2.10098270e-02 -1.26064390e-01 -7.10644722e-02
  1.26909744e-02  1.11426832e-02 -6.31609783e-02 -8.94145854e-03
 -1.39649026e-02  1.37629807e-02 -5.69949560e-02 -2.13877913e-02
  1.87633913e-02  4.61764298e-02 -2.39509791e-02 -3.58645432e-02
  2.25600693e-02  3.01495679e-02  2.38791760e-02 -3.69648710e-02
  7.87161738e-02  2.52033630e-03  4.94262502e-02 -5.55026606e-02
 -7.05348626e-02  2.32380275e-02 -5.41932732e-02 -6.69157282e-02
  2.24419571e-02  2.08635698e-03  3.55912298e-02 -3.43992040e-02
  1.10816080e-02  6.19516261e-02 -4.90185134e-02 -6.28871694e-02
  1.11764289e-01 -2.72945017e-02  6.65891096e-02  4.51731645e-02
  4.70875502e-02 -2.44581252e-02  2.10363138e-02  2.15023085e-02
 -2.06731111e-02  1.11795612e-01  3.69281545e-02  1.44630717e-02
 -5.97225577e-02 -1.95388240e-03 -6.21003285e-02 -2.31716204e-02
 -3.63739729e-02 -6.19645715e-02 -1.03557324e-02  3.24554183e-02
 -5.69626763e-02 -4.18553799e-02 -5.18664084e-02 -3.97828259e-02
  5.08286478e-03 -3.07643637e-02  5.24370410e-02 -3.45911644e-02
 -5.33062220e-02 -3.78229879e-02  3.65039706e-02  3.29100862e-02
  5.37933223e-02  6.56028604e-03 -2.01622229e-02 -3.98089501e-33
 -1.30046591e-01 -3.15342322e-02  1.28422128e-02  1.20606773e-01
 -1.83081552e-02  2.68335305e-02 -2.76557673e-02 -1.47558171e-02
  3.24550346e-02  5.47199175e-02 -5.83506189e-02  3.90132293e-02
 -4.53577042e-02  8.30937773e-02  9.64807253e-03 -3.67673822e-02
 -6.27930313e-02  7.81553313e-02 -1.79096672e-03 -9.03994218e-02
 -5.06439209e-02  4.54314649e-02 -4.56674732e-02 -3.46607529e-02
  7.44653717e-02  1.04929186e-01  6.39211014e-02  7.56311836e-03
 -4.38328534e-02  3.38832922e-02  2.11676937e-02  4.89567481e-02
 -1.41161457e-02  4.28585755e-03 -6.73377933e-03  4.64946926e-02
 -6.72099516e-02 -4.68508601e-02  3.26210894e-02 -5.01512736e-02
  5.62869571e-02  7.08796130e-03 -2.28383821e-02  4.63956334e-02
 -1.18208528e-01  3.20262299e-03  3.78578007e-02  7.04892129e-02
 -2.76521649e-02 -1.42141953e-02 -2.97672935e-02 -5.22394106e-03
  4.95314449e-02  4.13334370e-03 -7.32252076e-02  2.85517070e-02
  5.76011725e-02  3.61961219e-03 -3.57709527e-02  3.34565924e-03
 -5.56242876e-02  6.28878325e-02  4.25196551e-02  4.23904471e-02
  4.67389598e-02  4.45939749e-02 -5.84228709e-02 -1.24020740e-01
  6.30976483e-02  4.74449992e-02 -1.62409283e-02  5.89542203e-02
 -9.93501861e-04  4.30482887e-02  3.57229896e-02 -1.84510835e-02
  1.87981166e-02 -5.72272316e-02 -1.06254533e-01  5.23242876e-02
 -1.01071790e-01  2.13345010e-02 -1.06381821e-02 -1.78991072e-02
 -3.04330215e-02 -5.71945310e-02 -4.41287905e-02 -9.17998403e-02
 -2.08168402e-02 -6.16606064e-02 -4.38145660e-02 -3.81552912e-02
 -7.61767477e-02  1.31097715e-02  4.00610939e-02  1.57525335e-33
  1.95386875e-02  4.21934389e-03  4.84345481e-02  2.03902572e-02
  6.57081380e-02 -6.05585650e-02  2.56518573e-02 -1.02546960e-01
 -5.15902489e-02  7.76891112e-02 -1.34458439e-02 -1.64020266e-02
  3.38489376e-02 -1.49338674e-02  3.10260542e-02  5.05589396e-02
 -4.07950245e-02 -1.47702575e-01  1.50557645e-02 -1.08695170e-02
 -5.87534457e-02  7.82564357e-02 -2.50436645e-02  5.13935238e-02
 -3.22173834e-02 -2.08227783e-02  1.24663010e-03  2.17035157e-03
 -2.03536288e-03 -2.43080948e-02  6.34189695e-02 -3.87880988e-02
  3.54096889e-02 -3.96471843e-02 -6.82666749e-02 -4.73194495e-02
  1.00348741e-02 -3.14670093e-02 -3.71457003e-02  2.16154289e-02
 -2.48003732e-02  1.59519389e-02 -4.05736789e-02  2.50876807e-02
 -1.67644303e-02 -7.05911517e-02  6.25486746e-02 -8.22931305e-02
  3.41131799e-02 -3.90640497e-02  2.03589723e-02 -3.67441624e-02
 -3.08422912e-02  2.97370646e-02 -9.78879165e-03  9.50482562e-02
  1.65108405e-02  6.01788191e-03  4.60922271e-02  4.90693469e-03
  7.08400607e-02 -4.35353853e-02  5.35386764e-02  3.08168977e-02
 -3.19729187e-02 -1.10944957e-01 -9.87850782e-03 -8.47937986e-02
  3.93579789e-02  1.27485385e-02  6.78988770e-02  2.22573206e-02
  1.63055304e-02  6.16569109e-02  2.21091155e-02 -6.53510690e-02
  5.30181034e-03  6.22660816e-02  6.80120364e-02 -7.04081506e-02
 -5.47864772e-02 -2.14336719e-02  5.71493730e-02  9.61709395e-02
 -1.56360213e-02 -8.54384378e-02 -2.88823736e-03  8.16691816e-02
 -8.00067838e-03  1.88744254e-02 -2.14705355e-02  8.62702653e-02
 -7.80853406e-02  1.90136969e-01 -1.19886965e-01 -4.30378364e-08
 -6.05664589e-02 -2.20080093e-02  2.70819776e-02  3.51483040e-02
 -2.15805806e-02  3.12217753e-02 -2.82414611e-02 -2.07727272e-02
 -7.10373744e-02  2.69100554e-02  2.57731881e-02  5.79341082e-03
 -1.74114387e-02  1.09365890e-02  2.02471036e-02  3.61402854e-02
  2.64244750e-02  7.93916956e-02 -7.55510628e-02 -2.03464236e-02
  8.93516988e-02  3.34272273e-02 -5.24231903e-02  6.26725405e-02
  8.58428404e-02 -4.87311371e-02 -3.62289101e-02  8.43003616e-02
  8.12416226e-02  4.60277162e-02  3.24206166e-02  5.86210340e-02
  3.70276533e-02  5.51984422e-02  3.96911912e-02  5.40924706e-02
 -5.37417941e-02  4.06146310e-02 -1.76636060e-03  3.23504657e-02
  4.86611389e-02 -9.03985649e-03 -4.08868529e-02  3.80060188e-02
  2.32141763e-02  6.24127612e-02 -1.73395470e-01 -7.23380819e-02
 -5.66548556e-02  6.54453188e-02  2.71030958e-03 -5.25379274e-03
 -8.19975957e-02  7.89036304e-02 -4.86364029e-02 -1.16118789e-02
 -1.88671786e-03  1.48178693e-02  9.09442827e-02 -9.49925184e-02
  1.37865692e-02  6.12700954e-02  1.38820671e-02  2.52419952e-02]"
12,../SysML-v2-release-src/training/09. Connections/Connections Example.sysml,"package 'Connections Example' {
	
	part def WheelHubAssembly;
	part def WheelAssembly;
	part def Tire;
	part def TireBead;
	part def Wheel;
	part def TireMountingRim;
	part def LugBoltMountingHole;
	part def Hub;
	part def LugBoltThreadableHole;
	part def LugBoltJoint;
	
	connection def PressureSeat {
		end [1] part bead : TireBead;
		end [1] part mountingRim : TireMountingRim;
	}
	
	part wheelHubAssembly : WheelHubAssembly {
		
		part wheel : WheelAssembly[1] {
			part t : Tire[1] {
				part bead : TireBead[2];			
			}
			part w: Wheel[1] {
				part rim : TireMountingRim[2];
				part mountingHoles : LugBoltMountingHole[5];
			}						
			connection : PressureSeat 
				connect bead references t.bead 
				to mountingRim references w.rim;		
		}
		
		part lugBoltJoints : LugBoltJoint[0..5];
		part hub : Hub[1] {
			part h : LugBoltThreadableHole[5];
		}
		connect [0..1] lugBoltJoints to [1] wheel.w.mountingHoles;
		connect [0..1] lugBoltJoints to [1] hub.h;
	}
	
}","Generate a SysML v2 model titled 'Connections Example' that focuses on the assembly of a wheel-hub combination. The model will define key components including WheelHubAssembly, WheelAssembly, Tire, TireBead, Wheel, TireMountingRim, LugBoltMountingHole, Hub, LugBoltThreadableHole, and LugBoltJoint. 

A connection, named PressureSeat, will be established between the TireBead and the TireMountingRim. Within the WheelHubAssembly part, a WheelAssembly will be defined which encompasses one Tire (including two TireBeads) and one Wheel (featuring two TireMountingRims and five LugBoltMountingHoles). 

The model will incorporate a connection that links the TireBead to the TireMountingRim via the PressureSeat connection. Additionally, there will be up to five LugBoltJoints that connect to the Wheel's mounting holes and the Hub's threadable holes. The end goal is to capture the structural relationships and connectivity within the assembly efficiently.","[-7.46384934e-02 -5.52355871e-02 -6.74544126e-02 -4.58350405e-03
 -2.39419136e-02 -2.89672147e-02  2.84979492e-03  7.99888819e-02
 -4.87878034e-03 -1.59326885e-02  5.07871099e-02  1.22183952e-02
  3.46865244e-02 -6.04582345e-03 -3.71020064e-02  5.51975928e-02
 -3.51541862e-02  7.08792033e-03 -7.06234947e-02  3.92541885e-02
  9.51741412e-02 -8.19837153e-02  3.22972634e-03 -6.21382445e-02
 -3.27241309e-02 -1.71470996e-02  3.78425233e-02  1.00293681e-01
  5.35613820e-02 -3.66550907e-02  3.78399082e-02  7.97980558e-03
 -3.09698805e-02 -4.54909839e-02  6.46389946e-02 -3.90229863e-03
  1.85426436e-02 -2.65229885e-02 -8.92404541e-02 -7.08532855e-02
  4.22630645e-02 -6.23420179e-02  1.98159423e-02 -3.33984336e-03
  6.46813493e-03 -1.31935708e-03 -7.98552483e-03 -8.39120429e-03
 -2.93201376e-02 -2.60534864e-02 -4.12218302e-04 -2.21561771e-02
  2.17724685e-02 -4.55666520e-03 -3.15337218e-02  8.28752518e-02
 -7.82155804e-03  3.22483331e-02 -7.16692507e-02 -5.70160002e-02
  9.63925719e-02 -9.44476342e-04 -4.22282219e-02 -4.08841521e-02
 -1.63770374e-02  3.73873711e-02  4.74282131e-02 -7.65897483e-02
  7.16093509e-03  3.33563499e-02 -1.07073829e-01 -5.57522997e-02
 -5.82360253e-02  1.07429838e-02  1.59009900e-02 -1.89445671e-02
  3.62308584e-02 -2.61515267e-02 -1.23561574e-02 -7.01078624e-02
 -6.30856901e-02  6.11622743e-02  7.85871446e-02 -1.86825972e-02
 -1.79328537e-03 -2.32892949e-02  3.35217305e-02  1.28268413e-02
  9.76845436e-03  3.94384116e-02 -7.04683289e-02 -5.10775670e-02
 -2.95185540e-02 -4.03338782e-02  6.36989847e-02  6.19554110e-02
 -9.65352519e-04 -1.44114997e-02 -1.00570638e-03  3.61861661e-02
 -4.87377010e-02 -8.41736211e-04  1.21335429e-03 -6.66050687e-02
 -7.46651590e-02  4.75578532e-02 -4.62996997e-02 -5.46300896e-02
 -8.85061100e-02 -2.64710039e-02  2.04628538e-02  6.14107698e-02
  4.07713056e-02 -5.49147017e-02 -4.28517833e-02  1.42740039e-02
 -4.83993664e-02  8.51542652e-02  6.51156083e-02  4.85985875e-02
  1.39066288e-02  3.84133309e-02  2.74294149e-02  4.41229008e-02
  7.02611357e-02 -5.42705543e-02 -1.04342036e-01  5.43590612e-33
 -4.23008278e-02 -4.84358966e-02  2.36671418e-02  1.13016523e-01
 -3.76563780e-02  6.52319863e-02  1.74352415e-02  4.40093456e-03
 -1.38931861e-03  5.24028689e-02 -5.95990680e-02 -5.19067794e-02
  2.08615279e-03 -3.56792249e-02 -7.68542103e-03 -7.72970021e-02
  7.48830009e-03  4.58719656e-02 -3.92927937e-02  2.54842248e-02
 -2.57628784e-02  4.51581459e-03  1.81373358e-02 -3.02673900e-03
  1.30032912e-01  4.13352735e-02  9.18191969e-02 -8.46623443e-03
  3.75670753e-02  3.57201919e-02 -1.75033603e-02  5.73535636e-03
 -3.11067812e-02  6.03240430e-02  1.86402667e-02  5.08126756e-03
 -4.42900881e-02 -6.65121526e-02  2.59357365e-03 -5.29640913e-02
  7.67587647e-02 -3.35969739e-02 -3.01309116e-02  6.93250867e-03
 -9.27590504e-02  2.36400310e-02 -5.70933148e-03  2.79723853e-02
  5.61894588e-02 -2.77618524e-02  2.30943896e-02  6.43259706e-03
 -1.14597976e-02  6.11217171e-02 -4.43399809e-02 -1.81901399e-02
 -6.05094396e-02 -4.74276841e-02 -3.65449227e-02  1.37248680e-01
 -6.41932711e-02  1.52881462e-02 -2.48340424e-02 -1.63139205e-03
  5.16832583e-02  5.43280430e-02 -6.90251356e-03 -7.54182562e-02
 -1.04872026e-02 -2.08557211e-02 -8.99255276e-02  1.50061212e-02
 -3.08688022e-02  7.87102878e-02 -7.26119205e-02 -3.20681743e-02
  9.01025906e-03  3.48770879e-02 -3.40414084e-02  2.51430064e-03
 -1.11226872e-01  1.87680051e-02 -1.99127607e-02 -5.73305190e-02
 -2.12679915e-02 -4.41419631e-02 -5.72119877e-02 -1.30300090e-01
 -6.30722567e-03 -9.94220600e-02 -1.39759723e-02 -4.77086119e-02
 -3.71794216e-02 -3.30757126e-02 -1.67891886e-02 -5.80845334e-33
 -1.62230339e-02  1.24262029e-03  1.01752924e-02  5.20007424e-02
  2.64918245e-02  3.43988761e-02  3.13922204e-02 -1.49265006e-01
 -4.16997597e-02  3.30735408e-02  5.29593676e-02  4.88569587e-02
  5.80632174e-03 -1.90652870e-02  2.43284479e-02  4.55669500e-02
  7.36382185e-03 -1.04598686e-01  2.69322004e-02  4.48695086e-02
  1.11859776e-02  7.72175044e-02  3.69618759e-02 -5.14024422e-02
  1.98821109e-02 -3.33422050e-02 -3.28928418e-02  3.32499519e-02
 -2.06650775e-02  1.21282600e-01 -1.26034804e-02  1.85850170e-02
  1.60787255e-02  1.99280195e-02 -8.15455914e-02 -9.41075012e-03
 -5.94190098e-02 -4.65390682e-02 -3.17062959e-02 -5.06495163e-02
  4.52699438e-02 -3.36439312e-02 -3.86416614e-02 -1.50801567e-02
 -3.89340743e-02 -5.05522732e-03 -1.53489020e-02 -8.70371535e-02
 -5.91572933e-03 -2.30198782e-02  1.35899419e-02  3.52205373e-02
  3.57675925e-02  6.11213222e-02 -1.03733623e-02  5.89547530e-02
  2.47058943e-02 -5.95466327e-03  1.09583382e-02 -1.07619120e-02
  1.04835063e-01 -4.80376557e-03  8.68700594e-02  4.37938459e-02
  5.32703735e-02 -4.87603955e-02  5.28623089e-02 -7.63345361e-02
 -8.58747438e-02  5.71554564e-02  2.15571225e-02  2.07558200e-02
  1.26871750e-01  5.27813137e-02  4.98697162e-02  7.78964814e-03
  1.07910531e-02 -2.19863504e-02  3.11373249e-02 -6.49412647e-02
 -4.96382602e-02  7.37120211e-03  9.39363316e-02  8.01285058e-02
  2.06419900e-02 -2.66260933e-02  2.51272954e-02  1.20287403e-01
  7.41578117e-02  6.21013530e-02 -3.82577954e-03  4.51693274e-02
  3.23974006e-02  1.75904736e-01  3.56503837e-02 -5.39615783e-08
 -2.49335878e-02 -1.58932619e-02 -9.53127667e-02 -6.41424656e-02
 -2.00306959e-02  6.03911886e-03 -3.43157798e-02  6.57479912e-02
 -6.44700751e-02  3.36673819e-02 -1.66966021e-02  2.83046495e-02
 -1.04220575e-02  5.64567298e-02  4.98837978e-02  6.97439015e-02
  1.74895599e-02  4.08731438e-02 -3.68296802e-02 -7.76954889e-02
  1.11698303e-02 -3.05482466e-02  5.17768878e-03  5.96054532e-02
  6.23186789e-02 -1.59536470e-02 -2.25388687e-02  4.13952284e-02
  1.76062081e-02  4.49841982e-03  4.84803915e-02  2.13597924e-03
  3.10753305e-02  4.07290310e-02 -4.58274186e-02  1.05556794e-01
 -1.47092417e-01  4.67754900e-02  6.87827766e-02  9.88918319e-02
  1.81131251e-03  7.59338439e-02 -1.53832715e-02  3.90484221e-02
  6.03883117e-02  5.88766597e-02 -1.47862583e-01 -1.28432559e-02
 -7.40953758e-02  2.79459544e-02 -6.15716651e-02  7.52949268e-02
 -3.72128077e-02  3.49246822e-02 -4.84517403e-02  5.63607886e-02
 -3.12372390e-02  3.38820517e-02  6.35979399e-02  2.12851185e-02
 -8.42169747e-02  6.88781366e-02  1.38154756e-02 -4.61450182e-02]"
13,../SysML-v2-release-src/training/10. Ports/Port Conjugation Example.sysml,"package 'Port Conjugation Example' {
	
	attribute def Temp;
	
	part def Fuel;
	
	port def FuelPort {
		attribute temperature : Temp;
		out item fuelSupply : Fuel;
		in item fuelReturn : Fuel;
	}
	
	part def FuelTank {
		port fuelTankPort : FuelPort;
	}
	
	part def Engine {
		port engineFuelPort : ~FuelPort;
	}
}","Generate a SysML v2 model named 'Port Conjugation Example' that illustrates the interaction between components in a fuel system. Model contains an attribute definition 'Temp' to represent temperature. It defines a part called 'Fuel' as a basic component and a port definition 'FuelPort' that has an attribute 'temperature' of type Temp. The 'FuelPort' has an outgoing item 'fuelSupply' and an incoming item 'fuelReturn', both typed as Fuel. The model includes a 'FuelTank' part that integrates the 'FuelPort' to manage fuel supply and return. Additionally, there’s an 'Engine' part featuring a port 'engineFuelPort' that conjugates with the 'FuelPort', indicating a directional relationship as it is defined as a negation of FuelPort. This model structure emphasizes the systematic flow of fuel and temperature management in engine operations.","[-5.33694476e-02  1.50438724e-03 -7.09465668e-02  7.97626153e-02
  1.31363356e-02  8.66406772e-04  2.64389440e-02  2.35507190e-02
  8.29399750e-03 -2.96246614e-02  4.25889008e-02 -3.17927450e-02
  4.64591496e-02 -1.41748367e-02  1.73078198e-02 -3.44938971e-02
  5.17148748e-02 -4.17954475e-02 -1.87155325e-02 -8.63760617e-03
  9.42898765e-02 -1.04932701e-02 -6.99934270e-03 -8.02663248e-03
 -7.67663345e-02 -1.62157658e-02 -2.17752042e-03  9.86203551e-02
  2.11582687e-02 -3.42383012e-02 -4.81880195e-02  9.41550285e-02
 -3.30067426e-02  3.70830707e-02 -1.72508117e-02  3.32877412e-02
  3.76850143e-02 -1.17952619e-02 -9.50834304e-02 -2.88568344e-02
  4.70132288e-03 -1.06879488e-01  1.74304796e-03  4.48668860e-02
  1.51269799e-02 -3.17476541e-02 -3.33973430e-02 -4.06682156e-02
 -3.30788828e-02 -5.94016202e-02 -1.03979230e-01 -3.36500420e-03
 -2.08251551e-02  2.76157130e-02  2.69724894e-02  6.10160083e-02
  2.57429089e-02 -4.28504404e-03 -1.22151576e-01 -4.92015630e-02
  6.26377296e-03  3.19752134e-02 -8.96990895e-02 -2.52567157e-02
  3.50148082e-02 -3.29083689e-02 -5.52323423e-02  9.98043269e-03
  3.23100053e-02  5.00631984e-03 -8.27663317e-02 -3.77071686e-02
  1.42709520e-02 -4.48896997e-02  1.23577926e-03 -1.62244551e-02
  6.38315976e-02  5.00598270e-03  5.14668748e-02 -7.96472281e-02
 -4.97818850e-02 -1.96576975e-02 -1.14059031e-01 -5.55983633e-02
 -3.12783814e-04 -1.48450276e-02  4.87119295e-02 -7.08246753e-02
  1.10446900e-01  5.43769039e-02 -6.27733916e-02 -8.35544989e-03
  8.30683485e-02 -3.50050107e-02  4.20657694e-02  4.98498902e-02
  4.49864864e-02  2.16887221e-02  4.01812941e-02 -3.72893251e-02
  4.09971271e-03  9.09129456e-02 -8.25793110e-03  1.92046035e-02
 -3.19163874e-02 -2.33100578e-02 -4.17733304e-02  2.05219984e-02
 -5.20920660e-03 -1.14602543e-01 -3.48749682e-02  5.39608337e-02
  1.33580191e-03 -4.10376489e-02 -4.63030040e-02  2.75738109e-02
 -2.97540575e-02 -4.46644388e-02  8.91634747e-02  2.29256484e-03
 -6.43070638e-02  2.10773740e-02  5.77695556e-02  7.59259313e-02
  2.92041302e-02  3.76210170e-04 -4.48701233e-02  1.59935814e-33
 -4.83513884e-02 -5.11649251e-02 -2.54225340e-02  1.00252517e-01
  2.32752203e-03  6.39999881e-02 -4.04865071e-02 -2.77540237e-02
  2.92337481e-02  5.32265678e-02 -4.24988866e-02  5.28067164e-02
 -4.57139052e-02  6.12141974e-02 -2.38875337e-02 -6.33008331e-02
 -7.59684891e-02  7.79041797e-02 -5.64330583e-03 -5.09662516e-02
  7.89006893e-03  7.98371434e-02 -6.10799342e-02 -7.52569214e-02
  5.64525612e-02  6.93648979e-02  4.27035382e-03  7.09300768e-03
 -9.51814577e-02  4.53247577e-02  6.63682073e-02  4.53875884e-02
 -5.39630130e-02  2.99248528e-02  2.63909064e-02  8.85497406e-03
 -2.20808983e-02 -1.52999936e-02  4.06446718e-02 -7.26506812e-03
 -2.37023998e-02 -1.04790134e-02 -1.93637386e-02  1.00269075e-02
 -7.83155411e-02 -5.87712182e-03 -3.44202518e-02  4.28194478e-02
  3.16534229e-02 -2.64777848e-03  2.06016935e-02 -2.63637062e-02
  9.90755036e-02 -4.50806739e-03 -5.11732288e-02  1.37695242e-02
  2.08727233e-02  4.01340127e-02 -5.81379235e-02  3.49677540e-02
 -7.75177926e-02  7.11003914e-02 -2.87170652e-02 -2.65848469e-02
  5.83831333e-02  7.40623921e-02 -6.22919947e-02 -1.04308896e-01
  7.80498162e-02  5.59261441e-02 -6.58999905e-02  9.38555449e-02
 -1.25143193e-02  8.66061524e-02  4.97522317e-02 -4.21116762e-02
 -3.33681628e-02 -4.45055664e-02 -1.04830347e-01  2.12909654e-02
 -8.98773596e-02  2.41094269e-02 -4.38517630e-02 -3.61331590e-02
 -1.28802303e-02 -1.12868920e-01 -3.31269018e-02 -5.87351508e-02
 -2.46513523e-02 -8.76337439e-02 -3.68423015e-02 -4.57806960e-02
  6.45472342e-03  2.62640920e-02  8.82450193e-02 -3.21747461e-33
  1.28068365e-02 -1.62763484e-02  1.78275909e-02 -2.00422900e-03
 -2.69952714e-02 -4.85020280e-02  9.42456797e-02 -8.06546062e-02
 -2.37140828e-03  1.60630103e-02  1.49159012e-02  2.29362808e-02
  7.54437968e-02 -1.14514623e-02 -4.14026491e-02  2.45066620e-02
 -4.60506603e-02 -8.11388493e-02  1.61905214e-02 -4.20364551e-03
 -6.78074658e-02  4.83835787e-02 -2.83345487e-02  3.79670933e-02
 -8.18757713e-02  7.09520467e-03  1.09968418e-02 -1.11748639e-03
 -5.14947399e-02 -7.60767469e-03  6.27489313e-02  3.53810675e-02
  5.17413989e-02  6.83460291e-03 -9.73640531e-02 -1.58738643e-02
 -2.03336626e-02 -4.41289060e-02  2.33596247e-02 -2.29224861e-02
  1.14583345e-02  6.87253708e-03  9.43429116e-03  1.47562260e-02
 -3.94707173e-02  1.13564190e-02  5.04409429e-03 -7.65012428e-02
  1.87990610e-02  5.43979043e-03  4.26360480e-02 -5.56906797e-02
 -2.41745524e-02  1.75269041e-02 -1.70638226e-02  3.37572284e-02
 -4.61160578e-03  3.24959718e-02  1.10642994e-02  6.17368035e-02
  1.23157889e-01 -8.64467695e-02  5.21981828e-02 -9.00213141e-03
 -1.76234730e-02 -4.18589748e-02 -9.69297718e-03 -2.40035374e-02
  1.25238955e-01  7.18986755e-03  6.43572658e-02  6.48319423e-02
  1.03383996e-02  4.08979803e-02  3.57532501e-02 -6.79577067e-02
 -2.89410371e-02  2.44961604e-02  5.31264208e-03  1.11757051e-02
 -8.32087323e-02  2.58061998e-02  1.33102732e-02  5.43065108e-02
 -1.09915463e-02 -6.71108142e-02 -3.62904891e-02  1.18985131e-01
  7.22863749e-02 -3.99254672e-02 -1.36262644e-02  4.64486778e-02
 -3.16724516e-02  1.65542305e-01 -7.70292804e-02 -5.23289607e-08
 -2.82263495e-02 -2.94546373e-02  7.99971521e-02  4.63569984e-02
 -2.83044223e-02  4.27894332e-02 -3.47794965e-02 -3.47683877e-02
 -3.88598978e-03  3.12510058e-02  1.46920718e-02  1.09196320e-01
 -1.59499738e-02 -2.83511337e-02  6.27074614e-02  2.45985724e-02
  2.61785026e-04  2.81895082e-02 -1.61441397e-02 -5.52587062e-02
  8.18992779e-02 -4.09377217e-02 -7.25098029e-02  9.32486653e-02
  8.95778686e-02 -3.98474000e-02 -4.30102199e-02  7.87175670e-02
  8.19005817e-02  1.08270971e-02  4.01235372e-02  2.60564480e-02
  1.74843147e-02  4.04798165e-02 -5.00635058e-03  1.20020792e-01
 -4.08867858e-02  3.97653617e-02  2.95706932e-02  3.60967480e-02
  7.98889473e-02  7.03175459e-03 -6.70915022e-02  2.77710147e-02
 -1.58522818e-02  7.78270960e-02 -1.16455846e-01 -3.63119729e-02
 -2.93035656e-02  9.26304609e-02  4.19308664e-03  2.85413451e-02
 -2.94050481e-02  4.75617461e-02 -8.20702761e-02 -3.03754527e-02
 -6.05358258e-02  7.45257810e-02  6.51298016e-02 -4.27095704e-02
  1.51524339e-02  1.17160730e-01  1.61391050e-02  1.69568807e-02]"
14,../SysML-v2-release-src/training/10. Ports/Port Example.sysml,"package 'Port Example' {
	
	attribute def Temp;
	
	part def Fuel;
	
	port def FuelOutPort {
		attribute temperature : Temp;
		out item fuelSupply : Fuel;
		in item fuelReturn : Fuel;
	}
	
	port def FuelInPort {
		attribute temperature : Temp;
		in item fuelSupply : Fuel;
		out item fuelReturn : Fuel;
	}
	
	part def FuelTankAssembly {
		port fuelTankPort : FuelOutPort;
	}
	
	part def Engine {
		port engineFuelPort : FuelInPort;
	}
}","Generate a SysML v2 model that encapsulates a 'Port Example' package designed for fuel management in a system. Model attributes include a single 'Temp' attribute, representing temperature. The package contains a part definition for 'Fuel', which is essential for fuel operations. Two port definitions are included: 'FuelOutPort' and 'FuelInPort'. The 'FuelOutPort' allows for temperature to be assigned, facilitating outflow of 'fuelSupply' and inflow of 'fuelReturn'. Conversely, the 'FuelInPort' manages the opposite, with 'fuelSupply' flowing in and 'fuelReturn' flowing out, each maintaining a temperature attribute. Additionally, a 'FuelTankAssembly' part features a 'fuelTankPort' utilizing the 'FuelOutPort'. The 'Engine' part is equipped with an 'engineFuelPort' based on the 'FuelInPort'. This model demonstrates a clear structure for fuel distribution and management, bridging components from the tank to the engine with defined ports and attributes.","[-4.33320068e-02  2.98763681e-02 -8.75360146e-02  4.73894961e-02
  3.13568562e-02 -8.44115205e-03  2.69253571e-02  3.73775586e-02
 -4.80745826e-03 -1.77016295e-02  1.94348507e-02 -2.87067965e-02
  3.32969725e-02 -3.22413119e-03  1.60934236e-02 -6.45426139e-02
  5.11903316e-02 -2.43206732e-02 -1.08711058e-02 -1.08036567e-02
  1.10398665e-01 -5.83451148e-03  1.63183957e-02  3.81583581e-03
 -7.90189430e-02 -1.43387346e-02 -1.12915849e-02  1.12621203e-01
  1.49034988e-02 -4.08117063e-02 -5.64290071e-03  5.91387562e-02
 -2.13334803e-02  1.35586616e-02 -1.87555235e-02  7.16809109e-02
  3.16882357e-02  1.59166083e-02 -8.79806653e-02  6.60516368e-03
  6.88902242e-03 -1.27089038e-01  1.05612259e-02  3.13303508e-02
  7.25753081e-04 -2.60094609e-02 -1.04745431e-02 -8.53521898e-02
 -5.37662767e-02 -5.05324006e-02 -5.21259941e-02  5.40469121e-03
 -1.01847406e-02  4.63626236e-02  1.18528409e-02  3.07297073e-02
  1.76282208e-02 -1.89509541e-02 -1.18360654e-01 -8.27961788e-02
  1.42007824e-02  1.37266060e-02 -6.78884834e-02  2.04466470e-03
 -1.97618771e-02 -4.91042212e-02 -2.68313643e-02 -1.51815293e-02
  3.97900157e-02 -2.32053585e-02 -1.14619881e-01 -1.81311127e-02
  9.72401351e-03 -3.55352722e-02 -5.50864264e-03 -2.00747680e-02
  6.72962293e-02  1.15710078e-02  6.74051866e-02 -5.24890833e-02
 -6.76083146e-03 -2.46089902e-02 -8.33234265e-02 -3.48383263e-02
 -4.64010052e-02  6.77448139e-03  6.11419827e-02 -5.92543148e-02
  6.41301796e-02  3.25762890e-02 -3.76020037e-02  2.40597017e-02
  8.89723003e-02 -3.59413624e-02  3.40612456e-02  2.83356644e-02
  4.36168946e-02  2.25822609e-02  3.55299674e-02 -3.72899957e-02
 -7.04284990e-03  6.17824867e-02 -1.85793024e-02  2.73647928e-03
 -1.89878754e-02 -3.91153209e-02 -5.74147739e-02  1.05686923e-02
  2.56680939e-02 -9.42220092e-02 -2.34360918e-02  7.18159899e-02
 -1.42319957e-02 -2.76519489e-02 -9.63901263e-03  6.53552189e-02
 -6.66810721e-02 -4.10166718e-02  8.91446620e-02  1.81442015e-02
 -6.17278293e-02  4.76125479e-02  8.59921798e-02  5.23958020e-02
  4.06671800e-02  3.55197564e-02 -2.56106965e-02  1.82552895e-33
 -5.62698655e-02 -5.72662577e-02 -5.11882566e-02  1.01380073e-01
  1.20506547e-02  6.14409447e-02 -3.65179926e-02 -4.00122926e-02
  3.98335792e-02  3.64807658e-02 -5.95847592e-02  4.85165678e-02
 -8.10291097e-02  9.97338742e-02  1.21534597e-02 -6.85429573e-02
 -7.15777054e-02  1.02110289e-01  6.93735573e-03 -4.06783968e-02
  1.24688027e-02  1.39421429e-02 -2.55207028e-02 -4.41214293e-02
  1.04391538e-01  9.49757695e-02  3.53932604e-02  1.43470410e-02
 -8.50298405e-02  4.83409800e-02  4.11615260e-02  4.53255922e-02
 -9.48286951e-02  2.27267556e-02  1.02432417e-02 -2.26889718e-02
 -6.17354922e-02 -4.07489296e-03  4.76323478e-02 -6.77273190e-03
 -2.57199798e-02  1.08260731e-03  2.43701506e-03 -1.45671051e-03
 -5.72287962e-02 -1.97518840e-02 -2.91447621e-02  6.79755434e-02
  4.08473946e-02  1.25989309e-02  1.99158248e-02 -1.50995925e-02
  9.89594385e-02  7.70420581e-03 -4.93388884e-02  9.99975111e-03
  2.80946102e-02 -1.15173291e-02 -5.07188998e-02  3.66816595e-02
 -1.00779071e-01  9.30285528e-02 -3.76263894e-02 -2.36548427e-02
  5.89353517e-02  7.81695023e-02 -2.91113351e-02 -9.51369181e-02
  5.35701290e-02  3.71289030e-02 -6.32683113e-02  6.40042350e-02
  6.37347531e-03  7.68346116e-02  3.11440118e-02 -3.01810876e-02
  1.38203893e-03 -2.04899535e-02 -1.26398444e-01  1.08603947e-02
 -7.97126740e-02  6.10513166e-02 -1.80890262e-02 -4.43093777e-02
  2.92264717e-03 -1.43144697e-01 -2.82860417e-02 -6.04737215e-02
 -3.17239128e-02 -4.24353853e-02 -2.15191692e-02 -4.58243527e-02
 -1.65132433e-03 -5.66612137e-03  4.41599488e-02 -3.07178604e-33
  4.75792810e-02 -4.86728223e-03 -8.43252242e-03  3.59435892e-03
 -1.30069647e-02 -7.76419649e-03  6.73964247e-02 -8.46058577e-02
 -4.29637870e-03  1.66543075e-04 -1.43286651e-02  3.82864736e-02
  6.71580434e-02 -8.05914961e-03 -4.50962223e-02  2.26058029e-02
 -4.98709455e-02 -1.01589888e-01 -9.32754774e-05 -2.93230228e-02
 -4.60820533e-02  6.56525791e-02 -2.93841027e-02  4.20308970e-02
 -4.14078608e-02 -1.51192574e-02  3.24824452e-03  2.34236964e-03
 -5.03943078e-02 -1.95782483e-02  5.69044724e-02 -3.79900914e-03
  2.74633132e-02 -2.48279050e-02 -9.86975580e-02 -2.95339581e-02
 -3.04653514e-02 -1.24931326e-02  2.44297069e-02  4.44526337e-02
  1.90346204e-02 -1.67818053e-03 -4.98654656e-02  2.39356831e-02
 -5.50758056e-02  3.78960324e-03 -1.51519474e-04 -9.79102701e-02
  3.21306996e-02 -9.77453962e-03 -2.42688339e-02 -4.56323959e-02
 -7.19740661e-03  5.49393483e-02  2.58664880e-03  5.24840318e-02
  1.66087062e-03  6.96754381e-02 -1.91002451e-02  3.10976077e-02
  1.41681850e-01 -6.43750802e-02  5.56182973e-02  2.53659207e-02
 -4.52163070e-02 -3.64487618e-02 -2.12871339e-02 -3.90107483e-02
  8.36050063e-02  4.17423062e-02  9.45177153e-02  2.16739122e-02
  6.21995330e-02  3.48864011e-02  4.86165695e-02 -1.24543179e-02
 -4.89412248e-02  5.64600900e-03  1.18236160e-02  1.68863069e-02
 -8.03847313e-02  1.46462796e-02  6.45963708e-03  4.46782038e-02
  1.83562431e-02 -1.06745049e-01 -1.12210698e-02  9.71503779e-02
  5.39761893e-02 -6.19140156e-02  1.80890001e-02  5.18165566e-02
 -5.88643700e-02  1.74327344e-01 -5.46404235e-02 -4.88366041e-08
 -3.39088179e-02 -4.63026688e-02  3.53573412e-02  2.61396803e-02
 -8.87713879e-02  4.29557078e-02 -2.61718743e-02 -1.40958810e-02
 -8.77785496e-03  1.32038752e-02  2.76228804e-02  9.63198170e-02
 -1.50722777e-02  1.90005936e-02  4.77430969e-02  3.47406045e-02
  2.82538142e-02  7.38954768e-02 -3.05704698e-02 -4.89604659e-02
  5.65347783e-02 -4.52539325e-02 -9.00315270e-02  5.95530942e-02
  8.27979594e-02 -3.48818153e-02 -1.83383431e-02  6.51989803e-02
  8.66628811e-02  3.93901020e-02  3.85640897e-02  5.19611361e-03
  1.96087658e-02  4.47767898e-02  3.74161154e-02  1.19530976e-01
 -7.39531443e-02  3.94097604e-02  6.78158626e-02  8.27516168e-02
  6.31993786e-02 -2.34976802e-02 -6.53790757e-02  2.47534532e-02
 -1.81023087e-02  5.93878143e-02 -1.39508396e-01 -2.25180238e-02
 -5.51125482e-02  8.56718272e-02 -1.74915022e-03  1.23223653e-02
 -4.01825048e-02  4.55846712e-02 -4.91649695e-02 -2.53296224e-03
 -6.96225241e-02  5.16508557e-02  7.01248869e-02 -4.60739136e-02
 -5.96098490e-02  1.20886385e-01  2.81994753e-02 -1.52949095e-02]"
15,../SysML-v2-release-src/training/11. Interfaces/Interface Decomposition Example.sysml,"package 'Interface Decomposition Example' {
	
	port def SpigotBank;
	port def Spigot;
	
	port def Faucet;
	port def FaucetInlet;
	
	interface def WaterDelivery {
		end [1] port suppliedBy : SpigotBank {
			port hot : Spigot;
			port cold : Spigot;
		}
		end [1..*] port deliveredTo : Faucet {
			port hot : FaucetInlet;
			port cold : FaucetInlet;
		}
		
		connect suppliedBy.hot to deliveredTo.hot;
		connect suppliedBy.cold to deliveredTo.cold;
	}
	
}","Generate a SysML v2 model that encapsulates the 'Interface Decomposition Example.' This model consists of a package that defines critical components of a water delivery system. It includes ports for SpigotBank, Spigot, Faucet, and FaucetInlet. Within the package, an interface called 'WaterDelivery' is established, delineating the relationship between the supplied and delivered water ports. The model identifies a singular connection point for 'suppliedBy,' which requires hot and cold ports from Spigot, and multiple connection points for 'deliveredTo,' utilizing hot and cold ports from Faucet. It specifies connections between the hot and cold ports of suppliedBy and deliveredTo, embodying a clear flow of water delivery.","[-8.21049660e-02 -6.40047565e-02 -1.83638523e-03 -1.18083572e-02
 -2.67825136e-03 -6.29617646e-02  3.87834907e-02  3.14579904e-02
 -7.85221457e-02 -1.20006432e-03  2.07568798e-02  5.06517524e-03
  5.09129725e-02  2.12528091e-02 -3.31629887e-02 -4.58378717e-02
 -4.17331606e-02 -8.69726017e-02 -1.08424213e-03 -2.06477754e-02
  6.49456754e-02 -1.05935168e-02 -1.15858309e-01 -2.86140461e-02
 -5.17280661e-02  4.28992324e-03  3.52021717e-02  4.44696248e-02
  1.42276082e-02 -2.36646719e-02  1.28596055e-03  4.26854268e-02
 -6.28509447e-02 -7.23622516e-02  2.68180147e-02  1.37169659e-02
  5.05465232e-02 -4.51832041e-02 -6.95063993e-02 -2.41263062e-02
  4.95823510e-02 -4.79974300e-02  1.42241456e-02  5.26501834e-02
  4.18337882e-02 -2.37663668e-02 -4.73263562e-02 -2.92018708e-02
 -6.55431598e-02 -5.91799840e-02 -6.14469349e-02 -9.81495250e-03
 -2.46360209e-02  3.87716070e-02 -2.75233462e-02  5.63685447e-02
  6.43186867e-02 -5.24625741e-02 -1.36163950e-01  4.00646292e-02
 -4.95537743e-03  1.45008564e-02 -1.39387831e-01 -2.31983718e-02
  4.55749147e-02 -2.71099452e-02 -2.37956680e-02  3.50713171e-03
  5.29854000e-02  1.51918977e-02 -1.16539769e-01 -3.34819444e-02
 -2.91463472e-02 -3.87732983e-02  3.76909301e-02 -5.86614646e-02
  6.81813806e-02 -1.74158346e-02  1.25292204e-02 -2.66968030e-02
 -1.97949670e-02 -1.51670855e-02 -6.69409409e-02 -1.50868576e-02
 -1.10415863e-02  3.14363092e-02  1.93645749e-02 -1.02794819e-01
  6.89996704e-02 -2.34009214e-02 -3.41685377e-02  2.31074356e-02
  2.59985402e-02 -3.31215337e-02  4.28947248e-02  9.19844657e-02
  2.15938967e-02 -4.10214663e-02  3.67032900e-03  3.89036983e-02
 -2.64225453e-02 -1.10571925e-02  2.07737386e-02 -7.62469042e-03
  1.02008000e-01 -8.93867947e-03 -4.71911207e-02 -8.20294116e-03
 -2.07775608e-02 -7.79098272e-02 -6.00323901e-02  1.90231893e-02
 -2.24975012e-02 -1.78328305e-02 -1.31671922e-02  2.31629126e-02
 -1.05727045e-02 -1.41811417e-02  8.40529576e-02 -5.40133268e-02
 -1.57881957e-02  7.40860403e-02 -1.35875382e-02  4.73262370e-03
  1.78629160e-02  1.26813678e-02 -1.07714469e-02  3.24743539e-33
 -5.96198067e-02 -1.12425931e-01  2.60312390e-03  8.06416422e-02
  5.39605170e-02  8.20187852e-03 -2.34437417e-02  2.62313802e-02
  6.30344748e-02  4.91743274e-02 -8.87462646e-02 -5.69701605e-02
 -7.33715817e-02  6.47753254e-02 -2.96223797e-02 -5.27714379e-02
 -5.24782762e-03  7.39855021e-02  1.37999291e-02  7.13477433e-02
  5.45058325e-02 -2.76288968e-02 -5.48201017e-02 -5.68390638e-02
  1.14101350e-01  3.65592167e-02  2.03932617e-02  4.82598916e-02
 -3.44105400e-02  3.74514908e-02  6.36541396e-02  2.14511119e-02
 -2.08379142e-02  4.91370708e-02  4.66240756e-03 -1.16969775e-02
 -4.51081507e-02 -3.67747098e-02  7.93136135e-02  4.50728973e-03
  3.22777918e-03  4.40555252e-03 -3.39672565e-02  7.00379163e-02
 -5.69801405e-03 -6.69017620e-03 -2.13352758e-02  1.67071298e-02
  7.26450309e-02 -1.75838694e-02  2.32601184e-02 -2.24824138e-02
  9.21575259e-03  9.49574187e-02 -5.30499294e-02 -2.09248308e-02
  3.66828814e-02  5.47481216e-02 -1.13451798e-02  8.79934132e-02
 -1.20596051e-01  1.45482989e-02 -3.51603925e-02  8.55855644e-03
  1.16799131e-01  6.98809028e-02 -9.40268394e-03 -7.00180605e-02
  1.00167669e-01  7.33407028e-03 -1.05611846e-01  8.78494009e-02
 -2.25456823e-02  3.88604626e-02  5.44068450e-03 -7.28265792e-02
  7.77872792e-03  9.27378703e-03 -2.00220328e-02  4.94093262e-02
 -1.07977971e-01  3.46362330e-02  3.30433669e-03  3.41483019e-02
 -1.77170690e-02 -5.70823960e-02  5.04933484e-03 -3.54409814e-02
  3.89309004e-02 -5.97269088e-02  8.44848901e-03 -1.22797396e-02
  3.27837840e-02 -2.99213063e-02  7.20729753e-02 -3.96329455e-33
 -3.91272493e-02 -5.13273571e-03 -4.42389958e-02  2.38688756e-02
 -2.63486169e-02 -4.67668772e-02  6.99577928e-02 -1.60826799e-02
  4.18470390e-02  6.07028939e-02  1.95891485e-02  7.40361959e-02
  7.43551226e-03 -1.55283855e-02  4.78133932e-03 -2.20441376e-04
 -3.55885327e-02 -1.75860092e-01  1.64346062e-02  8.46945941e-02
 -1.71843190e-02  8.36972073e-02  8.58766139e-02 -8.04525837e-02
 -1.61683410e-02 -1.54901752e-02 -5.71266934e-02  2.41026729e-02
 -5.94896488e-02  3.06937099e-02 -1.17894690e-02  1.60580631e-02
  5.09597622e-02 -1.40717335e-03 -5.58384396e-02 -1.29586700e-02
 -2.29838956e-02  6.47405609e-02  3.09529733e-02  1.74198020e-02
  5.78351356e-02 -2.51101311e-02 -1.23682562e-02  3.34649086e-02
 -1.03715193e-02  6.52956069e-02 -4.08625826e-02 -7.63589740e-02
 -1.96266957e-02 -1.53014688e-02 -9.60792750e-02 -5.05932420e-03
  3.63136195e-02  6.03327043e-02 -9.38241929e-03  7.58421561e-03
  5.90028167e-02 -3.91050689e-02  1.45664290e-02  2.57820357e-02
  1.19157277e-01 -5.43695800e-02  3.81156453e-03  2.45920522e-03
  4.57827151e-02 -5.71555505e-03  6.67054392e-03 -1.03580877e-02
  2.73044612e-02 -3.31127904e-02  5.94025962e-02  3.18412147e-02
  5.44494092e-02 -6.46634260e-03  4.50659581e-02 -3.92584056e-02
 -1.03798367e-01  3.68529260e-02 -5.27405813e-02  2.15734914e-02
 -6.43730909e-02  9.69072059e-02 -2.35590898e-02  7.04207867e-02
  7.52170570e-03 -1.20123260e-01  4.31573279e-02 -6.31628605e-03
  5.32467961e-02  7.95514695e-03 -6.00450449e-02  3.14623602e-02
 -3.92146483e-02  1.27420068e-01 -2.34393626e-02 -4.54492977e-08
  4.03200183e-03 -1.68821998e-02  7.40813499e-04  3.99067532e-03
  2.47622654e-02  1.75950844e-02 -1.16694935e-01  4.25701663e-02
  1.09180771e-02  5.01867644e-02 -1.02515019e-01  7.54576027e-02
 -2.90782172e-02  2.56112013e-02  5.21148518e-02  3.83775346e-02
  4.80443723e-02 -1.62410513e-02 -9.31650251e-02 -1.12974338e-01
  4.96071987e-02  1.37657416e-03 -1.59509107e-02  7.74033368e-02
  4.89040911e-02  3.88117991e-02  5.43364063e-02  5.14862761e-02
  3.46087739e-02  8.61802604e-03  2.69752704e-02  6.01077033e-03
  3.96518596e-02  1.25273928e-01  2.01355610e-02  1.38115019e-01
 -4.85931151e-02  4.41059284e-02 -1.35162286e-02 -3.92379239e-03
 -2.40249373e-02 -1.05458749e-02 -4.77359146e-02  4.73217107e-04
  7.76226819e-02  7.18985945e-02 -1.08606271e-01 -1.23140765e-02
  5.42809628e-02  1.14011005e-01 -4.79099974e-02  7.48196915e-02
 -1.43985096e-02  2.91272961e-02 -4.55255583e-02  4.03965777e-03
 -5.54288737e-02 -4.50176932e-02  4.78758365e-02  2.01619640e-02
 -3.59196067e-02  1.01310514e-01  4.11851741e-02 -1.62826870e-02]"
16,../SysML-v2-release-src/training/11. Interfaces/Interface Example.sysml,"package 'Interface Example' {
	private import 'Port Example'::*;
	
	part def Vehicle;
	
	interface def FuelInterface {
		end supplierPort : FuelOutPort;
		end consumerPort : FuelInPort;
	}
	
	part vehicle : Vehicle {	
		part tankAssy : FuelTankAssembly;		
		part eng : Engine;
		
		interface : FuelInterface connect 
			supplierPort ::> tankAssy.fuelTankPort to 
			consumerPort ::> eng.engineFuelPort;
	} 
}","Generate a SysML v2 model named 'Interface Example' that encapsulates a 'Vehicle' part. The model includes an interface definition termed 'FuelInterface' featuring two ports: a supplierPort for FuelOutPort and a consumerPort for FuelInPort. Within the 'vehicle' part, define components including a 'FuelTankAssembly' named 'tankAssy' and an 'Engine' named 'eng'. Establish a connection through the FuelInterface such that the supplierPort is linked to the fuelTankPort of the tankAssy, while the consumerPort connects to the engineFuelPort of the eng. This structure facilitates the flow of fuel between the tank assembly and the engine, demonstrating an effective use of interfaces in system design.","[-9.11445692e-02  2.72410139e-02 -4.57942672e-02  6.98510977e-03
 -9.58884542e-04 -8.42203572e-03  4.11609598e-02  7.02078342e-02
 -4.77433093e-02 -4.42856550e-02  1.56736709e-02 -3.01893950e-02
  3.65035534e-02  2.23129578e-02 -1.52789485e-02 -5.28296530e-02
  9.64968652e-03 -5.46872504e-02  2.01099906e-02  1.83141641e-02
  1.23401128e-01 -1.37948766e-02  5.61868399e-02 -1.65520050e-02
 -7.68266171e-02 -1.63455680e-02  1.70962997e-02  9.68517438e-02
  5.72188087e-02 -7.99406841e-02  2.13426948e-02  2.24734452e-02
 -5.71657754e-02 -3.42235813e-04 -3.35645638e-02 -2.16371100e-02
  4.51110080e-02  2.30158400e-02 -7.37409517e-02 -3.27430740e-02
 -2.53666118e-02 -1.26537293e-01 -1.59262568e-02  2.70744413e-02
  5.25697470e-02 -4.64717858e-02  7.61775160e-03 -6.75368905e-02
  1.94002576e-02 -7.41345584e-02 -8.20656195e-02 -3.94809246e-03
  9.27836075e-03 -7.48956064e-03  4.43468848e-03  5.11699878e-02
  2.78456062e-02 -1.28856022e-02 -1.09833263e-01 -8.00795183e-02
  3.41436528e-02  1.67457964e-02 -3.07207853e-02 -1.68696325e-02
 -6.08661138e-02 -2.77811699e-02 -2.72871815e-02  2.91644759e-03
  2.18122397e-02 -1.78173613e-02 -8.03650022e-02 -5.82698360e-02
  3.84910242e-03 -3.02209966e-02 -9.82338656e-03 -3.11483555e-02
  3.67822237e-02 -1.05268592e-02  3.32159549e-02 -5.66875152e-02
 -6.07877364e-03  3.56392041e-02 -1.02067955e-01 -3.67181450e-02
 -2.10313872e-02 -2.40899203e-03  3.14945206e-02 -1.05201162e-01
  4.60482091e-02  2.81607732e-02 -3.66280116e-02 -6.54142443e-03
  4.21803072e-02 -1.67922620e-02  7.91227669e-02  8.74346588e-03
  4.84146178e-02 -1.00819543e-02  2.87766084e-02  5.94802340e-03
 -9.77841113e-03  6.15069717e-02 -1.05076218e-02  1.52979093e-02
 -2.80234069e-02  1.21029839e-02 -6.83945045e-02  5.43907732e-02
 -5.19377589e-02 -9.84071046e-02  1.10875946e-02  6.28741309e-02
 -2.13681199e-02  1.02353916e-02 -4.92385253e-02  5.82112148e-02
 -1.78904794e-02 -7.83217326e-02  7.35129490e-02 -2.18853485e-02
 -5.60225174e-02  5.86521579e-03  2.53122970e-02  4.38948311e-02
  3.93046401e-02  2.08083913e-02 -4.19496261e-02  9.58310106e-34
 -1.11680359e-01 -6.70891479e-02 -4.46528122e-02  1.21434420e-01
 -1.04783708e-02  6.20260835e-02 -3.02512441e-02 -2.92672161e-02
  1.58614255e-02  2.68735886e-02 -8.98470357e-02  2.96908896e-02
 -6.39312118e-02  8.34197700e-02 -1.89150218e-02 -8.24103728e-02
 -3.61381285e-02  1.09112933e-01 -1.24600492e-02 -6.25063330e-02
  2.22087447e-02 -5.51452162e-03 -3.75061878e-03 -8.18237439e-02
  8.51022974e-02  1.22160964e-01  5.66034578e-03 -1.57947447e-02
 -2.76247468e-02  5.88124506e-02  2.50830315e-02  3.97789590e-02
 -2.08574776e-02  2.21504271e-02 -4.75111650e-03 -3.38130607e-03
 -1.54799810e-02 -3.45397741e-02  2.25215834e-02 -7.43426988e-03
 -2.60970984e-02  4.04930413e-02  1.08380411e-02  1.38605246e-03
 -5.40428720e-02  2.51482632e-02  9.36168991e-03  1.02066889e-01
  4.89555225e-02  1.13830867e-03 -1.00809028e-02 -3.30618001e-03
  4.70225178e-02  9.35624260e-03  7.29859900e-03  2.25455891e-02
  2.55727358e-02  1.37219401e-02 -5.53745814e-02  5.61663173e-02
 -9.30600017e-02  9.01317671e-02 -4.56345230e-02  2.14593392e-02
  8.83359984e-02  8.13899487e-02 -3.78499962e-02 -9.71972793e-02
  3.73046100e-02  3.80019657e-02 -8.01735669e-02  8.03514868e-02
 -3.58841680e-02  1.02461889e-01  3.87515053e-02 -4.04566228e-02
 -1.93842705e-02  5.08263428e-03 -8.15904662e-02  2.44168788e-02
 -7.24888965e-02  5.62112704e-02 -3.40695940e-02 -3.04924254e-03
  1.96898524e-02 -9.22869593e-02 -1.26856184e-02 -5.73669672e-02
  1.77661777e-02 -5.60384691e-02 -5.36828786e-02 -4.83602323e-02
  4.74255206e-03 -2.70391218e-02  7.65815228e-02 -2.63607712e-33
  4.43108417e-02 -3.67231295e-03  2.54969113e-02 -3.38498391e-02
  2.38097250e-03 -3.39433476e-02  9.27093029e-02 -7.99013898e-02
 -6.74043689e-03  8.41984302e-02  3.43724899e-03  6.60998076e-02
  8.84881020e-02  1.48925893e-02 -1.70409568e-02 -1.08995624e-02
 -2.07330771e-02 -1.70983434e-01 -1.47647168e-02  3.93305533e-03
 -1.34504717e-02  5.71083240e-02  1.37307476e-02 -1.65679716e-02
 -2.82985382e-02 -2.15951856e-02 -2.55454537e-02  5.77108487e-02
 -6.10434115e-02  3.47156450e-03  5.97024076e-02  1.93000073e-04
  6.11594953e-02 -2.64825448e-02 -3.95178013e-02  1.95708056e-03
 -3.29083018e-02  1.35273617e-02 -8.67087860e-03 -2.80186385e-02
 -1.04763843e-02 -1.67958736e-02 -5.40785901e-02  1.51193338e-02
 -5.84420264e-02 -3.49679738e-02 -3.20152752e-02 -9.68767777e-02
 -9.51315463e-03 -3.43307033e-02 -2.72639599e-02 -9.08790343e-03
  3.51319127e-02 -2.88966764e-02  2.68187607e-03  6.80891126e-02
  5.89533336e-02  2.83663999e-02  3.17991059e-03  3.66069004e-02
  1.82839602e-01 -4.49341424e-02  2.81140674e-02 -8.22375435e-03
 -2.24364595e-03 -7.50448108e-02 -1.15061551e-02 -6.13714680e-02
  8.46720785e-02  1.32706491e-02  1.05244249e-01  4.03631777e-02
  3.14524211e-02  3.04217674e-02  4.71119843e-02 -4.35813796e-03
 -2.90943254e-02  1.14649087e-02  2.61924732e-02 -4.05338273e-04
 -6.14330880e-02 -8.14130809e-03  5.50151914e-02  3.18917856e-02
 -1.52022131e-02 -6.45943955e-02 -2.58431807e-02  1.03235699e-01
  4.30228338e-02 -5.10599278e-02 -1.55998850e-02  3.64060961e-02
 -4.50930074e-02  1.54795483e-01 -7.18117580e-02 -4.40923955e-08
 -2.70344894e-02 -4.69844826e-02  5.68156689e-02  3.16713341e-02
 -8.89908895e-02  2.98430901e-02 -6.73314258e-02 -5.01214480e-03
 -2.22884603e-02 -9.45973396e-03 -1.08268876e-02  7.14708716e-02
  1.63919590e-02  2.47200578e-02  7.83876106e-02  5.63376881e-02
  2.20222697e-02  3.85365896e-02 -6.08515441e-02 -6.47096485e-02
  6.33237362e-02  9.31209361e-04 -7.99180195e-02  4.18962203e-02
  7.06657171e-02 -1.82724539e-02 -6.27831928e-03  4.72890846e-02
  3.98425981e-02  2.06871666e-02  7.27514997e-02  8.33040196e-03
  1.28807593e-02  1.04992621e-01  4.97520193e-02  9.53493416e-02
 -5.66904321e-02  2.65229419e-02  2.24974286e-02  2.24185865e-02
  7.77354613e-02 -8.72892980e-03 -2.95612458e-02  1.62675772e-02
  4.53653969e-02  1.25271440e-01 -1.29190326e-01 -3.24969068e-02
 -2.60446724e-02  8.27231705e-02 -4.35053222e-02  6.49102789e-04
 -4.59620990e-02  5.13845161e-02 -3.14458162e-02 -1.29904961e-02
 -6.07037395e-02  3.15927230e-02  4.60300408e-02 -3.36548202e-02
 -2.61240285e-02  1.30703494e-01  5.86554110e-02  7.65150459e-03]"
17,../SysML-v2-release-src/training/12. Binding Connectors/Binding Connectors Example-1.sysml,"package 'Binding Connectors Example-1' {
	private import 'Port Example'::*;
	
	part def Vehicle;
	part def FuelPump;
	part def FuelTank;
	
	part vehicle : Vehicle {	
		part tank : FuelTankAssembly {
			port redefines fuelTankPort {
				out item redefines fuelSupply;
				in item redefines fuelReturn;
			}
			
			bind fuelTankPort.fuelSupply = pump.pumpOut;
			bind fuelTankPort.fuelReturn = tank.fuelIn;
			
			part pump : FuelPump {
				out item pumpOut : Fuel;
				in item pumpIn : Fuel;
			}
			
			part tank : FuelTank {
				out item fuelOut : Fuel;
				in item fuelIn : Fuel;
			}
		}
	} 
}","Generate a SysML v2 model that represents a binding connector example for a vehicle's fuel system, encapsulated in the package 'Binding Connectors Example-1'. The model will define three parts: Vehicle, FuelPump, and FuelTank. Within the vehicle part, create a nested part for a FuelTankAssembly, which includes a redefined port 'fuelTankPort' with outgoing and incoming items for fuel supply and return. Establish bindings to connect the fuel system components: bind 'fuelTankPort.fuelSupply' to 'pump.pumpOut' and 'fuelTankPort.fuelReturn' to 'tank.fuelIn'. Define the FuelPump part with its outgoing 'pumpOut' and incoming 'pumpIn' items for fuel. Similarly, define the FuelTank part with 'fuelOut' and 'fuelIn'. This structured approach allows for a clear depiction of component interactions and connections within a vehicle’s fuel system, demonstrating the functionality of binding connectors.","[-4.59526926e-02  6.68583252e-03 -1.06291167e-01 -5.14773605e-03
 -1.66913792e-02  3.28001156e-02  3.18757594e-02  6.65305555e-02
 -3.99347208e-02 -2.27599367e-02  1.25745265e-02 -4.00713459e-02
  2.80398540e-02  1.11827133e-02  5.74222347e-03  5.36430068e-03
  6.42988307e-04 -8.89317226e-03 -3.91750457e-03  4.45202775e-02
  7.69511238e-02 -3.16188708e-02  4.68776599e-02 -1.86481234e-02
 -8.15710574e-02  3.83495702e-03 -1.22733926e-03  6.60041571e-02
  2.71142442e-02 -4.03166227e-02 -9.98042873e-04 -1.39081699e-03
 -2.52710506e-02 -2.50172406e-03  1.63028575e-02  6.21604659e-02
  8.39208663e-02  3.15211900e-03 -9.56734642e-02 -3.05142421e-02
  1.64006054e-02 -1.08478129e-01  2.80048861e-03  2.71215308e-02
  6.00347295e-03 -2.51117032e-02 -1.25965327e-02 -4.04357202e-02
 -1.15045381e-03 -4.24197875e-02 -4.62401398e-02 -1.44396201e-02
 -3.81319225e-02  1.60410777e-02  3.40806879e-02  2.68108062e-02
  2.97260080e-02 -2.11539399e-02 -8.75125900e-02 -1.02213897e-01
  3.63546014e-02  3.04803047e-02 -5.73527664e-02 -5.07425331e-03
 -4.24981937e-02 -5.97491628e-04 -3.54868360e-02  2.47235876e-02
  5.52443862e-02  2.40141787e-02 -1.07591018e-01 -4.17026989e-02
  3.48308720e-02  7.15159520e-04 -1.32289613e-02  2.77942345e-02
  4.52139266e-02  2.01265570e-02  3.74451131e-02 -1.03664897e-01
  6.99777016e-03  5.26934564e-02 -8.21462646e-02 -1.39422175e-02
 -3.84558178e-02  3.42082419e-02  1.65105914e-03 -6.43523335e-02
  4.48676832e-02  2.88236663e-02 -4.81758974e-02 -5.32762446e-02
  9.83767062e-02 -2.94276606e-02  5.90352081e-02  1.77006284e-03
  2.80593578e-02  7.50765065e-03  3.57655361e-02 -4.74822335e-03
 -5.54824900e-03  7.19746947e-02 -1.09688118e-02 -3.83331291e-02
 -3.16699184e-02 -1.63847618e-02 -1.03433497e-01 -1.51876202e-02
 -2.25709733e-02 -6.58067539e-02 -1.34870075e-02  4.76630852e-02
  2.03029886e-02 -8.19893274e-03 -3.14156078e-02  6.94795847e-02
 -1.29831648e-02 -5.29402271e-02  6.21909425e-02  3.82799953e-02
 -7.20922276e-02 -9.45455115e-03  4.59644087e-02  3.73308249e-02
  6.33967295e-02  2.03043185e-02 -7.73977861e-02  3.55611359e-33
 -4.76219729e-02 -3.70309539e-02  3.41872009e-03  1.41908720e-01
  1.70713733e-03  8.52228329e-02 -1.35856606e-02 -6.51221275e-02
 -4.11726572e-02  7.12367296e-02 -6.70435950e-02  3.26054618e-02
 -4.63233180e-02  5.94572574e-02 -6.54284731e-02 -7.73100927e-02
 -3.61214057e-02  5.18600233e-02 -2.81059816e-02 -8.06426629e-02
 -2.70105805e-02  1.02382516e-02 -3.77727523e-02 -5.91764897e-02
  1.15544796e-01  1.01272367e-01 -1.67835988e-02  1.53941009e-02
 -2.25592516e-02  2.49037556e-02  5.41325659e-02  7.16539398e-02
 -3.72452512e-02  3.97145785e-02 -5.71780279e-03 -5.89237250e-02
  7.89378490e-03 -3.99117507e-02  1.57868769e-02 -2.99547780e-02
  4.47372999e-03 -3.90527658e-02 -4.28869575e-02  3.71578373e-02
 -5.90757169e-02 -1.59056298e-02  1.11582791e-02  7.63384327e-02
  5.51417209e-02 -6.19644746e-02 -1.18777528e-02 -1.87155921e-02
  6.36946410e-02  1.15022417e-02 -7.43112639e-02 -3.03936540e-03
 -3.13928053e-02 -1.69214960e-02 -3.13581415e-02  2.59002168e-02
 -8.87217373e-02  9.33824778e-02 -2.02759635e-02 -3.43959779e-04
  6.45367056e-02  8.61939192e-02 -6.56638667e-02 -1.46820158e-01
  5.94721362e-02  1.92069076e-02 -4.61077206e-02  4.63058539e-02
 -3.27998549e-02  5.56225292e-02  2.82047633e-02 -6.27384940e-03
 -1.19374627e-02 -8.07581190e-03 -1.36042386e-01  1.55906342e-02
 -4.39904034e-02  1.60324164e-02 -2.01255642e-02  2.83253212e-02
  3.40821110e-02 -1.19102217e-01 -3.71467061e-02 -9.25236568e-02
 -2.24333871e-02 -8.39711651e-02 -7.37287775e-02 -5.19977659e-02
  1.29962740e-02 -4.15383689e-02  8.19012448e-02 -4.93026943e-33
  4.53102328e-02  3.41968448e-03  2.97400542e-02 -1.98998046e-03
  3.77466269e-02 -1.45570999e-02  5.08884154e-03 -9.48943496e-02
 -2.35716272e-02  4.69187237e-02  2.38997135e-02  1.88950710e-02
  9.49589685e-02  9.37432237e-03 -4.05440032e-02  6.13166280e-02
 -4.11932543e-02 -9.50681195e-02  2.25681737e-02 -4.53083366e-02
 -4.13853955e-03  1.68344658e-02 -3.71465459e-02  6.34981021e-02
 -3.54955643e-02 -2.57837996e-02  1.94199886e-02  4.24857577e-03
 -4.64138202e-02  2.01644786e-02  6.09557480e-02  4.58392734e-03
  2.18890496e-02 -2.45460421e-02 -8.48006234e-02 -4.16256040e-02
 -1.57518312e-02 -3.03354883e-03  1.24740377e-02 -4.69788127e-02
  2.90038623e-03 -2.23359987e-02 -3.85126211e-02 -2.02812031e-02
 -2.78110392e-02 -5.83675168e-02  1.55394729e-02 -3.48747857e-02
 -1.28046749e-02  3.02043161e-03 -5.33538982e-02 -2.96223257e-02
 -1.33868037e-02  4.26914915e-02 -1.08971419e-02  1.04730666e-01
  6.25639930e-02  3.29808071e-02  2.05528904e-02  4.08541858e-02
  1.15219168e-01 -9.43947807e-02  6.54263198e-02  1.40865333e-02
  1.79477222e-02 -9.72927362e-02  4.22100648e-02 -4.67057154e-02
  9.61401165e-02  1.18006412e-02  5.50120883e-02  3.87992635e-02
  8.46305192e-02  6.97267726e-02  9.95886773e-02 -1.70610275e-03
 -5.23452684e-02  2.66433805e-02  5.91011122e-02 -1.66005250e-02
 -2.20955741e-02 -5.07250894e-03  6.65224567e-02  4.68728133e-02
  1.34204375e-02 -9.22945561e-04  3.63820195e-02  1.27787188e-01
  4.66304459e-02 -3.23634259e-02  2.53604399e-03  4.01416905e-02
 -1.75552592e-02  1.60034075e-01 -5.87568060e-02 -4.67957264e-08
 -1.08740199e-03 -1.41174663e-02 -1.27813416e-02  5.76012302e-03
 -8.81521255e-02  7.43921474e-02 -3.83372493e-02  9.69763566e-03
 -5.39572276e-02 -2.07442194e-02 -1.17343105e-02  5.73607609e-02
 -1.99890267e-02  1.04086902e-02  4.09082696e-02  2.48955656e-02
  2.06916332e-02  6.36572391e-02 -6.46835864e-02 -3.17641832e-02
  7.90019035e-02 -7.64517440e-03 -3.95108052e-02  1.10540286e-01
  7.52308145e-02 -4.67100106e-02 -3.85684334e-02  6.03001155e-02
  5.24252653e-02  5.22749461e-02  6.98244125e-02 -1.36604568e-03
 -2.66657528e-02  4.81250174e-02 -1.03866421e-02  1.03424743e-01
 -9.52175483e-02  1.15375537e-02  2.36708275e-03  6.49395883e-02
  8.96656439e-02 -3.50319929e-02 -2.83264611e-02 -5.22911875e-03
 -1.50135113e-02  9.28145796e-02 -1.09200843e-01 -3.94232459e-02
 -6.94030002e-02  8.64567906e-02 -2.22292505e-02  1.16966730e-02
 -4.73458506e-02  4.17782133e-03 -2.30983552e-02 -1.61609463e-02
 -7.56609738e-02  7.09373727e-02  1.12320334e-01 -2.80942433e-02
 -8.18323269e-02  1.13770530e-01  1.15514323e-02 -2.53077573e-03]"
18,../SysML-v2-release-src/training/12. Binding Connectors/Binding Connectors Example-2.sysml,"package 'Binding Connectors Example-2' {
	private import 'Port Example'::*;
	
	part def Vehicle;
	part def FuelPump;
	part def FuelTank;
	
	part vehicle : Vehicle {	
		part tank : FuelTankAssembly {
			port redefines fuelTankPort {
				out item redefines fuelSupply;
				in item redefines fuelReturn;
			}
			
			part pump : FuelPump {
				out item pumpOut : Fuel = fuelTankPort.fuelSupply;
				in item pumpIn : Fuel;
			}
			
			part tank : FuelTank {
				out item fuelOut : Fuel;
				in item fuelIn : Fuel = fuelTankPort.fuelReturn;
			}
		}
	} 
}","Generate a SysML v2 model for a package named 'Binding Connectors Example-2'. This model includes a primary vehicle part, which integrates a fuel tank assembly. Within the assembly, redefine the fuelTankPort to include outbound and inbound flow items, specifically fuelSupply and fuelReturn. The assembly incorporates a FuelPump part, which outputs fuel via a pumpOut port connected to the fuelSupply and takes in fuel through a pumpIn port. Additionally, a FuelTank part is included that produces an outbound fuelOut port while taking input through fuelIn, defined as the fuelReturn from the fuelTankPort. This model showcases clear interactions between vehicle components, emphasizing the binding of connectors for effective fuel management.","[-6.97936267e-02  2.68926267e-02 -9.14341062e-02  1.11470129e-02
 -4.29317122e-03  1.41237052e-02  2.79585905e-02  6.24684617e-02
 -2.34180107e-03 -4.17031012e-02  4.17028815e-02  2.12538764e-02
  3.84384417e-03  7.05250911e-03 -1.66773889e-02  2.16844790e-02
  3.62747465e-04 -1.15482705e-02 -3.22548533e-03  2.26563755e-02
  6.75097108e-02 -2.09336299e-02  4.19611707e-02  3.11317109e-03
 -9.37166065e-02 -3.10962778e-02 -2.11266540e-02  7.77392089e-02
  1.02537666e-02 -5.70788048e-02 -4.03042026e-02  9.27930977e-03
 -2.80194506e-02 -8.84157605e-03 -6.61799638e-03  2.12571826e-02
  8.45954269e-02  7.43832905e-03 -8.48495513e-02 -2.26141997e-02
  3.36304419e-02 -1.34561181e-01  2.27822885e-02  3.41582894e-02
  9.72354691e-03 -3.09405997e-02  1.12783425e-02 -5.73384687e-02
  4.56439098e-03 -4.52481769e-02 -3.84844020e-02  1.66454688e-02
 -3.96581739e-02  2.05838792e-02  2.05388926e-02  4.41988632e-02
  2.30964571e-02 -4.84279655e-02 -7.77594373e-02 -1.08250372e-01
  5.51627465e-02  2.17014011e-02 -6.16872013e-02  2.91807367e-03
 -5.99449091e-02 -3.95661034e-02  1.15020424e-02 -1.55564817e-02
  5.01641780e-02 -1.39930183e-02 -1.13901481e-01 -3.75673920e-02
  1.68030169e-02 -1.61839072e-02 -1.05965054e-02  1.71273481e-02
  4.35043573e-02  1.17619932e-02  5.06505147e-02 -7.16075748e-02
  1.52005162e-02  3.45369130e-02 -7.70504028e-02 -3.37128378e-02
 -4.38809022e-02  2.44767163e-02  1.28234634e-02 -5.72262406e-02
  5.09499088e-02  4.41249236e-02 -6.85534701e-02 -2.79966053e-02
  8.57161507e-02 -1.12673938e-02  1.78858824e-02  2.25290861e-02
  4.90843616e-02  1.14178052e-02  2.99076457e-02 -2.38856748e-02
  1.13888131e-03  9.28399712e-02  5.30575286e-04 -4.41162251e-02
 -6.90196501e-03 -2.04786677e-02 -9.55477580e-02 -5.43646934e-03
 -2.67965160e-02 -7.21265003e-02  2.24737637e-02  3.82314622e-02
  4.01848182e-02  4.36618133e-03 -4.80717719e-02  7.91032761e-02
 -2.02446878e-02 -4.55493443e-02  5.49661145e-02  5.03304936e-02
 -1.05708681e-01 -1.32528192e-03  4.88822497e-02  5.53791858e-02
  4.85408269e-02  1.14769749e-02 -4.46370058e-02  4.03289116e-33
 -6.40127286e-02 -6.32902011e-02 -2.81896908e-04  1.24802910e-01
 -2.93267258e-02  6.98776841e-02 -3.58204320e-02 -7.81716183e-02
 -1.31184468e-02  3.88784073e-02 -7.25287348e-02 -8.01088754e-03
 -3.41899395e-02  9.14708599e-02 -5.54790907e-02 -1.11424670e-01
 -4.33900729e-02  7.33465254e-02 -2.90975217e-02 -7.07834437e-02
 -3.68792936e-02 -5.79234096e-04 -3.70957591e-02 -6.83497936e-02
  1.26481682e-01  1.20724604e-01  7.30575155e-03  2.24534124e-02
 -8.26479215e-03  4.46444564e-02  3.26071754e-02  5.84560670e-02
 -3.95465717e-02  2.01775506e-02  1.56396162e-02 -4.77556139e-02
 -3.57239097e-02 -3.92986648e-02  3.99549603e-02 -4.67499672e-03
 -2.36945450e-02  1.17458217e-02 -4.62058969e-02  3.78329083e-02
 -7.19537660e-02 -3.29914801e-02  2.13429350e-02  9.05681700e-02
  4.39019613e-02 -4.33060415e-02 -4.28573228e-02 -2.70689582e-03
  8.31290632e-02  3.41278352e-02 -6.90012276e-02 -1.08296201e-02
  1.50172533e-02 -2.75082309e-02 -4.18927185e-02  4.44222540e-02
 -8.99695531e-02  1.06777638e-01 -5.67630529e-02  1.78333391e-02
  7.64259323e-02  9.04145688e-02 -5.72829023e-02 -1.25632629e-01
  3.64463516e-02  3.16387415e-02 -2.41744071e-02  4.95138876e-02
 -4.17297333e-03  6.70659915e-02  2.17097644e-02 -5.06336661e-03
  7.91046012e-04 -4.74653440e-03 -9.54568088e-02  1.40411835e-02
 -4.30217162e-02  2.34370846e-02 -5.65403793e-03 -2.01775264e-02
  3.09001431e-02 -1.08941920e-01 -4.84557413e-02 -9.72936451e-02
  7.38567580e-03 -5.75210601e-02 -4.87790219e-02 -4.08134535e-02
  7.89478188e-04 -4.34733294e-02  7.12804869e-02 -4.91131054e-33
  4.58797067e-02  6.66011125e-03  4.40227613e-02  6.86617708e-03
  3.15399431e-02  3.25566181e-03  4.26553674e-02 -9.96546000e-02
 -2.23848503e-03  4.15383652e-02  2.70132255e-02  4.89965230e-02
  9.70008001e-02  4.16650549e-02  7.77712138e-03  3.58232372e-02
 -3.81233171e-02 -1.28867552e-01 -3.18055344e-03 -4.16097455e-02
  2.73275301e-02 -1.98722649e-02 -2.17595361e-02  6.37864769e-02
 -3.82169783e-02 -3.41134556e-02 -1.28574586e-02  1.31944912e-02
 -8.31500366e-02  2.32566502e-02  6.34034649e-02  2.68992931e-02
  2.08525863e-02 -1.43177221e-02 -7.00550601e-02 -3.65982167e-02
 -4.93329652e-02  3.18129472e-02  2.21608579e-02 -5.02157770e-02
 -4.48200572e-03  3.61663755e-03 -3.56268063e-02  2.84094410e-03
 -4.29576077e-02 -5.47091961e-02  2.22910512e-02 -9.10488367e-02
  6.78618858e-03  1.01124188e-02 -8.85310248e-02 -4.20772610e-03
  5.13905566e-03  4.79719006e-02 -3.17001226e-03  1.03299603e-01
  4.86775041e-02  4.72936034e-02  7.36267713e-04  3.74393165e-02
  1.47861481e-01 -6.49421662e-02  6.10418096e-02 -3.57225984e-02
 -2.07437258e-02 -8.30800012e-02  5.02400249e-02 -3.04334927e-02
  7.88589939e-02  3.53126377e-02  9.87290964e-02  2.60716472e-02
  8.50109830e-02  4.24207598e-02  4.49572839e-02 -2.83475057e-03
 -2.45616045e-02  4.66349674e-03  3.13172936e-02 -1.19101815e-02
 -6.33189082e-02 -1.83562823e-02  5.98684028e-02  5.12014069e-02
  1.71849504e-03 -3.47195677e-02  6.35522068e-04  9.30325314e-02
  2.67701056e-02 -1.91288628e-02  3.59611176e-02  4.47168015e-02
 -2.12886836e-02  1.51707053e-01 -6.97234496e-02 -4.48201831e-08
  3.49105778e-03 -1.30040012e-02  1.18554831e-02  9.52105131e-03
 -6.16506860e-02  6.83715791e-02 -3.86108533e-02  2.92108078e-02
 -3.43452953e-02 -1.40575562e-02  2.75595691e-02  4.99933213e-02
  1.31894546e-02  1.85424462e-02  4.38092574e-02  2.99484022e-02
  1.35214571e-02  4.46825922e-02 -4.48701680e-02 -7.25826174e-02
  7.03136101e-02 -5.56822959e-03 -4.71272655e-02  7.30545819e-02
  6.40922412e-02 -4.24746014e-02 -2.50360854e-02  1.00206859e-01
  2.10201219e-02  2.79930905e-02  6.10350035e-02  2.00827420e-02
 -3.52316797e-02  5.83308935e-02  2.45795343e-02  1.00637399e-01
 -6.96924701e-02  2.46885847e-02  8.78282706e-04  7.07929432e-02
  1.15185477e-01 -3.29891145e-02 -8.10856652e-03  8.37357622e-03
 -1.80338621e-02  8.90508667e-02 -1.31272137e-01 -3.26161496e-02
 -9.41941366e-02  6.49115518e-02  8.68052058e-03  2.11760513e-02
 -5.29160164e-02  1.39814345e-02  3.76079022e-03 -2.34236121e-02
 -9.66914594e-02  7.49862194e-02  7.12068081e-02 -1.79649852e-02
 -7.52544999e-02  8.24727267e-02  9.06936452e-03 -3.01414076e-03]"
19,../SysML-v2-release-src/training/13. Flows/Flow Definition Example.sysml,"package 'Flow Connection Definition Example' {
	private import 'Port Example'::*;
	
	part def Vehicle;
	
	flow def FuelFlow {
		ref :>> payload : Fuel;
		end port supplierPort : FuelOutPort;
		end port consumerPort : FuelInPort;
	}
	
	part vehicle : Vehicle {
		part tankAssy : FuelTankAssembly;
		part eng : Engine;
		
		flow : FuelFlow
		  from tankAssy.fuelTankPort.fuelSupply
			to eng.engineFuelPort.fuelSupply;
			
	} 
}","Generate a SysML v2 model named 'Flow Connection Definition Example'. Model a part definition for a 'Vehicle', which contains a 'FuelTankAssembly' and an 'Engine'. Define a flow named 'FuelFlow' that references a payload of type 'Fuel', with a supplier port 'FuelOutPort' and a consumer port 'FuelInPort'. Within the vehicle part, establish a flow connection for 'FuelFlow' that illustrates the movement of fuel from the 'fuelSupply' of the 'tankAssy.fuelTankPort' to the 'fuelSupply' of the 'eng.engineFuelPort'. This model captures the essential interaction of components within a vehicle's fuel system, emphasizing the flow of fuel between the tank assembly and the engine.","[-5.88531755e-02  1.96138676e-02 -6.93330988e-02  6.86238054e-03
  1.46256443e-02  1.42563146e-03  2.06022952e-02  3.19138840e-02
  2.66087353e-02 -6.23475760e-02  1.48945698e-03 -1.94060802e-02
  1.04179643e-02 -8.08092766e-03 -2.71831620e-02 -4.26720902e-02
  6.37929596e-04 -4.45187930e-03 -6.56211376e-03  2.61808862e-03
  1.19668737e-01 -6.35360135e-03  3.84943001e-02  1.84768997e-02
 -6.78579882e-02 -7.04430137e-03 -1.24875428e-02  9.44707021e-02
  3.70863415e-02 -6.55305833e-02  2.80556735e-03  3.46583985e-02
 -5.08362427e-02  3.16931009e-02 -1.87901352e-02  4.59485985e-02
  4.06638905e-02  3.20850164e-02 -7.02470839e-02  1.50357084e-02
 -1.60339791e-02 -1.15074240e-01 -4.23053233e-03  1.35258138e-02
  3.69931571e-02 -9.79933050e-03  1.25684068e-02 -5.99700436e-02
 -2.69673634e-02 -3.61992680e-02 -8.67044702e-02 -4.10819519e-03
 -3.85185778e-02  3.83340828e-02  2.00958666e-03  1.21809039e-02
  5.91927730e-02 -6.27579316e-02 -1.03216484e-01 -8.31020027e-02
  5.76802390e-03  1.04177063e-02 -4.62324545e-02  1.37594845e-02
 -6.51108697e-02 -3.81437354e-02 -4.45931330e-02  2.29833592e-02
  3.74593437e-02  2.88872747e-03 -7.41273910e-02 -3.55327912e-02
  1.34160579e-03 -3.56879830e-02 -3.40089053e-02 -5.02999835e-02
  7.77339488e-02  1.72720198e-02  5.18423170e-02 -4.30990122e-02
  7.30348704e-03  1.30212996e-02 -8.43879953e-02 -6.20454960e-02
 -3.67513746e-02  2.17085518e-02  2.20342334e-02 -9.09817144e-02
  6.89530969e-02  3.63552049e-02 -1.12080619e-01  1.51391737e-02
  7.17730224e-02 -3.10858209e-02  9.70000550e-02  2.69905441e-02
  4.32108305e-02 -2.80210488e-02  6.61120638e-02 -4.23771003e-03
 -1.61100086e-02  9.93035138e-02  3.03392205e-02  4.02879529e-03
 -2.92080455e-02  1.34586804e-02 -7.01029375e-02  5.94442002e-02
 -3.59236705e-03 -9.85073298e-02  1.77869760e-02  4.20664847e-02
  2.01956462e-02  1.20972451e-02 -2.12750360e-02  2.23326739e-02
 -2.93682124e-02 -7.05549344e-02  4.53030020e-02  4.55267467e-02
 -6.96016625e-02  9.57674161e-03  1.62587296e-02  2.28822250e-02
  6.03973828e-02 -1.98343042e-02 -4.45003472e-02 -1.58372995e-33
 -1.06481954e-01 -6.70903996e-02 -1.36568490e-02  1.29784882e-01
 -1.37250554e-02  6.87655881e-02 -2.95193531e-02 -5.23244105e-02
  3.48083563e-02  3.01436912e-02 -9.18614492e-02 -7.57806096e-03
 -6.74443394e-02  1.05971672e-01 -6.22994974e-02 -8.39935467e-02
 -6.11115992e-02  6.19660467e-02  6.79158838e-03 -3.69659178e-02
  3.16004865e-02 -1.38324425e-02 -4.84355539e-02 -7.86363557e-02
  5.61972521e-02  8.17493871e-02  2.04492733e-02  2.66188825e-03
 -6.77225739e-02  5.89475706e-02  1.77009013e-02  4.44032438e-02
 -4.07232679e-02  1.69732422e-02 -8.05725902e-03 -6.71019265e-03
  4.83089685e-03 -1.63753256e-02  6.10533729e-02 -9.84729384e-04
 -2.08934136e-02  1.48784770e-02 -4.90484983e-02 -3.19977175e-03
 -8.63106474e-02  1.54848201e-02 -1.93188563e-02  8.82158279e-02
  4.05721478e-02  2.11900752e-02 -2.97400658e-03 -2.69008130e-02
  7.22590983e-02 -6.68966968e-04 -3.77440937e-02  2.25828979e-02
  1.50832208e-03  1.91695541e-02 -8.25810656e-02  6.35737553e-02
 -6.80616125e-02  9.10264403e-02 -3.69182006e-02 -9.74435825e-03
  9.78734121e-02  5.10457382e-02 -4.96926382e-02 -7.56716654e-02
  5.63702546e-02  3.44591029e-02 -7.51609802e-02  5.81539571e-02
  5.02239168e-03  8.74669850e-02  6.56623840e-02 -4.63800579e-02
 -1.82019193e-02  7.62791513e-03 -1.18973047e-01  4.52479683e-02
 -9.52876732e-02  3.64648513e-02 -1.80163160e-02 -3.83778736e-02
  2.74690539e-02 -5.57065718e-02 -2.57102437e-02 -1.03500143e-01
 -4.39096242e-02 -8.06919560e-02 -3.19954567e-02 -2.93117743e-02
 -1.41797727e-03  4.31729294e-03  7.62710273e-02 -9.01485424e-34
  1.93673316e-02  1.32376971e-02  2.95944083e-02  1.46442633e-02
  5.13690002e-02 -4.26413119e-03  8.89086649e-02 -5.00193872e-02
  3.92716518e-03  6.69690520e-02 -2.24737823e-03  6.51474372e-02
  4.12681773e-02  2.35030297e-02  1.23453056e-02 -1.62456352e-02
  8.30115099e-03 -1.52927995e-01 -6.34488766e-04  1.10794259e-02
 -2.19069999e-02  5.20655811e-02 -5.47449477e-02 -9.78346355e-03
 -6.03837520e-03 -2.03271247e-02 -3.35215591e-02  3.61414775e-02
 -4.34712283e-02  8.78220983e-03  6.90527409e-02  1.54825803e-02
  1.49721904e-02 -2.13797409e-02 -9.53730717e-02 -3.28400955e-02
 -3.41583937e-02  4.49168496e-03  1.23916734e-02 -6.74556103e-03
 -1.25519224e-02  1.22789908e-02 -3.81975733e-02  1.97612867e-03
 -6.41788542e-02 -1.26781063e-02  3.62639353e-02 -8.47357810e-02
  7.51777133e-03 -3.32053453e-02 -3.89467999e-02  1.43758757e-02
 -5.77913038e-03  4.62541357e-02  6.96537085e-03  1.02903150e-01
  6.58373237e-02  1.79145094e-02  7.06246961e-03  1.32960742e-02
  1.21314265e-01 -4.57555652e-02  2.25405861e-02 -1.36662833e-02
 -1.55104659e-02 -6.61374331e-02 -2.92579662e-02 -3.68302576e-02
  1.03027791e-01  2.79208254e-02  6.98438883e-02  7.30499327e-02
  5.62468097e-02  6.07178919e-02  4.16048020e-02 -2.63633542e-02
 -5.27003072e-02  4.48733615e-03  3.74381691e-02 -1.50792359e-04
 -5.34166172e-02  1.31526720e-02  5.55002801e-02  2.94927247e-02
 -4.69962368e-03 -9.66687948e-02 -5.34057766e-02  7.72181526e-02
  1.67629104e-02 -6.38401136e-02 -1.15976541e-03  4.82473075e-02
 -4.78195399e-02  1.34199679e-01 -8.74291956e-02 -4.47469652e-08
 -2.69638132e-02 -3.96127217e-02  3.87179144e-02 -6.00625935e-04
 -5.66307865e-02  6.75604567e-02 -4.50850986e-02  1.70403197e-02
 -1.31749045e-02 -2.14918759e-02  1.66219156e-02  7.31671080e-02
  4.47980464e-02  2.61776568e-03  2.91483197e-02  4.24624272e-02
  3.01413331e-02  7.09857717e-02 -3.79450172e-02 -4.93005663e-02
  7.43143782e-02 -1.41789590e-03 -9.55792889e-02  7.31725171e-02
  7.77169019e-02 -5.57041951e-02  1.43515959e-03  6.14724346e-02
  2.93686651e-02 -2.92365835e-03  3.54260840e-02  4.18183617e-02
 -5.23143541e-03  6.86909631e-02  2.50366330e-02  1.13998689e-01
 -7.21177086e-02  1.89204663e-02  9.62358247e-03  4.20072414e-02
  8.98125917e-02  1.97094604e-02 -1.71313472e-02 -4.53585433e-03
  6.85824780e-03  1.03133738e-01 -1.25199318e-01 -6.23817593e-02
 -6.09007925e-02  7.61721656e-02 -1.21550243e-02  3.79759148e-02
 -5.26107177e-02  6.26542717e-02 -1.97791588e-02 -3.86233442e-02
 -7.41484538e-02  1.00513464e-02  2.59879623e-02 -4.49373871e-02
 -5.01989312e-02  1.67408228e-01  7.88424984e-02 -1.53721124e-02]"
20,../SysML-v2-release-src/training/13. Flows/Flow Interface Example.sysml,"package 'Flow Connection Interface Example' {
	private import 'Port Example'::*;
	
	part def Vehicle;
	
	interface def FuelInterface {
		end supplierPort : FuelOutPort;
		end consumerPort : FuelInPort;
		
		flow supplierPort.fuelSupply to consumerPort.fuelSupply;			
		flow consumerPort.fuelReturn to supplierPort.fuelReturn;
	}
	
	part vehicle : Vehicle {	
		part tankAssy : FuelTankAssembly;		
		part eng : Engine;
		
		interface : FuelInterface connect 
			supplierPort ::> tankAssy.fuelTankPort to 
			consumerPort ::> eng.engineFuelPort;
	} 
}","Generate a SysML v2 model titled 'Flow Connection Interface Example' that captures a vehicle's fuel supply dynamics. The model includes a part definition for a Vehicle and an interface named FuelInterface, which facilitates connections between fuel supply and return ports. The FuelInterface defines a supplierPort representing the outgoing fuel supply from the tank assembly and a consumerPort that receives fuel at the engine. Implement a part named 'vehicle' comprising a FuelTankAssembly and an Engine, illustrating their interaction through the FuelInterface. Establish a connection where the supplierPort from the FuelInterface leads to the fuelTankPort of the tank assembly, and the consumerPort connects to the engine's engineFuelPort, thereby representing the flow of fuel from the tank to the engine and the return flow back to the tank. This encapsulates the essential functional relationships and flows within the vehicle's fuel system.","[-8.15306827e-02  2.91873645e-02 -6.39774129e-02  1.41809154e-02
  3.16147483e-03  1.97055191e-02  3.80084030e-02  3.50967608e-02
 -4.99051297e-03 -5.18395714e-02  1.12064499e-02 -3.17588970e-02
  2.63478048e-02  1.87869056e-03 -2.13884749e-02 -4.46065180e-02
  7.05449842e-03 -1.49928508e-02  2.15943679e-02  1.91617815e-03
  8.73285905e-02 -2.56201699e-02  4.08371203e-02 -1.12928720e-02
 -8.01002532e-02 -2.64893081e-02 -6.12170901e-03  7.89102986e-02
  3.53172868e-02 -7.92660639e-02  2.94809472e-02  1.94217674e-02
 -4.07743603e-02  4.47831675e-03 -4.19106670e-02  2.46991981e-02
  3.38943414e-02  6.53919727e-02 -8.42828676e-02 -4.97433729e-03
 -1.91060100e-02 -1.19462892e-01 -2.42001638e-02  1.84389036e-02
  4.23834585e-02 -2.99841687e-02  2.49129124e-02 -4.24787775e-02
 -1.09093683e-02 -6.92759156e-02 -8.18463713e-02  1.27639277e-02
 -1.72927342e-02 -7.44041428e-03  1.68384481e-02  5.30361757e-02
  5.74644357e-02 -5.54893687e-02 -1.21860296e-01 -7.43656233e-02
  2.55404413e-02 -4.47181612e-03 -5.66154011e-02 -7.77325733e-03
 -5.04426360e-02 -2.93717869e-02 -2.29440313e-02  7.62594026e-03
  1.84275657e-02 -9.33637284e-03 -8.52602348e-02 -5.13624698e-02
 -2.07844209e-02 -3.87751721e-02 -1.85637418e-02 -2.97385585e-02
  5.60011901e-02  2.21019387e-02  5.48627190e-02 -5.26984520e-02
  3.41153704e-02  5.48329838e-02 -7.40318298e-02 -6.20294884e-02
 -2.21622270e-02  1.53976504e-03  1.87466294e-02 -8.77380222e-02
  9.12510753e-02  3.89298908e-02 -6.49197251e-02 -1.37867741e-02
  6.67396933e-02 -1.98671073e-02  7.70189464e-02  1.81297679e-02
  6.33824170e-02 -3.23259383e-02  5.25501333e-02  8.99546035e-03
 -3.09607945e-04  6.58951923e-02 -1.50053175e-02 -1.24930842e-02
 -2.38584522e-02  2.03415398e-02 -7.66371489e-02  6.31927401e-02
 -3.99081148e-02 -9.09737572e-02  1.01451362e-02  4.77793813e-02
  1.11324317e-03  1.91292930e-02 -3.31345089e-02  6.55185804e-02
 -3.48248007e-03 -6.79071248e-02  9.98448357e-02 -1.53058693e-02
 -6.05355687e-02  1.49269942e-02  2.68116351e-02  3.53060663e-02
  6.04694560e-02  8.09807237e-03 -4.97257560e-02  8.86456545e-34
 -1.09645307e-01 -4.47275974e-02 -1.63408164e-02  1.16614029e-01
 -2.70900056e-02  6.79417625e-02 -3.84793244e-02 -5.57348244e-02
  2.40549855e-02  3.76435071e-02 -1.14906833e-01  3.08726970e-02
 -5.14469147e-02  1.05757259e-01 -2.94810273e-02 -8.15947130e-02
 -5.12508601e-02  9.08640325e-02  6.21187687e-03 -6.17735162e-02
  1.59157459e-02 -8.85961298e-03 -2.99110543e-02 -7.33742863e-02
  9.03614163e-02  9.93666872e-02  1.39469411e-02 -5.06058848e-03
 -2.67888587e-02  4.27911431e-02  2.78084204e-02  3.75460945e-02
 -1.97563563e-02 -2.32221116e-03  2.33027781e-03  1.93674699e-04
 -2.21327636e-02 -2.70905439e-02  3.05051319e-02  8.06087069e-03
 -1.96413435e-02  2.28434168e-02 -3.57580036e-02  3.90882278e-03
 -6.76549599e-02  5.08412661e-04  7.64893275e-03  8.49642381e-02
  1.78792886e-02  1.00818193e-02 -2.10627038e-02 -1.66056436e-02
  6.61302209e-02  7.28965271e-03 -2.84448750e-02  2.55662557e-02
  3.85996187e-03  3.15062213e-03 -7.36602172e-02  6.31645247e-02
 -6.75630569e-02  8.01848248e-02 -5.72044663e-02  1.23381289e-02
  9.28846449e-02  7.09834173e-02 -3.96397151e-02 -1.05707221e-01
  4.29875031e-02  5.13579100e-02 -6.61624447e-02  8.08030963e-02
 -1.46897230e-02  8.51875022e-02  3.96049954e-02 -3.82259004e-02
 -5.12925908e-02  3.14072967e-02 -8.69077519e-02  3.18279825e-02
 -7.26886019e-02  3.36854458e-02 -1.13934120e-02 -1.57082565e-02
  2.03404296e-02 -8.20533335e-02 -2.42843982e-02 -9.88298580e-02
  1.21100829e-03 -7.65403584e-02 -4.69760448e-02 -4.53239642e-02
  1.88452620e-02  1.50050409e-02  9.62709039e-02 -2.45008471e-33
  3.29527147e-02 -1.97538994e-02  3.43220793e-02 -2.58535445e-02
  2.71389950e-02 -1.52447456e-02  7.41524324e-02 -6.10498823e-02
 -1.49666937e-02  7.51614422e-02 -1.38640255e-02  6.41338453e-02
  7.73817897e-02  3.08313575e-02  1.78511608e-02 -4.11963724e-02
  1.01545388e-02 -1.38202578e-01 -2.87870783e-02 -9.58664436e-03
 -1.04242545e-02  5.32261021e-02 -1.09211737e-02 -3.29325087e-02
  5.41748153e-03 -1.56884734e-02 -6.11407543e-03  4.79082838e-02
 -6.65617809e-02  1.78919490e-02  5.47039583e-02 -1.94789190e-02
  3.49410810e-02 -2.96279602e-02 -6.91638812e-02 -4.80298372e-03
 -3.79538499e-02 -6.61917590e-03 -3.28500429e-03  3.33980424e-04
 -9.44855530e-03 -2.88732555e-02 -4.91413102e-02  1.89355630e-02
 -4.75523956e-02 -3.57510485e-02 -1.72885153e-02 -7.66946897e-02
  3.74672655e-03 -2.79674977e-02 -4.63795140e-02  5.96220838e-03
  9.75399185e-03  4.40569548e-03 -7.65100447e-03  9.29945558e-02
  9.61229131e-02  2.72670388e-02  5.56518696e-03  3.44664194e-02
  1.46192953e-01 -5.26927561e-02  2.19604746e-02  2.98696524e-03
  1.25675034e-02 -7.93790668e-02 -4.77948878e-03 -7.81957582e-02
  1.13547787e-01  1.70406438e-02  1.07918695e-01  4.91259433e-02
  1.49032949e-02  4.03305180e-02  5.83672300e-02  1.28344754e-02
 -3.93450819e-02  1.54285282e-02  1.31688882e-02 -3.86994495e-03
 -4.67042364e-02 -1.46276308e-02  8.86081606e-02  3.87594402e-02
  6.79167314e-03 -8.88248757e-02 -2.19737645e-02  7.36651495e-02
  5.31948768e-02 -5.22007346e-02 -1.43563207e-02  2.52253227e-02
 -6.38787374e-02  1.41959473e-01 -8.83851498e-02 -4.25233608e-08
 -1.13715222e-02 -6.27993196e-02  4.07778248e-02  7.57973315e-03
 -6.30235076e-02  5.68749793e-02 -5.11169285e-02 -1.44085623e-02
 -6.09689429e-02 -6.78830175e-03  9.69285052e-03  6.32662326e-02
  2.82652434e-02  1.76753667e-06  8.45199525e-02  5.19047901e-02
  5.87070249e-02  4.07599434e-02 -7.01414049e-02 -5.05245961e-02
  5.79100661e-02  2.78903730e-02 -8.43776911e-02  4.83341031e-02
  7.68972859e-02 -3.24027613e-02 -2.19650241e-03  7.72050917e-02
  3.40271369e-02  1.10825710e-02  7.01713711e-02  2.59949211e-02
  1.56989731e-02  8.32349658e-02  3.64133194e-02  9.82784852e-02
 -5.23446985e-02  1.52522707e-02  7.41204014e-03  1.61298234e-02
  8.09076428e-02  3.10939513e-02 -1.53379212e-03  1.90444812e-02
  2.84905992e-02  1.17626257e-01 -1.13294899e-01 -4.79273722e-02
 -2.74516325e-02  7.89740682e-02 -4.26715873e-02  5.43055264e-03
 -5.68623878e-02  4.76994477e-02 -3.75240296e-02 -5.37665151e-02
 -8.79059434e-02  3.12357619e-02  5.17496429e-02 -2.91920882e-02
 -2.11397205e-02  1.36377975e-01  7.37573132e-02 -1.14568835e-02]"
21,../SysML-v2-release-src/training/13. Flows/Flow Usage Example.sysml,"package 'Flow Connection Interface Example' {
	private import 'Port Example'::*;
	
	part def Vehicle;
	
	part vehicle : Vehicle {
		part tankAssy : FuelTankAssembly;
		part eng : Engine;
		
		flow of Fuel
		  from tankAssy.fuelTankPort.fuelSupply
			to eng.engineFuelPort.fuelSupply;
			
		flow of Fuel
		  from eng.engineFuelPort.fuelReturn
			to tankAssy.fuelTankPort.fuelReturn;
	} 
}","Generate a SysML v2 model titled 'Flow Connection Interface Example'. Model a package that utilizes the 'Port Example' imports to define a vehicle system. Within the vehicle part, include a FuelTankAssembly as 'tankAssy' and an Engine as 'eng'. Establish a flow of Fuel from the fuelSupply port of the tank's fuelTankPort to the engine's engineFuelPort. Additionally, depict a reverse flow of Fuel returning from the engine's engineFuelPort back to the tank's fuelTankPort. This model outlines the fluid dynamics between components, facilitating a clear representation of fuel flow in the vehicle system.","[-7.65740573e-02  1.22959381e-02 -8.00994858e-02  9.37680621e-03
 -1.50447292e-02  8.39135901e-05  2.62225457e-02  5.93957305e-02
 -1.45018408e-02 -3.99057008e-02  1.06805954e-02 -1.65570360e-02
  1.79444756e-02  2.71445960e-02 -4.25844863e-02 -4.81457338e-02
 -7.00636581e-03 -3.89322056e-03  1.81920566e-02 -4.48354520e-03
  9.78894681e-02 -1.82836726e-02  3.51974368e-02  2.95465160e-03
 -6.71194792e-02  4.53183334e-03  1.48247834e-02  8.90975595e-02
  2.17726342e-02 -8.25510100e-02 -1.16217909e-02  1.59042682e-02
 -5.96207678e-02 -7.88487401e-03 -1.99817028e-02  1.91073455e-02
  4.99657989e-02  4.36045714e-02 -9.23876315e-02  4.22556652e-03
 -1.82003714e-02 -1.21137738e-01  1.43782678e-03  1.94428507e-02
  3.54038402e-02 -3.08399238e-02 -8.45046714e-03 -4.76680323e-02
  1.16633428e-02 -4.81448919e-02 -8.25869069e-02 -1.01686250e-02
 -3.56959589e-02  1.19406646e-02 -4.73977439e-03  1.64524517e-05
  5.84454983e-02 -3.93404439e-02 -1.06017157e-01 -7.47748986e-02
  1.47670843e-02  1.79304611e-02 -4.47207876e-02  1.50001878e-02
 -6.85781538e-02 -1.72225349e-02 -6.92601204e-02  5.53736240e-02
  4.63211797e-02 -8.12672172e-03 -9.66056287e-02 -2.97550019e-02
 -2.57436968e-02 -5.87843619e-02 -3.60206813e-02 -5.12305908e-02
  4.37902845e-02  2.29538679e-02  1.55912330e-02 -5.28375283e-02
  2.00164299e-02  1.56656895e-02 -9.06096250e-02 -1.58715397e-02
 -2.23057065e-02  3.23809236e-02  4.89467941e-03 -8.52443874e-02
  6.73818663e-02  5.44274934e-02 -4.28302921e-02  2.62968410e-02
  5.65057248e-02 -3.07771359e-02  9.88515764e-02  3.06676328e-02
  3.11739482e-02 -2.58275289e-02  3.86122763e-02 -6.51471457e-03
  4.86703077e-03  7.78374895e-02  7.39390589e-03  7.45251402e-03
  5.14595187e-04  2.72737406e-02 -3.01268902e-02  3.52329426e-02
 -1.50312493e-02 -1.04279213e-01 -1.68527123e-02  5.88727817e-02
  8.99506267e-03  1.41806575e-03 -2.37958897e-02  3.16525288e-02
 -2.33548228e-02 -6.31310567e-02  4.06811424e-02  1.92055199e-02
 -6.02078699e-02  1.53936300e-04  1.24380011e-02  1.82768907e-02
  8.37753713e-02  2.62706764e-02 -3.29599604e-02  1.33290269e-33
 -9.48412120e-02 -6.08708262e-02 -1.59150772e-02  1.26597688e-01
 -1.47780441e-02  6.94456398e-02 -3.36316712e-02 -5.59862591e-02
  2.66517997e-02  3.48398574e-02 -1.01790205e-01  3.14535163e-02
 -6.92514777e-02  7.29225054e-02 -9.85091925e-02 -9.43427533e-02
 -5.39338700e-02  7.09110573e-02 -8.40942096e-03 -4.76518236e-02
  3.60014997e-02 -1.07914470e-02 -4.03737240e-02 -9.85820070e-02
  8.00742432e-02  1.16273105e-01  2.56906357e-02  6.93912804e-03
 -3.12027968e-02  5.30985557e-02  2.97648646e-02  4.74251620e-02
 -3.23904492e-02 -1.45555416e-04 -1.64249502e-02  4.76597808e-03
 -2.31705117e-03 -1.90160125e-02  6.37267306e-02  3.61997914e-03
 -1.39532173e-02  9.30561870e-03 -5.85191473e-02  3.07751819e-02
 -7.51612112e-02  1.72765628e-02  4.66018543e-03  8.23928192e-02
  6.14859872e-02 -1.59336459e-02  2.56975909e-04 -1.59208830e-02
  8.31342675e-03 -1.36376347e-03 -3.24683897e-02  1.66195037e-04
  1.01435818e-02  3.50647308e-02 -7.88593590e-02  7.56254196e-02
 -5.37061170e-02  1.00986868e-01 -5.70637360e-02 -2.18929648e-02
  8.61389637e-02  5.82829975e-02 -6.52984530e-02 -9.65327471e-02
  4.99340668e-02  3.14803571e-02 -7.03673959e-02  7.44635165e-02
 -2.45337840e-02  6.99622184e-02  5.49899116e-02 -4.28875312e-02
  2.21171626e-03  2.35547740e-02 -1.08659305e-01  3.11441384e-02
 -1.03940226e-01  1.11779887e-02 -1.30565092e-02  4.36186790e-03
  4.52951640e-02 -6.99901804e-02 -2.16907393e-02 -1.00384019e-01
 -2.68932525e-02 -8.08717832e-02 -2.71600075e-02 -4.22381386e-02
  3.33822593e-02 -1.45893870e-02  9.24862251e-02 -2.97928235e-33
  7.34515116e-03  1.20748784e-02  1.59170628e-02  2.11705063e-02
  4.24519628e-02 -1.30005339e-02  1.04411371e-01 -2.04843772e-03
  8.46342184e-03  6.85200244e-02  7.90569372e-03  7.55174533e-02
  5.18633537e-02  2.54982021e-02  4.49223295e-02 -2.58207116e-02
  8.05115700e-03 -1.56629071e-01 -5.34714712e-03 -7.00364821e-03
 -4.50908728e-02  6.30899072e-02 -8.74460954e-03 -8.69393349e-03
 -8.43586307e-03 -1.10124759e-02 -2.57408489e-02  1.83065031e-02
 -6.13362081e-02 -5.20697655e-03  7.21690357e-02 -4.70058498e-04
  3.67950872e-02  1.90424337e-03 -8.38550106e-02 -1.16787823e-02
 -3.84532288e-02  4.99609625e-03 -2.34775133e-02  5.00885013e-04
  3.72977345e-03 -1.40642487e-02 -5.64758368e-02 -8.13555904e-03
 -4.48609442e-02 -1.58985108e-02 -2.99566914e-03 -9.89427119e-02
  5.45571418e-03 -2.30742376e-02 -4.75189835e-02 -1.40486192e-03
  3.39697744e-03  3.01410984e-02  2.41678841e-02  8.14928263e-02
  8.07033777e-02  2.67754197e-02 -2.49318872e-02  1.87042709e-02
  1.16361484e-01 -5.46883158e-02  2.01573372e-02 -3.37557420e-02
 -2.82084756e-02 -6.88676164e-02 -1.28051266e-02 -5.34189008e-02
  8.02961364e-02  2.12720372e-02  7.81421810e-02  7.58640468e-02
  3.08874752e-02  6.35280162e-02  7.13196397e-02 -1.11600449e-02
 -4.94960994e-02  1.60118695e-02  1.53153287e-02 -5.50894905e-03
 -5.57535067e-02  2.64653619e-02  6.03825338e-02  5.24551459e-02
  6.68011373e-03 -6.92416281e-02 -4.43980247e-02  6.45014495e-02
  3.11006699e-02 -9.61955916e-03 -1.48359481e-02  2.71701142e-02
 -3.98874506e-02  1.53014079e-01 -4.91236784e-02 -4.25785913e-08
 -5.57808951e-02 -4.46425788e-02  7.16637224e-02  2.33328044e-02
 -6.99148029e-02  7.12591484e-02 -8.62864479e-02  2.59789079e-03
 -4.69752774e-02 -2.95850746e-02 -1.60388667e-02  7.27636740e-02
  4.37453873e-02  3.21757235e-03  3.89620997e-02  6.92978278e-02
  4.97227199e-02  6.82774857e-02 -2.69103963e-02 -4.89738435e-02
  8.18993971e-02  1.80780292e-02 -8.02037567e-02  8.39541480e-02
  6.23778552e-02 -3.23932283e-02 -3.16348160e-03  4.26754765e-02
  4.70057428e-02 -2.27263123e-02  6.53961897e-02  2.17636079e-02
  1.25201540e-02  7.23521188e-02  3.03030983e-02  9.73618329e-02
 -8.31704736e-02  4.30884324e-02  1.49425743e-02  3.63853164e-02
  6.61372691e-02  7.29893008e-03 -1.64724402e-02 -1.29385097e-02
  3.01912669e-02  1.18620589e-01 -1.25786319e-01 -6.46327063e-02
 -7.23378286e-02  7.58836269e-02 -5.02992142e-03  1.71118584e-02
 -4.81001511e-02  7.46880099e-02  1.51339136e-02 -2.00695712e-02
 -7.85010457e-02  1.89632680e-02  1.12389624e-02 -3.72542515e-02
 -6.67020231e-02  1.55552506e-01  5.25369570e-02 -1.08287819e-02]"
22,../SysML-v2-release-src/training/14. Action Definitions/Action Definition Example.sysml,"package 'Action Definition Example' {
	item def Scene;
	item def Image;
	item def Picture;
	
	action def Focus { in scene : Scene; out image : Image; }
	action def Shoot { in image: Image; out picture : Picture; }	
		
	action def TakePicture { in scene : Scene; out picture : Picture;
		bind focus.scene = scene;
		
		action focus: Focus { in scene; out image; }
		
		flow from focus.image to shoot.image;
		
		action shoot: Shoot { in image; out picture; }
		
		bind shoot.picture = picture;
	}
	
}","Generate a SysML v2 model titled 'Action Definition Example' that includes a package containing definitions for the items Scene, Image, and Picture. The model defines three actions: Focus, which takes a Scene as input and produces an Image as output; Shoot, which accepts an Image and produces a Picture; and TakePicture, which orchestrates the previous actions. Within TakePicture, bind the scene input to the Focus action, and subsequently define the flow from the output Image of Focus to the input Image of Shoot. Finally, bind the Picture output of Shoot to the output of the TakePicture action. This structure illustrates the sequential job of focusing, capturing an image, and producing a final picture effectively, showcasing a simple photography workflow.","[-3.16965766e-02 -7.50736222e-02 -4.00304161e-02 -1.19843697e-02
  1.12190256e-02 -3.83296199e-02  6.58392310e-02  1.59989987e-02
  2.03591380e-02  4.24670279e-02  5.61603680e-02 -3.32493782e-02
  1.16543518e-02  4.02425714e-02  6.70597889e-03  4.51124413e-03
 -2.90419552e-02 -1.93433594e-02 -7.44821876e-02  8.83847941e-03
  7.17605352e-02 -7.76676610e-02  3.27695906e-02 -3.36402804e-02
 -3.24394926e-02 -2.63980608e-02 -7.66704138e-03 -1.38784954e-02
  3.94161046e-02 -9.25772861e-02  3.34434099e-02  3.57126519e-02
  7.33866692e-02  5.10921627e-02  5.75683126e-03  7.90477321e-02
  2.88797058e-02 -7.81635419e-02 -9.80782434e-02 -5.29001690e-02
 -1.84326377e-02 -3.23942932e-03 -3.76743227e-02 -1.80723462e-02
  3.48631293e-02  1.70388985e-02  5.54004312e-02 -1.03862518e-02
 -1.03106909e-02 -1.65046882e-02 -1.17777452e-01 -5.78204915e-02
 -2.96017732e-02 -4.33890633e-02 -2.14297906e-03  7.46670142e-02
  2.42248289e-02 -6.41990826e-02 -5.59551530e-02 -5.96509725e-02
 -3.03525925e-02  1.71213993e-03 -1.07545882e-01 -5.84021118e-03
  5.82982451e-02  2.97353864e-02  1.69623047e-02 -4.57911007e-02
  5.91635928e-02 -4.57276218e-02 -1.28935307e-01 -1.61111951e-02
 -2.72163004e-03 -3.20633389e-02 -4.24372926e-02 -8.15565735e-02
  2.08573621e-02 -5.29307909e-02 -3.20415385e-02 -9.30918008e-02
  7.44454488e-02 -4.09006514e-02 -4.75441553e-02  1.78608149e-02
  3.98215018e-02  2.17307135e-02 -4.34238240e-02  5.27144969e-03
  3.46759148e-02  9.77127533e-03 -1.03782199e-01 -1.05322786e-01
 -2.40474567e-02 -4.05327007e-02  8.47223774e-02  1.04890885e-02
  7.63053540e-03 -3.92072387e-02  1.84548423e-02  1.60805043e-02
  7.23185809e-03 -3.53356590e-04  3.89608257e-02 -5.47966659e-02
  7.19235837e-02 -3.59185375e-02  4.26146621e-03 -2.65267435e-02
 -5.41985892e-02 -4.36378829e-02 -2.89747380e-02  2.46052928e-02
 -2.80587152e-02 -1.60590690e-02  8.52021873e-02  1.28762713e-02
  4.34610760e-03 -3.37081440e-02  1.24488277e-02 -8.76027569e-02
  5.89369461e-02  1.56642348e-02 -4.97561768e-02  7.97299296e-03
 -7.02031562e-03 -8.38798210e-02 -4.83821146e-02 -2.25783009e-34
  1.01845609e-02 -9.53704212e-03  4.67000902e-02  1.21027075e-01
  4.70954441e-02  2.62780581e-02  2.34263390e-02 -2.46212296e-02
 -1.71518209e-03  9.40999389e-03 -5.55094564e-03 -4.71104048e-02
 -6.45850832e-03  1.14937969e-01  3.42542119e-02 -8.98550600e-02
 -4.45110388e-02  1.19775623e-01  1.96671672e-02  9.19702724e-02
  2.23308033e-03  2.02226955e-02 -7.53793567e-02  1.43676884e-02
  2.68547535e-02  7.87799433e-02  3.16013731e-02  4.92843762e-02
 -1.16866902e-02 -2.59895585e-02  3.10043450e-02  2.38700304e-02
 -1.71263795e-02  1.21035986e-02  3.90235297e-02 -1.89401265e-02
 -1.81741882e-02 -1.92548819e-02  1.03843510e-01 -3.27983983e-02
 -1.62879862e-02  1.08122796e-01 -6.70605153e-02  5.20159751e-02
 -6.69474378e-02  1.16641372e-02 -6.90290257e-02  1.14756234e-01
 -1.67730339e-02  3.80311236e-02  1.28170773e-01 -5.30165620e-02
  6.84564263e-02 -1.48936622e-02 -4.14784886e-02  1.80820317e-03
  1.89009160e-02 -1.91988039e-03 -8.37565493e-03  8.31948966e-02
  6.42491952e-02  6.70248084e-03 -6.61611632e-02  8.46265331e-02
  2.81677581e-02  6.11456633e-02 -1.95648056e-02 -3.57609079e-03
  8.20122883e-02  1.45182936e-02 -1.00488313e-01  8.94519761e-02
 -3.92959937e-02 -2.88505070e-02  1.09509617e-01 -8.61385837e-03
 -2.31669117e-02 -7.69751593e-02 -5.69062233e-02  1.38844520e-01
 -1.36950955e-01  4.61589247e-02 -9.07941908e-02 -2.10164208e-02
 -2.97663305e-02 -2.92489044e-02 -7.03417603e-03 -5.32378778e-02
 -9.53892320e-02 -9.70917642e-02 -4.56332527e-02 -1.36252195e-02
 -1.53006269e-02  3.00089158e-02  5.55816665e-02  1.27315279e-34
  9.44833159e-02  3.81420963e-02 -1.19401030e-02  6.49911612e-02
  2.03114767e-02 -2.13788673e-02  6.27881289e-02 -1.95671525e-02
 -1.73688903e-02  3.63221280e-02  5.78230759e-03  1.17180534e-02
 -4.50811721e-02 -1.46735432e-02 -3.36030573e-02 -5.54044507e-02
  2.41521299e-02 -9.04552415e-02 -7.85749927e-02  4.55434658e-02
  2.65797134e-02  8.13593268e-02  4.27767187e-02  1.98384235e-03
 -7.25188702e-02  6.49230108e-02  5.10751968e-03  5.00589162e-02
  3.52392495e-02 -2.73720305e-02  3.00530270e-02 -6.11331947e-02
  8.29151794e-02 -2.82782689e-02 -3.37096378e-02 -1.03789922e-02
  2.07719691e-02 -2.13669110e-02 -6.97775418e-03 -2.10693409e-03
  4.90353107e-02  3.17572989e-03 -1.14248646e-02  6.74244314e-02
 -4.68482915e-03  1.34963896e-02  1.45648355e-02 -1.24012008e-02
 -4.23791260e-02 -7.03613926e-03 -8.94166678e-02 -1.23335775e-02
 -3.44770923e-02 -1.14052324e-02  3.41718160e-02  2.71428581e-02
  3.95712501e-04 -6.29326701e-02  3.86253372e-02  5.71241090e-03
  2.26297174e-02 -3.65986675e-02 -7.34179933e-03 -2.94510145e-02
  2.38220431e-02  2.71488149e-02 -4.95468937e-02 -8.58716201e-03
 -1.64983105e-02  8.26136172e-02  6.41481653e-02  4.71986942e-02
  2.69607883e-02  4.47772555e-02  4.48211469e-02 -6.33652955e-02
 -1.50389532e-02  3.57052535e-02  7.98709840e-02 -2.01173741e-02
 -7.43850917e-02 -5.92843667e-02  3.35306190e-02  8.65368620e-02
 -3.80256842e-03  3.88218611e-02 -6.55442476e-03 -2.37058406e-03
  1.82569083e-02 -3.03825270e-03 -6.04482368e-02  5.44633344e-02
  8.73205140e-02  1.14928849e-01 -6.12986498e-02 -4.12788133e-08
 -9.04770046e-02  4.45605889e-02  9.04699489e-02  1.16242152e-02
 -1.83473583e-02  2.13568769e-02 -2.03375351e-02  1.36884386e-02
  6.90670088e-02 -5.27480505e-02 -1.78676490e-02  1.33603299e-02
  6.11590641e-03 -2.72071958e-02  2.29238328e-02  3.66199203e-02
  7.74646923e-02  6.03527017e-02 -2.71131359e-02 -3.15742604e-02
  6.76255971e-02 -1.39884697e-02 -2.85410639e-02  5.14568873e-02
  3.35851102e-04 -3.94704081e-02 -2.80933883e-02  6.78709224e-02
  1.29347630e-02 -2.37524044e-02  8.83413106e-02  4.93071377e-02
  4.79091592e-02  4.94694822e-02 -7.74869099e-02 -1.77003350e-02
 -5.86474501e-02 -5.23485057e-02  1.50773739e-02  9.13403090e-03
 -3.70155126e-02  1.19848538e-03  2.19063535e-02  1.35901142e-02
 -1.54399937e-02  9.13645700e-02 -6.97646243e-03 -1.32326037e-01
 -7.69967912e-03  5.48756607e-02 -4.98651974e-02  4.05324996e-02
 -2.36861836e-02  9.99498218e-02 -5.98300435e-02  5.59533350e-02
  1.05947569e-01 -2.68548410e-02  7.41333291e-02  5.34391552e-02
  2.09942814e-02  4.47816364e-02 -8.78499076e-02  7.02127516e-02]"
23,../SysML-v2-release-src/training/14. Action Definitions/Action Shorthand Example.sysml,"package 'Action Shorthand Example' {
	item def Scene;
	item def Image;
	item def Picture;
	
	action def Focus { in scene : Scene; out image : Image; }
	action def Shoot { in image: Image; out picture : Picture; }	
				
	action def TakePicture {
		in item scene : Scene;
		out item picture : Picture;
		
		action focus: Focus {
			in item scene = TakePicture::scene;
			out item image;
		}
		
		flow from focus.image to shoot.image;
		
		then action shoot: Shoot {
			in item;
			out item picture = TakePicture::picture;
		}
	}
	
}","Generate a SysML v2 model titled 'Action Shorthand Example'. This model includes a package that defines three items: Scene, Image, and Picture. It features two primary actions, Focus and Shoot, which take inputs and produce outputs related to scenes and images. The Focus action takes a Scene as input and produces an Image as output, while the Shoot action takes an Image and generates a Picture. 

The TakePicture action is the central operation, taking a Scene as input and yielding a Picture as the output. Inside this action, the Focus action is invoked to convert the Scene into an Image. A flow is defined from the output of Focus (the Image) to the input of Shoot. The Shoot action then uses the Image to produce the final Picture, which is linked back to the TakePicture output. This concise structure effectively illustrates how to conceptualize and document a photography process using SysML v2.","[-1.75400097e-02 -4.80488613e-02 -4.48946953e-02 -1.78370159e-03
  3.60761695e-02 -3.56006734e-02  5.77649809e-02  3.28430980e-02
  6.27520531e-02  5.00759967e-02  4.97993119e-02 -1.67556312e-02
  2.70101428e-02  2.40256973e-02  1.00964224e-02 -1.80559605e-02
 -3.69990095e-02 -1.21061113e-02 -6.58035427e-02  1.18048582e-02
  9.78299826e-02 -9.86575708e-02  1.53864641e-02 -3.74273770e-02
 -3.82936634e-02 -1.69998817e-02 -1.81153473e-02  2.76824832e-03
  4.04490680e-02 -8.13785419e-02  3.98616455e-02  5.94619177e-02
  5.05165160e-02  2.82634329e-02  1.59291294e-03  8.19820166e-02
  4.20194007e-02 -6.21222407e-02 -9.17406902e-02 -6.23294748e-02
 -3.30060795e-02 -1.69139300e-02 -4.09187824e-02 -2.21344014e-03
  3.12823504e-02  4.32499349e-02  1.60785615e-02 -2.25623380e-02
 -2.91373469e-02 -6.43413281e-03 -1.29139751e-01 -1.65220294e-02
 -4.38916534e-02 -3.54863591e-02 -8.96375347e-03  6.97776824e-02
  3.00957989e-02 -5.87374717e-02 -8.22460353e-02 -5.32121770e-02
 -5.08649163e-02  5.07042883e-03 -1.17100582e-01  1.08518610e-02
  8.21884498e-02 -3.14435991e-03  7.22475955e-03 -3.80642004e-02
  7.30407387e-02 -8.23053345e-02 -1.25190690e-01 -8.89672060e-03
 -7.25486176e-03 -3.34832370e-02 -2.56268624e-02 -7.94104636e-02
  1.50700267e-02 -2.99821924e-02 -3.37531716e-02 -1.01143807e-01
  9.04538929e-02 -3.18056135e-03 -4.51247133e-02  2.65452452e-02
  3.71022820e-02  4.74271886e-02 -1.73626691e-02  6.65004505e-03
  1.96587890e-02  1.44644855e-02 -9.02168155e-02 -8.88582021e-02
 -1.22145861e-02 -2.92736366e-02  9.83089209e-02  3.68137360e-02
 -5.68490755e-03 -2.73708310e-02  4.81966659e-02  1.67622901e-02
  2.95952652e-02  6.49141555e-04  3.61462981e-02 -7.90074989e-02
  9.18081403e-02 -3.15458588e-02 -7.17133144e-03 -1.53986393e-02
 -3.32664438e-02 -6.11032695e-02 -3.75368670e-02  4.02746946e-02
 -3.28980125e-02 -7.94715621e-03  6.54766038e-02  1.03096217e-02
  5.71488030e-03 -2.22369954e-02  2.54130550e-02 -8.36700648e-02
  1.75038874e-02  1.08453529e-02 -6.70184642e-02  6.66079950e-03
 -9.23919864e-03 -7.41196722e-02 -2.95527410e-02 -4.03698923e-34
 -1.50606912e-02 -2.11400241e-02  3.64047177e-02  1.07191190e-01
  1.97452735e-02  4.24687602e-02  4.10547102e-04 -3.17981131e-02
 -7.48930732e-03  2.92563252e-02 -1.60145713e-03 -6.76531121e-02
  5.11634443e-03  1.21879697e-01  2.55029295e-02 -7.14235753e-02
 -4.01953645e-02  9.38959792e-02 -3.89484136e-04  7.76033103e-02
 -6.03643199e-03  6.10884577e-02 -3.97397839e-02  4.19502221e-02
  4.73930053e-02  7.32684955e-02  3.43944766e-02  3.36043611e-02
 -4.28388081e-02 -2.98753548e-02  1.43144298e-02  2.93797664e-02
 -2.48989854e-02 -3.50096216e-03  3.41252387e-02 -6.52554538e-03
  6.78130193e-03 -2.95736361e-02  9.89144742e-02 -3.38561237e-02
 -4.21057977e-02  8.79608542e-02 -5.77571541e-02  4.94271480e-02
 -8.85297209e-02 -8.09364393e-03 -8.94899368e-02  1.05611153e-01
 -5.00964327e-03  2.36836132e-02  1.08741380e-01 -4.22499292e-02
  8.84763673e-02  8.46120901e-03 -3.35038453e-02  1.76874474e-02
  2.98685357e-02 -3.60230878e-02 -1.38115743e-02  8.23700577e-02
  6.95095956e-02  4.78160381e-02 -5.11330105e-02  7.07268119e-02
  1.28732435e-02  5.38094081e-02 -3.40221450e-03 -1.37006566e-02
  7.68630207e-02  1.07138166e-02 -9.80378762e-02  8.61130655e-02
 -4.17542532e-02 -7.24663725e-03  1.09778851e-01  2.05053575e-03
 -4.00327481e-02 -5.25461733e-02 -4.32345010e-02  1.40717149e-01
 -1.43075630e-01  4.87221777e-02 -9.03630480e-02 -1.92332510e-02
 -3.32990251e-02 -1.66908093e-02 -1.91858690e-02 -1.01323560e-01
 -7.62962550e-02 -1.16878480e-01 -2.20771451e-02 -2.45558843e-02
 -3.04766521e-02  1.33835208e-02  4.57825214e-02 -2.83841616e-34
  9.00389776e-02  5.24062701e-02 -3.49826626e-02  5.24417646e-02
 -2.97460686e-02 -4.30570506e-02  5.29928245e-02 -3.55907492e-02
 -1.64112858e-02  2.93306299e-02 -1.12590613e-02  3.20303217e-02
 -4.78607304e-02 -2.34855674e-02 -3.55612189e-02 -5.94702400e-02
  1.45957563e-02 -9.76773202e-02 -7.02802762e-02  4.50107455e-02
  3.29511911e-02  8.77391398e-02  3.08792293e-02 -2.37940941e-02
 -6.03752472e-02  5.00230528e-02  1.58885568e-02  4.36385423e-02
  2.85527501e-02 -2.41765417e-02  3.98151875e-02 -8.02228004e-02
  9.86808389e-02 -1.54051566e-02 -3.04882694e-02 -2.13808920e-02
  2.76394859e-02 -3.28638814e-02 -1.74809396e-02  5.12926374e-04
  4.72106710e-02  6.43437915e-03  1.10055553e-02  4.76631783e-02
 -2.76925936e-02  2.18725875e-02 -3.52649428e-02 -1.60476267e-02
 -3.58473547e-02 -6.16456382e-03 -7.53077269e-02  7.78257987e-03
 -3.78903747e-02 -6.13167742e-03  1.82414073e-02 -5.87113807e-03
 -1.84613448e-02 -5.80108427e-02  2.08326206e-02  2.11455878e-02
  3.73185053e-02 -6.37447536e-02 -9.93496366e-03 -2.55717933e-02
  1.34862131e-02  1.45096546e-02 -4.72241864e-02 -3.49573828e-02
 -1.89673174e-02  6.63524494e-02  6.47196919e-02  4.92509604e-02
  3.08860205e-02  3.49663123e-02  4.15453687e-02 -4.07006256e-02
 -3.40330265e-02  2.95462795e-02  5.31624891e-02 -1.86010282e-02
 -4.84092869e-02 -7.04497471e-02  2.07498446e-02  1.00816555e-01
 -1.14314798e-02  3.79409008e-02 -1.55266356e-02 -2.60714162e-03
  1.79635677e-02 -1.40700527e-02 -5.56651019e-02  6.34710044e-02
  9.48020294e-02  1.34854645e-01 -6.30119741e-02 -4.40894183e-08
 -9.08401906e-02  1.41579947e-02  1.02390602e-01  1.76629219e-02
 -2.13154703e-02  3.45788822e-02 -3.25306915e-02  1.43701723e-02
  3.87420729e-02 -2.92330328e-02 -3.45789045e-02  3.34180705e-02
  2.02170014e-03 -6.34514764e-02  1.56456511e-02  8.63298178e-02
  8.75274688e-02  4.43997644e-02 -1.39212757e-02 -2.22973172e-02
  7.40739703e-02 -1.64728146e-02 -5.61942756e-02  7.69524574e-02
  9.92988585e-04 -2.60743648e-02 -7.39320321e-03  7.00136349e-02
  1.43597815e-02 -7.55391642e-02  8.92940387e-02  5.48735000e-02
  5.11031114e-02  7.05014691e-02 -5.83160259e-02  1.37901254e-04
 -4.50187139e-02 -2.92089209e-02  1.93228647e-02  1.02351829e-02
 -2.89372075e-02  5.59230428e-03  4.16859891e-03  2.56658178e-02
 -2.24904832e-03  9.33300629e-02  1.65162515e-02 -1.02706149e-01
 -3.12549993e-02  6.31879717e-02 -4.76098135e-02  4.67900783e-02
 -1.90397780e-02  8.40603039e-02 -5.91634475e-02  4.40207310e-02
  7.45931491e-02 -1.06169730e-02  8.76227468e-02  5.32459170e-02
  1.47713711e-02  6.36138245e-02 -5.61124198e-02  5.66752255e-02]"
24,../SysML-v2-release-src/training/14. Action Definitions/Action Succession Example-1.sysml,"package 'Action Succession Example-1' {
	item def Scene;
	item def Image;
	item def Picture;
	
	action def Focus { in scene : Scene; out image : Image; }
	action def Shoot { in image: Image; out picture : Picture; }	
				
	action def TakePicture {
		in item scene : Scene;
		out item picture : Picture;
		
		bind focus.scene = scene;
		
		action focus: Focus { in scene; out image; }
		
		flow from focus.image to shoot.image;
		
		first focus then shoot;
		
		action shoot: Shoot { in image; out picture; }
		
		bind shoot.picture = picture;
	}
	
}","Generate a SysML v2 model titled ""Action Succession Example-1"" that illustrates a sequence of actions for capturing an image. The model will define three key items: Scene, Image, and Picture. I will introduce two primary actions: ""Focus"" which takes a Scene as input and produces an Image as output, and ""Shoot"" which accepts an Image and outputs a Picture. The core action ""TakePicture"" will coordinate these processes. It will specify Scene as input and Picture as output. I will bind the input Scene to the ""Focus"" action, ensuring it produces the necessary Image. The workflow will be defined to flow from the output of ""Focus"" to the input of ""Shoot,"" establishing a clear action succession: first executing ""Focus,"" then performing ""Shoot."" Finally, I will bind the output Picture from ""Shoot"" to the output of the ""TakePicture"" action, completing the model's flow for capturing an image in sequential action.","[-1.37046352e-02 -1.09401800e-01 -5.44175459e-03  2.30980408e-03
  8.00004927e-05  1.36756022e-02  4.04292271e-02  5.37390471e-04
  3.79174426e-02  3.65234204e-02  3.00019011e-02 -4.07336354e-02
  1.96599253e-02  4.36271243e-02 -4.78545204e-03  2.79810261e-02
 -2.67811120e-02 -1.69094391e-02 -4.52805907e-02  7.76459603e-03
  6.76653683e-02 -4.94336560e-02  6.35858625e-02 -2.54574958e-02
 -6.36012331e-02 -4.53352407e-02 -5.58963185e-03 -2.15767859e-03
  2.55084857e-02 -6.93302378e-02  2.64953580e-02  1.20612970e-02
  2.36412380e-02  3.65439318e-02  5.39900549e-02  8.04538503e-02
  1.80744547e-02 -7.23708719e-02 -8.51490945e-02 -7.40507245e-02
  2.88685840e-02 -1.46793257e-02 -1.82838943e-02 -4.81446795e-02
  2.60564294e-02  3.02603338e-02  2.68666968e-02 -3.63829103e-03
  1.18834339e-02 -9.98174492e-03 -8.49580392e-02 -4.06133235e-02
 -8.59806687e-03 -1.09142447e-02 -1.36489198e-02  7.26604760e-02
  3.51495557e-02 -7.74705559e-02 -6.65267482e-02 -5.98729625e-02
 -5.28765284e-02 -1.93542652e-02 -1.15922816e-01 -5.34899235e-02
  4.62557226e-02  2.74056997e-02  1.71755236e-02 -3.16958912e-02
  3.16668972e-02 -5.91152022e-03 -8.68662149e-02 -5.05593931e-03
 -4.12886776e-03 -5.21086045e-02 -4.06930447e-02 -5.04026636e-02
  2.62169410e-02 -6.00382090e-02 -4.18531634e-02 -1.30713657e-01
  7.64334127e-02 -1.36126941e-02 -5.37276492e-02 -1.11189974e-03
  2.30001137e-02  2.00279206e-02 -6.27722517e-02 -1.73397902e-02
  3.72040235e-02  1.17136389e-02 -1.15406677e-01 -8.66166875e-02
  2.97450013e-02  2.80303205e-03  1.18999965e-01  3.02089658e-02
 -3.97114921e-03 -2.47418950e-03  2.58645639e-02 -2.36207480e-03
 -1.47670498e-02 -3.79192969e-03  3.15154195e-02 -5.61941974e-02
  9.83353853e-02  8.00538342e-03 -1.70313902e-02 -1.35694286e-02
 -5.49061559e-02 -5.97553737e-02 -9.26397461e-03  5.10824621e-02
  2.05351934e-02  6.39082119e-02  8.70338976e-02  6.60910830e-02
  3.20154503e-02 -1.48160476e-02 -2.06765253e-02 -4.61504944e-02
  6.36693835e-02  1.73794683e-02 -3.90768088e-02  2.32496243e-02
 -1.22466926e-02 -1.07478455e-01 -3.26856598e-02  1.50680587e-33
  2.05308832e-02 -2.20808908e-02  6.55846149e-02  9.43421498e-02
  2.24596336e-02  5.21780476e-02  1.45557588e-02 -2.85263062e-02
 -1.99935827e-02  1.99798085e-02 -7.62355849e-02 -9.27030891e-02
 -2.64019333e-02  5.70847429e-02 -2.04734355e-02 -8.34338889e-02
 -2.74793338e-02  1.09125100e-01  1.90293398e-02  1.11742072e-01
  1.83616225e-02  2.58925688e-02 -1.04268342e-01 -3.14881909e-03
  2.74821767e-03  3.80519517e-02  6.86785934e-05  7.81877264e-02
 -3.85522880e-02 -1.94909126e-02  1.38771385e-02  1.67766809e-02
  1.03672575e-02 -4.75050556e-03  3.87846353e-03 -2.68787704e-02
  1.55742560e-02  8.98720883e-03  9.62814614e-02 -2.68101487e-02
 -1.20881665e-02  9.40234289e-02 -6.73020557e-02  4.85985763e-02
 -7.07918331e-02 -4.32992652e-02 -8.18146169e-02  1.03787951e-01
 -1.68282185e-02  2.46825106e-02  1.49397567e-01 -4.37716618e-02
  8.14714953e-02 -3.75083946e-02 -7.72905052e-02 -2.08501127e-02
  1.15782470e-02  6.51726825e-03  3.07404213e-02  7.09572211e-02
  5.67248911e-02  2.56536622e-02 -6.44375235e-02  1.00939617e-01
  4.23547439e-02  6.89351633e-02 -1.21103842e-02 -1.61308572e-02
  7.01439828e-02 -2.26575751e-02 -8.84357393e-02  8.76826644e-02
 -5.44683412e-02 -2.19527967e-02  1.19699903e-01 -2.25218162e-02
 -1.83203928e-02 -5.57817072e-02 -6.40233457e-02  1.14315055e-01
 -1.03436075e-01  9.51870456e-02 -9.53838676e-02 -8.22125003e-03
  1.05987638e-02 -1.13570942e-02 -2.99118292e-02 -6.18772209e-02
 -8.77350569e-02 -6.16502613e-02 -1.52856885e-02 -3.15753073e-02
  8.52172170e-03  2.68902238e-02  4.94993739e-02 -1.29576643e-33
  1.16551518e-01  5.19370250e-02  1.58568677e-02  5.21758012e-02
 -1.34737650e-02 -3.17106619e-02  7.07890093e-02 -3.81233320e-02
 -2.47707050e-02  4.21730429e-03 -6.30045682e-03  1.39856031e-02
 -5.24268784e-02 -5.62046701e-03 -2.06752159e-02 -6.27624840e-02
  3.64734121e-02 -6.07472062e-02 -4.25775647e-02  4.51795459e-02
  4.69525531e-02  6.46620095e-02 -1.16063645e-02  6.80103665e-03
 -7.27799237e-02  5.82965799e-02 -1.34576242e-02  8.09118077e-02
  3.52332219e-02 -1.19075249e-03  4.08871360e-02 -5.63051850e-02
  7.57641569e-02 -3.58519629e-02 -1.38027854e-02 -2.36076079e-02
 -2.27943677e-02 -2.63856500e-02 -2.64253598e-02  4.28465828e-02
  2.27909945e-02  2.26874044e-03 -2.20634565e-02  6.85312226e-02
  1.05416484e-03  3.30355862e-04  4.94353920e-02 -1.03454078e-02
 -3.79433893e-02  3.03285457e-02 -9.07097682e-02 -2.30987277e-03
 -8.93791467e-02 -5.02981897e-03  3.13864127e-02  3.12742591e-02
  3.63621302e-02 -5.79821616e-02  1.37771294e-02 -5.61892893e-03
  1.91206541e-02 -6.13006810e-03  1.13253563e-03 -6.72521889e-02
  5.72516136e-02  2.67362762e-02 -3.15570422e-02  1.88730359e-02
 -1.19871600e-02  4.91947904e-02  1.68517474e-02  3.97137366e-02
  4.78951894e-02  5.54537848e-02  6.01429939e-02 -3.64875905e-02
 -3.91018502e-02  2.04240289e-02  9.69980583e-02  2.42170156e-03
 -1.16832890e-01 -6.60152361e-02  3.28808948e-02  7.87448958e-02
 -3.89279518e-03  8.14312398e-02  2.04501697e-03 -1.34716528e-02
  4.69890460e-02  5.23291342e-03 -5.77055961e-02 -1.38609263e-03
  1.25031173e-01  6.59465790e-02 -5.47585674e-02 -4.90336554e-08
 -8.17200243e-02  6.33212775e-02  6.60560280e-02  4.31406684e-02
 -4.34154682e-02 -1.09452913e-02 -4.94422689e-02  1.53336534e-02
  8.53767395e-02 -6.55357987e-02 -5.68021536e-02  3.18453796e-02
  1.87624674e-02 -7.14418516e-02 -1.65422948e-03  3.14567909e-02
  9.39657539e-02  1.58299711e-02 -2.66579967e-02 -4.97018583e-02
  6.47678599e-02 -2.52050087e-02 -2.58717556e-02  5.11024669e-02
 -2.46704258e-02 -5.36162071e-02 -2.94157527e-02  2.97343340e-02
  1.52261360e-02 -3.05642560e-02  8.96950886e-02  2.87102126e-02
  2.41625290e-02  5.98466322e-02 -8.98732096e-02 -2.22094059e-02
 -3.42818871e-02 -3.56881656e-02  3.42570357e-02  5.27534750e-04
  2.15116376e-03  6.21990301e-03 -5.61173772e-03 -1.85118858e-02
 -4.98453416e-02  8.60816091e-02  4.61562211e-03 -1.01811104e-01
  1.22243306e-02  5.29700704e-02 -5.29289991e-02  1.59554221e-02
 -1.91349778e-02  9.59177390e-02 -1.21253347e-02  2.47776601e-02
  1.00649036e-01 -2.46689171e-02  9.25938264e-02  6.37981519e-02
  1.65638365e-02  9.36842803e-03 -9.64691415e-02  3.95383574e-02]"
25,../SysML-v2-release-src/training/14. Action Definitions/Action Succession Example-2.sysml,"package 'Action Definition Example' {
	item def Scene;
	item def Image;
	item def Picture;
	
	action def Focus { in scene : Scene; out image : Image; }
	action def Shoot { in image: Image; out picture : Picture; }	
				
	action def TakePicture {
		in item scene : Scene;
		out item picture : Picture;
		
		bind focus.scene = scene;
		
		action focus: Focus { in scene; out image; }
		
		succession flow from focus.image to shoot.image;
		
		action shoot: Shoot { in image; out picture; }
		
		bind shoot.picture = picture;
	}
	
}","Generate a SysML v2 model named ""Action Definition Example"" that encapsulates a photography workflow. This model should define a package containing three items: `Scene`, `Image`, and `Picture`. Within the package, create three actions: `Focus`, `Shoot`, and `TakePicture`. The `Focus` action receives a `Scene` as input and outputs an `Image`. The `Shoot` action takes an `Image` as input and produces a `Picture`. The `TakePicture` action should combine these elements by accepting a `Scene` as input and yielding a `Picture` as output. Establish the binding for the `Focus` action to utilize the scene input and define a succession flow where the output image from `Focus` feeds into the input of `Shoot`. Lastly, ensure that the `Shoot` action binds its output to the resulting `Picture`, effectively completing the photographic process within the model.","[-2.24086940e-02 -1.00400306e-01 -3.41874920e-02  8.64657108e-03
 -2.76804771e-02 -1.51755968e-02  6.63532242e-02  5.75767737e-03
  8.03452171e-03  5.61225303e-02  5.62529340e-02 -5.09042032e-02
  3.63398306e-02  5.23462631e-02  4.75993641e-02  3.09130028e-02
 -3.68414819e-02 -7.71391951e-03 -6.93913847e-02  1.33331148e-02
  6.15808256e-02 -7.39422888e-02  6.57424629e-02 -2.45948806e-02
 -6.32852986e-02 -3.06704305e-02 -1.15938103e-02 -5.80733037e-03
  4.75641638e-02 -8.78661871e-02  4.05985340e-02  4.08873186e-02
  2.27195602e-02  4.44223657e-02  4.11287062e-02  8.83365348e-02
  1.17032100e-02 -1.03339747e-01 -9.63173583e-02 -7.92991593e-02
  2.47641206e-02  1.28420396e-02 -4.31892648e-02 -4.83134612e-02
  1.93021614e-02 -2.06974056e-03  2.18156520e-02 -1.59113165e-02
  1.57730728e-02 -1.90418474e-02 -1.22533210e-01 -4.35217060e-02
 -2.68170070e-02 -2.40691453e-02 -1.50800748e-02  7.37912804e-02
  1.34593286e-02 -4.52769622e-02 -6.96696639e-02 -6.25255704e-02
 -5.98906241e-02 -1.16243018e-02 -9.71616581e-02 -2.74089370e-02
  4.47300747e-02  3.89794670e-02  6.63471129e-03 -1.92617327e-02
  4.39427570e-02 -2.00911406e-02 -1.07782952e-01 -7.28984224e-03
 -4.79968125e-03 -4.83403541e-02 -3.09414398e-02 -6.06847256e-02
  4.11220901e-02 -6.65383637e-02 -3.36495042e-02 -1.10672921e-01
  5.83333857e-02 -2.36472283e-02 -6.07652850e-02  1.72795495e-03
  5.92895038e-02  2.89921183e-02 -6.23305775e-02 -4.16789856e-03
  2.00323332e-02 -3.97190638e-03 -1.12143494e-01 -1.18296549e-01
  1.80395844e-03 -5.31845214e-03  9.04800668e-02  2.13736743e-02
  3.54031241e-03  9.83755197e-03  2.13425290e-02  1.16988346e-02
 -2.24606227e-02 -9.69326030e-03  4.89304848e-02 -4.74083498e-02
  7.55267367e-02  3.42227728e-03 -2.37430055e-02 -1.98804997e-02
 -6.17893040e-02 -6.57552034e-02 -2.54311338e-02  4.24691923e-02
 -1.12809497e-03  2.30294745e-02  4.98381555e-02  5.42456508e-02
  2.74242088e-02 -3.59098464e-02 -2.12065671e-02 -5.76071851e-02
  3.94692980e-02  2.09055096e-02 -4.15728949e-02 -3.38280178e-03
  5.85054327e-03 -8.66091475e-02 -2.97172144e-02 -6.89346530e-34
 -4.01503639e-03 -3.12350970e-02  5.63045554e-02  1.08796015e-01
  4.53767478e-02  5.38517833e-02  1.36881005e-02 -1.02077043e-02
 -3.84094492e-02  1.06323892e-02 -2.94177942e-02 -8.62967819e-02
 -2.12109704e-02  8.64706710e-02  2.31994539e-02 -8.41231644e-02
 -2.08393838e-02  8.98464993e-02  1.42132947e-02  8.31158608e-02
  9.14376602e-03  1.36847664e-02 -9.47547629e-02  2.35738624e-02
  1.03301033e-02  6.71197250e-02  4.17695269e-02  4.93819043e-02
 -5.07610962e-02 -2.27042567e-02  3.25771831e-02  2.27747560e-02
  7.95964501e-04  2.20796764e-02  2.49079447e-02 -1.99270565e-02
 -1.10273138e-02  1.86580513e-02  8.29259008e-02 -4.19840254e-02
 -9.79786390e-04  1.01649202e-01 -7.80338496e-02  5.71214966e-02
 -6.36049807e-02  7.50439300e-04 -8.20194781e-02  1.15953662e-01
  2.30225385e-03  1.27465883e-02  1.33528903e-01 -5.27251065e-02
  7.82365873e-02 -1.32320188e-02 -5.40949143e-02 -1.26203047e-02
 -1.06166741e-02 -3.26783583e-03  2.76934896e-02  5.78918643e-02
  5.38166799e-02 -4.01597330e-03 -5.34731559e-02  1.04127213e-01
  4.76635136e-02  1.01497084e-01 -8.15144181e-03 -2.15288401e-02
  7.99444690e-02  9.53807961e-03 -9.73202065e-02  7.74970874e-02
 -4.55928519e-02  5.13552129e-03  1.11171961e-01 -1.30758733e-02
 -5.18471487e-02 -9.16533843e-02 -6.72031194e-02  1.34985849e-01
 -1.22498520e-01  6.76563233e-02 -9.47173536e-02  6.49421767e-04
  3.91492806e-03 -2.23795865e-02 -2.58710086e-02 -4.79847491e-02
 -8.77237320e-02 -9.61270034e-02 -2.67318040e-02 -4.43315692e-02
  1.79592911e-02 -1.28552690e-02  5.54762371e-02 -1.60353214e-34
  1.08591005e-01  6.77242950e-02 -6.61216956e-03  3.79409865e-02
 -1.89472120e-02 -3.93153392e-02  5.34884632e-02 -2.72966493e-02
 -4.52085445e-03  4.19706702e-02 -1.33915164e-03  8.22583213e-03
 -2.73596440e-02 -2.74532959e-02 -5.49373254e-02 -2.42096446e-02
  2.32214276e-02 -7.67373145e-02 -5.69548383e-02  5.13561256e-02
  1.45238824e-02  4.89166826e-02  2.80078743e-02  2.80699711e-02
 -5.25335521e-02  6.10996969e-02  1.04655577e-02  6.65243566e-02
  3.28749157e-02 -1.51340151e-02  3.09402142e-02 -5.31804189e-02
  3.75992917e-02 -3.58710997e-02 -2.32841875e-02 -2.92452313e-02
 -9.23673995e-03 -3.30576091e-03 -1.18485652e-02  1.60387736e-02
  3.58962677e-02 -7.27896346e-04 -3.39412168e-02  7.51844570e-02
 -2.05848590e-02  6.05670968e-03  1.53130107e-02 -1.59542542e-02
 -5.92394173e-02 -1.28826476e-03 -1.01966821e-01 -2.32480075e-02
 -5.41744679e-02  2.98327627e-03  3.56663726e-02  3.29803452e-02
  3.30318287e-02 -6.61549345e-02  3.06756720e-02 -2.49557453e-03
  4.17755507e-02 -2.68351119e-02  5.97690418e-03 -4.46851291e-02
  2.38569714e-02 -8.17042496e-03 -5.48291542e-02  1.34044485e-02
  9.68504138e-03  5.35319410e-02  4.59328145e-02  6.64002523e-02
  6.58257157e-02  6.28392249e-02  6.44956753e-02 -3.44422199e-02
 -3.53361480e-02  3.09779365e-02  1.15524516e-01 -6.62909076e-03
 -9.08351094e-02 -6.67258725e-02  3.64386030e-02  8.10206681e-02
 -1.86641216e-02  5.18843234e-02  6.80686953e-03  3.51950014e-03
  4.86908518e-02 -3.36918496e-02 -5.44586740e-02  4.05506417e-02
  1.16701037e-01  9.77867246e-02 -6.22535273e-02 -4.58367317e-08
 -6.17546290e-02  3.61362062e-02  6.18009381e-02  4.42887135e-02
 -3.53261605e-02 -1.91411027e-03 -4.62448895e-02  3.85186002e-02
  6.10610843e-02 -5.27686775e-02 -3.37782130e-02  2.75374297e-02
 -4.83945198e-03 -5.08705154e-02 -8.07352085e-03  3.00888289e-02
  5.88122196e-02  6.58288673e-02 -4.19810377e-02 -5.35373390e-02
  6.46916255e-02 -3.56371962e-02 -1.32003436e-02  7.79334307e-02
 -3.32376990e-03 -5.32835126e-02 -4.74261157e-02  1.42635722e-02
  2.83364486e-02 -1.43990852e-02  9.67181548e-02  2.34148726e-02
  2.55106818e-02  7.91949630e-02 -9.64285880e-02 -2.67125033e-02
 -3.28166746e-02 -3.09098829e-02  1.99332424e-02  1.16590746e-02
 -1.23369265e-02 -9.90615506e-03  6.66086702e-03 -8.03616480e-04
 -3.38934325e-02  7.26598650e-02  1.86230466e-02 -1.07883841e-01
  1.27970800e-02  7.44531825e-02 -3.81159373e-02  3.69392745e-02
 -2.35992484e-02  8.43291059e-02 -4.50655594e-02  3.51861864e-02
  9.97017026e-02 -1.67461894e-02  6.65341914e-02  3.22350785e-02
 -1.19747426e-02  1.12233013e-02 -8.57656002e-02  5.37993535e-02]"
26,../SysML-v2-release-src/training/15. Actions/Action Decomposition.sysml,"package 'Action Decomposition' {
	part def Scene;
	part def Image;
	part def Picture;
	
	action def Focus { in scene : Scene; out image : Image; }
	action def Shoot { in image: Image; out picture : Picture; }	
	action def TakePicture { in scene : Scene; out picture : Picture; }
		
	action takePicture : TakePicture {
		in item scene;
		out item picture;
		
		action focus : Focus {
			in item scene = takePicture::scene; 
			out item image;
		}
		
		flow from focus.image to shoot.image;

		action shoot : Shoot {
			in item; 
			out item picture = takePicture::picture;
		}
	}
	
}","Generate a SysML v2 model representing an ""Action Decomposition"" package. The model contains parts for 'Scene,' 'Image,' and 'Picture.' It defines three actions: 'Focus,' which takes a 'Scene' as input and produces an 'Image;' 'Shoot,' which takes an 'Image' and outputs a 'Picture;' and 'TakePicture,' which also takes a 'Scene' and outputs a 'Picture.' The 'TakePicture' action encapsulates the 'Focus' action, linking the input 'Scene' to output 'Image.' Additionally, it defines a flow where the output from 'Focus' (the 'Image') feeds into the input of 'Shoot.' The 'Shoot' action completes the process by generating a 'Picture' as output, which is associated with the original 'TakePicture' action. The model elegantly captures the sequence and dependencies between the actions involved in taking a picture.","[-3.29756811e-02 -8.20082650e-02 -3.25823389e-02  7.35292723e-03
  4.14757729e-02 -1.99724715e-02  5.28547503e-02 -6.10056007e-03
  6.24344237e-02  6.40956834e-02  6.27414137e-02 -2.60956436e-02
  1.38771730e-02  2.60103289e-02  2.96336226e-03 -1.72712654e-02
 -2.74990164e-02 -1.23586543e-02 -7.03914613e-02 -8.94055644e-04
  1.01013914e-01 -8.32985491e-02  2.91316733e-02 -2.19335966e-02
 -2.46375035e-02 -4.83403802e-02 -1.55091370e-02  1.47567512e-02
  3.83285806e-02 -8.94074142e-02  4.29900698e-02  4.58578169e-02
  4.43595275e-02  2.82220170e-02 -2.95700971e-03  8.97603780e-02
  1.84375476e-02 -8.40228051e-02 -8.52976069e-02 -7.39284903e-02
 -1.96515340e-02  1.13808233e-02 -5.29861338e-02 -2.09630355e-02
  2.29250975e-02  3.33461426e-02  4.61824518e-03 -3.02444901e-02
 -1.35517456e-02 -9.61831957e-03 -1.31896347e-01 -2.96006724e-02
 -3.77442986e-02 -8.70838016e-03 -1.06488401e-02  4.93634157e-02
  1.63338650e-02 -4.93083149e-02 -9.03823003e-02 -3.79355215e-02
 -6.92446232e-02  1.92492660e-02 -1.04400240e-01 -8.10098741e-03
  7.14619160e-02  1.42630907e-02  1.82451289e-02 -6.41666502e-02
  5.86918890e-02 -6.89163134e-02 -1.27257377e-01 -1.39934663e-02
 -5.62940631e-03 -4.52475399e-02 -4.02361825e-02 -7.67808780e-02
  4.17003185e-02 -5.15450723e-02 -1.88698433e-02 -8.56024921e-02
  6.62376508e-02 -1.40037825e-02 -6.14192709e-02  1.49363140e-02
  3.92631479e-02  3.69375944e-02 -2.87017189e-02  4.15486563e-03
  2.59178113e-02  2.54604351e-02 -1.12718999e-01 -9.77986902e-02
  1.20116910e-02 -5.51554142e-03  8.23523402e-02  3.22308540e-02
 -1.78110730e-02  1.80843007e-02  5.12838364e-02  1.78053509e-02
 -1.21829826e-02 -1.11936275e-02  3.90466340e-02 -6.84685931e-02
  9.07756612e-02 -7.56237144e-03 -6.94108056e-03 -1.74892806e-02
 -2.85110008e-02 -5.93984649e-02 -3.60946320e-02  4.52707820e-02
 -2.43683737e-02  1.90010276e-02  7.88550973e-02  2.55712084e-02
  5.14003169e-03 -2.03714333e-02  3.10087297e-02 -8.25144723e-02
  5.26841022e-02 -9.45931114e-03 -4.67788614e-02  6.34193374e-03
 -8.02631304e-03 -7.02637061e-02 -5.55107594e-02 -1.40793385e-33
 -6.32426050e-03 -8.89484957e-03  6.31895289e-02  9.17357579e-02
  2.27235388e-02  2.66076606e-02  7.44939502e-03 -1.93445049e-02
  4.28700307e-03  3.69289853e-02 -3.20774876e-02 -8.57914016e-02
 -1.70259015e-03  1.07830822e-01  4.09200750e-02 -8.38833824e-02
 -3.69273275e-02  9.78238955e-02  7.04353163e-03  5.62753081e-02
  1.42419515e-02  7.37872273e-02 -6.42399713e-02  2.24518534e-02
  2.38485429e-02  7.05033243e-02  2.60839686e-02  3.59458178e-02
 -5.67249320e-02 -1.87684260e-02  1.77730042e-02  3.83798517e-02
 -2.49797814e-02  1.21353958e-02  4.28037532e-02 -3.04106995e-02
 -3.02277952e-02 -1.27558438e-02  9.06530470e-02 -1.67298410e-02
 -1.65674929e-02  9.46867242e-02 -7.98891336e-02  4.53160964e-02
 -7.06957504e-02 -1.61890294e-02 -6.36417195e-02  1.01409547e-01
 -2.21858434e-02  3.78679708e-02  1.45878732e-01 -5.51246032e-02
  9.46789607e-02 -1.54938819e-02 -4.92092296e-02  3.17851007e-02
  3.54099758e-02 -2.45373938e-02 -4.09442611e-04  4.38856632e-02
  9.29618254e-02  1.45914161e-03 -2.75243409e-02  6.90555722e-02
  2.87852697e-02  8.28189924e-02 -4.09667334e-03 -2.18525603e-02
  7.47413188e-02  4.08635326e-02 -1.10289261e-01  8.55168626e-02
 -4.58632596e-02 -2.73701828e-02  9.11307782e-02 -2.68813949e-02
 -4.22432497e-02 -7.64970407e-02 -5.60429133e-02  1.31606936e-01
 -1.33815199e-01  6.41732588e-02 -1.04111373e-01 -3.68931517e-02
 -2.74485685e-02 -2.30063405e-02 -2.13889368e-02 -7.69940838e-02
 -7.24115223e-02 -1.17312618e-01 -4.45163203e-03 -4.23782952e-02
 -3.35542448e-02 -1.22986647e-04  3.72584164e-02  3.49997175e-34
  7.62743428e-02  3.54105718e-02 -2.82722972e-02  3.71837690e-02
 -6.33023381e-02 -5.69524243e-02  4.85525206e-02 -1.74267348e-02
 -7.01285945e-03  3.54545899e-02 -3.11842002e-02  2.30803583e-02
 -2.84802038e-02 -1.78068934e-03 -2.65197475e-02 -4.48330529e-02
  4.91287112e-02 -7.87970796e-02 -8.44332352e-02  3.72088924e-02
  2.04386655e-02  8.68664160e-02  2.50532776e-02 -2.20242469e-03
 -3.74748334e-02  5.29567488e-02  5.83114149e-03  5.99329509e-02
  6.72354028e-02 -3.62308919e-02  3.41711864e-02 -7.10166022e-02
  6.26875907e-02 -2.59560775e-02 -3.05901505e-02 -1.61746405e-02
  4.13900154e-04 -3.12575474e-02 -3.36795300e-02  4.48470982e-03
  1.00783557e-02  2.10609846e-02 -9.36279725e-03  8.20928514e-02
 -1.75577272e-02  2.43912786e-02 -7.61577720e-03 -7.84855708e-03
 -3.12299225e-02  8.33028276e-03 -5.23835830e-02 -4.22550132e-03
 -4.71454896e-02  4.85367468e-03  1.77125167e-02  3.43999156e-04
  1.16814887e-02 -5.64094037e-02  3.82687934e-02 -5.30126505e-03
  5.00699952e-02 -4.61817160e-02 -2.50645466e-02 -1.23666273e-02
  1.39338542e-02  2.69953180e-02 -6.00187816e-02 -7.88369868e-03
 -9.88913327e-03  4.32637893e-02  5.90371452e-02  4.40356247e-02
  2.52504162e-02  4.10042927e-02  2.18400061e-02 -3.99923921e-02
 -4.50563468e-02  4.83118892e-02  4.71339785e-02 -1.30135324e-02
 -6.50763363e-02 -8.10689926e-02  5.47959246e-02  8.97629634e-02
 -2.55160145e-02  5.35810813e-02 -2.48563737e-02  2.65597720e-02
  3.43720093e-02 -2.07924079e-02 -6.04101494e-02  5.40991910e-02
  9.88838598e-02  1.39872685e-01 -6.67072088e-02 -4.94442283e-08
 -6.43283203e-02  3.48370485e-02  7.12279156e-02  8.48331489e-03
 -2.42276434e-02 -2.79453280e-03 -4.78325486e-02  4.00437936e-02
  5.08334227e-02 -2.98512559e-02 -3.46847028e-02  5.14118485e-02
 -1.22085083e-02 -5.17903864e-02  2.76624337e-02  6.36739954e-02
  6.98226541e-02  7.19245672e-02 -1.72461104e-02 -2.33628694e-02
  5.18249646e-02 -3.60767804e-02 -6.97661117e-02  6.83292747e-02
 -1.02761230e-02 -3.59346233e-02 -4.55877930e-02  5.48231602e-02
  9.88440588e-03 -2.84975339e-02  9.18440074e-02  5.59436567e-02
  4.85603772e-02  4.12408374e-02 -6.94414303e-02  3.05130295e-02
 -4.44913991e-02 -4.86106649e-02  1.02053545e-02 -3.90456262e-04
 -1.42759047e-02 -5.76547626e-03 -3.18164611e-03  1.84942745e-02
 -2.15830952e-02  8.41125026e-02  2.26177573e-02 -1.20284408e-01
 -1.89478544e-03  6.53858408e-02 -2.89595779e-02  4.81364466e-02
 -7.02413395e-02  8.58711600e-02 -4.80410010e-02  2.94903424e-02
  1.02524512e-01 -1.73524544e-02  9.82823893e-02  2.79967375e-02
  2.94865109e-02  5.81405982e-02 -4.22143489e-02  3.95998284e-02]"
27,../SysML-v2-release-src/training/16. Conditional Succession/Conditional Succession Example-1.sysml,"package 'Conditional Succession Example-1' {
	part def Scene;
	part def Image {
		isWellFocused: ScalarValues::Boolean;
	}
	part def Picture;
	
	action def Focus { in scene : Scene; out image : Image; }
	action def Shoot { in image: Image; out picture : Picture; }	
	action def TakePicture { in scene : Scene; out picture : Picture; }
	
	action takePicture : TakePicture {
		in item scene;
		out item picture;
		
		action focus : Focus {
			in item scene = takePicture::scene; 
			out item image;
		}
				
		first focus 
			if focus.image.isWellFocused then shoot;
		
		flow from focus.image to shoot.image;

		action shoot : Shoot {
			in item; 
			out item picture = takePicture::picture;
		}
	}
	
}","Generate a SysML v2 model titled 'Conditional Succession Example-1' that captures the interaction between a scene and a series of actions for photography. The model includes a part definition for Scene, Image, and Picture. The Image part has the property isWellFocused, indicating focus quality as a boolean. Define three actions: Focus, which takes a Scene and produces an Image; Shoot, which takes an Image and produces a Picture; and TakePicture, which takes a Scene and outputs a Picture. The TakePicture action specifies an internal focus action to ensure the image is well-focused before proceeding to shoot. 

The model incorporates conditional logic to check the focus quality before initiating the shooting action. The focus action flows its output (Image) to the input of the shoot action, thereby establishing a clear sequence of operations: focus first, followed by shoot if conditions are met. This structured approach allows for a clear representation of the photography process and conditions under which an image is captured.","[ 4.69552260e-03 -6.68047369e-02 -1.19435983e-02 -2.16896664e-02
  4.99384068e-02 -4.43372317e-02  9.31370184e-02 -2.43976954e-02
  5.55705577e-02  7.29334056e-02  6.83901533e-02 -2.12116372e-02
  2.47524045e-02  2.43905559e-02 -2.57360060e-02 -2.82871425e-02
  1.07369674e-02 -4.14428450e-02 -9.01476666e-02 -2.50571338e-03
  9.58738849e-02 -9.56930146e-02  3.87782641e-02 -3.06109302e-02
 -5.24963625e-02 -6.17704429e-02 -6.35926705e-03 -1.23855490e-02
  4.89917435e-02 -8.41598809e-02  9.16488096e-03  3.53558436e-02
  8.77114683e-02  2.64642984e-02  3.15984315e-03  2.72017252e-02
  1.10889841e-02 -6.99296221e-02 -5.66479936e-02 -4.83257771e-02
 -6.02009036e-02 -1.99734867e-02 -3.64326388e-02 -4.09586094e-02
  2.45778654e-02  6.32956177e-02  1.35687590e-02  3.68202152e-03
  1.03497587e-03 -2.87173241e-02 -1.20197557e-01 -3.85553949e-02
 -8.91829934e-03 -6.71886057e-02  1.65338349e-02  6.78221062e-02
 -4.88786912e-03 -5.89082837e-02 -7.47306347e-02 -4.85639535e-02
 -4.54639308e-02 -3.41302599e-03 -1.10166132e-01 -7.95842800e-03
  8.74987915e-02  6.31258786e-02  1.44728851e-02 -4.66506444e-02
  5.52842133e-02 -1.55021846e-02 -1.00748308e-01  2.02784669e-02
 -1.39538636e-02 -1.58480611e-02 -5.63981868e-02 -2.96009928e-02
  5.90199344e-02 -7.94217959e-02 -1.30064962e-02 -6.89678639e-02
  6.82912469e-02 -5.02876863e-02 -5.35187609e-02 -2.02770159e-02
  4.89333682e-02  1.72734316e-02 -3.00598964e-02 -2.66976729e-02
  2.58720852e-02  1.79953128e-02 -8.75692591e-02 -1.00533262e-01
 -3.37842740e-02 -5.07827150e-03  8.42969194e-02  4.45140935e-02
  3.49524757e-03 -2.64339130e-02  3.79616171e-02  2.87503079e-02
  1.35831255e-02 -4.36091088e-02  3.42230573e-02 -9.54065919e-02
  1.00822031e-01 -2.21233405e-02  2.55695283e-02 -1.51841706e-02
 -4.00219262e-02 -4.18787897e-02 -9.81880818e-03  2.58045271e-02
  1.31636653e-02  2.41366178e-02  5.42300157e-02  5.57101928e-02
  1.59268063e-02  1.09921210e-02  2.79045422e-02 -1.38876423e-01
  6.23116009e-02 -1.69857312e-02 -5.26021123e-02  1.26162153e-02
  6.73805643e-03 -1.10537715e-01 -2.55963695e-03  7.45675209e-34
  5.55295777e-03 -1.97113492e-02  1.81260351e-02  8.68931487e-02
 -1.62468888e-02  2.76998226e-02 -1.93327689e-03 -2.67856810e-02
  9.45397839e-03  7.13985413e-03  2.14788374e-02 -6.51757568e-02
 -3.94769348e-02  5.58124036e-02  6.83613420e-02 -8.23758766e-02
 -2.59050019e-02  9.56591591e-02 -2.04514954e-02  6.73249811e-02
 -1.15459971e-02  6.64547691e-03 -7.20108822e-02  2.62540448e-02
  2.82154661e-02  4.04177085e-02  1.94492768e-02  3.88490893e-02
 -2.99631786e-02 -1.43067008e-02  1.97781827e-02  3.28356065e-02
 -5.76316342e-02  6.21272856e-03  4.77453396e-02  1.48319826e-02
 -5.04509769e-02 -1.93353239e-02  1.04714952e-01 -3.02904798e-03
 -5.75329438e-02  9.71063375e-02 -4.72839065e-02  4.13437374e-02
 -5.38627654e-02 -4.58445735e-02 -1.03901714e-01  1.15159616e-01
 -7.80536905e-02  4.01917510e-02  1.38805464e-01 -4.47311439e-02
  8.59668702e-02 -6.45038998e-03 -5.88176735e-02  2.56712399e-02
  5.16329929e-02 -1.26691675e-02 -1.52226379e-02  6.43348023e-02
  8.17007497e-02 -4.18846682e-02 -5.47913313e-02  7.37624764e-02
 -3.70703614e-03  6.65104613e-02 -3.52314040e-02  1.43385178e-03
  6.97423741e-02 -3.97601863e-03 -7.53758624e-02  5.21089584e-02
 -4.81336601e-02 -1.91677380e-02  8.59554633e-02 -4.34003025e-03
 -4.33132984e-02 -4.06465121e-02 -9.67228971e-03  8.22779238e-02
 -8.25077295e-02  7.09820688e-02 -1.14061505e-01 -1.11800358e-02
 -5.59834838e-02 -1.08154947e-02 -2.38394793e-02 -6.27436489e-02
 -1.23722233e-01 -8.66826177e-02 -2.14385297e-02  3.99240199e-03
  3.12831141e-02  3.87675799e-02  5.40793203e-02 -4.35181738e-34
  9.58255976e-02  4.02476490e-02  2.28219274e-02  7.42261186e-02
 -5.65402508e-02 -3.21189240e-02  9.36218724e-02 -4.62319292e-02
  1.96975935e-02  7.36350985e-03 -5.36707172e-04  9.46206227e-03
 -7.29837455e-03 -3.67605317e-05 -6.95924163e-02 -2.14935448e-02
  2.39976477e-02 -8.83471295e-02 -7.55988657e-02  5.49373999e-02
  7.17391074e-02  6.71889707e-02  4.77367043e-02 -4.55246400e-03
 -5.03603853e-02  7.45074898e-02 -2.60947067e-02  6.66753799e-02
  2.45496426e-02 -2.82938704e-02  3.10876239e-02 -3.16137485e-02
  9.34960842e-02 -7.60154193e-03 -1.72119420e-02 -3.26605104e-02
  5.65153398e-02 -4.17634919e-02 -2.97405589e-02  3.99821885e-02
  3.10268812e-02  1.90843716e-02 -5.99008054e-03  4.66179475e-02
 -2.54345313e-02  1.81827378e-02  5.19102663e-02  8.24010465e-03
 -3.61398235e-02  1.62651984e-03 -5.90332784e-02  4.10313113e-03
 -1.02374852e-02  5.15554547e-02 -2.19354476e-03  9.48445871e-03
 -5.16158901e-02 -5.69254272e-02  3.68950814e-02  4.05512564e-02
  4.41496633e-02 -5.12467436e-02 -2.16962285e-02 -9.23303794e-03
  5.11938427e-03  9.69016552e-03 -3.97727266e-02  1.67621393e-02
  2.85166986e-02  5.44918068e-02  1.03701435e-01  3.16704772e-02
  2.91147269e-02  1.07424213e-02  9.10828914e-03 -1.88946463e-02
 -3.92095331e-04  8.72298330e-03  3.40886638e-02  8.98026116e-03
 -8.66337866e-02 -8.29423666e-02  1.60836242e-02  9.12936777e-02
 -3.87750827e-02  5.56516387e-02  6.30722148e-03 -2.52027158e-02
  2.65642442e-02  1.93218570e-02 -8.68098363e-02  5.11627495e-02
  1.04047514e-01  7.45785311e-02 -8.18785429e-02 -4.65262247e-08
 -6.75504506e-02  7.97702558e-03  8.14796239e-02  2.07605008e-02
  6.32798206e-03 -1.39469029e-02 -1.00143522e-03 -1.05262911e-02
  4.55364920e-02 -8.42103511e-02 -4.09058817e-02  6.27471954e-02
 -9.84369591e-03 -7.13697821e-02  3.78446467e-02  4.65876348e-02
  5.48473336e-02  4.62575927e-02 -2.73566674e-02  2.86481138e-02
  6.46856651e-02 -5.35946079e-02 -3.96299735e-02  8.30167308e-02
 -6.89424807e-03  6.49129646e-03 -1.80055089e-02  4.90552150e-02
  2.83869468e-02 -3.12214415e-03  8.93506408e-02  7.38888308e-02
  7.32601136e-02  2.25415379e-02 -8.81595165e-02  7.21148252e-02
 -2.26604138e-02 -1.42482873e-02  3.52272624e-03  1.72655620e-02
 -3.54646891e-02  2.52252165e-02 -2.26281043e-02  2.83771437e-02
 -1.52004184e-02  4.92232218e-02  6.16760775e-02 -1.15160204e-01
 -3.89160402e-03  1.31404353e-02 -3.88017036e-02  2.43536718e-02
 -2.94645727e-02  6.57107085e-02 -6.61920607e-02  1.86178572e-02
  1.10130146e-01  3.39124128e-02  7.28582293e-02  5.32221533e-02
  6.10897020e-02  2.82610804e-02 -7.26019293e-02  2.93789823e-02]"
28,../SysML-v2-release-src/training/16. Conditional Succession/Conditional Succession Example-2.sysml,"package 'Conditional Succession Example-2' {
	part def Scene;
	part def Image {
		isWellFocused: ScalarValues::Boolean;
	}
	part def Picture;
	
	action def Focus { in scene : Scene; out image : Image; }
	action def Shoot { in image: Image; out picture : Picture; }	
	action def TakePicture { in scene : Scene; out picture : Picture; }
	
	action takePicture : TakePicture {
		in item scene;
		out item picture;
		
		action focus : Focus {
			in item scene = takePicture::scene; 
			out item image;
		}
		
		if focus.image.isWellFocused then shoot;
		
		flow from focus.image to shoot.image;

		action shoot : Shoot {
			in item image; 
			out item picture = takePicture::picture;
		}
	}
	
}","Generate a SysML v2 model named 'Conditional Succession Example-2' which encapsulates a photography scenario. The model should include a part definition for 'Scene', 'Image', and 'Picture', with 'Image' containing a boolean attribute 'isWellFocused'. Create three action definitions: 'Focus', 'Shoot', and 'TakePicture', where 'Focus' takes a 'Scene' and produces an 'Image', 'Shoot' takes an 'Image' and produces a 'Picture', and 'TakePicture' orchestrates the process from 'Scene' to 'Picture'. 

Implement the 'takePicture' action as a conditional sequence that first invokes 'Focus' using the input scene, and only if the resulting image is well-focused, proceeds to call 'Shoot'. Specify a flow link from the focused image to the shoot action, ensuring that the subsequent picture output matches the takePicture picture output. This model effectively illustrates conditional execution based on the clarity of the captured image.","[-1.12662921e-02 -6.78930134e-02 -1.58509181e-03  1.30437538e-02
  3.79841216e-02 -1.35456659e-02  1.01301931e-01 -1.65420212e-02
  1.92487165e-02  4.80546691e-02  2.92962883e-02 -6.84593692e-02
  4.60836776e-02  6.12958074e-02 -4.11906885e-03 -1.75439715e-02
 -2.49487930e-03 -1.37104550e-02 -7.54123852e-02  1.45782093e-02
  6.56677037e-02 -9.32326317e-02  6.33832738e-02 -1.90601423e-02
 -6.42057285e-02 -6.27381206e-02  9.38663259e-03 -5.41379093e-04
  4.01452146e-02 -6.80414960e-02  1.80121604e-02  4.51782085e-02
  4.06374261e-02  4.57199253e-02  5.00100516e-02  3.48060019e-02
 -2.32809782e-02 -6.56152219e-02 -6.52148873e-02 -5.94381131e-02
 -4.11375947e-02 -8.62681586e-03 -5.68469875e-02 -5.21129593e-02
  1.95182171e-02  2.68589221e-02  3.03267650e-02  1.22101856e-02
 -1.17757276e-03 -4.17488664e-02 -1.09629110e-01 -5.94243817e-02
  7.25805387e-03 -6.17810823e-02  1.46906311e-03  6.88112378e-02
  2.76223831e-02 -6.35495558e-02 -6.81655183e-02 -3.56738344e-02
 -8.87290686e-02 -1.04542170e-02 -7.14488328e-02 -4.34500426e-02
  4.57857624e-02  9.64780152e-02  1.21844290e-02 -1.43486764e-02
  4.95171174e-02 -1.30312070e-02 -9.21726748e-02  8.83853249e-03
  2.52090394e-02 -3.83694991e-02 -6.59446791e-02 -2.39559058e-02
  6.63760751e-02 -7.58197084e-02 -3.69508155e-02 -8.23163763e-02
  5.95939532e-02 -4.01219875e-02 -5.91939166e-02 -2.32313517e-02
  6.49084523e-02 -2.62467307e-03 -5.40870614e-02 -1.37656461e-03
  2.19331533e-02  2.35402863e-03 -8.86635259e-02 -1.14112101e-01
  1.26973237e-03 -9.63045750e-03  1.33100003e-01  3.36454734e-02
 -2.71444321e-02 -2.32263338e-02  2.99909879e-02 -9.22315288e-03
 -1.66926556e-03 -5.32036126e-02  3.94286960e-02 -8.67879018e-02
  9.80420411e-02  5.23763197e-03  2.77758986e-02 -3.08959186e-02
 -2.67223902e-02 -8.10173303e-02 -2.36361492e-02  1.89605840e-02
  3.76494788e-02  2.64579430e-02  4.94485460e-02  5.74269854e-02
  5.18877618e-02 -2.04908438e-02 -7.42499996e-03 -1.11720711e-01
  6.20430522e-02  9.80321504e-03 -4.44708429e-02  1.63588319e-02
  1.81407835e-02 -9.21011567e-02 -5.30548394e-03  2.02252178e-33
  3.53585958e-04 -2.54241284e-02  2.25080773e-02  8.14385861e-02
  6.67477585e-03  1.37256021e-02  3.09643038e-02  7.30230752e-03
 -4.13961001e-02 -7.64658535e-03  6.68925373e-03 -7.39485845e-02
 -4.21679467e-02  2.25545783e-02  4.28397022e-02 -9.51657146e-02
 -3.27133872e-02  9.52621400e-02 -4.50027362e-03  7.85967931e-02
 -1.52220493e-02 -2.53660791e-03 -8.44142660e-02  4.23690956e-03
  1.70686170e-02 -8.52691010e-03  2.77320808e-03  5.51977828e-02
 -1.06683071e-03 -2.24505942e-02  1.12515632e-02  2.44612843e-02
 -2.00732965e-02  2.59536579e-02  5.51519357e-03 -3.65792327e-02
 -7.10508451e-02  1.79218687e-02  1.02710515e-01 -1.43777381e-03
 -3.23154069e-02  1.13386311e-01 -3.80952731e-02  7.78994560e-02
 -5.24724759e-02 -1.91461612e-02 -1.27573416e-01  1.17080040e-01
 -4.49241064e-02  1.39427865e-02  1.72087342e-01 -3.36878747e-02
  5.62659279e-02 -4.44402918e-02 -6.10624105e-02 -7.73998536e-03
  9.61590745e-03  1.56361666e-02 -6.41049061e-04  1.98439378e-02
  7.38419592e-02 -2.17891950e-02 -7.89338052e-02  7.86972493e-02
  1.58855673e-02  5.57067096e-02 -5.93330420e-04  4.01837518e-03
  2.42153928e-02 -1.13453204e-02 -7.70759135e-02  4.23115343e-02
 -5.09246737e-02 -1.24324728e-02  1.08595818e-01 -2.42173439e-03
 -2.76643652e-02 -2.35632490e-02 -3.74150164e-02  7.82062858e-02
 -7.94586092e-02  7.89072141e-02 -9.71287638e-02  1.97722722e-04
 -1.37051838e-02 -2.87525784e-02 -1.19295726e-02 -5.64905927e-02
 -1.33588910e-01 -1.08218543e-01 -1.27209909e-02 -4.07806970e-03
  2.38324907e-02  2.23868061e-02  4.11388576e-02 -1.17405198e-33
  1.07943058e-01  5.60857020e-02  3.46910171e-02  4.78223599e-02
 -3.28595415e-02 -2.60219648e-02  9.97412726e-02 -5.77448793e-02
 -5.60315698e-03  2.87190476e-03 -1.40750632e-02  4.52892901e-03
 -1.37093961e-02 -3.79898422e-03 -9.49239433e-02 -6.38770498e-03
  2.21620724e-02 -4.49358001e-02 -7.17373565e-02  8.37789029e-02
  6.48440346e-02  4.00668345e-02  2.25619762e-03 -4.05211374e-03
 -5.56606725e-02  7.56243020e-02 -8.80563445e-03  7.13595375e-02
  5.00989072e-02 -2.77147871e-02  6.20775530e-03 -3.77200078e-03
  8.08394849e-02 -5.52502684e-02 -5.09017706e-03 -3.01314443e-02
  3.57283056e-02 -4.49367054e-02 -6.74284697e-02  4.87542786e-02
  1.81911681e-02 -1.08289486e-02 -2.33160593e-02  3.23657170e-02
 -1.88784450e-02  1.35091580e-02  4.46197353e-02 -3.08346469e-03
 -4.86149304e-02  4.44562621e-02 -1.05216809e-01  3.12353168e-02
 -3.27929519e-02  4.20595072e-02  1.69533230e-02 -1.18162194e-02
 -1.48463594e-02 -5.73882759e-02  1.75138637e-02  2.29528863e-02
  4.58102934e-02 -6.06173165e-02 -7.18589989e-04 -2.21788809e-02
  2.87971627e-02  1.32069103e-02 -5.52012287e-02  1.26973344e-02
 -2.78868340e-03  5.68501391e-02  7.00619593e-02  4.13620360e-02
  4.50089946e-02  4.18447591e-02  2.54742205e-02  6.96224254e-03
  1.25283645e-02  2.98110098e-02  7.18514025e-02  2.79464424e-02
 -7.36472979e-02 -7.00261146e-02  2.53624115e-02  8.01679343e-02
 -3.51862572e-02  1.01349302e-01  7.55848037e-03 -2.30480470e-02
  6.83051497e-02  4.52743424e-03 -8.40205625e-02  1.36706175e-03
  1.37480289e-01  5.53761013e-02 -5.28914072e-02 -5.18145100e-08
 -5.73336780e-02  2.45910846e-02  7.30820522e-02  2.86757387e-02
 -2.34749727e-02 -2.47731842e-02 -2.79527307e-02 -3.19811545e-04
  4.61652502e-02 -6.64371103e-02 -5.56192659e-02  9.15437713e-02
  2.46101413e-02 -4.82610986e-02 -6.38147769e-03  4.62336764e-02
  4.84523363e-02  4.40673567e-02  5.66412695e-03  3.02691106e-02
  7.23237619e-02 -2.94709746e-02 -5.35422787e-02  1.03724010e-01
 -5.54542663e-03 -2.50659678e-02 -4.40287441e-02  7.38799293e-03
  5.51652722e-02 -1.79636460e-02  8.76064152e-02  3.03693544e-02
  4.93487678e-02  4.28321771e-02 -9.41840708e-02  3.89570966e-02
 -3.47957723e-02 -1.60073061e-02  1.78467424e-03  4.55529988e-02
 -9.99218039e-03  1.61012169e-02 -2.16948707e-02  5.41994395e-03
 -7.55208661e-04  5.02106659e-02  4.90887128e-02 -8.38851631e-02
  1.19860582e-02  4.50959690e-02 -4.05937918e-02  3.18867192e-02
 -3.55750211e-02  9.14805010e-02 -2.34088823e-02  1.12699112e-02
  1.26424104e-01  3.75135615e-02  4.79820259e-02  5.74824847e-02
  2.97963973e-02  3.17510925e-02 -9.38761532e-02  3.63870785e-02]"
29,../SysML-v2-release-src/training/17. Control/Camera.sysml,"package Camera {
	private import 'Action Decomposition'::*;
	
	part def Camera;
	part def FocusingSubsystem;
	part def ImagingSubsystem;
	
	part camera : Camera {
		ref item scene : Scene;
		part photos : Picture[*];
				
		part autoFocus {
			in ref item scene : Scene = camera::scene;		
			out ref item realImage : Image;
		}
		
		flow autoFocus.realImage to imager.focusedImage;
		
		part imager {
			in item focusedImage : Image;		
			out item photo : Picture :> photos;
		}
		
	}
}
","Generate a SysML v2 model for a camera system encapsulated within a package named ""Camera."" The model includes a Camera part, alongside a FocusingSubsystem and ImagingSubsystem, illustrating the interactions and dependencies among them. The primary Camera part references a scene, from which multiple pictures are generated. The autoFocus functionality, part of the camera, takes a scene as input and produces a realImage as output. This realImage is then connected to the imager’s focusedImage input. The imager processes the focusedImage and generates a photo that is stored in the photos collection. This model emphasizes the decomposition of actions within the camera system, integrating the functionalities of focusing and imaging while maintaining clear data flow between the components.","[-5.05171493e-02 -6.37636185e-02 -6.99618384e-02 -1.64193101e-02
  6.07428439e-02 -1.03611112e-01  6.37356117e-02  3.41255516e-02
  3.48938853e-02  5.84860966e-02  8.47079530e-02 -3.48175466e-02
  1.70946028e-02  8.15754011e-03 -8.54637101e-03 -2.58002002e-02
 -2.51734070e-02 -4.95139211e-02 -7.70915002e-02 -4.42422321e-03
  8.26785564e-02 -1.12963639e-01  2.87093688e-02 -6.38198704e-02
 -4.68273833e-03 -2.33501680e-02 -1.30630797e-02 -2.86254939e-02
  2.55040824e-02 -8.08115974e-02  4.83805835e-02  2.90601831e-02
  5.68098091e-02  3.20407003e-02  3.18773370e-03  2.21660268e-02
  2.22188532e-02 -5.52651025e-02 -6.70285672e-02 -6.25921711e-02
 -3.89094427e-02 -5.61267557e-03 -2.11164951e-02  8.49048793e-03
  2.07955893e-02  4.96013388e-02  6.31158650e-02 -3.05366074e-03
  2.39485316e-02 -4.22742739e-02 -1.51725516e-01 -4.00165953e-02
 -7.40841497e-03  6.12394279e-03 -1.82568200e-03  1.33089021e-01
 -8.50624498e-03 -7.25983456e-02 -7.17778578e-02 -4.83116426e-04
 -1.16111999e-02  3.90511975e-02 -6.91363066e-02 -5.18046087e-03
  4.88477759e-02  1.36001175e-02  2.79470962e-02 -6.86968416e-02
  6.66984618e-02 -5.68057969e-02 -1.44850507e-01  3.13123576e-02
 -3.41062201e-03 -4.12710011e-02 -4.83234599e-02 -4.38760519e-02
 -1.28440661e-02 -5.39369620e-02  7.22889528e-02 -7.12803453e-02
  1.05373144e-01 -8.45445320e-03 -5.29675372e-02 -5.77045977e-03
  4.43660058e-02  2.51279920e-02  2.15172693e-02 -2.08422597e-02
  2.57614125e-02  6.00449834e-03 -1.10546269e-01 -1.46342337e-01
 -2.92218029e-02 -1.09874178e-02 -1.01211891e-02 -4.25375940e-04
  6.83597997e-02 -1.16520291e-02  4.12222967e-02  1.28353350e-02
  2.05044337e-02 -1.81054678e-02  5.11101820e-02 -6.81460574e-02
  3.97011936e-02 -5.11248372e-02 -3.68105434e-02  3.59048136e-02
 -3.01468745e-02 -2.56591588e-02 -3.91847938e-02  6.76715747e-02
 -6.52165264e-02 -5.28970920e-03  8.00978616e-02  3.40416729e-02
  3.84642184e-02 -1.76755395e-02  4.17319946e-02 -7.61373118e-02
  2.10469831e-02 -3.70862223e-02 -5.16100302e-02 -2.06433423e-03
  3.91530879e-02 -9.95208025e-02 -4.44858149e-02  2.02544215e-33
 -2.17347872e-02  9.33171809e-03  1.80490520e-02  9.21094194e-02
  4.35971655e-03  1.34016452e-02 -1.17904646e-02 -1.17070489e-02
  2.35772040e-02 -1.36687364e-02 -2.85265055e-02 -6.40895590e-02
 -2.28840038e-02  1.17961526e-01  9.03622061e-02 -7.99732581e-02
 -6.07598759e-02  7.50443041e-02 -2.36895471e-03  5.18703535e-02
  1.20838797e-02  8.14090371e-02 -1.33600272e-02 -1.15683926e-02
  4.72795516e-02  5.97394891e-02  5.11299707e-02  4.22854796e-02
 -6.19420968e-03 -1.13166934e-02  1.93016343e-02  4.77204099e-02
 -2.52992939e-02  3.39855477e-02  3.41621228e-02  6.52141031e-03
 -1.44906398e-02 -2.60604126e-03  6.78869709e-02 -1.84089746e-02
  2.01654229e-02  1.21791326e-01 -2.11029612e-02  4.11759168e-02
 -3.39247473e-02  1.56399477e-02 -5.15356585e-02  1.26766607e-01
 -5.78352399e-02  4.43952624e-03  9.56835374e-02 -6.10116310e-02
  5.63624874e-03 -4.79930779e-03 -2.88948938e-02  4.79479209e-02
  7.16354884e-03 -2.99985986e-02  1.83136342e-03  5.31286746e-02
  2.12048497e-02 -6.00176677e-02 -2.59129535e-02  6.66198954e-02
  2.06834152e-02  4.53807712e-02  8.61814898e-03  1.49371661e-02
  1.09546902e-02  8.77747908e-02 -5.30483685e-02  6.46843240e-02
 -2.15105135e-02  7.38870772e-03  8.33283812e-02  3.58968824e-02
 -6.07660785e-02 -4.04800549e-02 -1.15011998e-01  1.49906874e-01
 -1.22507103e-01  5.77054545e-02 -8.11009780e-02  2.92542018e-02
 -4.97981384e-02 -6.92061707e-03 -1.31157292e-02 -4.84429970e-02
 -8.84700269e-02 -9.26540792e-02 -3.46565573e-03 -1.91381015e-02
 -2.03760844e-02 -1.55838113e-02 -4.07409556e-02 -1.95754321e-33
  7.35530779e-02  2.47244518e-02 -2.17674319e-02  4.59939316e-02
 -3.74707170e-02 -4.30461690e-02  4.91237193e-02  2.46438626e-02
 -1.54287992e-02  1.82818882e-02  1.30318524e-03  1.01343240e-03
 -1.48232293e-03  1.70797687e-02 -5.68979532e-02 -3.21127996e-02
  1.26133505e-02 -1.13227546e-01 -8.97184834e-02  2.00573392e-02
  4.05453183e-02  6.99243918e-02  1.01824813e-01 -1.15544945e-02
 -1.37633886e-02  4.56355922e-02 -5.36501128e-03  7.70763531e-02
  2.92448867e-02 -6.19089678e-02  3.68512236e-02 -6.00058436e-02
  8.32133293e-02 -5.99501170e-02 -2.43340191e-02  4.25476674e-03
 -1.29638072e-02 -7.75418878e-02 -1.56567432e-02  2.54032612e-02
  2.65652444e-02  3.44998948e-02 -1.39823947e-02  4.22055684e-02
 -7.09606288e-03 -1.22691449e-02 -1.14275925e-02  2.85175070e-02
 -1.85535010e-02 -3.46448980e-02 -7.46050403e-02 -2.20665783e-02
  1.81924691e-03  1.85539592e-02  1.12944562e-02  4.81610186e-02
 -4.38023992e-02 -2.19450276e-02  5.97680211e-02 -5.80364140e-04
  5.76706752e-02 -6.06401935e-02 -2.19477229e-02 -3.43827158e-02
 -1.89543180e-02 -1.89163145e-02 -3.06261405e-02 -5.41268336e-03
 -2.37386432e-02  1.18537039e-01  1.20408796e-01  3.36434580e-02
  4.32413407e-02  2.79521272e-02  4.01060544e-02 -2.57551335e-02
 -5.29380701e-02  2.99724918e-02  8.87841955e-02 -4.03835885e-02
 -7.53678158e-02 -8.52462798e-02  5.37502579e-02  9.26712677e-02
 -3.77050713e-02 -1.30545313e-03 -1.33105821e-03 -4.23589796e-02
  3.82547081e-02 -3.42923515e-02 -3.22938226e-02  5.33447862e-02
  3.77082080e-02  1.30877540e-01 -5.98443598e-02 -4.25102087e-08
 -3.65689807e-02  2.89516300e-02  5.07324673e-02  1.11770639e-02
  6.89672166e-03 -3.21091227e-02 -2.35964656e-02  5.16422167e-02
  4.92597148e-02 -3.07002924e-02 -1.00225937e-02  1.68128393e-03
 -1.91121921e-02 -2.05790866e-02  1.85268223e-02  1.02679871e-01
  9.97468457e-02  6.48913831e-02 -1.11701284e-02 -4.22699042e-02
  5.13191372e-02 -4.18984964e-02 -6.26808926e-02  4.16000187e-02
  2.72986535e-02 -1.19834440e-02 -1.35830557e-02  5.34532554e-02
  1.84148701e-03 -4.45475196e-03  4.09573615e-02  6.22445308e-02
  6.24876879e-02  1.87840015e-02 -7.11986646e-02  4.25036550e-02
 -7.23602250e-02 -5.76561056e-02 -2.62262207e-03 -2.33949348e-02
 -2.34745108e-02  2.45526545e-02  1.71444248e-02  5.38132861e-02
 -6.74483832e-03  2.99463235e-02  1.94026958e-02 -1.09012179e-01
 -8.63343943e-03  1.07455309e-02 -5.09922840e-02  4.74163070e-02
 -5.30498661e-03  4.57212627e-02 -5.19163609e-02  1.77502148e-02
  1.02620445e-01 -1.94615945e-02  4.34488803e-02  3.30119058e-02
  1.22943437e-02  7.55851194e-02 -5.60802780e-02  9.74340588e-02]"
30,../SysML-v2-release-src/training/17. Control/Control Structures Example.sysml,"package 'Control Structures Example' {
	private import ScalarValues::*;
	
	attribute def BatteryCharged;
	
	part battery;
	part powerSystem;
	
	action def MonitorBattery { out charge : Real; }
	action def AddCharge { in charge : Real; }
	action def EndCharging;
	
	action def ChargeBattery {
		loop action charging {
			action monitor : MonitorBattery {
				out charge;
			}
			
			then if monitor.charge < 100 {
				action addCharge : AddCharge {
					in charge = monitor.charge;
				}
			}				
		} until charging.monitor.charge >= 100;
		
		then action endCharging : EndCharging;
		then done;
	}
}","Generate a SysML v2 model named 'Control Structures Example'. This model includes a package that encapsulates battery management functionality. It defines an attribute, 'BatteryCharged', to track the charging status and includes two parts: 'battery' and 'powerSystem' representing the main components of the system. 

The model contains three key actions: 'MonitorBattery', which outputs the current charge level as a Real value; 'AddCharge', which takes the incoming charge level; and 'EndCharging' to signal the completion of the charging process. 

The primary action, 'ChargeBattery', employs a loop structure for continuous charging. Within this loop, the 'MonitorBattery' checks the charge level, and if it is below 100%, the 'AddCharge' action is invoked to increase the charge. The loop terminates when the charge reaches 100%, followed by executing the 'EndCharging' action, signifying the battery is fully charged.","[-5.35228513e-02  5.24598286e-02 -1.31879583e-01  6.54433891e-02
  2.15239897e-02 -2.52040345e-02  7.75493979e-02  1.63476169e-02
 -5.09632565e-03  7.10852072e-02  1.11763120e-01 -4.89443913e-02
  3.72269228e-02  7.52363428e-02 -2.07623150e-02 -1.12377964e-02
  2.52758730e-02 -3.90303656e-02  1.82179697e-02  4.80388151e-03
  9.35187787e-02 -4.72959541e-02  9.75490808e-02 -1.05289195e-03
 -6.19254783e-02  1.50748361e-02 -2.11770441e-02 -1.21056736e-02
 -1.74694695e-02 -1.17257543e-01 -3.63507913e-03  1.36456778e-02
  6.49872571e-02 -2.68364027e-02  4.05195877e-02  4.99130487e-02
  4.68235873e-02 -3.93098816e-02 -4.69836183e-02 -6.01402931e-02
  4.01569121e-02 -5.06593585e-02 -2.74182819e-02  2.09299177e-02
  1.38824470e-02  4.55781557e-02 -2.71713380e-02 -4.04214626e-03
 -5.45835793e-02  4.38902043e-02  4.19422053e-02 -5.71622364e-02
  6.47483692e-02 -4.72159348e-02 -2.35173404e-02  5.04549220e-02
  5.93714304e-02  2.18316074e-02 -5.79611585e-02 -1.01794071e-01
 -7.17184544e-02  9.17111896e-03 -1.18899934e-01 -1.93444956e-02
 -6.49923971e-03  5.02527133e-03 -3.35015394e-02  3.38535160e-02
  8.96515511e-03  1.06391534e-02 -3.58358249e-02 -1.92669947e-02
 -8.01530667e-03 -3.29318009e-02 -2.03184783e-02 -4.21588942e-02
  3.75981517e-02  1.11315316e-02 -2.77524814e-02 -5.61833717e-02
 -2.28658449e-02 -1.58043168e-02 -9.36418120e-03  1.35469185e-02
  6.81648329e-02 -2.51703989e-02  5.30035272e-02 -2.97589749e-02
  5.38341962e-02  3.58642600e-02  3.11454181e-02  6.90652952e-02
 -5.25800772e-02 -6.50631189e-02 -3.46522145e-02  7.47202784e-02
  5.77743119e-03  2.33025712e-05 -3.26500647e-02 -4.28189151e-03
  6.42267764e-02  8.60196818e-03  1.22678129e-03 -2.80407444e-02
  4.63407636e-02 -7.45189786e-02 -1.99092161e-02  3.57199460e-02
 -1.21593410e-02 -5.76450191e-02  4.22437936e-02  2.68562380e-02
  7.58356005e-02  1.92904081e-02  6.90070167e-02  1.33230761e-01
  1.07179638e-02  3.80376503e-02  7.52142817e-02 -7.30213076e-02
  3.47933583e-02  7.25292275e-03 -2.69511584e-02 -6.11184202e-02
  2.25325208e-02  3.86696570e-02 -3.65076284e-03  1.07086075e-33
 -6.15561288e-03 -5.56552373e-02  2.84710596e-03  3.18431295e-02
 -1.07623767e-02  7.58767128e-02 -1.02448575e-02  3.73932011e-02
  3.81259136e-02  5.33098355e-02 -3.90540995e-02 -2.48918720e-02
  4.14995328e-02  2.73595061e-02 -2.31157858e-02 -9.50411856e-02
 -2.47325506e-02  4.60024662e-02  3.76397409e-02 -1.66385137e-02
  2.00028624e-02  2.92961150e-02 -7.04558892e-03 -1.29271960e-02
  5.54223284e-02  9.32088345e-02  1.05890930e-01  5.65567464e-02
 -7.07345977e-02  3.11319288e-02  1.11223787e-01  6.38448521e-02
 -2.73232237e-02  1.28032127e-02 -2.93623693e-02  6.20708503e-02
  4.02051620e-02 -4.94288234e-03  1.17233574e-01 -2.70607155e-02
 -2.54654456e-02 -1.88677181e-02 -4.93876673e-02  4.34237495e-02
 -1.38090998e-01 -1.08824164e-01  1.10721774e-02 -6.46555275e-02
 -3.15661803e-02  6.15982823e-02 -3.23738195e-02 -6.92147091e-02
  6.11700974e-02  8.57469440e-03 -5.00750467e-02  6.09040447e-02
 -1.79412887e-02 -1.42553728e-02 -5.03132492e-02  5.12696728e-02
  6.25265986e-02 -1.94571223e-02 -6.78554997e-02 -4.24072668e-02
 -4.67701890e-02  4.09666374e-02 -5.97315691e-02 -8.76566023e-02
 -3.64909805e-02  5.02730943e-02 -2.41816286e-02  5.46124503e-02
  7.98546523e-03 -9.02810786e-03 -6.85185369e-04  2.78099608e-02
  2.83455011e-02  3.52887437e-02 -3.30186673e-02 -4.42079976e-02
 -5.40029071e-02 -2.63495464e-02 -1.99079644e-02 -1.67020038e-02
  4.94150855e-02 -1.03342704e-01 -5.16702384e-02 -5.50130531e-02
 -5.44870906e-02 -1.06313832e-01  1.66818667e-02 -6.93264827e-02
  5.52057810e-02  6.58040913e-03  4.21971604e-02 -1.54484515e-33
  6.96571693e-02 -1.68102253e-02  2.51568928e-02  9.69315041e-03
 -3.17271203e-02 -5.25394501e-03 -5.87904565e-02 -5.83973862e-02
 -7.60066062e-02 -1.63134784e-02 -3.83164510e-02  5.92214577e-02
 -8.33451077e-02  3.01527437e-02  7.25853443e-02 -6.33885665e-03
 -3.09287272e-02 -9.99586433e-02  3.34121175e-02  4.48987707e-02
 -2.74321456e-02  8.10357109e-02  8.95468891e-03  4.35921811e-02
  5.38305640e-02 -5.99765964e-03 -2.21201293e-02 -2.06023101e-02
  1.17658153e-01 -2.39745658e-02  8.08372442e-03 -6.38233796e-02
  4.95057106e-02  3.22267935e-02 -3.50012258e-02 -6.99515641e-02
 -8.33595265e-03 -4.99394815e-03  3.63913402e-02  8.63214284e-02
  4.61946763e-02 -1.39622996e-02 -2.66642086e-02 -1.30853560e-02
  3.06974947e-02  5.95433870e-03 -7.85985291e-02  6.06875233e-02
 -7.45618045e-02 -2.83791963e-02 -9.04706344e-02 -5.92364483e-02
 -7.76449312e-03  1.19557880e-01 -4.61188108e-02  1.45636471e-02
  3.41765732e-02  3.90746854e-02 -6.98986202e-02 -2.64596362e-02
  1.17657324e-02 -5.66979721e-02  3.93356159e-02 -5.75599670e-02
 -4.29461710e-02 -1.98422675e-03  3.85033526e-02  1.14601646e-02
  5.50210588e-02  5.08350739e-03  2.99847648e-02  2.78992904e-03
 -1.87462941e-02 -2.13582050e-02 -1.62469856e-02 -1.89899411e-02
 -6.74680471e-02 -5.83668351e-02  4.77245497e-03 -9.97645557e-02
 -1.46994600e-02  2.38032406e-03  3.44406851e-02 -3.34329158e-02
 -8.03053826e-02 -5.45849577e-02 -4.23722900e-03  7.98957050e-02
  2.67376471e-02 -4.57369424e-02 -2.89514288e-02 -1.72644462e-02
 -1.15988199e-02  2.02235237e-01 -1.05013333e-01 -4.75550728e-08
 -7.88027719e-02  4.81120422e-02  5.61771020e-02  1.58725549e-02
  4.80902269e-02  1.98813137e-02 -8.53899121e-03 -2.40018219e-02
  1.48639409e-03 -2.37043817e-02 -5.22122020e-03  1.66804530e-02
  5.31204641e-02 -5.08147739e-02  2.40398664e-02  9.82448459e-02
  6.61556944e-02  9.25506577e-02 -2.06723958e-02  5.03470041e-02
 -1.43882865e-02  2.05095038e-02 -8.37188363e-02  4.50312197e-02
  2.51787752e-02  2.43938863e-02 -5.10171195e-03  7.67113417e-02
  1.31145865e-02 -1.04243509e-01  3.43342051e-02  7.79695436e-02
  5.22219241e-02  6.95011094e-02 -1.43466974e-02  8.12214687e-02
 -2.88571678e-02 -6.67379647e-02  8.26056451e-02  2.27199942e-02
 -5.13395900e-03 -2.58209333e-02 -2.54741441e-02  4.14285138e-02
 -6.03622682e-02  2.79567726e-02  2.70346235e-02 -7.21794143e-02
 -4.43898328e-02  5.51554114e-02 -3.60745750e-02  3.93112898e-02
 -3.75908054e-02  2.22395435e-02 -9.26779062e-02  9.67377499e-02
 -2.07716059e-02  1.81095991e-02 -8.01200420e-03  6.81802556e-02
  9.54645798e-02 -1.92404240e-02 -2.25382429e-02 -6.22783601e-03]"
31,../SysML-v2-release-src/training/17. Control/Decision Example.sysml,"package 'Decision Example' {
	private import ScalarValues::*;
	
	attribute def BatteryCharged;
	
	part battery;
	part powerSystem;
	
	action def MonitorBattery { out charge : Real; }
	action def AddCharge { in charge : Real; }
	action def EndCharging;
	
	action def ChargeBattery {
		first start;

		then merge continueCharging;
		
		then action monitor : MonitorBattery {
			out batteryCharge : Real;
		}
		
		then decide;
			if monitor.batteryCharge < 100 then addCharge;
			if monitor.batteryCharge >= 100 then endCharging;
			
		action addCharge : AddCharge {
			in charge = monitor.batteryCharge;
		}
		then continueCharging;
		
		action endCharging : EndCharging;
		then done;
	}
}","Generate a SysML v2 model titled 'Decision Example' that focuses on the management of battery charging within a power system. The model should define an attribute named 'BatteryCharged' to track the charging state and include parts for a battery and a power system. Implement three main actions: 'MonitorBattery' to output the real-time battery charge, 'AddCharge' to accept incoming charge values, and 'EndCharging' to denote the completion of the charging process. The core action, 'ChargeBattery', initiates the charging sequence, first starting the process. It includes a monitoring step that gathers the battery charge, subsequently employing a decision mechanism to either continue charging or end the process based on the current charge level. If the monitored charge is below 100, it triggers 'AddCharge' to increment the charge. Upon reaching 100, it executes 'EndCharging', concluding the charging cycle efficiently. This model encapsulates the dynamic decision-making involved in battery management and charging operations.","[-6.55773133e-02  7.36246482e-02 -1.11806296e-01  5.85442483e-02
  2.33739782e-02 -2.83669326e-02  6.77715540e-02  3.15154865e-02
 -1.74382869e-02  1.06121868e-01  7.22553134e-02 -5.77858426e-02
  5.67147247e-02  7.65203387e-02 -3.02182306e-02 -2.25792583e-02
  3.41108702e-02 -5.46989143e-02  2.61011906e-02  3.05011193e-03
  1.05048582e-01 -5.34391366e-02  7.96823129e-02 -1.18448259e-02
 -4.24818695e-02  4.54743393e-03 -9.63129941e-03 -2.71956017e-03
 -1.30100576e-02 -1.07806601e-01  7.73004955e-03  1.69116892e-02
  7.06960633e-02 -2.11518127e-02  1.52275409e-03  4.01843749e-02
  2.35026479e-02 -8.80718324e-03 -2.99316347e-02 -4.45336737e-02
  3.73134166e-02 -7.17943907e-02 -2.94403844e-02  2.05673315e-02
  2.40622219e-02  2.25202199e-02 -6.54000277e-03 -5.98833291e-03
 -4.25451882e-02  3.92595902e-02  1.07208453e-02 -6.55065849e-02
  4.50276770e-02 -5.22321761e-02 -3.02906707e-02  4.85616885e-02
  7.98849463e-02 -6.80858875e-03 -6.54739812e-02 -9.42116454e-02
 -8.51857439e-02 -1.21125169e-02 -1.21847846e-01 -2.02707853e-02
 -8.11040029e-03  5.06992359e-03 -7.14193657e-03  6.35356158e-02
  4.40863669e-02  1.98101681e-02 -5.83557133e-03 -1.01959007e-02
 -2.77173333e-02 -6.56175390e-02 -2.36638952e-02 -5.44564538e-02
  5.39453365e-02  4.83034598e-03 -2.74451468e-02 -7.96585977e-02
 -2.72877663e-02 -1.23407599e-02 -2.01055426e-02  1.56014943e-02
  6.62694722e-02 -2.22614966e-02  4.33687121e-02 -3.66680548e-02
  5.25105782e-02  1.79650858e-02  1.44828800e-02  4.78360429e-02
 -3.52802090e-02 -6.12953901e-02 -2.07242649e-02  9.11094248e-02
  1.25101600e-02  1.01500368e-02  1.83881377e-04 -3.89229902e-03
  5.25592901e-02  1.53814973e-02 -2.23797234e-03 -2.16766391e-02
  2.71252021e-02 -7.79364258e-02 -2.07766108e-02  3.17192860e-02
 -9.09371208e-03 -6.22834377e-02  2.25793459e-02  2.62845848e-02
  5.77828437e-02  1.74304117e-02  7.36681521e-02  1.28763810e-01
  3.09884585e-02  3.43990773e-02  7.36594275e-02 -5.51129207e-02
  4.10254821e-02  2.79155164e-03 -2.10115165e-02 -5.85062280e-02
  3.31184417e-02  3.03981919e-02  1.77118909e-02  2.09811562e-33
 -2.51248740e-02 -7.31768459e-02  2.74963770e-03  2.12391261e-02
 -2.22187657e-02  5.78485020e-02 -1.65352579e-02  3.49592119e-02
  4.42087613e-02  5.14337905e-02 -2.39831302e-02 -1.57152843e-02
  4.98410352e-02  4.00042497e-02 -2.05410700e-02 -1.11336790e-01
 -4.61063050e-02  4.62500937e-02  3.19932774e-02 -1.40570942e-02
  1.19142635e-02  1.56610217e-02 -5.29892743e-03 -1.99606940e-02
  5.30141108e-02  8.68286490e-02  1.09776132e-01  4.04923968e-03
 -5.77043556e-02  3.87588739e-02  1.25197530e-01  5.98103106e-02
 -4.98633794e-02  2.51466744e-02 -4.09543328e-02  6.96738139e-02
  1.85006503e-02  2.00741962e-02  1.03537895e-01 -5.37722707e-02
 -3.24502438e-02 -2.06835158e-02 -5.56448586e-02  5.96310869e-02
 -1.21369727e-01 -6.47336915e-02  1.81721784e-02 -5.63749857e-02
 -1.88743398e-02  5.66997342e-02 -3.00800800e-02 -7.10285977e-02
  8.70561227e-02  2.31372286e-02 -5.36940917e-02  6.32107779e-02
 -5.08643920e-03 -4.41094004e-02 -3.58964652e-02  3.31234448e-02
  5.07307090e-02 -4.85574491e-02 -8.36775899e-02 -2.51409020e-02
 -1.91471111e-02  2.88826171e-02 -5.29111698e-02 -9.41875353e-02
 -9.12586600e-03  4.12281752e-02 -2.52720937e-02  4.84487303e-02
  3.40943336e-02 -3.82118113e-02  1.67067498e-02  3.18616033e-02
  3.62761058e-02  5.05380705e-02 -7.09911510e-02 -3.66553888e-02
 -8.25045034e-02 -2.59584412e-02 -2.73174793e-02 -2.53184624e-02
  6.73074946e-02 -7.84805417e-02 -4.93091121e-02 -5.19025922e-02
 -5.13902828e-02 -1.02804944e-01 -1.56447254e-02 -4.58707325e-02
  5.83382286e-02  1.91584248e-02  5.69525398e-02 -2.30973840e-33
  5.49163856e-02 -5.50135644e-03  3.04551106e-02  3.29036750e-02
  7.50884647e-03 -1.15504051e-02 -7.29655400e-02 -6.06063195e-02
 -6.69301003e-02 -7.49730831e-03 -8.55353251e-02  3.82034108e-02
 -6.53533265e-02  3.06498464e-02  5.47180958e-02 -5.21474378e-03
 -2.16680695e-04 -9.63563994e-02  3.78024653e-02  6.34464994e-02
 -1.76722035e-02  9.73491594e-02 -3.01614013e-02  1.86962709e-02
  7.70673156e-02  8.74559302e-03 -1.72993541e-02 -1.73747558e-02
  9.27958488e-02 -2.52872650e-02 -2.00947728e-02 -6.79971501e-02
  4.79660667e-02  1.56441797e-02 -5.50539047e-02 -6.71632662e-02
  9.04079899e-03  7.94104487e-03  2.04886030e-02  1.06855877e-01
  4.13301736e-02 -3.05884704e-02 -4.53072041e-02 -2.68056262e-02
  3.56993601e-02 -1.57889407e-02 -1.05302759e-01  6.59854338e-02
 -8.43835101e-02 -7.24326633e-03 -5.16981743e-02 -3.97805497e-02
 -3.06566004e-02  1.11335017e-01 -3.77611071e-02 -7.88526202e-04
  7.14996755e-02  4.00259607e-02 -5.90660311e-02 -7.58139929e-03
  6.36487221e-03 -5.22456393e-02  6.56995773e-02 -4.07642126e-02
 -5.04270606e-02  4.84062650e-04  2.85743941e-02  1.84355932e-03
  5.16178012e-02  6.35391334e-03 -5.05738519e-03  2.81346105e-02
 -1.94796659e-02 -8.95893667e-03  1.50621403e-02 -3.40702794e-02
 -8.64210948e-02 -5.31415120e-02  4.34255740e-03 -9.25203264e-02
 -2.94729378e-02 -3.20056570e-03  3.11766881e-02 -1.64831690e-02
 -9.15952474e-02 -5.58424480e-02  2.11260896e-02  8.35077092e-02
  8.98576342e-03 -6.93921596e-02 -5.10222763e-02 -1.15485340e-02
  1.06392172e-03  1.87411472e-01 -1.09167688e-01 -4.78005369e-08
 -5.66404723e-02  2.83673238e-02  1.04311965e-01  3.95748690e-02
  7.66241848e-02  1.90757606e-02 -3.47814038e-02  5.94038935e-03
 -4.80250642e-03 -3.78437079e-02  1.29404515e-02  8.80937651e-03
  7.06764311e-02 -2.07659062e-02  2.43566167e-02  9.71880928e-02
  7.37326890e-02  7.90680796e-02 -5.23467325e-02  2.61357948e-02
  4.30012541e-03  2.03773957e-02 -7.74081647e-02  6.49906769e-02
  3.26860696e-02  1.06458459e-02 -4.67459438e-03  4.31309603e-02
  1.61144845e-02 -8.54413211e-02  1.97602250e-02  1.02278300e-01
  3.77135463e-02  5.23935519e-02 -4.09755744e-02  5.81619702e-02
 -1.44437123e-02 -9.07063410e-02  7.90090412e-02  1.66935790e-02
 -6.53434638e-03 -3.78209446e-03 -1.99499652e-02  3.76332887e-02
 -3.89707461e-02  9.43112560e-03  1.96709589e-04 -1.03332810e-01
 -4.38504182e-02  5.96236363e-02 -1.91493537e-02  1.46109499e-02
 -1.96519792e-02  4.54936847e-02 -5.10794632e-02  1.01925217e-01
 -1.56466868e-02 -1.53289074e-02  1.05868913e-02  6.66996166e-02
  1.08640432e-01 -3.05479206e-02 -3.02193835e-02  4.42672567e-03]"
32,../SysML-v2-release-src/training/17. Control/Fork Join Example.sysml,"package 'Fork Join Example' {
	private import ScalarValues::*;
	
	attribute def TurnKeyToOn;
	attribute def BrakePressure;
	
	action def MonitorBrakePedal { out pressure : BrakePressure; }
	action def MonitorTraction { out modFreq : Real; }
	action def Braking { in brakePressure : BrakePressure; in modulationFrequency : Real; }
	
	action def Brake {
		action TurnOn;
		
		then fork;
			then monitorBrakePedal;
			then monitorTraction;
			then braking;
		
		action monitorBrakePedal : MonitorBrakePedal {
			out brakePressure;
		}
		then joinNode;
		
		action monitorTraction : MonitorTraction {
			out modulationFrequency;
		}
		then joinNode;
		
		flow from monitorBrakePedal.brakePressure to braking.brakePressure;
		flow from monitorTraction.modulationFrequency to braking.modulationFrequency; 
		
		action braking : Braking {
			in brakePressure; 
			in modulationFrequency;
		}
		then joinNode;
		
		join joinNode;
		then done;
	}
}","Generate a SysML v2 model titled 'Fork Join Example'. This model encapsulates a control mechanism for a braking system utilizing a fork-join pattern to manage concurrent processes seamlessly. It includes attributes such as TurnKeyToOn and BrakePressure to represent system states. The model comprises several actions: MonitorBrakePedal and MonitorTraction, which respectively output brake pressure and modulation frequency. The main action, Brake, initiates a process that forks into two concurrent actions: monitoring brake pedal status and traction, before joining their results for the braking action. Each monitoring action produces outputs that flow into the braking action's inputs—ensuring synchronized data handling. Finally, all actions converge at a join node, culminating in a unified operational flow to facilitate effective braking control.","[-5.12359366e-02 -4.20330614e-02 -1.91636812e-02  6.19301107e-04
 -7.98745174e-03 -1.64254960e-02  3.12708020e-02  6.20385408e-02
  4.15319111e-03  6.30774572e-02  3.86356749e-02 -9.14109126e-03
  3.87778543e-02 -7.51151564e-03 -2.24011559e-02 -8.64246115e-03
  3.73298600e-02 -2.09539514e-02 -4.45733964e-02 -9.30501521e-03
  5.73414490e-02 -4.84503768e-02  1.03073549e-02  1.35494117e-02
 -9.98917967e-02  2.85876114e-02 -6.29029423e-02  1.48999840e-02
  5.09877540e-02 -9.48996842e-02 -1.56046739e-02  1.71507094e-02
  4.88165542e-02  1.59855038e-02 -1.51211908e-03  2.53318958e-02
  7.72390962e-02 -9.00176242e-02 -6.11928105e-02 -9.81453583e-02
 -2.03390699e-03 -5.13033122e-02  1.78878978e-02 -4.16052416e-02
  5.98637536e-02  5.51892184e-02 -2.35152673e-02 -1.29721863e-02
 -3.77876386e-02  6.87662326e-03 -6.38936087e-02  1.34362057e-02
  8.50677565e-02  3.66200656e-02  2.99203899e-02  7.38207921e-02
  3.66511866e-02  9.45237838e-03 -8.29719082e-02 -7.26675708e-03
  2.33050361e-02  1.40290447e-02 -9.60002542e-02 -1.89455990e-02
  8.41480447e-04  7.00597391e-02 -1.87934581e-02  8.63934215e-03
  4.81044594e-03  4.71460894e-02 -9.25799310e-02 -6.03324696e-02
 -3.88101786e-02 -1.99980997e-02 -1.95008721e-02 -8.71096179e-02
  3.37842070e-02  6.18033065e-03 -6.53967038e-02 -9.67308208e-02
 -1.14947483e-01 -6.33120490e-03 -3.56890149e-02 -1.30791254e-02
 -1.07451752e-02 -4.55877818e-02 -8.30130558e-03 -3.16090211e-02
  9.10310075e-02  3.21035273e-02 -8.11329931e-02  4.83915284e-02
  8.85746777e-02 -6.60563782e-02 -1.44466886e-03  8.84392932e-02
  2.03925874e-02 -4.73637599e-03  4.46136855e-02  6.34158626e-02
  1.39539689e-03  7.20047355e-02  6.35455642e-03 -1.62282884e-02
  4.82803136e-02  5.42971829e-04 -2.50906497e-02 -1.07773242e-03
 -5.14599122e-03 -1.79793946e-02  1.57898273e-02  7.36596733e-02
  9.15580522e-03 -9.04601812e-03  1.13967173e-02 -2.24398691e-02
 -3.63776274e-02  4.09003012e-02  6.95213377e-02 -2.78469976e-02
  2.94070747e-02 -3.88463363e-02 -1.58304442e-02  6.03102185e-02
  1.02904931e-01 -5.58797009e-02 -5.48491739e-02  3.60477318e-33
  8.12325743e-04 -4.79714572e-02  3.13615836e-02  2.82156654e-02
 -5.76537009e-03  5.53162508e-02 -2.53824089e-02 -1.22344419e-02
 -1.61153283e-02  4.40478437e-02 -7.71300495e-03 -2.60232985e-02
  2.97636800e-02  3.42040276e-03  4.08672020e-02 -8.78755823e-02
 -6.91960519e-03 -1.81229858e-04 -1.10245068e-02  1.09836704e-03
  7.41684437e-02 -1.40083558e-03 -3.19733061e-02  4.72448282e-02
  4.24987748e-02  3.73749882e-02 -5.47881983e-03  4.91491593e-02
  4.20627184e-02  3.54047939e-02  1.41901998e-02  5.44365086e-02
  4.93578264e-04  4.88015302e-02 -1.05057061e-02  2.08910741e-02
  6.62942417e-03 -6.71208054e-02  3.71150114e-02 -2.91521568e-02
  6.92038983e-03 -5.79552539e-02 -6.55108690e-02 -3.49762961e-02
 -8.04924220e-02 -1.02621354e-01 -1.13895675e-02  3.56979072e-02
  4.24943231e-02 -7.71807460e-03  5.32357432e-02 -7.41226831e-03
  6.85776696e-02 -2.43080109e-02 -1.01232067e-01  4.59198169e-02
 -1.22697398e-04  2.01365128e-02 -6.72399625e-02  1.65643021e-01
 -9.39615592e-02 -3.83204892e-02 -1.72864385e-02 -9.05631669e-03
  1.95738804e-02  9.13841724e-02 -1.32079152e-02 -4.76642810e-02
  5.05936518e-02 -1.58567410e-02 -1.43757939e-01  5.81795350e-02
 -5.07755764e-02  2.22904198e-02  1.39062982e-02 -5.48560061e-02
 -8.00780114e-03 -1.54749583e-02 -5.18376864e-02  4.54074033e-02
 -6.92344829e-02  2.19401401e-02 -4.09356542e-02 -8.93847831e-03
  6.97178617e-02 -3.95854749e-02 -3.63865905e-02 -8.65626633e-02
 -8.28249529e-02 -4.01300527e-02 -5.01654893e-02 -1.05025833e-02
  3.94904204e-02  8.58115107e-02  5.11941016e-02 -4.09734095e-33
  5.40441796e-02 -3.41631696e-02  1.42615975e-03  4.08679955e-02
  2.05015601e-03 -6.50959536e-02  1.11389754e-03 -8.57133120e-02
 -8.44113231e-02  1.84881501e-02  4.34188731e-02 -5.45783043e-02
 -4.30012345e-02  5.56848720e-02 -9.38261393e-04 -3.09306234e-02
  1.07917190e-01 -8.66807625e-02  5.27349301e-02  5.12235165e-02
 -2.69489009e-02  9.43500847e-02  3.59749012e-02 -2.25279927e-02
 -1.50095150e-02  9.45904013e-03 -3.25104706e-02  9.62423608e-02
  2.66994303e-03  3.37344706e-02 -2.17103530e-02 -5.70212975e-02
  4.57748249e-02  4.39350586e-03 -5.51400855e-02 -1.18863527e-02
 -1.00009359e-01 -2.65406370e-02 -1.29576158e-02 -2.30656955e-02
  1.09293321e-02 -3.40827517e-02 -2.48817299e-02  3.47875245e-02
  3.34794372e-02  1.83635280e-02 -4.35254313e-02  6.89231008e-02
 -1.60514042e-01 -1.86093934e-02  5.85925765e-02  3.66598181e-02
  5.60114393e-04  6.95662387e-03 -6.71356358e-03 -6.83417032e-03
  4.51942086e-02 -1.97821576e-03 -3.77925597e-02 -4.60232934e-03
  6.88440055e-02  1.44761745e-02  4.00829986e-02  2.50569396e-02
  1.01657473e-01 -5.03449589e-02  7.76094676e-04 -3.87989171e-02
  4.21481393e-02  1.43457679e-02  8.33000317e-02  5.86965866e-02
  4.54138382e-04  8.13114364e-03  5.98089881e-02 -5.08741513e-02
 -4.56284918e-02 -8.58601704e-02  1.22072492e-02 -3.35697606e-02
 -1.60233885e-01  2.58965064e-02  8.72963443e-02  1.01056993e-01
 -9.78543162e-02 -9.66669340e-03 -3.61015871e-02  8.44166353e-02
  6.73882216e-02  4.52665146e-03 -8.87913555e-02  4.75212559e-02
  5.16857989e-02  9.38015655e-02 -2.85377018e-02 -4.54039331e-08
 -2.50655990e-02  3.26084234e-02 -1.37154432e-02  5.20453826e-02
  6.06960207e-02  6.10871576e-02 -4.51195426e-02 -6.75841644e-02
 -6.40026927e-02 -1.68452207e-02  1.58299580e-02  2.94604078e-02
 -5.51222917e-03 -3.51332836e-02  2.62135570e-03  1.31585021e-02
  6.45693466e-02  9.09708291e-02 -7.91720971e-02 -2.04914305e-02
  6.05150051e-02 -5.39240576e-02 -4.33139391e-02  8.37056190e-02
  5.44072017e-02 -6.27442971e-02  4.82751951e-02  6.75958991e-02
  2.17112266e-02 -2.84681115e-02 -1.49658544e-03 -1.98886320e-02
  7.14812055e-02  6.44201711e-02  5.00116795e-02  5.30564822e-02
 -7.00449422e-02  1.76023878e-02  1.01842672e-01  4.07963470e-02
  1.17263226e-02  1.04128838e-01 -4.77854051e-02  6.44035563e-02
 -4.35707010e-02  8.31688419e-02 -8.15041065e-02 -1.12604059e-01
  3.27576697e-02  1.26585523e-02 -2.42818939e-03  1.37633004e-03
 -4.31897119e-02  8.02808404e-02 -6.66860417e-02  8.34989548e-02
  8.45752005e-03 -3.54505479e-02  3.62096392e-02  5.64143993e-02
  9.14527010e-03  1.81398839e-02 -1.92872435e-02 -1.73280314e-02]"
33,../SysML-v2-release-src/training/17. Control/Merge Example.sysml,"package 'Merge Example' {
	part def Scene;
	part def Image;
	part def Picture;
	
	action def Focus { in item scene : Scene; out item image : Image; }
	action def Shoot { in item image : Image; out item picture : Picture; }
	action def Display { in item picture : Picture; }
	action def TakePicture;
	
	action takePicture : TakePicture {
		first start;
		
		then merge continue;
			
		then action trigger {
			out item scene : Scene;
		}
		
		flow from trigger.scene to focus.scene;
		
		then action focus : Focus {
			in item scene;
			out item image;
		}
		
		flow from focus.image to shoot.image;
		
		then action shoot : Shoot {
			in item image ;
			out item picture;
		}
		
		flow from shoot.picture to display.picture;
		
		then action display : Display {
			in item picture;
		}
		
		then continue;	
	}
}","Generate a SysML v2 model named 'Merge Example' that captures the process of taking and displaying a picture. The model consists of three parts: Scene, Image, and Picture. It includes four actions: Focus, Shoot, Display, and a composite action called TakePicture. The TakePicture action initiates the process by starting with a trigger that produces a Scene. This Scene is passed to the Focus action, which outputs an Image. The Image is then sent to the Shoot action, which creates a Picture. Finally, the Picture is displayed via the Display action. The model defines the flow of data between actions, creating a seamless sequence for capturing and presenting an image. The entire process is organized logically to ensure clarity and coherence in transitions from one action to the next, culminating in the display of the picture.","[-2.89660301e-02 -5.60549349e-02 -9.44110379e-03 -2.08482873e-02
  4.49742228e-02 -2.10192744e-02  2.60892995e-02  1.70803443e-02
  6.47725090e-02  1.84297506e-02  5.95407002e-02 -2.03236621e-02
  2.24540532e-02  3.45374867e-02 -2.84817331e-02 -1.15725789e-02
 -2.07186467e-03 -1.81392413e-02 -8.15286413e-02 -6.52413024e-03
  5.25031462e-02 -1.11050740e-01  1.97103377e-02 -3.84833254e-02
 -3.73531915e-02 -9.51763801e-03  1.36021699e-03  6.84832176e-03
  5.93779646e-02 -1.02047585e-01  4.16823700e-02  2.23090071e-02
  5.52072562e-02  7.69997835e-02 -2.03695265e-04  1.01360962e-01
  3.97753865e-02 -4.70007919e-02 -5.93788102e-02 -4.27912772e-02
 -1.28235426e-02 -1.46318357e-02 -5.99070713e-02 -2.07511131e-02
  4.57939170e-02  1.60977598e-02  9.20462236e-03 -4.88287956e-03
 -9.98171419e-03 -1.62285548e-02 -1.51717007e-01 -3.42723019e-02
 -4.01776619e-02  5.26499655e-03 -1.96837820e-02  6.11517280e-02
  7.03949435e-03 -7.01773241e-02 -6.80079982e-02 -2.45065484e-02
 -4.02399302e-02  1.55757116e-02 -1.16824158e-01  1.47226136e-02
  1.08328208e-01  1.41461510e-02  2.15458237e-02 -2.69080475e-02
  6.22655787e-02 -5.30225523e-02 -9.54882056e-02 -5.68270171e-03
 -1.50263077e-02 -6.53633252e-02 -4.63292114e-02 -5.99689409e-02
  3.60827567e-03 -5.75726554e-02 -2.43678242e-02 -8.54294226e-02
  5.31434529e-02 -2.84647364e-02 -5.72886877e-02  3.14092333e-03
  3.18802819e-02  8.60063080e-03 -4.31237519e-02 -5.05290693e-03
 -4.29673400e-03  1.30139207e-02 -1.13865480e-01 -5.88095486e-02
 -4.07321788e-02 -2.37280652e-02  7.49094561e-02  5.63235208e-02
  1.72004420e-02 -2.97366902e-02  9.10176411e-02  4.66545746e-02
  9.20150988e-03  1.58377655e-03  8.36315230e-02 -5.97685538e-02
  7.12431297e-02 -5.65904826e-02 -9.46307555e-03 -4.88857087e-03
 -2.86183748e-02 -3.80594581e-02 -8.60939175e-03  3.54582109e-02
 -2.68039703e-02  1.50390081e-02  7.12641329e-02  6.41554222e-03
 -1.30796507e-02 -1.62681229e-02  4.47243042e-02 -1.08015679e-01
  9.09900889e-02 -2.79714027e-03 -3.15566733e-02  8.46562162e-03
 -8.22813716e-04 -8.13545063e-02 -3.65619138e-02  5.76721773e-34
 -5.81601402e-03 -3.74024324e-02  7.40952492e-02  1.14124149e-01
  2.51778550e-02  6.12409823e-02 -1.89625006e-02 -5.55439182e-02
  8.96919146e-03  2.12103259e-02 -7.37454509e-03 -5.43443300e-02
  4.51417034e-03  1.17740899e-01  2.70499773e-02 -9.35996920e-02
 -5.25636785e-02  9.41430181e-02  5.22775762e-03  9.87654626e-02
  1.89906098e-02  2.56885178e-02 -5.69420084e-02  3.53225023e-02
 -6.56774081e-03  9.62065533e-02  2.93987878e-02  5.90618178e-02
 -2.76530366e-02 -1.67192314e-02  4.79163509e-03  4.87594679e-02
 -4.60381843e-02  1.05885956e-02  6.21616542e-02 -2.35945173e-02
 -3.69370612e-03 -4.11452539e-02  7.83755705e-02 -1.20488321e-02
 -1.67288780e-02  6.69124424e-02 -7.46117979e-02  2.10535470e-02
 -6.63420781e-02 -2.14297939e-02 -2.39894204e-02  8.28012675e-02
 -5.67278638e-02  5.94345443e-02  1.19789191e-01 -4.86357845e-02
  5.76886721e-02 -4.84356917e-02 -6.68706670e-02  1.98140014e-02
  2.33657248e-02 -4.90701422e-02 -1.37048680e-02  8.39036629e-02
  7.87751749e-02  8.74368753e-03 -5.20737320e-02  7.07261413e-02
  4.38286550e-02  7.29718879e-02 -1.62206385e-02 -2.90069859e-02
  8.76504481e-02  1.92101742e-03 -1.02060072e-01  8.23538750e-02
 -3.31008658e-02 -3.55347507e-02  8.73587504e-02 -2.37702318e-02
 -3.64426412e-02 -1.80681031e-02 -1.07226139e-02  1.29266202e-01
 -1.10280380e-01  2.26583052e-02 -6.89999834e-02 -4.07697260e-02
 -4.51139323e-02 -1.99901573e-02 -3.70567776e-02 -7.71912187e-02
 -1.08734503e-01 -7.75027052e-02 -3.15088034e-02 -7.74094369e-03
  3.06436066e-02  2.98284888e-02  6.25181049e-02 -1.31624299e-33
  9.85347033e-02  1.80823300e-02 -2.99207307e-02  6.36697263e-02
 -2.99646910e-02 -4.02126908e-02  6.05262741e-02  5.98583743e-03
 -1.86394211e-02  7.77513115e-03  9.94678959e-03  1.23050380e-02
 -1.87773164e-02 -8.24700482e-03 -5.11501171e-02 -3.84961180e-02
  1.00520127e-01 -7.90206343e-02 -6.08800650e-02  4.42379229e-02
  4.21671197e-02  7.30886832e-02  2.33883411e-02 -1.03424378e-02
 -2.98625901e-02  7.45513216e-02  4.95559443e-03  3.42292935e-02
  4.97079939e-02 -1.45425145e-02  3.87548693e-02 -8.13163370e-02
  7.68000558e-02 -2.34114863e-02 -2.40133926e-02 -2.54765563e-02
  4.42332849e-02 -2.98993737e-02 -2.00644881e-02  6.76121935e-03
  3.40211652e-02  1.15735205e-02 -5.30448146e-02  8.25752914e-02
  5.98375592e-03  1.02208937e-02 -1.12011041e-02 -3.36719374e-03
 -4.82099429e-02  2.05638935e-03 -6.14870265e-02  1.11154076e-02
 -4.77267802e-02 -6.36639521e-02 -1.16418712e-02  3.41897248e-03
 -3.68290185e-03 -4.48506176e-02  2.27655526e-02  1.86972991e-02
  4.14134264e-02 -4.98009287e-02 -4.84452806e-02 -5.87812550e-02
  5.01670502e-02  5.61273890e-03 -7.88318217e-02 -3.41319107e-02
 -2.66954713e-02  5.88755645e-02  6.67747557e-02  3.91513575e-03
  2.75152996e-02  1.07535655e-02  7.63720870e-02 -5.71694486e-02
 -1.70609187e-02  2.79094819e-02  7.21753761e-02 -2.02819891e-02
 -1.01250991e-01 -7.49960542e-02  4.92965691e-02  8.07242990e-02
 -1.80313289e-02  3.58367041e-02 -3.06404289e-02  3.09840962e-03
  2.13238299e-02 -2.21597850e-02 -9.19546336e-02  3.33535820e-02
  8.29840153e-02  1.26261413e-01 -5.34996800e-02 -4.56522535e-08
 -6.18344657e-02 -2.41799070e-03  8.01026076e-02 -1.47518702e-02
  1.70448758e-02  5.73779270e-03 -4.00430970e-02  7.69989192e-03
  5.28482385e-02 -8.18867311e-02 -3.19900503e-03  2.99645495e-02
 -3.04812118e-02 -4.75534014e-02  2.46275924e-02  4.72149886e-02
  7.74901584e-02  3.03563811e-02 -2.89204195e-02 -2.78396308e-02
  4.61655967e-02 -3.91177945e-02 -3.81285623e-02  5.06103225e-02
 -1.05517881e-03 -1.08661158e-02 -2.00174116e-02  7.67058432e-02
  2.85725133e-03 -5.68469726e-02  6.62921220e-02  4.22760248e-02
  6.29484653e-02  3.89771685e-02 -4.38941903e-02  7.45122973e-03
 -3.63767371e-02 -3.04347482e-02  2.75736973e-02  6.13915618e-04
 -9.16129071e-03  2.54382137e-02  1.84407979e-02  3.21259201e-02
 -2.87613878e-03  8.29280019e-02  3.71572785e-02 -1.31171897e-01
 -1.35804538e-03  7.38795996e-02 -4.54938747e-02  1.86963920e-02
 -5.32257929e-02  7.04814494e-02 -2.43219808e-02  1.22079998e-02
  1.31125718e-01 -1.65563561e-02  8.60838220e-02  7.60997310e-02
  2.87933927e-02  3.72492969e-02 -8.38159174e-02  3.40121128e-02]"
34,../SysML-v2-release-src/training/18. Action Performance/Action Performance Example.sysml,"package 'Action Performance Example' {
	private import 'Action Decomposition'::*;
	
	part def Camera;
	part def AutoFocus;
	part def Imager;
	
	part camera : Camera {
		
		perform action takePhoto[*] ordered 
			references takePicture;
		
		part f : AutoFocus {
			perform takePhoto.focus;			
		}
		
		part i : Imager {
			perform takePhoto.shoot;
		}		
	}
}
","Generate a SysML v2 model named 'Action Performance Example' that encapsulates a camera's operational actions. The model will include a private import of the 'Action Decomposition' package and define three parts: Camera, AutoFocus, and Imager. Within the Camera part, I will delineate the performance of the action 'takePhoto', referencing the 'takePicture' action. This will be implemented in an ordered manner. Additionally, I will include a sub-part 'f' for AutoFocus, tasked with performing the focus action of 'takePhoto', and a sub-part 'i' for Imager, responsible for executing the 'shoot' action associated with 'takePhoto'. This structured approach ensures that the interaction between focusing and shooting is clearly defined within the camera's functionality.","[-1.77099574e-02 -6.60669506e-02 -1.63488220e-02 -2.22749207e-02
  1.37235774e-02 -4.56041582e-02  7.50025660e-02  4.02334817e-02
  7.80778378e-03  8.20546150e-02  6.42782971e-02 -2.78879311e-02
 -4.62312950e-03  5.45843504e-02  3.23456712e-02 -1.27131389e-02
  2.13155355e-02  3.19502852e-03 -8.49987566e-02  2.44132839e-02
  7.77024925e-02 -1.07095547e-01  7.93500990e-02 -6.42449129e-03
 -3.28312032e-02 -6.06735535e-02 -2.81539988e-02 -2.65769530e-02
  1.31602315e-02 -7.29807392e-02  5.11762612e-02 -2.92340107e-03
  5.15134037e-02  1.82072017e-02 -9.75995604e-03  7.06426278e-02
  1.28726922e-02 -6.71532005e-02 -5.47202863e-02 -8.79772455e-02
 -4.89461571e-02 -2.32956782e-02 -1.96907520e-02 -9.07982420e-03
  2.70162784e-02  3.70114855e-02  4.49585728e-02 -2.02215556e-03
 -3.01373079e-02 -1.78552344e-02 -1.34161755e-01 -9.62491985e-03
  5.84360352e-03 -5.35424799e-02 -1.62666254e-02  4.98897508e-02
  1.07148523e-02 -9.05861333e-02 -5.92714734e-02 -4.17103060e-02
 -5.74370883e-02  3.80639220e-03 -8.13789442e-02 -1.09893354e-02
  7.46629341e-03  6.81641102e-02  7.66346008e-02 -7.02798367e-02
  6.63620979e-02  2.49525346e-02 -1.07294433e-01  5.27914241e-03
 -1.06589803e-02 -2.45515835e-02 -7.22379759e-02 -5.67804202e-02
 -7.23175146e-03 -4.76849489e-02 -5.46613373e-02 -8.12038407e-02
  1.01051241e-01 -4.24299203e-02 -4.70947698e-02  1.10109225e-02
  5.82161471e-02  1.35494974e-02 -4.02776599e-02 -2.50264704e-02
  3.68993878e-02  2.02266276e-02 -9.94039699e-02 -1.17470734e-01
 -1.05726253e-02 -3.30767371e-02  5.14481328e-02  4.95191151e-03
 -3.86622443e-04 -2.16787495e-03  3.57566439e-02  1.55245271e-02
  1.53682996e-02 -4.59375558e-03 -8.36730655e-03 -5.91199435e-02
  6.33309707e-02 -1.00341607e-02 -4.24371148e-03 -3.11596263e-02
 -4.41839881e-02 -3.02843805e-02 -4.74590287e-02  4.06487696e-02
 -2.36508083e-02  2.98646744e-02  6.04877658e-02  6.48715124e-02
  5.07278182e-02 -2.58883331e-02  6.99040070e-02 -1.06891721e-01
  5.75286411e-02 -2.10043639e-02 -2.91179456e-02  1.05782477e-02
  2.94308141e-02 -4.41387296e-02 -7.18470812e-02  1.57267020e-33
 -2.52569001e-02  2.12665219e-02  7.90552497e-02  9.73211750e-02
 -2.36946382e-02  2.51682978e-02  1.43086687e-02 -2.31839083e-02
  5.23019303e-03 -3.05478252e-03 -8.57772026e-03 -5.55436239e-02
 -4.86505823e-03  4.71188612e-02  6.67036325e-02 -5.34993298e-02
 -2.17588041e-02  8.24570507e-02  1.39333131e-02  4.15636450e-02
  8.15320015e-02  4.46521975e-02 -1.08312048e-01  4.06409316e-02
  3.72695588e-02  6.32979944e-02  2.14564446e-02  5.26486300e-02
 -4.63060029e-02 -5.93104400e-03  3.04011367e-02 -5.56650432e-03
 -4.74672504e-02  3.61673087e-02  8.46053585e-02 -3.18841934e-02
 -4.05729376e-02 -1.59751321e-03  9.04189274e-02 -3.07019632e-02
 -9.27980233e-04  9.53514427e-02 -8.49285424e-02  2.95268204e-02
 -5.58110252e-02  4.02164832e-03 -1.27419114e-01  1.39362410e-01
 -4.02644575e-02  1.94561742e-02  1.17799886e-01 -4.46578674e-02
  4.13578004e-02 -6.46594167e-03  1.93739652e-06  1.38131464e-02
  2.24380586e-02 -1.93191096e-02  5.02602756e-03  7.65965283e-02
  2.67110039e-02 -3.27596106e-02 -4.82425392e-02  5.07710315e-02
 -4.01271135e-03  5.42061590e-02 -3.76336202e-02  9.27485898e-03
  2.75796205e-02 -1.28017436e-03 -8.10599998e-02  8.51378143e-02
 -7.56628662e-02 -6.89066574e-03  1.29925907e-01  1.03096617e-02
 -3.83468717e-02 -7.08353072e-02 -4.05949056e-02  9.65314284e-02
 -8.62175003e-02  8.07344094e-02 -6.39855862e-02  2.41561681e-02
 -3.93536016e-02 -3.86757553e-02  9.34526033e-05 -6.29393384e-02
 -1.22287691e-01 -7.14434534e-02 -4.16969545e-02 -1.30835492e-02
 -2.70738527e-02  3.20303775e-02  7.19895959e-03 -1.28933538e-33
  7.70501643e-02  1.12296408e-02  2.82122009e-02  8.57368112e-02
 -3.12768668e-02 -4.17680293e-02  4.61908393e-02 -3.78162079e-02
  3.48498784e-02  1.68540869e-02 -1.29160304e-02 -3.09341457e-02
 -2.89481599e-02 -1.22363511e-02 -5.34407329e-03 -5.66841057e-03
  2.06397288e-02 -7.74107054e-02 -7.17471391e-02  7.87652284e-02
 -1.88181782e-03  8.53931457e-02  9.99168232e-02 -9.03948268e-04
 -5.08862026e-02  5.02298512e-02  3.76911610e-02  6.16524145e-02
  5.00415526e-02 -7.13190809e-02  1.03157305e-03 -3.07393353e-02
  8.07414204e-02 -5.20433187e-02 -2.02946886e-02  5.57022821e-03
 -2.26052031e-02 -3.57466005e-02 -7.43055600e-04  1.78606715e-02
  3.65542434e-02 -2.74658576e-03 -2.00247336e-02  2.34248210e-02
  2.16395259e-02  1.24620227e-02 -3.03978976e-02 -1.29062077e-02
 -7.33210891e-02  1.28925052e-02 -9.00427178e-02 -1.22910570e-02
 -5.41599616e-02  2.28803344e-02  1.73478089e-02  1.76856630e-02
  2.24805716e-02 -6.79446310e-02  1.83005035e-02  1.61918234e-02
  6.81266040e-02 -1.37253786e-02 -1.13756191e-02  1.42292921e-02
  1.21532492e-02  1.71960015e-02 -3.43627445e-02 -1.39336679e-02
  1.85000673e-02  9.02298540e-02  4.92213964e-02  9.18751862e-03
  2.73246262e-02  7.05615431e-02  2.43164152e-02 -4.87474948e-02
 -1.29834749e-02  4.38903049e-02  8.98484960e-02  1.37434946e-02
 -4.56562564e-02 -3.77533548e-02  3.23324837e-02  6.11474998e-02
 -8.65934566e-02  5.47536872e-02 -2.26966962e-02  3.21887853e-03
  3.59951123e-03 -3.53497639e-02 -4.79532890e-02  4.63692993e-02
  8.75867456e-02  1.23014651e-01 -3.86661552e-02 -4.94330621e-08
 -6.12035841e-02  4.08051237e-02  9.94792506e-02  4.47245464e-02
 -1.10006928e-02 -1.62653229e-03 -8.10495019e-02  1.62755772e-02
  4.45584580e-02 -9.97674186e-03 -1.65006577e-03  4.05868441e-02
  3.65430713e-02 -5.47888912e-02 -1.89483829e-03  3.24546173e-02
  9.94440541e-02  6.28425330e-02 -4.11506705e-02  1.49128800e-02
  4.97096218e-02  2.40415940e-03 -4.02217247e-02  2.97239516e-02
  1.96837373e-02 -3.30767110e-02 -3.80048640e-02  1.89444758e-02
  3.51337679e-02 -1.06228888e-02  6.04988970e-02  5.48758730e-02
  3.88510004e-02  4.37196828e-02 -9.67158526e-02  2.37023663e-02
 -7.17753023e-02 -4.15898561e-02  2.69784592e-02  6.00924995e-03
 -3.91791426e-02  1.50925107e-02  2.86179059e-03  5.31910099e-02
 -2.15043686e-03  7.89444298e-02  1.74117405e-02 -1.38022795e-01
  1.99330542e-02  5.49461581e-02 -5.36461323e-02  3.64987589e-02
 -5.18826991e-02  9.55066234e-02 -6.83620870e-02  7.76840523e-02
  1.01715878e-01 -2.69092191e-02  5.68340085e-02 -7.11638574e-03
  4.29884642e-02 -1.49857905e-03 -1.20614924e-01  7.32699260e-02]"
35,../SysML-v2-release-src/training/19. Terminate Actions/Terminate Actions Example-1.sysml,"package 'Terminate Actions Example-1' {
	private import ScalarValues::Boolean;
	
	action monitorCriticalActivity;
	action criticalActivity;
	action waitForTimeOut;
	
	action def MonitoredActivity {
		first start;

		then fork;
			then performCriticalActivity;
			then waitForTimeOut;
					
		action performCriticalActivity {
			perform monitorCriticalActivity;
			
			perform criticalActivity;
			then terminate;
		}
		then stop;
		
		action waitForTimeOut;
		then stop;
				
		action stop terminate;
	}
}","Generate a SysML v2 model named 'Terminate Actions Example-1' which illustrates a structured approach to handle critical activities using a combination of actions and timeouts. The model includes a private import for Boolean scalar values. Define an action called 'MonitoredActivity' that begins with a 'start' event. It then forks into two concurrent actions: 'performCriticalActivity' and 'waitForTimeOut'. The 'performCriticalActivity' action invokes 'monitorCriticalActivity', executes 'criticalActivity', and proceeds to terminate the activity. The 'waitForTimeOut' action handles timeouts and subsequently stops the process. Finally, ensure that all actions culminate in a 'stop terminate' action to conclude the monitored activity cleanly.","[ 4.38491665e-02 -3.67486961e-02 -5.07756770e-02 -9.67076700e-03
  2.80190296e-02  3.35557498e-02  6.44970387e-02 -1.58163570e-02
  3.35026868e-02  1.19494386e-01  2.29783263e-02  1.23804314e-02
  2.34308653e-02  5.01820855e-02 -2.24108472e-02 -9.26172454e-03
  2.49717496e-02 -7.57268965e-02 -4.77455929e-02  2.97783352e-02
  4.10684310e-02 -1.96228791e-02  3.26187275e-02  7.39253089e-02
 -1.71410769e-01 -3.05500142e-02  1.74373481e-02 -8.69435072e-02
  9.50073171e-03 -2.76319850e-02  5.43177053e-02 -5.56439348e-02
  2.68938150e-02 -1.63361225e-02  5.56534640e-02  7.31280372e-02
  9.41889361e-03 -4.89482507e-02 -9.86523405e-02 -7.13460147e-02
  2.84538083e-02 -4.51408997e-02 -7.15384930e-02 -7.47607043e-03
 -1.94264054e-02 -5.29041979e-03 -6.20826194e-03 -9.25183222e-02
 -1.08179962e-02  6.98313490e-03 -3.59380841e-02 -1.27502123e-03
  3.58207375e-02 -9.68322996e-03  1.86005200e-03  4.49614897e-02
  7.54794776e-02  8.64180923e-03 -7.53226206e-02  4.64769751e-02
 -2.18314119e-02 -3.07486020e-02 -1.06383264e-01 -4.84449752e-02
  2.02521477e-02  1.56194106e-01 -8.27958062e-03 -3.94478515e-02
  5.91099337e-02  8.56450796e-02 -7.79563263e-02 -4.92282957e-02
 -5.13022169e-02 -1.16359470e-02 -4.60341200e-02 -2.92164329e-02
  4.04051989e-02 -1.01876676e-01 -5.37709966e-02 -1.09398693e-01
 -4.93695065e-02 -5.70949093e-02 -6.94037825e-02  1.73710119e-02
 -1.27313333e-03 -2.45417543e-02  5.15756756e-02 -8.15670751e-03
  1.36349127e-01  3.92949879e-02 -6.36542439e-02  8.34057704e-02
  3.49496454e-02 -4.17815410e-02  5.66407964e-02  3.64008732e-02
 -1.82192698e-02 -1.17673324e-02  2.38975361e-02  1.72107341e-03
  5.44366315e-02  2.49049030e-02 -1.43559626e-03 -5.80309555e-02
  6.75196275e-02 -1.85842849e-02  1.02534995e-03 -3.74180600e-02
 -5.52447103e-02  1.08563295e-02  3.53480899e-03  1.82504877e-02
  8.61496255e-02  1.32545177e-02  7.01775178e-02  1.26645386e-01
  5.37328236e-02  6.48135990e-02 -9.12715867e-03 -2.36054566e-02
  1.27583072e-01 -3.06142541e-03  9.79882199e-03 -3.98867689e-02
  4.49567139e-02 -6.01094856e-04  1.06922733e-02  3.60014100e-33
 -3.30488533e-02 -7.28814900e-02 -2.21450664e-02  5.34137785e-02
 -6.15742058e-03  6.56560212e-02 -1.46031640e-02  8.92082881e-03
  4.14130986e-02  1.72665864e-02 -6.47493638e-03 -7.52891377e-02
 -6.06807938e-04 -2.13459413e-02  4.70994227e-02 -9.11970064e-02
  5.06375581e-02  5.86758889e-02  2.72792354e-02  1.57493129e-02
  1.02135114e-01 -1.65681422e-01 -8.87040198e-02  1.93292964e-02
  4.46903370e-02 -1.45691885e-02  1.88566186e-02  4.01017964e-02
 -1.91473297e-03 -1.45690860e-02  3.24392095e-02  3.77665497e-02
 -5.96725754e-02  7.77802095e-02  2.03811284e-02 -2.87912060e-02
 -6.30722716e-02  5.22002466e-02  1.11430392e-01 -1.38375223e-01
 -5.75762354e-02  6.87931781e-04 -6.67786002e-02  4.86858189e-02
 -8.66653398e-03 -9.54848304e-02  5.57178631e-03 -1.37642436e-02
  7.66876200e-03 -4.05587219e-02  1.24354348e-01  2.81539056e-02
  3.48048434e-02 -1.98820960e-02 -9.12952796e-02  1.12414910e-02
  4.02065590e-02  3.12005315e-04 -3.51283625e-02  6.85877278e-02
  4.77100126e-02  1.40830232e-02 -3.66124287e-02  1.34657240e-02
  3.21322912e-03  5.81175946e-02 -4.16512117e-02 -5.06545454e-02
 -2.77452711e-02 -2.14148350e-02 -5.19313775e-02  9.76704881e-02
  7.90276751e-02 -2.73264777e-02 -7.82406703e-03 -3.33963670e-02
 -1.02906842e-02 -3.13822962e-02 -3.59214656e-02  2.69019362e-02
  8.57422501e-03 -5.17773479e-02 -5.86689124e-03 -3.64356674e-02
 -1.92934033e-02 -6.06043115e-02 -4.94038463e-02 -4.64528874e-02
 -1.08929664e-01 -1.46644743e-04 -6.68121204e-02 -1.55150453e-02
  5.69990762e-02  4.97833341e-02  2.51627080e-02 -4.07152893e-33
 -5.91225130e-03 -7.74730742e-02  4.22109514e-02  5.08147441e-02
  4.25650217e-02 -3.65610830e-02 -7.03764632e-02  5.16415690e-04
 -1.54463528e-02  3.60137448e-02 -3.44060548e-03 -5.98508082e-02
 -3.85944769e-02  1.24302451e-02  5.43596130e-03 -2.43499894e-02
  1.24063417e-01 -4.53415178e-02 -1.37594705e-02  8.62383321e-02
  9.73776542e-03  5.87270260e-02 -6.45919144e-02  1.49520682e-02
 -2.55679421e-04  4.84183691e-02  1.09182391e-02  3.13593373e-02
  4.37162444e-02  6.32386878e-02  1.96130220e-02 -3.21897641e-02
  5.33360504e-02 -1.38772437e-02  3.07436325e-02 -2.05819141e-02
 -3.71832252e-02  1.14249578e-02 -2.99700629e-02  9.15715413e-04
  1.15295358e-01  3.76671553e-02  2.13720347e-03  4.86033075e-02
  6.02302738e-02 -1.46723501e-02 -2.83791125e-02 -8.01312551e-03
 -1.63438648e-01 -3.94865759e-02 -4.09040041e-02 -3.97904590e-02
  1.54565554e-02  3.71029526e-02  3.85772660e-02  2.62695830e-04
  4.31802729e-03 -6.00229241e-02 -6.88187107e-02 -5.15246429e-02
  2.43129581e-02 -4.98987697e-02  3.63547243e-02  3.28427963e-02
  4.12953682e-02  2.62599234e-02  4.76258211e-02 -5.96690970e-03
  2.26798840e-02 -6.57390989e-03  1.22748896e-01  9.13491026e-02
 -8.80068615e-02  1.61386579e-02  3.72358374e-02  2.48170681e-02
 -6.69252500e-02 -8.28126073e-02  8.09154939e-03 -1.58407576e-02
 -5.11864317e-04  2.16772761e-02  2.76126117e-02  1.63323209e-02
 -4.98374812e-02  7.75769027e-03 -8.14095661e-02  5.13667651e-02
  3.02488804e-02  5.45273302e-03 -7.38668889e-02  2.62382440e-02
  5.89002706e-02  4.89842184e-02 -4.18631993e-02 -4.81498468e-08
  1.54971583e-02  8.84627737e-03  8.01814124e-02  2.24934891e-02
  4.61181030e-02 -6.89956825e-03 -3.61783281e-02 -3.51771526e-02
  3.48170288e-02  4.21721414e-02 -5.35012111e-02 -8.10448080e-03
  1.98575836e-02  2.16392633e-02 -1.33839399e-02 -2.95910146e-02
  7.12669045e-02  5.36151044e-02 -3.16910706e-02  4.21728045e-02
  3.67139913e-02 -3.90037671e-02 -3.79661955e-02  4.63374890e-02
 -3.80088873e-02  7.54682440e-03  8.62961188e-02 -7.40130525e-03
  3.55968289e-02 -3.40266526e-02  4.68802499e-03 -1.96150057e-02
  6.83280500e-03  6.06954470e-02 -2.93600596e-02  7.83468857e-02
  3.32896449e-02 -2.91106533e-02  4.74900082e-02  1.90211535e-02
 -6.54229335e-03  1.31102474e-02 -4.76844795e-02  4.01513353e-02
 -2.88943592e-02  4.54474241e-03 -1.37340039e-01 -7.80291483e-02
  2.53061540e-02  5.62522225e-02  7.96895416e-04 -1.09748803e-02
 -4.70847003e-02  6.40508384e-02 -5.39808236e-02  3.45955603e-02
  6.52391836e-02 -2.00332627e-02  9.76331998e-03  6.31740764e-02
  2.02159435e-02 -2.07160600e-02 -7.93360993e-02 -2.37355195e-02]"
36,../SysML-v2-release-src/training/19. Terminate Actions/Terminate Actions Example-2.sysml,"package 'Terminate Actions Example-2' {
	action def WorkflowProcess;
	
	part def Processor {
		ref action workflowProcess : WorkflowProcess;
		
		action internalProcess {
			// ...
		}
	}
		
	action terminateProcessing {
		in processor : Processor;
		
		terminate processor.workflowProcess;
				
		terminate processor;
	}

}","Generate a SysML v2 model named 'Terminate Actions Example-2'. Model a package that encapsulates a workflow processing system. Define an action called 'WorkflowProcess' to represent the overarching process. Include a part 'Processor' that references the 'WorkflowProcess' action and contains an internal action, 'internalProcess', for detailed processing logic. Introduce a top-level action, 'terminateProcessing', which takes an instance of 'Processor' as input. Within this action, implement termination behavior using the 'terminate' keyword to end both the workflow process associated with the processor and the processor itself. This model focuses on demonstrating the control flow and termination actions within a processing system, showcasing the relationships and actions between components effectively.","[-1.39163742e-02  9.19461017e-04 -2.58985832e-02 -2.91513558e-02
 -2.20011803e-03 -7.03188032e-02  1.20721348e-02  9.78244003e-03
  8.87518283e-03  6.79677725e-02 -4.10069861e-02  2.66116094e-02
 -1.52791562e-02 -1.86881423e-02  1.54996421e-02  2.09960435e-03
 -1.76539924e-02 -9.41283163e-03 -7.24607557e-02 -5.13564162e-02
  1.04211293e-01  4.85432101e-03 -5.15320227e-02  6.01523556e-02
 -1.40273750e-01  2.00970881e-02 -3.22054625e-02 -1.51323900e-02
  1.34061994e-02 -6.78450540e-02  3.96461114e-02  8.46657064e-03
  1.57144330e-02  1.99663062e-02  4.37076986e-02  5.58987968e-02
  2.37906910e-02 -5.52118719e-02 -6.06140047e-02 -1.13360263e-01
  1.34690134e-02 -1.10472040e-02 -7.79697001e-02  2.77782585e-02
  1.93357840e-02 -1.90270487e-02 -1.74966492e-02 -7.69652128e-02
 -6.56546056e-02  3.69716808e-02 -1.08823255e-01 -4.03954349e-02
  7.92448502e-03  5.20846732e-02  1.33106261e-02  2.61722766e-02
  1.25610173e-01 -3.47547829e-02 -1.18822902e-01  2.66287178e-02
 -6.38411716e-02  1.50955049e-02 -1.50513038e-01 -3.03190071e-02
  2.04632152e-02  4.87924963e-02  1.14565250e-02 -4.63275835e-02
  7.81656578e-02 -5.51785575e-04 -1.21847302e-01 -9.19189900e-02
 -8.22748393e-02  3.65918055e-02 -3.97697166e-02 -1.35336407e-02
  2.24780198e-03 -5.06519154e-02 -6.45469204e-02 -1.05808035e-01
 -7.59191345e-03 -2.12427843e-02 -5.82691468e-03  1.83382258e-02
  2.54104491e-02  1.83896050e-02  2.08070688e-02 -3.37530486e-02
  1.49837568e-01  5.33921830e-02 -6.79135397e-02  2.50520259e-02
  6.68778047e-02 -5.00797108e-02  1.03247054e-01  3.04649677e-02
 -2.35114107e-03 -2.89354473e-02 -1.86674241e-02 -5.13410196e-03
 -2.80886842e-03  1.97694674e-02  2.88609155e-02 -6.47852048e-02
  4.85336483e-02  6.73573057e-04 -6.41430467e-02  2.80871242e-02
 -3.27147357e-02 -1.04971088e-01 -4.07149382e-02  4.26792093e-02
  1.16707443e-03 -1.60660613e-02  9.59780067e-02  6.50883913e-02
  4.14212197e-02  6.04279824e-02 -1.28675718e-02 -5.02465572e-03
  5.04571088e-02  2.99641881e-02 -5.56630008e-02  4.49390113e-02
  5.40182809e-04 -3.19345705e-02 -4.82998081e-02  1.23673311e-33
 -6.93592206e-02 -6.05314150e-02 -1.17506301e-02  8.74885917e-02
  9.82889757e-02  3.80166546e-02 -4.84149158e-03  3.00574321e-02
  3.01953908e-02  4.49760184e-02 -3.71789448e-02 -6.80781975e-02
 -3.69649306e-02  1.60629172e-02  2.44899951e-02 -1.11868180e-01
  1.87308993e-02  8.40206295e-02  9.30413790e-03  4.80507612e-02
  7.92830139e-02 -1.61921531e-02 -9.58931148e-02  2.88333073e-02
  8.56667012e-02  5.06100729e-02 -1.75788924e-02  3.19063775e-02
 -1.90693103e-02 -8.90796725e-03  5.02127595e-02  1.51690645e-02
  5.71490452e-03  6.95400760e-02  1.79647701e-03 -3.42913195e-02
 -6.11192826e-03  4.69040405e-03  1.50905415e-01 -7.45486692e-02
 -7.77177559e-03 -7.23375520e-03 -9.27323475e-02  3.69160213e-02
 -3.95675153e-02 -1.18118219e-01 -5.25461510e-02  9.36548132e-03
  6.92647025e-02 -2.06545610e-02  1.50261313e-01 -6.95256889e-03
  1.36437491e-01  3.27364951e-02 -2.27903277e-02  5.86309144e-03
  4.03725170e-02  1.09593272e-02 -3.64593556e-03  9.91370529e-02
 -2.66058575e-02 -5.28219296e-03 -4.76437695e-02  5.58241382e-02
  1.28250998e-02 -4.18657064e-02 -5.42138778e-02 -3.89892831e-02
  5.31604327e-02  1.45261083e-02 -1.01817325e-01  9.03086215e-02
  5.47796562e-02  4.41739336e-02 -2.23366376e-02 -2.42516883e-02
 -7.24890083e-02 -3.83028612e-02 -2.62462310e-02  4.31443043e-02
 -3.79834510e-02  3.96097638e-02 -4.63025086e-02 -4.62532453e-02
  5.93337156e-02 -3.56658846e-02 -7.90408999e-02 -6.10688478e-02
 -4.62067351e-02 -4.96945605e-02 -3.15200351e-02 -3.59391719e-02
  1.30906710e-02  8.16596672e-02  5.14268093e-02 -3.57610618e-33
  3.88736427e-02 -3.25525813e-02 -5.01743704e-02  7.65098408e-02
 -3.75522822e-02 -6.02464564e-02  1.00048659e-02 -3.68326083e-02
 -5.24512939e-02  1.90969538e-02  3.65650840e-02 -2.72713043e-03
  6.66062254e-03  4.26105782e-02  2.61041857e-02 -3.79525237e-02
  2.02480406e-02 -9.10268575e-02  1.87781658e-02  4.06614691e-02
 -6.40564635e-02  6.86943606e-02 -2.09846236e-02 -3.57688814e-02
 -2.37194374e-02 -8.10716953e-03 -2.02695224e-02  1.99765395e-02
  4.82468940e-02  1.31474948e-02  1.30431382e-02 -4.87162210e-02
  7.08164647e-02 -2.10877210e-02  2.38513462e-02 -4.86887470e-02
 -4.46255654e-02 -2.03467789e-03  2.90751494e-02 -1.21268090e-02
  1.10581458e-01 -1.13911079e-02 -8.06248456e-04  4.52061445e-02
  5.29650226e-02 -1.65182780e-02 -8.11194256e-03 -7.54031865e-03
 -4.26321402e-02 -9.00569558e-02 -4.33824062e-02 -4.50363606e-02
  1.44222695e-02  5.51259033e-02  5.27327415e-03 -7.08672078e-03
  6.73706606e-02 -3.45553048e-02 -2.39991955e-02 -5.69851696e-02
  2.04199106e-02 -1.76042411e-02  1.13953896e-01  2.65449728e-03
  4.18240800e-02  6.17188774e-03 -8.78197607e-03  1.87336840e-02
 -1.34490551e-02  1.18818674e-02  8.26631859e-02  7.79195428e-02
 -6.91720620e-02  7.70194158e-02  5.67701608e-02 -3.63362506e-02
 -3.54561098e-02 -4.37685214e-02  4.08077911e-02  1.90995466e-02
 -8.55060145e-02  1.44362757e-02 -2.79572839e-03  8.75412524e-02
 -9.59055349e-02 -4.87344824e-02 -6.45710975e-02  6.35042116e-02
  2.59075983e-04 -1.41580151e-02 -5.94563037e-02  9.70886648e-03
  3.99360321e-02  8.04200023e-02 -3.53950746e-02 -4.62827572e-08
 -2.53877714e-02  1.09381368e-03  8.20329562e-02  8.54695495e-03
  6.21218868e-02  4.15598527e-02 -1.99712086e-02  4.98893037e-02
  5.33007719e-02 -1.69748906e-02 -3.01887691e-02  8.84068571e-03
  6.83021918e-03 -3.32430797e-03  2.41925344e-02  3.06694396e-02
  7.48056769e-02  5.80731295e-02  5.53465821e-03 -7.08364248e-02
  3.13640982e-02 -1.81439519e-02 -8.70448537e-03  5.35654761e-02
 -1.63215399e-02 -3.19531336e-02  3.88460532e-02  6.26270771e-02
  9.21379216e-03 -1.80788077e-02  5.58303967e-02 -1.03181938e-03
  7.18608424e-02  4.83646989e-02  1.41598079e-02  6.17806613e-02
  1.17378347e-02  6.16447954e-03  5.09186946e-02 -2.30212044e-03
 -8.87390785e-03  4.62134518e-02 -4.33665365e-02  3.05214953e-02
  5.22228479e-02  4.43907194e-02 -8.40485618e-02 -8.34052563e-02
 -6.32435530e-02  5.98436184e-02 -1.00937355e-02  2.12273421e-03
 -5.25967292e-02  1.05070703e-01 -9.22830403e-02  1.63117703e-03
 -1.24904211e-03 -2.03331318e-02  1.20423306e-02  4.03446369e-02
  2.27975622e-02  5.29558435e-02 -1.06839091e-02  3.62157240e-03]"
37,../SysML-v2-release-src/training/20. Assignment Actions/Assignment Example.sysml,"package 'For Loop Example' {
	private import SequenceFunctions::*;
	
    action def StraightLineDynamics {
        in power : ISQ::PowerValue;
        in mass : ISQ::MassValue;
        in delta_t : ISQ::TimeValue;
        in x_in : ISQ::LengthValue;
        in v_in : ISQ::SpeedValue;
        out x_out : ISQ::LengthValue;
        out v_out : ISQ::SpeedValue;
    }
	    
	action def ComputeMotion {
		in attribute powerProfile :> ISQ::power[*];
		in attribute vehicleMass :> ISQ::mass;
		in attribute initialPosition :> ISQ::length;
		in attribute initialSpeed :> ISQ::speed;
		in attribute deltaT :> ISQ::time;
		out attribute positions :> ISQ::length[*] := ( );
		
		private attribute position := initialPosition;
		private attribute speed := initialSpeed;
		
		for vehiclePower in powerProfile {
			perform action dynamics : StraightLineDynamics {
				in power = vehiclePower;
				in mass = vehicleMass;
				in delta_t = deltaT;
				in x_in = position;
				in v_in = speed;
				out x_out;
				out v_out;
			}
			then assign position := dynamics.x_out;
			then assign speed := dynamics.v_out;
			then assign positions := positions->including(position);
		}
	}
	
}","Generate a SysML v2 model named 'For Loop Example' that encapsulates motion dynamics for a vehicle. The model should include two main actions: 'StraightLineDynamics' and 'ComputeMotion'. The 'StraightLineDynamics' action takes inputs for power, mass, time increment, initial position, and speed, and outputs updated position and speed values. The 'ComputeMotion' action processes a profile of power values over a defined time interval to compute the vehicle's trajectory. It initializes attributes for mass, position, speed, and time, and uses a for-loop to iterate over each power value. In each iteration, it calls 'StraightLineDynamics' to calculate updated dynamics, which are then assigned back to position and speed while accumulating the resulting positions in a list. This model aims to simulate the motion of a vehicle based on a varying power profile.","[-6.70458972e-02 -2.97303908e-02 -6.48529455e-02  1.69354323e-02
 -6.61558583e-02 -4.90536988e-02 -3.43320146e-02  3.51754837e-02
  1.42949994e-03 -1.72773302e-02  8.20128471e-02  1.90794840e-02
  2.22451873e-02 -4.28337492e-02 -2.54165549e-02  2.50435695e-02
 -4.80924696e-02  9.12522897e-02 -1.41848717e-02 -2.81976443e-02
  1.26528114e-01  1.93583872e-02  4.72070416e-03  9.68781579e-03
 -7.21121281e-02 -2.18434799e-02 -4.01278771e-02  4.48017009e-02
  2.99359728e-02 -6.58019856e-02  2.30208449e-02 -1.20764375e-02
  1.07344855e-02  1.09375492e-02  1.02826376e-02 -1.25623774e-02
  1.70971025e-02 -1.01790894e-02 -9.74680409e-02  1.31453080e-02
 -2.11298522e-02 -8.23162869e-02 -2.69865664e-03 -2.46129390e-02
  8.74321312e-02  1.89502239e-02  1.84552055e-02 -1.59270484e-02
 -3.99532467e-02  1.86005607e-02 -6.42194748e-02 -1.98882148e-02
 -1.15608936e-02 -5.70451841e-02 -3.23468540e-03  2.78789345e-02
  7.45220482e-02  1.95159204e-02 -4.85600382e-02 -1.11305527e-01
  3.93306240e-02 -3.26143540e-02 -6.62353933e-02 -1.94001105e-02
 -1.20691815e-02  2.00095726e-03 -5.40057942e-03  6.92113191e-02
  9.01724324e-02  4.66480255e-02 -6.47756532e-02 -3.77128907e-02
  1.35340840e-02 -2.49566957e-02  1.54220257e-02 -7.34787956e-02
  3.39710601e-02  1.15345381e-02  1.31395422e-02 -1.05183333e-01
  8.60039331e-03 -3.44358310e-02 -5.45197167e-02 -3.03285439e-02
  2.55094189e-02 -1.85890738e-02  3.69793810e-02  3.82130146e-02
  1.02526136e-01  6.07324205e-02 -2.15608887e-02  2.97590736e-02
  3.54979560e-02 -6.57553226e-02  5.99966459e-02  6.75579682e-02
  8.01299978e-03 -6.30376488e-02  4.53158766e-02 -2.67266836e-02
 -1.46712468e-04  1.62824951e-02  5.11669219e-02  5.92438132e-02
  7.25732651e-03  1.78028569e-02  1.12148076e-02 -9.31332819e-03
 -5.40447459e-02 -6.56932145e-02  2.74574813e-02  9.55830887e-02
  4.04004864e-02 -9.45770834e-03  4.13132533e-02  1.81832779e-02
 -5.02558285e-03  4.55519855e-02  2.55131535e-02  3.01390123e-02
 -3.05600110e-02 -3.99751924e-02  3.92376445e-02  4.89229895e-02
  3.58142629e-02 -5.89073896e-02 -2.27890778e-02  1.53529958e-33
 -9.25405473e-02 -2.58962456e-02  3.57985608e-02  9.19897333e-02
  2.39010528e-03  2.39495821e-02 -3.71202640e-02 -2.67115124e-02
  2.83174496e-02  9.82404575e-02 -4.09802198e-02  3.95657786e-04
  1.44375246e-02  9.64605212e-02 -3.35568073e-03 -8.15845430e-02
  1.79253228e-04  2.95139179e-02 -1.17068486e-02 -6.02324773e-03
  7.88733438e-02  4.15734015e-02 -1.40300542e-02 -5.85424006e-02
  4.44294773e-02  1.34535983e-01  5.95311001e-02  8.19498301e-02
 -6.64491802e-02  2.98602711e-02  4.50181887e-02  1.24795530e-02
 -9.55285132e-02  5.83343301e-03  1.20571973e-02  3.60604227e-02
  2.88364533e-02 -6.77506253e-02  9.17985812e-02  3.96488272e-02
  1.03820302e-03 -2.92272083e-02 -3.40317562e-02  1.98747385e-02
 -1.49254084e-01 -3.73951644e-02  6.81220926e-03  8.32352191e-02
 -1.73745472e-02  3.98906618e-02 -1.42461071e-02 -1.76845863e-02
 -2.35874075e-02 -6.94599748e-02 -4.30199951e-02 -1.39190964e-02
  1.66888032e-02  3.02793384e-02 -5.29286899e-02  1.28534153e-01
 -1.39149548e-02  7.14962045e-03  6.50750997e-04 -5.84163740e-02
 -1.24298772e-02  3.15900557e-02 -5.01569696e-02 -5.96442074e-02
  9.51542184e-02  5.55953197e-02 -3.07750441e-02  6.32302016e-02
 -3.74839222e-03 -9.83593706e-03  9.80760455e-02 -5.55188544e-02
 -2.49138493e-02 -5.25546968e-02 -1.16030671e-01  2.04849113e-02
 -1.04141735e-01  7.66004175e-02 -5.71947992e-02 -3.32991518e-02
  4.92395647e-02 -8.05143937e-02 -8.37506130e-02 -3.58138643e-02
 -8.88525546e-02 -1.21601373e-01 -5.96526898e-02 -4.80441041e-02
  2.14575808e-02  7.51732662e-02 -8.87978636e-03 -3.26205780e-33
  2.58018952e-02 -2.46032514e-02  6.68214262e-02  7.10933059e-02
  3.12521756e-02 -1.02349548e-02 -2.53251623e-02 -4.88256440e-02
 -1.69137195e-02 -9.53917857e-03 -3.16245877e-03 -4.13228683e-02
 -3.28511409e-02  4.93847094e-02  1.33203477e-01  2.51657572e-02
  9.79778124e-04 -1.90104216e-01 -2.16027070e-02  3.54445241e-02
 -2.19742265e-02  4.14492004e-02  2.40811333e-03  1.94812939e-03
  4.97027813e-03 -2.15456914e-02 -3.34729557e-04  1.43533163e-02
  6.72985837e-02  5.11721428e-03  2.37055663e-02 -4.67208475e-02
  6.54893555e-03  2.31796782e-03 -8.09904784e-02  1.14183249e-02
  1.07027087e-02 -1.76661387e-02  2.69425865e-02 -1.68999955e-02
  5.89843839e-02 -7.74542429e-03  1.46218808e-02 -1.38743883e-02
  4.37971540e-02  3.89404483e-02 -1.62446611e-02  2.76642274e-02
 -3.58897708e-02 -3.00507080e-02  3.86991575e-02 -7.67642306e-03
 -1.57395992e-02  7.46734515e-02 -9.67828464e-03  5.27678281e-02
 -4.59795147e-02 -4.36325632e-02 -1.56492312e-02 -4.59773391e-02
 -1.38856191e-02 -8.36070403e-02  5.45677543e-02  1.12189874e-02
 -5.36703393e-02 -6.28408184e-03 -2.12035235e-02 -1.01413652e-01
 -5.30624343e-03 -1.01195574e-02  1.01624979e-02  3.12596448e-02
 -3.37298214e-02  1.74231157e-02 -1.64152216e-02 -8.45852643e-02
  2.95402412e-03 -5.35592176e-02  4.30089235e-02 -7.20617399e-02
 -6.76504374e-02  5.16434060e-03  7.31425658e-02  3.96309197e-02
 -1.34226456e-01  2.50154664e-03 -1.99114960e-02  9.21205431e-02
  5.01470938e-02  3.24823195e-03 -8.39632004e-03  4.80241254e-02
  1.76354330e-02  1.88522607e-01 -1.28765330e-01 -5.09214360e-08
 -6.87917918e-02 -1.75922818e-03  7.27093294e-02  4.27888446e-02
 -4.05277824e-03  5.60356602e-02 -2.40901131e-02 -1.39858089e-02
 -4.17623902e-03 -4.88556996e-02  4.96408492e-02  7.57151423e-03
  6.14856780e-02  3.31823416e-02 -1.06390426e-02  8.00417662e-02
  4.69725318e-02  6.78011104e-02 -1.00124534e-02 -1.94355752e-02
  7.03194886e-02  2.92469952e-02 -7.14188814e-02  7.31461123e-02
  5.05340174e-02 -2.29845047e-02 -2.39191167e-02  1.46669112e-02
  4.12618816e-02 -4.39742841e-02  2.48248242e-02  3.36733796e-02
  5.48524484e-02  7.73854777e-02 -2.41693445e-02  4.05463614e-02
 -2.84144226e-02  3.84479016e-02  8.53756815e-02  2.04897523e-02
  4.06228751e-02  6.62279204e-02 -1.84497777e-02  3.61291952e-02
  1.79356672e-02 -2.58877780e-02 -9.94134322e-02 -1.44517645e-01
  2.05970043e-03  2.64540873e-02 -3.59502919e-02  3.37485597e-02
 -6.36420548e-02  5.01515828e-02 -4.09679152e-02  3.52613032e-02
 -2.15423442e-02 -5.05451933e-02  3.66318971e-02  2.25187764e-02
 -5.71314283e-02  8.09070934e-03 -4.84515876e-02 -3.14157046e-02]"
38,../SysML-v2-release-src/training/21. Asynchronous Messaging/Messaging Example.sysml,"package 'Messaging Example' {
	item def Scene;
	item def Image;
	item def Picture;
	
	attribute def Show {
		item picture : Picture;
	}
	
	action def Focus { in item scene : Scene; out item image : Image; }
	action def Shoot { in item image : Image; out item picture : Picture; }
	action def TakePicture;
	
	action screen;
		
	action takePicture : TakePicture {
		action trigger accept scene : Scene;
		
		then action focus : Focus {
			in item scene = trigger.scene;
			out item image;
		}
		
		flow from focus.image to shoot.image;
		
		then action shoot : Shoot {
			in item image; 
			out item picture;
		}
		
		then send new Show(shoot.picture) to screen;
	}
}","Generate a SysML v2 model encapsulated in the package 'Messaging Example'. Model a scene where images are captured and displayed, introducing key items such as Scene, Image, and Picture. Define an attribute, Show, that associates a Picture with the display. Implement actions to represent the steps in the photography process, including Focus and Shoot, which handle the transformation from Scene to Image and from Image to Picture, respectively. Define a primary action, TakePicture, which orchestrates a sequence of activities; it triggers with an input scene, focuses on it to produce an image, flows that image into the Shoot action to generate a Picture, and finally, relays the newly created Picture to a screen via Show. Ensure clarity in the action's flow and communication of results throughout the photography pipeline while maintaining a concise and coherent structure.","[-2.35617310e-02 -3.45641673e-02 -2.22486593e-02 -3.69023765e-03
  1.02286413e-02 -2.35358030e-02  2.27998123e-02  4.56480384e-02
  6.26376318e-03  3.47267762e-02  3.55208293e-02 -6.02527931e-02
  5.71349375e-02  8.67739245e-02  3.80771942e-02 -6.87222742e-03
  3.22573371e-02 -3.31627019e-02 -4.47845049e-02  4.07042753e-05
  6.39910698e-02 -1.02090836e-01  6.51850477e-02 -2.71387491e-02
 -2.91787740e-02 -4.17843908e-02  1.96000598e-02 -4.72001592e-03
  5.04629575e-02 -8.32128599e-02  5.85705005e-02  3.84171046e-02
  5.60281537e-02  6.54743016e-02  2.54821293e-02  9.55261439e-02
  7.46881738e-02 -8.10421482e-02 -9.80949476e-02 -9.46038440e-02
 -1.24803195e-02 -3.64893898e-02 -6.27359524e-02 -2.74056178e-02
  5.19549996e-02 -5.06450571e-02  4.36461344e-02  7.03724474e-03
 -7.24543678e-03 -3.90481227e-03 -1.19576685e-01 -5.92059568e-02
 -2.25934442e-02 -3.00384425e-02 -3.00092027e-02  7.25506470e-02
  8.53033643e-03 -4.64180298e-02 -7.83617422e-02 -4.40199748e-02
 -4.36117500e-02  1.59142595e-02 -8.21318179e-02  9.25205834e-03
  3.63570265e-02  5.08914478e-02  1.03371637e-02 -2.66046077e-02
  9.23917443e-02 -3.83566953e-02 -1.06497377e-01 -3.59037891e-02
  3.45020322e-03 -2.67960317e-02 -6.96836188e-02 -5.40669262e-02
  1.32724252e-02 -5.62404878e-02 -3.73052396e-02 -9.37363505e-02
  5.75061291e-02 -2.96287215e-03 -4.84216250e-02  5.24383485e-02
  5.99675253e-02 -1.87389739e-02 -1.10087506e-02  2.80775782e-02
 -8.89415853e-04  1.73414256e-02 -1.06580712e-01 -7.74233341e-02
 -4.64872271e-02 -3.67394462e-02  4.84788120e-02  1.79811306e-02
 -2.66173272e-03 -7.58919194e-02  4.26768474e-02  2.96855439e-02
 -2.15330068e-02  8.02116096e-03  7.17556328e-02 -5.65437563e-02
  5.11091724e-02 -3.09784599e-02 -2.89452989e-02 -2.58303937e-02
 -5.27840592e-02 -3.18936333e-02 -1.66467372e-02  6.22101873e-02
 -2.85906885e-02 -2.13722829e-02  8.67678598e-02 -2.05312521e-04
  1.12015067e-03 -1.11148078e-02  1.95417758e-02 -9.85161960e-02
  8.33269432e-02 -1.18892156e-02 -6.62265569e-02  2.65090782e-02
  1.12209041e-02 -3.33017409e-02 -4.18747999e-02 -1.19105335e-34
  3.70497862e-03  1.60974870e-03  7.08617270e-02  1.43246397e-01
  5.78425266e-02  7.84387067e-02  1.27470093e-02 -2.07366031e-02
 -1.69185884e-02 -3.00317653e-04 -4.23616217e-03 -4.32145633e-02
  2.18792241e-02  1.19523831e-01  3.47212963e-02 -8.68861079e-02
 -4.25483175e-02  7.19904751e-02  2.59041525e-02  5.73766269e-02
 -3.00744511e-02 -5.06076682e-03 -5.17770089e-02  2.98859477e-02
  5.70533909e-02  7.81208947e-02  7.81225339e-02  5.63707948e-02
 -2.54698582e-02 -3.39152887e-02  4.66975495e-02  2.11998355e-02
  2.53921989e-02 -2.23243609e-03  4.10438552e-02 -5.06000668e-02
 -4.29434069e-02 -2.77955979e-02  1.10348053e-01  1.30839031e-02
  1.20571200e-02  6.41487390e-02 -6.59423172e-02  4.64549288e-02
 -6.49257153e-02  4.49482501e-02 -4.35768738e-02  8.19409788e-02
 -2.77793724e-02 -1.25122734e-03  1.24250121e-01 -5.19288220e-02
  2.74835471e-02 -1.35188969e-02 -3.72505821e-02 -1.13397799e-02
  7.19073834e-03 -6.92244768e-02 -1.02603184e-02  3.22003216e-02
  6.03605770e-02  1.30955968e-02 -3.75009142e-02  7.63243660e-02
  1.17200930e-02  2.47775707e-02 -9.88816493e-04 -4.26529758e-02
  2.15374697e-02  2.19255239e-02 -7.89970011e-02  1.07915021e-01
 -2.31730845e-02 -1.27411960e-02  8.78874734e-02 -9.30159632e-03
 -3.74909304e-02 -2.65843756e-02 -3.17502655e-02  1.59363732e-01
 -1.22194491e-01  1.64787490e-02 -6.61868751e-02 -6.58648321e-03
  3.46034989e-02 -4.84043285e-02 -2.88513936e-02 -4.97705340e-02
 -1.09176256e-01 -5.25347702e-02 -3.78073230e-02 -2.26044450e-02
  1.20323561e-02  4.45348285e-02  4.99215089e-02 -5.25974259e-34
  9.15849879e-02  4.33429107e-02 -4.37923856e-02  1.93021446e-02
 -1.45995589e-02 -5.19607253e-02  5.33742197e-02 -1.08080069e-02
 -1.01788389e-02  2.86213700e-02 -1.69472229e-02  1.83741339e-02
 -7.50091597e-02 -2.24665608e-02 -5.77448756e-02 -3.72319743e-02
  5.45356646e-02 -9.24577639e-02 -7.11400732e-02  2.97727548e-02
  6.83342048e-04  7.54677355e-02  3.91606987e-03  7.88465049e-03
 -3.79694924e-02  5.24105355e-02  5.52839711e-02  5.75538278e-02
  2.31320281e-02 -2.47232970e-02  3.96485478e-02 -5.19651547e-02
  8.74102190e-02 -5.32270595e-02 -2.87673087e-04  4.95874649e-03
  4.86882888e-02 -6.67289570e-02 -2.70168297e-02  5.06092831e-02
  4.79270145e-02 -6.76450552e-03 -6.44658580e-02  5.78724369e-02
 -5.59634669e-03 -6.04817120e-04 -1.95234958e-02 -1.48759447e-02
 -5.25937229e-02  1.63122099e-02 -8.09422880e-02 -2.02587917e-02
 -4.23037410e-02 -2.25340929e-02  1.20789139e-02  6.25431677e-03
 -7.30231591e-03 -3.71136256e-02  1.46535728e-02  1.17982496e-02
  2.13683695e-02 -8.09134319e-02  1.07405977e-02 -6.19299449e-02
  5.14535839e-03 -7.79180089e-03 -7.02152848e-02 -1.65624898e-02
 -1.54280569e-02  6.59919530e-02  6.77850991e-02  2.27186065e-02
  1.09610483e-02  4.86077890e-02  7.57240951e-02 -3.60039175e-02
 -6.24042526e-02  3.51936035e-02  8.44842941e-02 -3.86210606e-02
 -5.31255864e-02 -6.63325861e-02  2.93108299e-02  5.61601222e-02
  3.34763736e-03  4.65333238e-02 -1.86524037e-02  7.45108770e-03
  2.02766489e-02 -3.57482545e-02 -8.04402977e-02  3.36040892e-02
  7.68298358e-02  1.31356806e-01 -1.77960824e-02 -4.65521452e-08
 -1.09779865e-01 -4.96070739e-03  1.02362335e-01 -1.57018434e-02
 -1.18436394e-02  1.93753261e-02 -2.98761465e-02  1.36328349e-02
  6.12273887e-02 -6.39528632e-02 -4.22405787e-02  5.89891151e-03
  3.61901685e-03 -2.97756474e-02  3.94341424e-02  6.49657696e-02
  6.44174442e-02  4.90420684e-02 -2.29217298e-02 -3.17767598e-02
  6.24802224e-02 -6.52516633e-03 -4.00811918e-02  5.59443086e-02
 -9.38820466e-03 -4.74416688e-02  6.28883345e-03  4.30072397e-02
  2.37260759e-02 -4.53115664e-02  7.27958232e-02 -1.58655308e-02
  5.97749129e-02  6.87984526e-02 -3.62673067e-02 -8.25114828e-03
 -6.75131008e-02 -7.40459040e-02  5.58555536e-02  1.05191814e-02
 -2.13502557e-03  3.45462784e-02  3.73511575e-02  5.01076039e-03
 -2.08800193e-02  7.18343630e-02  3.12665701e-02 -1.00669257e-01
 -3.95353027e-02  5.90180494e-02 -5.33881783e-02  1.51902828e-02
 -4.64969724e-02  7.81201124e-02 -4.42016870e-02  1.91124082e-02
  1.25231773e-01 -2.50375438e-02  1.02871977e-01  8.88157114e-02
  2.51432927e-03  4.56967056e-02 -8.46671909e-02  4.34425510e-02]"
39,../SysML-v2-release-src/training/21. Asynchronous Messaging/Messaging with Ports.sysml,"package 'Messaging Example' {
	item def Scene;
	item def Image;
	item def Picture;
	
	attribute def Show {
		item picture : Picture;
	}
	
	action def Focus { in item scene : Scene; out item image : Image; }
	action def Shoot { in item image : Image; out item picture : Picture; }
	action def TakePicture;
	
	part screen {
		port displayPort;
	}
	
	part camera {
		port viewPort;
		port displayPort;
		
		action takePicture : TakePicture {
			action trigger accept scene : Scene via viewPort;
			
			then action focus : Focus {
				in item scene = trigger.scene;
				out item image;
			}
			
			flow from focus.image to shoot.image;
		
			then action shoot : Shoot {
				in item image; 
				out item picture;
			}
			
			then send new Show(shoot.picture) via displayPort;
		}
	}
}","Generate a SysML v2 model titled 'Messaging Example' that illustrates a camera system. Model includes the definitions of essential items: 'Scene', 'Image', and 'Picture'. A primary attribute, 'Show', is defined to hold a picture. The system has two actions: 'Focus', which takes a scene as input and outputs an image, and 'Shoot', which requires an image and produces a picture. The model encapsulates a 'screen' part with a 'displayPort' and a 'camera' part with both 'viewPort' and 'displayPort'. The main action, 'takePicture', accepts a scene via 'viewPort', triggers 'Focus' to generate an image, and flows this image to 'Shoot', which creates a picture. Finally, the resulting picture is sent as a new 'Show' via the 'displayPort'. The structure ensures effective communication between components, defining a clear sequence for capturing and displaying images.","[-4.21259031e-02 -5.48013560e-02 -4.41545770e-02  4.89776023e-03
  5.07025458e-02 -3.87884788e-02  6.88452274e-02  4.05735634e-02
  5.41164577e-02  4.79536988e-02  9.33804885e-02 -5.06636165e-02
  3.74087282e-02  7.06699938e-02  2.58130357e-02 -3.41162384e-02
  4.71219942e-02 -9.82968286e-02 -3.04693244e-02  4.76525724e-02
  6.41365424e-02 -1.11005314e-01  5.70403300e-02 -5.59803732e-02
 -5.13598770e-02 -4.53755967e-02  1.23983836e-02  4.39051092e-02
  5.19515872e-02 -7.28714839e-02  1.64022781e-02  5.58215454e-02
  5.69420196e-02  7.19712526e-02  1.05950506e-02  7.34212324e-02
  9.17446911e-02 -1.00203969e-01 -1.13926351e-01 -7.87097439e-02
 -1.36430059e-02 -3.73625048e-02 -4.94808294e-02 -1.12415189e-02
  2.00198535e-02 -2.05044802e-02  4.41074297e-02 -9.04160959e-04
 -1.53100882e-02 -2.05918942e-02 -1.30927548e-01 -1.56960953e-02
 -1.61266662e-02  2.19030418e-02 -2.18296833e-02  6.33775964e-02
 -2.39370652e-02 -1.60892010e-02 -7.76595697e-02 -7.69149093e-03
 -4.65507098e-02  2.79910266e-02 -6.48440272e-02  1.81672699e-03
  6.48633018e-02 -3.16546473e-04  5.74851222e-03 -7.47031495e-02
  3.35879438e-02 -8.53592753e-02 -1.34588242e-01 -1.63957160e-02
  1.70532633e-02 -1.80726796e-02 -2.43875645e-02 -7.07792938e-02
  9.57726501e-03 -5.23286276e-02 -6.37980271e-03 -7.81678781e-02
  3.75211164e-02  1.56412832e-02 -7.99447522e-02  2.26515215e-02
  3.73348258e-02  1.81647949e-02 -1.83034576e-02 -4.46833950e-03
  5.26667666e-03  2.90969573e-03 -1.08748436e-01 -1.02710262e-01
 -3.24570611e-02 -1.04963472e-02  3.96981724e-02  1.06854672e-02
 -1.37871234e-02 -1.64384972e-02  5.10674715e-03  2.09326595e-02
 -1.61526469e-03  8.85634590e-03  1.00140385e-01 -2.67102383e-02
  5.08768111e-02 -5.76191992e-02 -2.66699661e-02 -2.22469270e-02
 -3.82487848e-02 -3.59265395e-02 -2.83646788e-02  7.92527869e-02
 -4.35856283e-02  1.00821573e-02  6.35338351e-02  2.31797751e-02
 -1.57236010e-02 -1.42763564e-02  4.66075055e-02 -1.05986170e-01
  3.88725139e-02 -1.94265619e-02 -4.31987718e-02  1.69915296e-02
  2.52427235e-02 -4.01981287e-02 -2.23374479e-02 -2.02829916e-33
 -1.80352665e-02 -2.37623733e-02  4.37281355e-02  1.25649646e-01
  3.20472158e-02  7.03498647e-02  1.00677116e-02  3.45884543e-03
  8.61848705e-03  9.55317356e-03 -1.96934976e-02 -5.47581613e-02
  2.90979072e-02  1.33718386e-01  5.43576702e-02 -5.14086075e-02
 -6.20751828e-02  8.56650993e-02  3.91881876e-02  5.94325066e-02
  9.05819517e-03  1.34648122e-02 -4.57543693e-02 -1.44391358e-02
  4.65343371e-02  1.06427163e-01  2.83097513e-02  8.31025392e-02
 -2.35734656e-02 -2.40614843e-02  1.68734454e-02  3.76014933e-02
  3.06135770e-02 -4.18861397e-03  3.88766490e-02 -5.68129383e-02
 -1.34905213e-02 -2.59292983e-02  6.60216436e-02  2.76635424e-03
 -2.73250714e-02  6.47522584e-02 -7.76572376e-02  3.56219448e-02
 -6.54915124e-02 -1.45400865e-02 -5.69330826e-02  7.60712251e-02
 -6.21786416e-02  1.54366670e-02  1.02438003e-01 -7.24708363e-02
  5.42841703e-02 -2.64527239e-02 -6.49216771e-02  1.42857824e-02
 -1.29345828e-03 -3.48651893e-02 -3.11803538e-02  3.41691636e-02
  4.73514460e-02  1.67924948e-02 -2.34606210e-02  6.74298927e-02
  3.38960551e-02  7.34529197e-02  3.37274559e-02 -3.46908420e-02
  2.81307399e-02  2.10403018e-02 -8.14675763e-02  8.95601511e-02
 -4.40901145e-02 -3.46212904e-03  7.12639242e-02 -7.05400016e-03
 -6.65445328e-02 -8.00580624e-03 -3.57318670e-02  1.54160649e-01
 -1.09240480e-01  2.96033472e-02 -7.18614087e-02  9.46096610e-03
 -1.22023262e-02 -4.53605615e-02 -1.16323074e-02 -7.16003105e-02
 -6.30845875e-02 -9.76819843e-02 -1.02448193e-02 -2.00836174e-02
 -4.67254175e-03  1.70145258e-02  2.99485847e-02  7.37230659e-34
  7.23761842e-02  2.54229065e-02 -8.02671984e-02  2.11269339e-03
 -5.69311306e-02 -4.92700636e-02  9.07968059e-02 -5.17234113e-03
 -1.53894043e-02 -5.15767513e-03 -8.83313711e-04  3.40062976e-02
 -3.82074192e-02 -3.34534352e-03 -4.28805836e-02 -1.71070062e-02
  1.61627661e-02 -9.96075496e-02 -7.21564591e-02  1.43007068e-02
  1.99384578e-02  9.28777903e-02  3.83403040e-02  3.41242971e-03
 -2.13153698e-02  5.11867404e-02  4.38147001e-02  6.30696043e-02
  2.22251154e-02 -4.42992486e-02  6.64011985e-02 -2.90586725e-02
  8.97114053e-02 -3.42388861e-02  1.33487498e-02 -1.61772761e-02
  1.70764457e-02 -3.97358239e-02 -1.73485074e-02  3.99655849e-02
  4.90465164e-02  3.14390026e-02 -4.75277826e-02  9.40710083e-02
 -3.09622623e-02  3.45621184e-02 -1.05774472e-03 -4.19212840e-02
 -5.20679634e-03  5.34018921e-03 -4.36790809e-02 -3.42722945e-02
 -1.09317107e-02 -3.08191422e-02 -1.07192015e-02  2.76156254e-02
 -2.96726748e-02 -9.55686066e-03  5.35423383e-02  1.01180272e-02
  8.22611600e-02 -7.02573210e-02 -5.04649691e-02 -6.89455718e-02
  1.36533091e-02  1.09952372e-04 -5.82599752e-02  1.10180378e-02
  1.04873618e-02  3.92906219e-02  4.19371426e-02  9.24943108e-03
  6.12595528e-02 -1.27790577e-03  5.46174534e-02  2.45151781e-02
 -4.86214422e-02  3.85719389e-02  6.75003156e-02 -1.24876853e-02
 -6.31764308e-02 -8.65534842e-02  2.49546971e-02  5.90650402e-02
  1.78776067e-02  1.20940804e-02 -2.13455986e-02  4.42507258e-03
  1.63662303e-02 -5.98846413e-02 -7.01816231e-02  4.32199687e-02
  5.71104176e-02  1.62203953e-01 -3.28960232e-02 -4.71856225e-08
 -9.02598128e-02  6.52806414e-03  6.63781688e-02 -3.53688858e-02
 -3.34609635e-02 -4.15235711e-03 -2.82307956e-02 -2.69241668e-02
  7.00968057e-02 -6.20389134e-02 -4.49534468e-02  2.52247658e-02
 -2.09601969e-02 -4.25830185e-02  5.16312048e-02  7.12769926e-02
  5.10303564e-02  1.99134685e-02 -1.50162466e-02 -5.84573857e-02
  4.31539901e-02 -6.27971962e-02 -5.47096282e-02  4.61397693e-02
 -7.98490644e-03 -4.51949276e-02 -2.81670615e-02  5.42788059e-02
  1.36202797e-02 -4.56986800e-02  5.58323190e-02  1.17926532e-02
  5.68110235e-02  6.26885891e-02 -3.62960882e-02  2.56861988e-02
 -8.68943110e-02 -6.47405908e-02  8.97560716e-02  1.59168411e-02
  2.80650537e-02 -1.81800481e-02 -1.82355735e-02 -1.45739852e-03
 -2.99457256e-02  8.13862160e-02  3.24952081e-02 -8.05352256e-02
 -2.55416930e-02  7.19268173e-02 -6.41568750e-02  2.22439319e-02
 -3.56486402e-02  5.33980206e-02 -3.56510654e-02  1.74208661e-03
  1.33782208e-01 -2.11792104e-02  8.56491923e-02  6.83889389e-02
  9.42156371e-03  9.20650139e-02 -6.04111925e-02  5.88008873e-02]"
40,../SysML-v2-release-src/training/22. Opaque Actions/Opaque Action Example.sysml,"package 'Opaque Action Example' {
	
	part def Sensor {
		attribute ready : ScalarValues::Boolean;
	}
	
	action def UpdateSensors {
		in sensors : Sensor[*];
		language ""Alf"" 
			/* 
			 * for (sensor in sensors) {
			 *     if (sensor.ready) {
			 *         Update(sensor);
			 *     }
			 * }
			 */
	}
	
}","Generate a SysML v2 model for a package named 'Opaque Action Example'. Model a part definition for 'Sensor' that includes a boolean attribute 'ready' indicating the sensor's status. Define an action called 'UpdateSensors' that accepts an array of 'Sensor' objects as input. The action should be implemented in Alf language, incorporating a loop over the input sensors to check their 'ready' status. Within this loop, include a conditional statement that triggers an 'Update' function for each sensor that is ready. This design should effectively represent a simplified sensor management system focused on updating only the active sensors.","[ 2.06872299e-02 -6.80047646e-02 -1.47885326e-02  4.54853289e-02
  3.59569155e-02 -5.67818768e-02  9.88829955e-02 -3.87994163e-02
 -4.54308093e-02  4.86531258e-02  4.51715440e-02 -4.86794151e-02
 -1.48055819e-03 -2.33879667e-02  2.13243533e-02  3.48864757e-02
  3.02912612e-02 -3.24781947e-02 -2.81355307e-02 -3.40125784e-02
 -7.36736506e-03 -9.26698279e-03  4.30182889e-02  5.38643561e-02
 -1.54325351e-01  2.53416933e-02  3.35748456e-02 -4.88354899e-02
  2.00603739e-03 -6.07469045e-02  3.97305824e-02 -1.70816928e-02
  9.54661518e-02 -4.18001115e-02  8.07841644e-02  1.23602580e-02
  1.63187906e-02 -8.32682773e-02 -8.38170797e-02 -4.78685945e-02
 -1.78085789e-02 -1.09441839e-01 -3.98693793e-02 -3.38942697e-03
 -4.07103449e-02 -4.82680388e-02  2.77781636e-02 -6.37560198e-03
 -2.75123045e-02  1.88506898e-02 -2.14744732e-02 -1.08920306e-01
  1.39054842e-02 -8.03692341e-02  8.77108425e-03  9.53015313e-03
  2.34593078e-02  2.58655716e-02 -1.18801802e-01 -9.84175578e-02
  9.50472988e-03 -6.77992925e-02 -3.85562070e-02 -5.28425304e-03
 -6.67737201e-02  1.02049306e-01 -5.43909371e-02 -4.02591862e-02
  7.53853396e-02 -2.08102148e-02 -6.30247667e-02 -1.68247186e-02
  7.76474476e-02 -3.59194726e-02 -2.53935549e-02 -2.17956379e-02
  6.89772293e-02 -4.84140664e-02  2.96344217e-02 -8.43041316e-02
 -2.08237469e-02 -6.42551705e-02 -8.01655576e-02 -2.83536203e-02
  2.54707392e-02 -1.03072671e-03 -3.60479765e-03 -1.86484456e-02
  5.93596771e-02  4.22931015e-02 -5.15535697e-02 -7.61451125e-02
  1.52094327e-02 -1.43555487e-02  6.01432519e-03  6.62376881e-02
  2.91192392e-03 -2.72162538e-03 -6.78474829e-03  4.39136885e-02
 -2.03075297e-02 -6.61334815e-03 -2.52146125e-02  4.10151593e-02
  7.63531923e-02  2.46803500e-02 -6.17068121e-03 -4.33928147e-02
 -5.97623289e-02 -9.30321496e-03 -1.13579240e-02  2.72921696e-02
  5.28615117e-02 -1.42641002e-02 -2.17053387e-02  4.94145323e-03
  5.11500090e-02  1.62175633e-02 -9.08139441e-03 -2.01688074e-02
  1.35822520e-01 -9.60978959e-03  4.51093242e-02  2.19840258e-02
  9.82077643e-02  3.40611767e-03  4.82508913e-04  1.14431510e-33
 -2.09573414e-02  4.53590835e-03 -1.54668801e-02  8.58855769e-02
 -4.80561936e-03  1.41044427e-02  4.44804467e-02 -7.56844296e-04
  2.78752705e-04  3.58677097e-03 -7.10577425e-03  7.40587199e-03
 -3.55142541e-02  4.56793234e-02  2.59450749e-02 -8.93125460e-02
  1.66185424e-02  6.99115768e-02  6.63966089e-02  1.62612367e-02
  2.89308112e-02 -5.72793670e-02 -1.38984710e-01  6.06625006e-02
  6.56136498e-02  8.00109729e-02  1.83685236e-02  6.20947368e-02
 -1.08884387e-02  8.75045080e-03  8.10501650e-02  6.84046932e-03
 -1.03918407e-02  1.06434170e-02 -3.17436159e-02 -2.65852902e-02
 -8.70853588e-02 -1.10616265e-02  7.71805719e-02 -1.07463166e-01
  3.49546522e-02 -1.75360066e-03  1.93240568e-02  4.05649468e-03
 -1.85293127e-02 -1.77227017e-02 -1.08605184e-01  1.27829462e-02
  4.14284542e-02 -1.43633643e-02  9.36027542e-02  7.63389654e-03
  5.70968818e-03 -3.17735225e-02 -2.30795443e-02 -1.76645722e-02
 -1.19622508e-02  1.45042334e-02 -1.65666789e-02  6.93892166e-02
 -5.89433722e-02  3.38645987e-02  1.30836032e-02 -2.99243182e-02
  5.51036038e-02  8.17603469e-02  2.45074760e-02 -8.16153809e-02
  2.51963530e-02 -4.69059590e-03 -5.65378107e-02  8.79687220e-02
 -3.85947302e-02  5.40933385e-02 -3.01058851e-02 -4.58135158e-02
 -1.20838089e-02 -4.42420831e-03 -4.81692590e-02  1.84345315e-03
 -4.67581376e-02 -2.09593331e-03 -4.34310213e-02  8.11042413e-02
  5.07694818e-02  5.34039643e-03 -9.73521695e-02  3.64346337e-03
 -1.25830546e-01  3.45966779e-03  3.99522260e-02  1.20642129e-03
 -2.60939039e-02 -9.85922012e-03  2.98081222e-03 -1.17144294e-33
  6.05331063e-02 -5.75197861e-03 -1.28711797e-02  4.38028350e-02
 -6.90671131e-02 -4.57347967e-02 -3.10759824e-02  3.85159254e-02
 -6.12598006e-03  4.69142012e-02  8.87042005e-03 -1.41179953e-02
 -3.53773274e-02 -3.53485383e-02 -3.93315479e-02  2.60837227e-02
 -1.80493593e-02 -1.19357497e-01  1.89616997e-02  9.35429111e-02
 -2.46583316e-02  6.66718557e-02 -4.93444875e-02  2.66816653e-03
 -1.30025502e-02  2.16025636e-02 -1.77784916e-02  6.33646473e-02
  7.06096087e-03  1.47528537e-02 -3.69377546e-02 -4.94582504e-02
  4.77691032e-02 -6.16013035e-02  3.56912948e-02 -8.31528604e-02
  2.64004655e-02 -4.25378196e-02 -6.50748760e-02  5.07364012e-02
  4.74469326e-02 -1.28681790e-02 -8.74067098e-02  2.01008134e-02
 -2.33361386e-02  5.52413799e-02 -8.68045725e-03  4.27460000e-02
 -1.14822455e-01 -6.36129379e-02 -5.81554174e-02 -2.10144781e-02
 -1.56078422e-02  4.81468737e-02  5.89604527e-02  5.75413294e-02
  2.87309065e-02 -3.21925990e-02  7.92379305e-03  4.82799187e-02
  4.62212525e-02 -4.43315357e-02  1.05385341e-01 -1.69007555e-02
 -1.01817120e-03  3.07297111e-02 -5.19630592e-03  7.15673855e-03
 -4.96173324e-03  8.15830603e-02  1.58978000e-01  1.90281682e-02
 -3.23626138e-02  1.63215324e-02  7.72165433e-02 -2.37007495e-02
 -1.18372105e-02 -2.30582543e-02  7.11198663e-03  3.57654616e-02
 -9.55347121e-02  8.39806511e-04  7.36968666e-02  1.35032490e-01
  1.83931850e-02  2.12059878e-02  1.64261684e-02  5.56962676e-02
  1.46032097e-02  7.45486319e-02 -8.01780224e-02  4.39298451e-02
  7.33386278e-02  7.24107698e-02 -1.19933024e-01 -4.25207496e-08
 -7.69081563e-02  5.36609150e-04  2.59307716e-02 -1.12324087e-02
  3.70395370e-02  7.15015009e-02 -6.84937462e-02 -8.54960829e-02
 -2.52755024e-02 -4.77049313e-02 -1.58306547e-02  6.49924651e-02
  1.74397230e-02  2.16636509e-02  3.29681337e-02  5.40781282e-02
 -6.34108391e-03  4.91208471e-02 -3.73746827e-02 -1.45833511e-02
  5.82644641e-02  7.58740827e-02 -1.13681015e-02  4.69159931e-02
  1.38020039e-01  3.58178653e-02  9.19400249e-03  3.81304068e-03
  1.13005817e-01  1.71785392e-02  4.59031761e-02 -4.59153391e-02
  7.96547607e-02  1.16720609e-01  3.33190113e-02  4.02013287e-02
 -4.36209366e-02 -1.47395125e-02 -1.33695488e-03  1.34413354e-02
  2.79402803e-03  1.75928976e-02 -7.47771263e-02  1.67538356e-02
 -1.15653453e-02  3.68858203e-02 -2.74149347e-02 -1.50651932e-01
 -2.54849680e-02  1.37213254e-02 -3.38986218e-02  2.18267320e-03
 -4.70674150e-02  9.40948948e-02 -8.20597410e-02  1.83590502e-02
  5.76185547e-02 -4.60877344e-02  4.64328341e-02  1.81106739e-02
 -3.21909785e-02  2.09047869e-02 -7.15721622e-02  2.47374400e-02]"
41,../SysML-v2-release-src/training/23. State Definitions/State Definition Example-1.sysml,"package 'State Definition Example-1' {
	
	attribute def VehicleStartSignal;
	attribute def VehicleOnSignal;
	attribute def VehicleOffSignal;
		
	state def VehicleStates {
		entry; then off;
		
		state off;
		
		transition off_to_starting
			first off
			accept VehicleStartSignal 
			then starting;
			
		state starting;
		
		transition starting_to_on
			first starting
			accept VehicleOnSignal
			then on;
			
		state on;
		
		transition on_to_off
			first on
			accept VehicleOffSignal
			then off;
	}
	
}","Generate a SysML v2 model outlining the operational states of a vehicle with clear transitions linked to specific signals. Model the package titled 'State Definition Example-1', which encapsulates attributes like `VehicleStartSignal`, `VehicleOnSignal`, and `VehicleOffSignal`. Define a composite state called `VehicleStates` that initiates in the `off` state. Incorporate transitions such as `off_to_starting`, triggered by `VehicleStartSignal`, leading to the `starting` state. Progress into the `on` state via the `starting_to_on` transition, activated by `VehicleOnSignal`. Finally, implement a transition named `on_to_off`, which moves the system back to the `off` state upon receiving `VehicleOffSignal`. This model should effectively illustrate the vehicle’s state machine and the dynamics of its signals.","[-6.62762076e-02 -3.60667892e-02  6.41210331e-03  3.89024504e-02
 -2.40753517e-02  6.28774054e-03 -8.90489295e-03  1.73553322e-02
 -3.36108878e-02  1.05396435e-02  5.89923263e-02  1.27705112e-02
  1.50845908e-02  2.49042409e-03  2.74965097e-03  5.21434844e-02
  3.53736356e-02  5.51802618e-03 -2.14154669e-03  2.05442365e-02
  8.92938748e-02 -4.69106529e-03  1.07323350e-02  3.80890742e-02
 -9.22841802e-02  8.69052578e-03 -2.61946917e-02  3.05780936e-02
  5.68129905e-02 -7.80543536e-02 -2.26619262e-02  1.73232574e-02
 -2.66845413e-02 -3.51473945e-03  2.45040841e-02 -1.97710898e-02
  2.94590127e-02 -4.04676609e-02 -6.27880320e-02 -9.37150866e-02
  6.09923452e-02 -1.04908302e-01 -4.82329912e-02 -2.68148500e-02
  3.52360345e-02  6.98479405e-03  3.28182541e-02 -4.23115864e-03
 -5.07673668e-03 -4.73291129e-02 -4.28791754e-02  7.46020675e-03
  2.23799031e-02 -1.33783240e-02 -1.67290065e-02  6.77662790e-02
  4.96382564e-02  3.47337313e-02 -9.76590365e-02 -9.30684581e-02
 -4.33217734e-02  3.32361758e-02 -6.70805946e-02 -3.43413539e-02
 -9.35257692e-03  8.72460753e-02 -6.37064269e-03 -8.86713434e-03
  6.56534880e-02  6.86074644e-02 -6.69214725e-02 -3.64556946e-02
  4.32057828e-02  3.16176773e-03 -1.22721242e-02 -8.24293047e-02
  7.73311183e-02 -1.01025868e-02 -4.88695630e-04 -9.22793746e-02
 -5.36326207e-02 -7.63228014e-02 -1.01585062e-02 -2.95448974e-02
 -3.12976576e-02 -8.45413376e-03 -8.29294964e-04 -4.16480675e-02
  8.54822695e-02  7.83224106e-02 -9.03942958e-02 -2.84337848e-02
  7.89123178e-02 -2.83662211e-02  2.50845067e-02  4.35285904e-02
  5.21272272e-02 -2.45281365e-02  9.71058086e-02  3.08847167e-02
  3.72391157e-02  5.68231046e-02  7.79668391e-02  1.54618882e-02
 -7.33208135e-02  1.87720228e-02 -2.87678726e-02 -2.75193509e-02
 -6.77173063e-02 -8.56003240e-02  4.81030531e-02  6.56065792e-02
  4.29208316e-02  1.14324382e-02 -2.74777692e-02  6.02095388e-02
 -2.79007349e-02  2.93252934e-02  5.98160140e-02 -1.29519040e-02
  2.59581730e-02 -6.70477152e-02  7.58191245e-03  4.36587818e-02
  4.41806838e-02 -4.91036568e-03 -1.13922115e-02  1.13783831e-33
 -5.46294935e-02 -4.98552956e-02 -1.47351380e-02  1.09892778e-01
 -9.79473721e-03  6.37586638e-02 -2.29858216e-02 -1.83691364e-02
 -1.08960699e-02  6.53422996e-02 -2.47445647e-02  3.32031213e-03
 -1.57789346e-02  2.98555121e-02 -5.90610690e-03 -1.18813954e-01
 -2.29805894e-02 -3.27605084e-02 -1.43739022e-02 -2.59629972e-02
  4.62965406e-02  8.86159763e-02 -6.21274523e-02 -2.77725831e-02
  7.40875304e-02  1.05637535e-01 -6.98311627e-03  1.02795716e-02
 -4.50318530e-02  4.48076315e-02  2.06332393e-02  4.54922728e-02
 -7.71621242e-02  2.94681005e-02  2.72549614e-02  1.24046626e-02
 -4.91301790e-02 -6.56498298e-02  4.37287055e-02 -5.48974052e-02
  8.06880146e-02 -4.46268097e-02 -9.02926475e-02  1.11551490e-02
 -9.81530100e-02 -8.48127306e-02  3.62138860e-02  2.24264339e-02
  6.77302899e-03 -5.00062713e-03  5.42200319e-02 -1.78699624e-02
  1.66949034e-02 -7.42476508e-02 -7.99436569e-02 -9.16741975e-03
 -1.76949275e-03  1.70244705e-02 -4.82133925e-02  3.16791609e-02
 -2.68438626e-02 -2.55547948e-02  3.18034664e-02 -2.42853276e-02
  1.13994488e-02  6.51847869e-02 -1.04200892e-01 -5.90547211e-02
  4.58200648e-02  4.77931388e-02 -2.92110667e-02  8.07457268e-02
 -2.96172430e-03  3.56637724e-02  9.55798775e-02 -2.17387002e-04
  1.28916727e-04 -4.41471636e-02 -9.10072625e-02  3.21844406e-02
 -5.48611060e-02  3.86570022e-02 -9.74342078e-02 -1.62831321e-02
  8.00729990e-02 -3.74672003e-02 -7.84602836e-02 -7.33498707e-02
 -1.14139095e-01 -5.57903312e-02 -5.58844432e-02 -6.83469027e-02
  3.95471603e-02  7.30050653e-02 -1.58949699e-02 -3.68260633e-33
  3.90411541e-02 -2.15762611e-02  4.89549153e-02  2.56930161e-02
 -1.41225429e-02 -5.51810786e-02  2.84838378e-02  4.03350480e-02
 -8.11464936e-02  3.86523530e-02  2.84668878e-02 -2.78557725e-02
  4.78548035e-02  3.03898361e-02  8.01797025e-03 -1.64527968e-02
  3.35193425e-02 -1.16262399e-01 -1.22872146e-03  8.98208022e-02
 -2.62197424e-02 -9.85245127e-03 -5.10474406e-02  5.92385791e-02
  7.09921960e-03  1.55157140e-02 -3.84034626e-02  5.47742397e-02
  5.29327802e-03 -1.54671464e-02  1.03369132e-02 -8.89409557e-02
  7.48344287e-02 -1.39189642e-02 -7.54124001e-02 -9.86078405e-04
 -5.80873489e-02 -6.93329498e-02 -6.41077161e-02  1.47385709e-02
  2.79385708e-02  5.83304744e-03 -3.40369940e-02  3.45124155e-02
  3.85483503e-02  2.84242667e-02 -1.64996255e-02  3.76944616e-02
 -9.62197036e-02 -3.64307873e-02  6.98960200e-03  2.74603851e-02
  2.39868872e-02  2.23589558e-02 -1.55538553e-02  3.27850729e-02
  7.17087612e-02  9.10056569e-03 -3.37632261e-02  3.37054804e-02
  4.76556867e-02 -5.54524772e-02  4.24814187e-02 -3.24346162e-02
  2.62452178e-02 -9.02194828e-02 -3.12382374e-02  7.13655213e-03
  2.79626362e-02 -4.48921397e-02  8.51916298e-02  4.80715595e-02
 -2.43553855e-02  1.68834757e-02  5.26862666e-02 -7.12451562e-02
 -2.06614044e-02 -4.46063578e-02  7.13204816e-02 -7.52014145e-02
 -1.08721539e-01 -6.22916557e-02  4.52310853e-02  9.56301764e-02
 -4.72707413e-02  2.13626195e-02 -5.04403859e-02  8.60939249e-02
  3.73529829e-02  1.95956975e-02 -4.38906327e-02  7.02740401e-02
  2.70316955e-02  1.72372356e-01 -8.12309310e-02 -5.13288967e-08
 -1.87698267e-02  5.64875640e-03  8.78199264e-02  1.63152963e-02
  4.13606018e-02  7.43779466e-02  4.26918734e-03 -6.08830564e-02
 -6.80220872e-02 -9.05596092e-02 -1.57430749e-02  2.27024816e-02
  2.58300151e-03 -1.44344829e-02  4.69614519e-03  7.73433745e-02
  2.33414024e-02  6.33562654e-02 -2.75412817e-02 -1.09485239e-02
  5.02851568e-02 -6.61656121e-03 -6.62017465e-02  1.13558814e-01
  5.33452444e-02 -2.88752094e-02 -2.49795467e-02  4.40941863e-02
  7.63148963e-02 -2.60302350e-02  2.55181994e-02  4.22840901e-02
  1.10284947e-01  6.86191842e-02 -2.42629163e-02  7.70909414e-02
 -3.06871329e-02  3.40612419e-02  7.00578690e-02  6.34444831e-03
  7.83115029e-02  3.05754133e-02 -6.39666170e-02  3.87880169e-02
 -3.84250432e-02  1.35432882e-02 -9.08599198e-02 -1.06477380e-01
 -3.80328149e-02 -5.34726121e-03 -4.75347927e-03 -3.39449272e-02
 -1.05713718e-01  1.05255663e-01 -5.04219793e-02 -1.41275758e-02
  6.40359847e-03 -5.26554324e-03  6.76069641e-03  3.12579656e-03
 -7.10009085e-03  7.66343102e-02 -3.50505300e-02  1.16899088e-02]"
42,../SysML-v2-release-src/training/23. State Definitions/State Definition Example-2.sysml,"package 'State Definition Example-2' {
	
	attribute def VehicleStartSignal;
	attribute def VehicleOnSignal;
	attribute def VehicleOffSignal;
		
	state def VehicleStates {
		entry; then off;
		
		state off;
		accept VehicleStartSignal 
			then starting;
			
		state starting;
		accept VehicleOnSignal
			then on;
			
		state on;
		accept VehicleOffSignal
			then off;
	}
	
}","Generate a SysML v2 model for a vehicle state machine named 'State Definition Example-2'. Model attributes for the vehicle's operational signals, including 'VehicleStartSignal', 'VehicleOnSignal', and 'VehicleOffSignal'. Define the 'VehicleStates' state machine with an entry point leading to the initial 'off' state. Within the 'off' state, accept the 'VehicleStartSignal' to transition to the 'starting' state. In the 'starting' state, accept the 'VehicleOnSignal' to transition to the active 'on' state. Finally, in the 'on' state, accept the 'VehicleOffSignal' to return to the 'off' state. This model encapsulates the state transitions and behavior of a vehicle in response to specific signals.","[-5.92016615e-02 -4.11097035e-02 -9.50067118e-03  3.39698270e-02
 -3.43430229e-02  2.07006428e-02  7.70207262e-04  1.74844675e-02
 -3.15190963e-02  1.06948307e-02  8.35902169e-02 -1.98090635e-03
  2.90454123e-02 -1.16470540e-02  8.82485136e-03  3.39584611e-02
  2.73262449e-02 -2.51460914e-02  1.61190778e-02  2.51443237e-02
  1.27969965e-01 -1.87197365e-02 -8.99496023e-03  1.11964233e-02
 -7.80205950e-02 -5.06597944e-03  8.80593201e-04  6.32164478e-02
  5.97188435e-02 -8.31517130e-02 -1.58042330e-02  1.66178774e-02
 -1.47625469e-02 -4.12959792e-03  2.27534752e-02 -4.34121266e-02
  2.51080506e-02 -3.43910195e-02 -7.28914961e-02 -9.01683569e-02
  3.95214483e-02 -1.23706378e-01 -3.38368677e-02 -3.60340364e-02
  5.36173992e-02  1.49547076e-02  2.43816637e-02  4.39712731e-03
  8.37274361e-04 -5.20201214e-02 -1.90805215e-02  3.17809694e-02
  1.49129704e-03  4.69066110e-03 -3.57531942e-02  5.87719418e-02
  4.47930433e-02  5.32499626e-02 -1.05313264e-01 -8.03618431e-02
 -4.07186821e-02  1.08768670e-02 -8.85452256e-02 -2.49135438e-02
  4.69520921e-03  7.83320367e-02 -2.37727910e-02 -4.82296683e-02
  2.47849748e-02  5.35663925e-02 -8.44743773e-02 -4.18481454e-02
  3.74411717e-02  2.23137774e-02  3.34044080e-03 -7.37375915e-02
  8.87194574e-02 -1.91150028e-02  1.93741117e-02 -8.12199637e-02
 -6.42563924e-02 -5.02301045e-02 -3.42900231e-02 -2.72833742e-02
 -1.36549892e-02 -4.05820459e-03 -3.62044014e-02 -3.04192007e-02
  8.96243826e-02  8.02773982e-02 -9.89790931e-02 -4.41473164e-02
  5.61244711e-02 -3.26658711e-02  3.39233093e-02  4.75062393e-02
  4.33139093e-02 -5.34829265e-03  8.50320160e-02  1.11640980e-02
  2.82236058e-02  3.96777615e-02  4.20284644e-02  3.72865386e-02
 -3.80948260e-02  1.40680773e-02 -3.85261178e-02 -6.87679574e-02
 -5.98969534e-02 -9.09276009e-02  4.45979871e-02  7.37688392e-02
  5.93081079e-02  9.92520596e-04 -1.61591750e-02  4.30241078e-02
 -2.74719726e-02  3.32904160e-02  5.40135838e-02 -3.85262743e-02
 -1.87310427e-02 -8.98486450e-02  2.24851482e-02  3.95983942e-02
  2.49392018e-02 -2.91525926e-02 -2.98228897e-02  3.95228660e-34
 -7.62261376e-02 -5.55075556e-02 -3.84075171e-03  8.73574242e-02
 -2.07759980e-02  7.27296174e-02 -2.27913596e-02 -1.06199831e-02
  1.05415424e-02  5.40610887e-02 -4.02060710e-02 -1.12223690e-02
  3.58182209e-04  1.38860848e-02  6.08026981e-03 -8.00195932e-02
 -2.00163852e-02  2.20749527e-03 -3.86958383e-02 -2.37774365e-02
  4.73440699e-02  9.01927277e-02 -4.39004637e-02 -3.74556631e-02
  6.73326552e-02  8.71728361e-02 -1.75235141e-02  2.06860285e-02
 -6.06185123e-02  4.17937487e-02  3.62707302e-02  1.83296036e-02
 -5.50383814e-02  3.68168205e-02  2.86773052e-02  2.60148775e-02
 -2.80677695e-02 -3.64032574e-02  4.64133956e-02 -8.09568167e-02
  7.60512799e-02 -4.34575491e-02 -6.92467764e-02  2.96594463e-02
 -9.88954529e-02 -8.04806501e-02  2.67249066e-02 -1.83387217e-03
  2.79367119e-02  4.83626733e-03  4.69825417e-02 -1.62015073e-02
  1.93979591e-02 -5.35339564e-02 -7.15629086e-02  1.39860092e-02
 -1.41515508e-02  3.80072258e-02 -6.94004744e-02  3.76921184e-02
 -3.47693935e-02 -4.00359742e-03  4.02941667e-02 -5.59103414e-02
  2.79561598e-02  5.16800396e-02 -6.16030432e-02 -9.87463966e-02
  3.79436873e-02  5.02602682e-02  4.43587964e-03  5.70234396e-02
 -1.22338198e-02  4.02595289e-02  9.30338427e-02 -4.29922901e-03
  2.61915326e-02 -1.10435942e-02 -8.31605867e-02  2.12279428e-02
 -6.76190034e-02  5.51431738e-02 -1.37884408e-01  6.49396703e-03
  8.31596553e-02 -4.43161465e-02 -7.28212371e-02 -9.34041739e-02
 -8.18882808e-02 -6.32134750e-02 -2.86627244e-02 -3.62629443e-02
  9.07399040e-03  8.66610035e-02 -2.31269654e-03 -2.75660625e-33
  4.26440723e-02 -1.33840162e-02  4.28401716e-02  1.47669651e-02
 -3.63776386e-02 -5.12766019e-02  3.31198573e-02  1.54007720e-02
 -5.22618219e-02  4.21117954e-02  4.12413888e-02 -1.84566267e-02
  4.13210839e-02  3.04249320e-02  2.30965950e-02 -1.22664375e-02
  2.55140625e-02 -1.13027997e-01 -4.14222665e-03  8.23150277e-02
 -2.61523537e-02  2.32833996e-02 -4.94759642e-02  4.36263718e-02
  7.94329122e-03  4.28412622e-03 -5.01978770e-02  6.58948645e-02
 -1.53772323e-03 -4.84287962e-02  6.86663715e-03 -6.82816952e-02
  8.11084285e-02  1.17660509e-02 -5.72674312e-02 -2.99988016e-02
 -3.29903737e-02 -7.46758208e-02 -6.30031377e-02  3.73120531e-02
  2.98310835e-02  9.98066738e-03 -2.94984933e-02  4.38363366e-02
  2.67022438e-02  1.32310987e-02 -3.20623192e-04  2.72026937e-02
 -7.28406161e-02 -5.16643859e-02  1.70264803e-02  2.01369356e-02
  1.04478775e-02  4.27646004e-02 -2.11092345e-02  5.46100177e-02
  6.11792281e-02  1.10966237e-02 -4.62831883e-03  5.34482151e-02
  4.74084206e-02 -7.72968084e-02  4.38935384e-02 -2.39659473e-03
  9.69315413e-03 -7.76952654e-02 -9.61510278e-03  2.82566138e-02
  2.77709980e-02 -5.47797270e-02  6.89700395e-02  5.38490079e-02
  3.56102409e-03  1.74065419e-02  2.48124171e-02 -7.95008838e-02
 -3.66464332e-02 -4.65245172e-02  4.25545536e-02 -8.32416639e-02
 -1.24642298e-01 -4.49059792e-02  2.76787188e-02  1.20191768e-01
 -6.70104325e-02  2.82172523e-02 -2.31075957e-02  6.95022792e-02
  4.15329076e-02  3.46874981e-03 -4.00404707e-02  8.46670568e-02
  2.29946971e-02  1.88481390e-01 -9.58086625e-02 -4.86539804e-08
 -5.37256375e-02 -7.22600752e-03  9.78664160e-02  2.38050316e-02
  1.25712585e-02  8.09214041e-02 -1.84704624e-02 -8.46328586e-02
 -7.40407705e-02 -9.06144306e-02 -1.76302269e-02  4.35798168e-02
  4.56423173e-03 -1.89792886e-02  1.15429899e-02  7.14487135e-02
  3.25858891e-02  6.01137839e-02 -2.32278667e-02  6.90143229e-03
  6.16571680e-02 -5.87150780e-03 -6.40225261e-02  1.11037180e-01
  5.74923381e-02 -2.81394031e-02 -1.86274778e-02  5.03541678e-02
  5.86053468e-02 -1.45882815e-02  3.41308825e-02  5.70485890e-02
  1.13406420e-01  7.38329664e-02 -2.52307393e-02  6.39280453e-02
 -2.75714062e-02  2.40792893e-02  7.83358291e-02  4.14509652e-03
  8.84178802e-02  4.27794866e-02 -8.37141871e-02  3.84303033e-02
 -3.00093293e-02  5.03957719e-02 -7.13726506e-02 -1.08903721e-01
 -2.65660509e-02 -1.92909651e-02 -2.05714311e-02 -1.71203837e-02
 -8.46050009e-02  7.96387643e-02 -5.58431968e-02 -1.96706261e-02
 -3.66628077e-03 -1.56694558e-03  2.06746496e-02  4.95078741e-04
 -1.13493379e-03  1.17920488e-01 -1.15005914e-02  3.81711707e-03]"
43,../SysML-v2-release-src/training/24. States/State Actions.sysml,"package 'State Actions' {
	
	attribute def VehicleStartSignal;
	attribute def VehicleOnSignal;
	attribute def VehicleOffSignal;
	
	part def Vehicle;
	
	action performSelfTest { in vehicle : Vehicle; }
	
	state def VehicleStates { in operatingVehicle : Vehicle; }
		
	state vehicleStates : VehicleStates {
		in operatingVehicle : Vehicle;
			
		entry; then off;
		
		state off;
		accept VehicleStartSignal 
			then starting;
			
		state starting;
		accept VehicleOnSignal
			then on;
			
		state on {
			entry performSelfTest{ in vehicle = operatingVehicle; }
			do action providePower { /* ... */ }
			exit action applyParkingBrake { /* ... */ }
		}
		accept VehicleOffSignal
			then off;
	}
	
}","Generate a SysML v2 model for the 'State Actions' package, which manages the operational states of a vehicle. The model defines attributes representing various signals: VehicleStartSignal, VehicleOnSignal, and VehicleOffSignal. It includes a part representing the Vehicle and an action called performSelfTest that takes a Vehicle as input. The main state, VehicleStates, reflects the current operating state of the Vehicle, initiating with an entry action that transitions to the 'off' state. 

The 'off' state can accept the VehicleStartSignal and transition to the 'starting' state. The 'starting' state can then accept the VehicleOnSignal, moving to the 'on' state. In the 'on' state, an entry action executes performSelfTest, which checks the vehicle's readiness. It also continuously provides power while defining exit actions, such as applying the parking brake. Transitions back to the 'off' state can occur upon receiving the VehicleOffSignal. This structured approach ensures clear management of vehicle states and actions.","[-3.38125564e-02 -2.45083962e-02 -9.13653802e-03  1.87143646e-02
 -2.53239274e-03  2.80222055e-02  2.35711746e-02  3.88593487e-02
  1.10679492e-02  5.47905304e-02  6.58043623e-02  7.03033283e-02
  1.15768975e-02  1.81568973e-02  6.14641607e-03  3.45813073e-02
  5.95549345e-02 -2.97070239e-02 -2.55948808e-02  3.56279500e-02
  1.23499803e-01 -6.50669634e-02  1.46186305e-02  3.44197173e-03
 -1.52790204e-01  1.15005812e-02 -2.18492150e-02 -6.79092132e-04
  5.46345226e-02 -8.00806358e-02 -9.74491797e-03 -8.73336382e-03
  3.75963748e-02 -3.03066578e-02  6.73279632e-03  7.91259017e-03
  2.82428507e-02 -5.33312038e-02 -5.64923808e-02 -9.56427753e-02
  1.28968749e-02 -1.58873320e-01 -6.20288625e-02 -3.02009620e-02
  4.36598100e-02  1.95141081e-02  2.81064063e-02 -1.53071284e-02
 -1.65886469e-02 -5.17856255e-02  1.93790800e-03  4.22923006e-02
  3.96270454e-02 -2.38124449e-02 -2.33844370e-02  5.68149686e-02
  5.95097058e-02  2.18332671e-02 -8.26089904e-02 -8.12916532e-02
 -7.89662171e-03  7.45399995e-03 -9.39501598e-02 -1.71895791e-02
  1.82140712e-02  8.32052901e-02  1.08681014e-02 -9.39798579e-02
  5.91928512e-02  1.01414146e-02 -7.25488290e-02 -4.26172651e-02
  1.14346575e-03  2.65909787e-02 -6.57749735e-03 -7.99995437e-02
  5.48455119e-02 -1.54928323e-02 -8.30215681e-03 -1.05152018e-01
 -3.03065218e-02 -2.10161321e-02 -2.80577689e-02 -1.00712385e-03
  8.08525737e-03  2.14181049e-03 -1.63490698e-02  1.36501072e-02
  1.17982075e-01  9.28307995e-02 -7.69914612e-02 -2.16114298e-02
  5.63148260e-02 -5.86915649e-02  9.45150014e-03  3.77066918e-02
  3.37757692e-02 -3.46065722e-02  5.00741675e-02  2.53166165e-02
  5.50760292e-02  3.28914486e-02  3.06482445e-02 -3.62381106e-03
 -8.16786662e-03 -1.16944565e-02 -5.06935976e-02 -7.10251927e-02
 -4.94124331e-02 -3.37654762e-02  2.29863469e-02  2.37375367e-02
  4.06277515e-02  4.05119322e-02 -2.01418456e-02  6.18732534e-02
 -4.72423658e-02  6.35244325e-02  7.13795349e-02 -3.11155729e-02
  3.64421192e-03 -4.06991653e-02  6.17921017e-02  2.04688851e-02
  3.99566889e-02 -2.86584329e-02 -1.41165592e-02  1.25263562e-33
 -7.74480999e-02 -7.99230710e-02 -2.29552053e-02  8.63731802e-02
 -2.25715134e-02  5.49397916e-02 -1.42508475e-02 -9.13051795e-03
  1.01460656e-02  4.57204953e-02 -1.69429146e-02  6.46663737e-03
  3.05610690e-02 -3.91410617e-03  6.86336905e-02 -5.78589998e-02
 -3.74892354e-02 -4.49724775e-03 -2.16628630e-02 -1.28917135e-02
  5.75706847e-02  6.11122772e-02 -3.37415487e-02 -1.71639828e-03
  1.03900775e-01  4.73355651e-02 -2.52300929e-02  7.48368651e-02
 -3.41731049e-02  3.25733125e-02  1.33360391e-02  9.99456923e-03
 -6.55059516e-02  4.13812473e-02  2.30067465e-02  3.36470716e-02
 -7.18356073e-02 -3.74439433e-02  6.64752945e-02 -1.01087563e-01
  1.40976384e-02 -6.85087964e-02 -9.44940522e-02  2.19165068e-02
 -7.31694028e-02 -6.79325238e-02  3.68771814e-02 -4.18673037e-03
 -1.10401865e-02  2.20819972e-02  3.44153717e-02 -1.69262178e-02
  3.79347317e-02 -3.52614783e-02 -1.13940313e-01  2.05177013e-02
 -1.52888549e-02 -7.04585481e-03 -4.14215624e-02  3.24230120e-02
 -3.22843492e-02 -1.05679221e-02  1.74117362e-04 -2.57778876e-02
 -5.24589792e-03  2.12482307e-02 -7.45943114e-02 -8.25730413e-02
  2.01204624e-02  2.21671630e-02 -1.57530289e-02  5.61271347e-02
  1.62379462e-02  1.52731519e-02  4.73963656e-02  1.89007143e-03
  3.36823761e-02 -7.46554090e-03 -9.70873833e-02  2.94877253e-02
 -4.04086895e-02  4.11789417e-02 -7.18913600e-02  2.51201261e-02
  8.17951560e-02 -4.30535749e-02 -7.37693608e-02 -8.25594366e-02
 -8.78266394e-02 -3.54834460e-02 -3.06972265e-02 -4.16088253e-02
  1.97173518e-04  9.06849578e-02  4.84733768e-02 -2.67410400e-33
  7.06067905e-02 -6.90561458e-02  5.92233278e-02  2.64425408e-02
 -3.59285586e-02 -2.44191531e-02 -2.78366935e-02 -2.58674379e-02
 -5.54627739e-02  9.56201646e-03  6.52226293e-03 -2.91887876e-02
  2.95481123e-02  3.07252426e-02 -7.71254709e-04 -4.03876714e-02
  4.25461382e-02 -9.65227038e-02 -2.29239557e-02  8.91469344e-02
 -2.59741284e-02  6.02155514e-02 -2.84102280e-02  5.51621392e-02
 -1.42321372e-02  6.58388063e-03 -2.66011572e-03  5.00467680e-02
 -2.66009197e-02 -1.36566265e-02  4.09658886e-02 -8.07848126e-02
  7.36702979e-02  2.44605392e-02 -5.15632406e-02 -6.22484125e-02
 -5.33571877e-02 -6.45971373e-02 -4.77747396e-02  3.47845629e-02
  6.27268627e-02 -1.02481451e-02 -2.99565238e-03  4.53673750e-02
  2.38569919e-02  2.69027315e-02 -1.68641843e-02  1.49624860e-02
 -1.05790593e-01 -3.42895761e-02  1.33237187e-02 -2.86223763e-03
  1.91274174e-02  5.01703843e-02  1.67938508e-02  3.15443017e-02
  8.53443891e-02 -1.26265141e-03 -4.44747098e-02  3.55117507e-02
  6.76976293e-02 -2.49436107e-02  7.83248246e-02  9.84172337e-03
  3.57813638e-04 -1.06210567e-01 -2.19936445e-02  2.84475498e-02
  3.41437981e-02 -1.51875997e-02  7.31279552e-02  3.02323457e-02
 -1.01660686e-02  1.23628732e-02  4.22174595e-02 -6.08087108e-02
 -1.35235703e-02 -9.97245759e-02  1.05051864e-02 -9.90929380e-02
 -9.58805978e-02 -3.74389589e-02  3.11091263e-02  1.10621251e-01
 -7.30448216e-02  4.06599939e-02 -4.80896421e-02  3.81907187e-02
  6.12607412e-02  3.22887674e-02 -5.73382974e-02  9.08659548e-02
  3.75540135e-03  1.64976940e-01 -9.60655883e-02 -5.32882183e-08
 -2.86453757e-02  2.08568014e-02  9.79517549e-02 -1.17493253e-02
  3.51054706e-02  7.15358183e-02 -6.76061818e-03 -7.38830268e-02
 -7.30927959e-02 -4.43837121e-02  7.45728472e-03  2.09642593e-02
 -1.90016162e-03 -3.28886323e-02  1.75929116e-03  8.15784186e-02
  7.73219913e-02  5.90072349e-02 -4.04798836e-02  9.13727656e-03
  3.86124589e-02 -1.65860672e-02 -5.03062457e-02  1.00828841e-01
  7.55931512e-02 -3.89373302e-02  2.19229367e-02  6.05115257e-02
  3.43698151e-02 -2.59637367e-02  4.44807149e-02  3.52203287e-02
  1.30513757e-01  8.86294991e-02 -2.92552207e-02  5.71281426e-02
  2.69398815e-03  2.17695627e-02  8.19609389e-02 -6.39561005e-03
  7.94119909e-02  5.98121881e-02 -4.67891768e-02  3.01418938e-02
 -8.00191909e-02  4.72834222e-02 -9.57653672e-02 -9.51630920e-02
 -1.71722863e-02 -1.84281841e-02 -2.64059566e-02 -2.78981440e-02
 -9.72991809e-02  1.30904943e-01 -2.59219203e-02  1.28747411e-02
 -2.35592835e-02 -1.03685511e-02  3.64369228e-02  1.01325316e-02
 -1.53987436e-03  8.84711966e-02  1.02997599e-02 -3.45217832e-03]"
44,../SysML-v2-release-src/training/24. States/State Decomposition-1.sysml,"package 'State Decomposition-1' {
	
	attribute def VehicleStartSignal;
	attribute def VehicleOnSignal;
	attribute def VehicleOffSignal;
	
	state def VehicleStates;
		
	state vehicleStates : VehicleStates {
		entry; then off;
		
		state off;
		accept VehicleStartSignal 
			then starting;
			
		state starting;
		accept VehicleOnSignal
			then on;
			
		state on;
		accept VehicleOffSignal
			then off;
	}
	
}","Generate a SysML v2 model for a vehicle state management system within the package 'State Decomposition-1'. Model attributes include 'VehicleStartSignal', 'VehicleOnSignal', and 'VehicleOffSignal', defining the signals that trigger state transitions. The primary state, 'VehicleStates', includes nested states for managing vehicle behavior. Start with an 'off' state, which transitions to 'starting' upon receiving the 'VehicleStartSignal'. Once the vehicle is starting, it can transition to the 'on' state upon receiving the 'VehicleOnSignal'. The 'on' state accepts the 'VehicleOffSignal' to return to the 'off' state. This model captures the essential dynamic behavior of a vehicle's operational states, facilitating understanding and implementation of state transitions.","[-5.00228591e-02 -2.58693621e-02  1.28571512e-02  3.71143222e-02
  9.66261327e-03  5.29395416e-03 -1.38785318e-03  2.06516646e-02
 -1.28499018e-02  3.91036421e-02  5.19781746e-02  2.38151737e-02
  2.11543497e-02  1.40565718e-02  1.01025905e-02  3.31103839e-02
  3.21054533e-02 -2.37642415e-02 -1.00377779e-02  9.87658677e-06
  1.15678772e-01 -2.17032321e-02  5.57659613e-03  2.00380739e-02
 -9.02719498e-02  2.97020543e-02 -1.93945002e-02  2.07315516e-02
  5.20328730e-02 -7.17703402e-02  1.60488649e-03 -4.56018513e-03
  2.76892493e-03 -4.12910096e-02  1.42539234e-03 -4.34775837e-02
  2.01129150e-02 -3.14259566e-02 -7.32516870e-02 -8.45525861e-02
  2.45089140e-02 -1.16859056e-01 -5.64461537e-02 -4.08056788e-02
  3.01582254e-02  7.74886832e-03  2.41013635e-02  2.05901228e-02
 -5.48285013e-03 -5.90533130e-02 -2.52188258e-02  1.73074957e-02
  7.06862099e-03  1.80956144e-02 -2.14428809e-02  6.23033457e-02
  4.44143750e-02  3.68639305e-02 -1.19848587e-01 -8.05565938e-02
 -5.38727045e-02  3.44992913e-02 -7.56576806e-02 -1.85279157e-02
  1.74122164e-03  8.43090862e-02 -1.07687898e-02 -3.69466543e-02
  4.80584167e-02  3.13777663e-02 -6.46654740e-02 -2.92142536e-02
  3.33237238e-02  1.29617276e-02  8.99217837e-03 -8.31402764e-02
  8.87099952e-02 -1.30370678e-02  2.95185056e-02 -8.07629079e-02
 -4.06823047e-02 -2.45943721e-02 -3.54956351e-02 -2.20990460e-02
 -3.25202905e-02 -2.96796635e-02 -1.30422777e-02 -2.17946731e-02
  7.65673220e-02  1.05892524e-01 -7.85059258e-02 -1.12793725e-02
  7.42168576e-02 -3.86034474e-02 -4.27395804e-03  5.56928739e-02
  4.92694490e-02 -1.17432484e-02  8.81155953e-02  8.05841479e-03
  4.39820997e-02  3.07749901e-02  5.85647486e-02  1.92943066e-02
 -5.66373467e-02  2.57886306e-04 -4.36554588e-02 -6.53961375e-02
 -6.32540286e-02 -6.03867210e-02  4.33021374e-02  7.14412481e-02
  3.23336683e-02  5.44305192e-03 -2.87218988e-02  6.52146339e-02
 -2.74820793e-02  2.71884147e-02  7.46606067e-02 -2.19124369e-02
  5.67965722e-03 -8.32583830e-02  5.01233265e-02  2.39913892e-02
  4.83914316e-02 -9.44971573e-03 -5.01642982e-03  1.05691737e-33
 -8.99321660e-02 -6.36788234e-02 -4.88922484e-02  9.78739038e-02
 -1.52339358e-02  6.31790832e-02 -1.63763165e-02 -1.33618042e-02
  3.18266288e-03  3.07844058e-02 -2.96526309e-02  7.98676815e-03
 -1.54502355e-02  5.30934449e-05  3.32903266e-02 -8.99180695e-02
 -3.34913433e-02 -3.75766424e-03 -2.26968266e-02 -4.51990627e-02
  1.59133058e-02  6.32262006e-02 -3.29664983e-02 -2.63328180e-02
  1.12011746e-01  7.79653490e-02 -5.12048928e-03  3.32443789e-02
 -5.69556765e-02  3.82866450e-02  3.50098498e-02  4.24262322e-02
 -8.74512419e-02  4.33544293e-02  1.15772747e-02  4.04449403e-02
 -6.88201115e-02 -4.62604016e-02  4.50917184e-02 -6.85950443e-02
  5.94197661e-02 -5.38305193e-02 -7.99287558e-02  2.74795126e-02
 -8.31003934e-02 -8.24832320e-02  5.58067337e-02  7.05246720e-03
 -2.23525502e-02  2.93382835e-02  4.20746356e-02 -2.87320726e-02
  4.97269221e-02 -4.56523597e-02 -8.62605348e-02  3.39818783e-02
  1.47821044e-03 -2.68439762e-02 -5.61396629e-02  6.62899017e-03
 -4.69659641e-02 -3.26040834e-02  4.12098654e-02 -4.43300195e-02
  3.40440162e-02  4.21033092e-02 -7.39367008e-02 -6.86152428e-02
  3.55050862e-02  4.27477807e-02  2.41157319e-03  7.25788474e-02
  1.65978093e-02  1.34659987e-02  8.23240206e-02 -5.35895675e-03
  5.61427437e-02 -6.72638789e-03 -8.35830048e-02  2.85985786e-02
 -6.74498081e-02  6.08393736e-02 -8.22579041e-02  1.22964960e-02
  7.64184967e-02 -3.66159454e-02 -7.06179142e-02 -8.23966041e-02
 -1.04087837e-01 -2.27271579e-02 -2.19917744e-02 -5.87830022e-02
  2.35231314e-02  9.47224870e-02  3.88810188e-02 -2.70658291e-33
  3.83183733e-02 -3.63748185e-02  4.81656939e-02  1.61548760e-02
 -2.92538758e-02 -5.74442409e-02 -1.20154694e-02  8.67027324e-03
 -7.19954669e-02  2.14824565e-02 -6.02346566e-03 -2.72146333e-02
  4.48210463e-02  4.16269116e-02  1.82641149e-02 -3.50413732e-02
  6.65643215e-02 -1.37341157e-01 -2.92388094e-03  5.62030599e-02
 -3.81316952e-02  2.78013460e-02 -6.71835393e-02  4.68541794e-02
 -3.05707147e-03  2.69678351e-03 -4.91493940e-02  4.63322327e-02
  6.18135836e-03 -4.19155881e-02  1.78884007e-02 -9.79376957e-02
  8.49293545e-02  2.09001377e-02 -5.09414747e-02 -4.63781618e-02
 -5.62290214e-02 -8.38082656e-02 -5.82841374e-02  3.80063131e-02
  3.06779593e-02 -2.28887275e-02 -2.54663099e-02  2.87030824e-02
  3.59358341e-02  1.98014397e-02  4.56477096e-03  6.31408542e-02
 -8.07057172e-02 -4.40449566e-02  1.08528975e-03  2.06625238e-02
 -5.54365106e-03  3.75713706e-02 -9.46196169e-03  4.86455746e-02
  8.97404477e-02  2.75831185e-02 -1.39985234e-02  2.99338326e-02
  5.03475666e-02 -3.93162444e-02  5.42376637e-02  2.25273464e-02
 -8.04888923e-03 -1.01385370e-01 -8.56556837e-03  1.14044473e-02
  2.88399290e-02 -4.09508012e-02  7.61683360e-02  3.91331278e-02
 -9.17018112e-03  9.64989362e-04  3.43118683e-02 -7.92576596e-02
 -4.17807139e-02 -4.04039435e-02  3.32840271e-02 -8.99832845e-02
 -1.06858529e-01 -4.83325049e-02  2.11833306e-02  1.14816122e-01
 -6.65685609e-02  2.95919534e-02 -3.86810377e-02  6.64494857e-02
  6.62170947e-02  2.61689238e-02 -5.42897023e-02  8.28710124e-02
  3.44199128e-03  1.69487342e-01 -8.99893939e-02 -4.85604588e-08
 -2.47904379e-02  1.13453204e-02  8.17457810e-02  1.74071675e-03
  2.50126384e-02  6.02117479e-02  2.16790363e-02 -4.98240553e-02
 -7.91018158e-02 -3.43841799e-02  1.25386734e-02  2.09891945e-02
 -1.01832105e-02 -2.38389876e-02  9.21246130e-03  7.10897744e-02
  6.67167380e-02  7.69134462e-02 -2.66162250e-02 -4.48507117e-03
  6.14489801e-02 -1.04118949e-02 -7.20237568e-02  1.17150165e-01
  7.42414072e-02 -3.19152549e-02  9.45242960e-03  6.73552752e-02
  7.99875483e-02 -2.55529135e-02  3.23426649e-02  6.30237609e-02
  1.25807032e-01  8.26860517e-02 -1.84298009e-02  6.05003648e-02
 -2.13398580e-02  2.68666856e-02  7.18781799e-02 -2.23985035e-02
  8.90323520e-02  4.28756997e-02 -5.13659008e-02  3.32860947e-02
 -6.00173064e-02  3.15985754e-02 -7.72798583e-02 -9.39187035e-02
 -2.51681060e-02 -2.66320743e-02 -2.19124369e-02 -4.42711450e-02
 -1.04838103e-01  1.10342711e-01 -2.77393460e-02 -2.22218502e-02
  1.48541760e-02  1.16019754e-03  5.48231080e-02 -9.31653660e-03
 -1.28164859e-02  9.00490806e-02 -2.92252097e-02  1.86289102e-02]"
45,../SysML-v2-release-src/training/24. States/State Decomposition-2.sysml,"package 'State Decomposition-1' {
	
	attribute def VehicleStartSignal;
	attribute def VehicleOnSignal;
	attribute def VehicleOffSignal;
	
	state def VehicleStates;
		
	state vehicleStates : VehicleStates parallel {
		
		state operationalStates {
			entry; then off;
			
			state off;
			accept VehicleStartSignal 
				then starting;
				
			state starting;
			accept VehicleOnSignal
				then on;
				
			state on;
			accept VehicleOffSignal
				then off;
		}
		
		state healthStates { 
			/* ... */
		}
	}
	
}","Generate a SysML v2 model contained in the package named 'State Decomposition-1'. This model defines key attributes such as VehicleStartSignal, VehicleOnSignal, and VehicleOffSignal that are used to manage the state transitions of a vehicle. The root state, VehicleStates, operates in parallel, consisting of two main sub-states: operationalStates and healthStates.

In operationalStates, the vehicle begins in the 'off' state, which transitions to 'starting' upon receiving the VehicleStartSignal. Following this, the vehicle moves to the 'on' state when it receives the VehicleOnSignal, and can revert back to 'off' by accepting the VehicleOffSignal. Health states are included as a placeholder for future definitions but are not elaborated in this model. This structure allows for clear and organized management of vehicle operational states and their associated signals, facilitating effective system design and analysis.","[-6.30085096e-02 -1.32176722e-03  1.22299483e-02  2.16622166e-02
  2.84963101e-03 -6.74902042e-03 -1.23096909e-02  5.29640503e-02
 -4.27633757e-03  3.40211317e-02  8.46500397e-02  5.42834699e-02
  2.64400598e-02 -1.32270930e-02 -1.12258550e-02  1.10850055e-02
 -1.50258411e-02 -9.37396288e-03 -4.21366692e-02  5.77129051e-02
  1.12237237e-01  1.70783456e-02 -2.17697918e-02  5.27483560e-02
 -8.27507228e-02  2.49932464e-02 -3.32850963e-02  1.44302156e-02
  4.41401340e-02 -6.41442239e-02  2.58799326e-02 -1.09178377e-02
 -8.36187915e-04 -5.73613197e-02 -2.44777501e-02 -1.21315587e-02
  2.42895000e-02 -3.83983478e-02 -1.01790257e-01 -6.66884929e-02
  1.79198012e-02 -9.90378559e-02 -6.03745356e-02 -1.87447462e-02
  6.86404631e-02  3.08473483e-02  6.52757799e-03 -2.76267286e-02
  2.08034534e-02 -3.88999917e-02 -3.46474983e-02  1.43161714e-02
  6.84810663e-03  6.11453056e-02 -3.88776709e-04  3.25385295e-02
  2.66182199e-02  7.99302384e-03 -1.51425496e-01 -6.42617568e-02
  1.73297022e-02  4.43214625e-02 -6.67407811e-02 -1.08559709e-02
  4.18055467e-02  7.10428953e-02  1.84690580e-02 -8.22513774e-02
  3.86990644e-02  2.55694166e-02 -6.38121888e-02 -5.63519187e-02
  4.41316478e-02  1.99523978e-02 -8.84746481e-03 -3.40154059e-02
  7.97034055e-02 -1.86457969e-02  1.93398688e-02 -8.36990327e-02
 -1.33216921e-02 -1.56648941e-02 -2.34066453e-02 -1.41954944e-02
 -3.60886157e-02 -2.88417581e-02 -2.81214919e-02 -3.25073861e-02
  6.55599609e-02  8.31316710e-02 -7.76866227e-02 -7.41987536e-03
  7.94480890e-02 -4.48408164e-02  2.02464368e-02  4.39471714e-02
  3.86188738e-02  9.34371725e-03  7.92965442e-02  2.37314180e-02
  1.59122813e-02  1.44860484e-02  5.77198192e-02  4.71336581e-02
 -5.79732917e-02  4.55683190e-03 -5.91972843e-02 -4.46442254e-02
 -7.07502067e-02 -5.02651483e-02  4.61587571e-02  9.02373642e-02
  4.34981883e-02  2.31603142e-02 -1.52474400e-02  5.63684367e-02
 -2.96279229e-02  3.08495183e-02  6.93840832e-02 -1.35703357e-02
 -5.32661565e-03 -8.86899084e-02  7.34710768e-02  1.58716887e-02
  6.46712407e-02 -2.18582433e-02  7.39482418e-03  2.78586192e-33
 -9.03371796e-02 -8.55675638e-02  8.29732046e-03  8.36257637e-02
 -3.64049859e-02  5.52558675e-02 -3.40499729e-02 -6.01687580e-02
  2.74281539e-02  2.25640554e-02 -2.10075788e-02  1.86153650e-02
  9.82945971e-03 -3.94244259e-03  4.72159963e-03 -1.08614676e-01
 -2.50358973e-02  2.44162343e-02 -3.54781300e-02 -3.54605578e-02
  4.14869636e-02  6.14822358e-02 -5.25410809e-02 -2.72039212e-02
  8.25300813e-02  9.31913406e-02 -7.20251631e-03  2.64523979e-02
 -9.01144892e-02  3.81702110e-02  6.61388738e-03  5.02076149e-02
 -7.05691427e-02  3.56368162e-02  1.37996832e-02  4.13790829e-02
 -4.86810431e-02 -5.51486127e-02  2.78102439e-02 -6.28414899e-02
  5.97955398e-02 -3.50458659e-02 -6.37557954e-02  3.65959480e-02
 -4.37209643e-02 -6.28361255e-02  2.64968947e-02 -1.45968888e-02
 -1.00858454e-02  7.14034075e-03  2.32454743e-02 -3.23076174e-02
  5.10744154e-02 -7.49380291e-02 -8.86241049e-02  3.43466178e-02
 -9.27617028e-03 -2.27025747e-02 -7.20102489e-02  4.88535613e-02
 -5.64052537e-02 -2.96772108e-03  1.21468175e-02 -5.75580969e-02
 -7.93039519e-03  3.13515514e-02 -9.86986235e-02 -7.91996121e-02
  4.60046567e-02  4.01293337e-02 -1.00333272e-02  7.65787885e-02
 -1.41231660e-02  4.29698303e-02  4.41229194e-02 -3.15317971e-04
  6.41377866e-02 -2.33637751e-04 -1.27484769e-01  2.41545737e-02
 -8.80265683e-02  5.95333315e-02 -1.06632613e-01  3.45891602e-02
  1.00645863e-01 -5.44212200e-02 -6.94464594e-02 -8.17562640e-02
 -1.04195789e-01 -2.62962598e-02 -5.60510531e-02 -3.78275812e-02
  2.46821027e-02  1.02663539e-01  4.26372029e-02 -4.31257102e-33
  2.36185230e-02 -6.01749942e-02  2.15600133e-02  8.25351011e-03
 -6.68826327e-03 -5.32275587e-02  4.42374870e-03  1.03840912e-02
 -7.33562708e-02 -3.33330827e-04  1.71725526e-02 -1.23856142e-02
  3.03569399e-02  2.92617418e-02  1.57878641e-02  3.73998447e-03
  6.54767901e-02 -1.24435715e-01 -2.23143194e-02  7.41599649e-02
 -4.31727171e-02  6.90590516e-02 -4.49175201e-02  3.76270674e-02
 -4.52651409e-03  2.28031874e-02 -6.62806332e-02  4.25345115e-02
  2.01106481e-02 -6.36610538e-02  1.28624300e-02 -7.89079666e-02
  7.67743960e-02  1.79235134e-02 -6.04994558e-02 -2.54462939e-02
 -9.28127244e-02 -1.00165725e-01 -5.17040305e-02  3.81974429e-02
  5.86411916e-02 -9.55437962e-03 -2.88919024e-02  5.21279871e-02
  4.53242809e-02  5.54594584e-03  3.68974023e-02  1.22473566e-02
 -7.25127533e-02 -3.97517085e-02  3.10590975e-02  1.15319267e-02
  1.02917012e-02  8.43478888e-02  1.99464336e-02  1.96623337e-02
  5.32960892e-02  5.26314415e-03 -3.87820341e-02 -5.10060601e-03
  8.08488727e-02 -2.83428337e-02  4.12841737e-02  1.84410112e-03
 -1.30485864e-02 -1.01108409e-01  1.89384166e-02  4.38398635e-03
  3.00891940e-02 -3.64037082e-02  5.14382087e-02  4.93988506e-02
 -1.74301993e-02  7.91276991e-03  6.65306076e-02 -8.32762644e-02
 -3.41687761e-02 -4.16446887e-02  2.27155071e-02 -9.46716443e-02
 -1.12242922e-01 -4.99730222e-02  1.24879982e-02  7.46408254e-02
 -4.03465331e-02  1.17323548e-02 -5.19342460e-02  4.56684902e-02
  7.27457926e-02  1.31616639e-02 -4.71055135e-02  9.62194428e-02
 -1.63232572e-02  1.55842409e-01 -1.12434648e-01 -5.25679233e-08
  7.83209316e-03  3.75111550e-02  8.43002349e-02  1.98013266e-03
  4.52232501e-03  2.15059277e-02  1.06892958e-02 -3.91765237e-02
 -6.98288456e-02 -1.36192478e-02  2.02469882e-02  3.99697572e-02
  2.24170405e-02 -5.21678291e-02 -1.44270808e-02  5.86464554e-02
  8.05607811e-03  1.01855621e-01 -4.06815596e-02 -9.52900911e-04
  3.47207040e-02 -3.45322564e-02 -6.14783987e-02  1.25582814e-01
  5.96068613e-02 -2.80225985e-02  4.17685024e-02  3.11112609e-02
  7.53439441e-02 -1.53588215e-02  1.12922266e-02  6.79457635e-02
  1.21336788e-01  9.01267081e-02 -3.28840353e-02  3.98551561e-02
  1.04836812e-02  6.44971356e-02  4.83805500e-02 -3.57907591e-03
  7.47537091e-02  4.48225588e-02 -2.32045669e-02  6.86656088e-02
 -2.33455896e-02  1.88826509e-02 -5.92424795e-02 -5.31134605e-02
 -1.19629838e-02 -4.37700935e-02 -3.10141519e-02 -3.69981751e-02
 -7.72447512e-02  1.12047695e-01 -7.04792142e-02  6.72967406e-04
 -4.40998049e-03  1.31163225e-02  3.40987816e-02  1.15522603e-03
 -2.64079906e-02  4.36784066e-02 -9.70426109e-03  2.21306793e-02]"
46,../SysML-v2-release-src/training/25. Transitions/Change and Time Triggers.sysml,"package 'Change and Time Triggers' {
	private import ISQ::TemperatureValue;
	private import ISQ::DurationValue;
	private import Time::TimeInstantValue;
	private import SI::h;
	
	attribute def OverTemp;
	
	part def Vehicle {
		attribute maintenanceTime : TimeInstantValue;
		attribute maintenanceInterval : DurationValue;
		attribute maxTemperature : TemperatureValue;
	}
	
	part def VehicleController;
	
	action senseTemperature { out temp : TemperatureValue; }
	
	state healthStates {
		in vehicle : Vehicle;
		in controller : VehicleController;
		
		entry; then normal;
		do senseTemperature;
		
		state normal;
		accept at vehicle.maintenanceTime
			then maintenance;
		accept when senseTemperature.temp > vehicle.maxTemperature
			do send new OverTemp() to controller 
			then degraded;
		
		state maintenance {
			entry assign vehicle.maintenanceTime := vehicle.maintenanceTime + vehicle.maintenanceInterval;
		}
		accept after 48 [h]
			then normal;
		
		state degraded;
		accept when senseTemperature.temp <= vehicle.maxTemperature
			then normal;
	}
}","Generate a SysML v2 model for a package called 'Change and Time Triggers', focusing on vehicle health monitoring and maintenance protocols. Model a 'Vehicle' part that includes attributes for maintenance time, maintenance interval, and maximum operational temperature. Additionally, define a 'VehicleController' part. Implement an action to sense temperature, outputting aTemperatureValue. Create a state machine, 'healthStates', with entry and exist transitions among states: 'normal', 'maintenance', and 'degraded'. In 'normal', check for maintenance time triggers and temperature thresholds to transition to 'maintenance' or 'degraded', respectively. In 'maintenance', update maintenance time based on the interval and return to 'normal' after 48 hours. In 'degraded', transition back to 'normal' when the temperature is acceptable, ensuring a responsive maintenance system that leverages temperature monitoring and time-based triggers for vehicle upkeep.","[-4.54923287e-02 -1.00706574e-02  3.37740988e-03  6.56387210e-02
 -3.29223205e-03 -4.87033464e-02  1.89033560e-02  4.90878448e-02
 -7.84740448e-02  6.38135672e-02  4.44836803e-02 -2.59237234e-02
  4.26451117e-02 -5.03370957e-03  6.47289259e-03  7.18485471e-03
  9.91450157e-03 -4.97131497e-02 -5.30244000e-02 -4.03917171e-02
  3.54009308e-02  2.30723992e-02 -5.08279307e-03  5.21315150e-02
 -1.21198528e-01  5.94115583e-03  6.58452883e-03  2.97239739e-02
 -1.50155490e-02  2.96531070e-04 -3.61543931e-02 -6.09988463e-04
  4.49200720e-02  8.28590896e-03  3.73974219e-02 -3.95336701e-03
  4.19052429e-02 -5.92762679e-02 -9.23252180e-02 -9.76717249e-02
 -3.72184627e-03 -9.85074714e-02 -3.49905156e-02 -1.18544372e-02
  4.56045829e-02  4.73580137e-03 -3.31233591e-02 -2.42351554e-02
  3.86201441e-02 -7.28891027e-05 -1.00300312e-02  1.71580445e-02
  6.96233213e-02 -1.90776940e-02 -1.31024863e-03  9.43114534e-02
  4.20103930e-02 -2.66109426e-02 -1.34015620e-01 -7.49858096e-02
  2.03267317e-02  3.88095528e-02 -7.70190582e-02 -2.67144665e-02
  4.22262587e-02  9.21709370e-03 -1.47040589e-02  3.31593230e-02
  6.17487021e-02  7.07359165e-02 -1.35805517e-01 -2.16687843e-03
  2.47268211e-02  2.82851252e-05 -3.82513925e-02 -6.31300285e-02
  7.26603493e-02 -5.55640943e-02  6.87331194e-03 -9.95592028e-02
 -4.41331714e-02 -1.77939981e-02 -7.82443304e-03  2.50734165e-02
  2.37477273e-02 -1.31401476e-02  7.24715889e-02  4.93563600e-02
  8.40918422e-02  4.39006239e-02  6.03409670e-03  2.83822156e-02
  2.73806397e-02 -7.31088817e-02 -7.86289573e-03  8.36396515e-02
  4.52643074e-03  9.90748778e-03  5.45940846e-02  2.16067079e-02
 -1.70876998e-02 -3.59577388e-02  2.07609758e-02  3.10428720e-02
 -4.42831218e-03  3.76239903e-02 -1.62511179e-03 -1.23391766e-02
 -1.98166016e-02 -5.09848334e-02 -1.48915937e-02  7.59011954e-02
  1.46256322e-02 -6.41008914e-02  5.19646257e-02  1.31661389e-02
 -4.60301153e-02  4.17453833e-02  4.42157453e-03  9.81332641e-03
  4.73639667e-02 -8.80185235e-03  2.34358050e-02 -7.91077677e-04
  8.28192830e-02  5.63975833e-02  6.97262138e-02  2.81701968e-33
 -7.67870108e-03 -1.05324741e-02 -1.20563805e-02  6.88100234e-02
 -2.70844530e-02  7.35200420e-02 -3.74172977e-03 -3.24786119e-02
  7.21751079e-02 -2.16755066e-02  3.86124700e-02  1.86632667e-02
 -5.74534871e-02 -5.28240129e-02  6.46037702e-03 -5.98409809e-02
 -4.34072083e-03  7.63165131e-02  5.50526939e-02 -8.54336657e-03
 -1.89623248e-03 -3.48289646e-02 -4.33715507e-02  1.37482015e-02
  1.39463276e-01  7.79303163e-02  7.24756867e-02  6.96277991e-02
 -3.21467742e-02  9.66867898e-03  1.29385054e-01  3.64951976e-02
 -1.07643016e-01  2.24972051e-02 -3.01713683e-02 -2.05805954e-02
 -8.47757086e-02  3.33766341e-02  4.00482975e-02 -3.58854309e-02
  4.37889509e-02 -6.25032410e-02  7.52837118e-03  3.32127549e-02
 -2.75817215e-02 -2.30937414e-02 -3.44175915e-03  1.84071250e-02
 -5.41354856e-03 -1.68132540e-02  4.17597517e-02 -3.18237320e-02
  1.51793724e-02 -8.41789469e-02 -1.03051208e-01  4.20222729e-02
  1.73066203e-02 -8.87108371e-02 -4.08437327e-02  1.48071079e-02
 -2.31084172e-02 -3.03349774e-02  1.41849893e-03 -7.07060173e-02
  3.91960144e-02  5.99260591e-02 -1.85173750e-02 -5.34686483e-02
  3.99668962e-02  4.52465974e-02 -3.13192271e-02  1.84299108e-02
  4.93525155e-03  5.36949150e-02 -8.52373894e-03 -4.85002995e-02
  3.25706005e-02 -1.52571537e-02 -1.26681328e-01  3.40974517e-02
 -8.10852572e-02  1.33764436e-02 -5.12117222e-02  1.21577699e-02
  1.54776499e-01 -8.38236064e-02 -4.72377464e-02  1.27198640e-02
 -9.09287632e-02 -4.02620919e-02 -5.81891984e-02 -6.06504790e-02
  3.96103412e-02  7.23285004e-02  1.29544595e-02 -3.79167421e-33
  8.21800083e-02 -3.96130867e-02  3.70708145e-02  9.15890634e-02
 -2.90326830e-02 -5.80203161e-02 -7.92885795e-02  3.50762531e-02
 -3.54473367e-02  2.53223721e-02  2.54618470e-02 -4.67558354e-02
 -2.06177011e-02 -7.56419525e-02 -6.72297031e-02  3.12372167e-02
  9.32348985e-03 -1.44137785e-01 -3.77075113e-02  7.12586716e-02
 -3.09624132e-02  6.37214035e-02 -5.74848913e-02  2.89453231e-02
 -5.11825085e-02  1.62792094e-02 -3.65478471e-02  2.31205113e-02
 -5.19284140e-03 -2.80889217e-02 -3.86493206e-02 -6.06277920e-02
  5.31323068e-02  2.30068993e-02 -1.25846574e-02 -2.80001108e-02
 -5.22254920e-03 -9.71408784e-02 -5.26240654e-02  6.59098998e-02
  1.16679072e-01  1.46713981e-03 -9.74899158e-03  2.15591630e-03
  2.56130029e-03  4.64598760e-02 -1.96374189e-02 -1.02160443e-02
 -7.73098320e-02  6.17295154e-05  6.29176497e-02 -1.00996427e-01
  5.42904343e-03  5.88691719e-02  1.76330954e-02  4.03144583e-02
  2.10923832e-02 -5.17600700e-02 -8.73343721e-02  5.62171303e-02
  2.18119510e-02 -7.99301267e-02  6.95435032e-02  4.23404053e-02
 -7.58027956e-02 -3.43495719e-02  3.22425179e-02  7.63734989e-03
  1.62436273e-02 -1.59517266e-02  8.45094249e-02  6.23286404e-02
 -9.19492636e-03 -2.44634319e-02  2.47000176e-02 -7.72370845e-02
 -8.46531913e-02 -2.85542905e-02  8.04129895e-03 -1.65958833e-02
 -1.07197471e-01 -3.79206613e-02  2.39748438e-03  9.40217227e-02
 -2.86143888e-02 -8.43074449e-05 -2.08953973e-02  6.79342225e-02
  1.18348531e-01  1.42417029e-02 -7.72896111e-02  2.23925803e-02
 -2.18373407e-02  1.31351337e-01 -9.82776061e-02 -4.75957265e-08
 -3.19961905e-02  3.12234499e-02  8.95227641e-02  7.53146410e-03
  4.72607054e-02 -1.21843750e-02 -2.39782184e-02 -5.87069914e-02
  6.17829058e-03  5.54904435e-03 -8.31812993e-03  3.71583514e-02
  8.99808388e-03 -2.62391642e-02 -1.95112154e-02 -1.46856066e-02
  2.95794737e-02  8.51812810e-02 -2.74752900e-02 -6.12609163e-02
  2.44201031e-02 -2.92946529e-02  2.84300391e-02  1.00243844e-01
  6.69063702e-02 -9.98887233e-03  1.15812672e-02  6.67361030e-03
  1.12951934e-01  3.56631615e-04  2.55620293e-03  1.22285467e-02
  9.77168754e-02  3.10249161e-02  1.65852960e-02 -1.64290983e-02
  1.40173212e-02  8.69998615e-03  4.65053730e-02  6.62045926e-02
  3.05129550e-02  9.60461944e-02 -5.97678423e-02  5.68974763e-03
 -1.03171181e-03 -7.02839643e-02 -6.94072396e-02 -8.08792338e-02
 -3.43940519e-02 -1.81058943e-02  3.58808227e-02 -2.63347365e-02
 -2.22659428e-02  1.10261776e-01 -7.69158080e-02 -2.23919842e-02
  4.36421111e-02  1.16216838e-02  3.32300663e-02  2.63960995e-02
 -4.56258059e-02  4.00451710e-03 -1.06026649e-01 -3.97548452e-03]"
47,../SysML-v2-release-src/training/25. Transitions/Local Clock Example.sysml,"package 'Local Clock Example' {
	private import ScalarValues::String;
	
	item def Start;
	item def Request;
	
	part def Server {
		part :>> localClock = new Time::Clock();

		attribute today : String;
				
		port requestPort;
		
		state ServerBehavior {
			entry; then off;
			
			state off;
			accept Start via requestPort
				then waiting;
			
			state waiting;
			accept request : Request via requestPort
				then responding;
			accept at new Time::Iso8601DateTime(today + ""11:59:00"")
				then off;
			
			state responding;
			accept after 5 [SI::min]
				then waiting;
		}
	}
}","Generate a SysML v2 model titled 'Local Clock Example'. The model encapsulates a single 'Server' part that defines a local clock using the Time::Clock data type. It includes an attribute 'today' of type String, which stores the current date. The 'Server' features a request port for handling communication. 

The state machine, 'ServerBehavior', comprises four states: 'off', 'waiting', and 'responding'. In the 'off' state, upon receiving a 'Start' event through the requestPort, it transitions to 'waiting'. In 'waiting', it accepts 'Request' events and shifts to 'responding', while also capable of transitioning back to 'off' when a specific time (11:59 AM) is reached. The 'responding' state has a time condition that returns it to 'waiting' after 5 minutes. This model effectively demonstrates a simple clock server managing states based on time and requests.","[-5.46732284e-02  3.73386755e-03 -5.47189917e-03  4.33373749e-02
 -3.39612216e-02 -2.84446292e-02  1.01582976e-02 -1.86332390e-02
  4.02013026e-02  3.98290940e-02 -4.22058217e-02  2.27201302e-02
 -3.08230184e-02  1.99689958e-02  4.16001901e-02 -4.63451408e-02
  6.22136705e-02 -1.14482664e-01  3.65672633e-02  7.68737355e-03
  3.48382555e-02 -3.85131501e-02 -5.69104329e-02  3.73784080e-02
 -6.71688244e-02 -1.32815288e-02  3.63370925e-02  1.91752911e-02
  5.99446632e-02 -3.50384675e-02 -6.44757673e-02 -1.25251980e-02
 -7.18965977e-02  3.76864448e-02  1.50154326e-02  2.47341357e-02
  1.21881127e-01 -1.54383099e-02 -6.36539906e-02 -7.04476535e-02
  1.09637097e-01 -7.31674284e-02 -4.12619263e-02  3.86676304e-02
 -2.02698614e-02  6.49335748e-03  2.31703017e-02 -1.13308593e-03
 -8.66526216e-02 -1.14063239e-02 -6.44940957e-02  5.06594107e-02
  8.25425517e-03  3.93412150e-02  3.13332602e-02  1.09311178e-01
  5.99026829e-02  5.45852892e-02 -7.94815943e-02  1.27190035e-02
 -5.97611293e-02 -1.88065730e-02 -9.13871154e-02 -1.10116880e-02
  2.84019783e-02  6.24743253e-02 -2.15464160e-02 -3.11163571e-02
  6.02224469e-02 -4.51123342e-02 -9.85687524e-02 -7.16673359e-02
 -8.06206558e-03  9.80904792e-03 -3.27892192e-02 -8.72691870e-02
  5.04494980e-02 -3.23031396e-02  3.53973955e-02 -2.61592120e-02
 -7.15348795e-02 -4.04710360e-02 -6.62732497e-02  3.16177830e-02
  5.00628864e-03 -6.02910556e-02  1.70474332e-02  7.50283301e-02
  1.06891893e-01 -2.29041595e-02 -2.68112384e-02  6.86020628e-02
 -9.69853252e-03 -1.80348996e-02  2.95736827e-02  8.12152103e-02
  2.97601428e-02  4.07961570e-02  1.26232626e-02  1.19857686e-02
  2.59802453e-02  6.27496913e-02  2.97883395e-02 -1.08778384e-02
  3.34965996e-02 -3.56959812e-02 -6.72246739e-02  1.05991298e-02
 -5.84557839e-02 -3.30778174e-02 -4.59181219e-02  1.13769352e-01
  5.42368693e-03  4.65494301e-03 -2.02420331e-03  3.73176225e-02
 -2.16958802e-02  1.99861936e-02  2.17794292e-02 -4.36469540e-02
  1.63570908e-03  1.61490291e-02 -1.54927494e-02 -5.84028959e-02
  3.17915864e-02  1.34486919e-02 -3.64814028e-02  6.12251090e-34
 -4.59205508e-02 -5.12271114e-02 -3.84408049e-02  2.43956242e-02
  4.30806279e-02  5.84938936e-02 -1.73202064e-02 -3.67773101e-02
  4.63362411e-02 -3.20620695e-03 -2.09474470e-02 -9.04298723e-02
  2.67038904e-02 -4.84313890e-02  3.84726599e-02 -3.01895477e-02
  5.92471287e-02  5.14851660e-02  8.14688578e-02  1.61985178e-02
  5.12450263e-02  1.14365360e-02 -6.08391836e-02 -2.88231834e-03
  7.38763064e-02  1.87749148e-03 -1.62023567e-02  3.44319306e-02
 -2.37806849e-02  5.86434361e-03  8.60605165e-02 -1.52347516e-02
 -6.56014755e-02  4.26158793e-02  9.36456770e-02 -1.66490022e-02
  4.86591272e-02 -3.77133302e-02  5.37382104e-02 -8.15314278e-02
 -5.44489827e-03 -1.26923788e-02 -6.52907863e-02  3.71901132e-02
 -8.81928205e-02 -1.03524163e-01 -2.79470142e-02 -5.30007705e-02
  2.44065042e-04  1.66030396e-02  3.55502404e-02  2.76758205e-02
  4.18037288e-02 -3.63720842e-02 -3.44319604e-02  1.33487750e-02
  4.01687399e-02  5.19143976e-02 -4.55929302e-02  1.02105506e-01
  3.36985961e-02 -7.34108835e-02  1.68474135e-03 -7.70306438e-02
  8.35401788e-02  1.30971260e-02 -8.30367394e-03 -6.13734871e-02
  2.56693140e-02  5.28656393e-02  2.07719151e-02  7.23880082e-02
  4.23866920e-02  5.74666150e-02  8.20755679e-03  1.75709259e-02
  3.81069630e-02 -4.89103934e-03 -4.65434883e-03  2.76087858e-02
  8.12348723e-03 -1.25881424e-02 -1.24867916e-01  5.23790941e-02
  8.13261122e-02 -3.36049646e-02 -4.54977565e-02 -2.68163048e-02
 -3.67275812e-02 -1.06389984e-01 -2.76421718e-02 -8.49829465e-02
  8.53287578e-02  4.88152802e-02 -6.53234497e-02 -1.32337402e-33
  6.66908398e-02 -1.20552875e-01 -1.47720892e-02  7.17851743e-02
  1.67395752e-02 -5.30280843e-02 -1.51273720e-02  6.11192696e-02
 -5.77488504e-02  2.08635796e-02  2.97690332e-02 -1.67131727e-03
  3.04367729e-02  3.23485285e-02 -1.01969019e-02  1.63864680e-02
  8.84868354e-02 -1.05303049e-01  3.81306782e-02  8.18814710e-02
 -1.54605918e-02  5.33061065e-02 -5.85939251e-02 -3.11031211e-02
  2.66448921e-03  4.75915261e-02 -2.09888127e-02  1.49977691e-02
 -2.86935605e-02 -9.41897742e-03 -2.92047560e-02 -9.62513313e-02
  9.18346867e-02 -3.34325954e-02 -5.84868975e-02  2.23915931e-03
  1.37788756e-02 -6.03270419e-02 -9.61695705e-03  3.61377038e-02
  6.50671199e-02 -6.61906833e-03 -7.80998468e-02 -2.63245571e-02
 -4.21772413e-02  1.07995234e-01 -5.42981327e-02  4.91737984e-02
 -1.01481080e-01 -1.47217158e-02  6.21003984e-03 -2.73951590e-02
  8.16770568e-02  1.39828371e-02 -9.26387589e-03 -1.78954769e-02
 -2.18140651e-02 -2.41285563e-02  2.03624815e-02  4.63728905e-02
  2.08235327e-02 -8.55137482e-02  5.26936837e-02 -8.70309118e-03
  2.68710647e-02  2.21309289e-02  1.70407668e-02 -5.03574423e-02
 -8.50999262e-03 -5.71426041e-02  1.00504696e-01  4.39640060e-02
 -7.74936825e-02  6.61872327e-02  1.20130656e-02  2.13953573e-03
 -3.81941535e-02  1.60959456e-02  1.41003747e-02  3.72821428e-02
 -1.41735151e-01  3.06378100e-02 -7.07549080e-02  4.13516983e-02
 -4.76190113e-02  4.95410711e-03  1.55903930e-02  7.71178156e-02
  1.32775335e-02 -8.90405476e-02 -4.53794822e-02  3.52361985e-02
 -4.93206047e-02  2.12105930e-01 -1.88155398e-02 -5.06195690e-08
 -1.23890527e-02  1.91774964e-03  6.08257055e-02  1.09638423e-02
  4.71388772e-02  7.04690367e-02 -2.54197489e-03 -1.05029598e-01
  5.74231818e-02  2.19192170e-02 -1.22406688e-02 -2.57203877e-02
  2.23240536e-02 -8.14915970e-02  3.98246013e-02  7.39940926e-02
  3.10977511e-02 -1.18201943e-02 -1.57444663e-02 -4.60748449e-02
  1.08235843e-01 -6.41889172e-04  1.62563268e-02  3.49988602e-02
  5.39686857e-03  4.17797863e-02  2.89973971e-02  8.95531699e-02
  2.78153748e-04 -1.37326922e-02 -3.08045838e-03  4.63669077e-02
  6.51445985e-02  4.01609652e-02 -5.48460148e-02 -2.87668547e-03
 -7.59123638e-02 -5.62706627e-02  6.42904416e-02  4.11174148e-02
  6.94742054e-02 -1.87092815e-02 -1.21069551e-01  6.74567893e-02
  3.00708786e-02  1.63715743e-02 -3.19637395e-02 -6.52149022e-02
 -4.43079472e-02  9.22961906e-03 -2.66442113e-02 -1.59684010e-02
 -2.44930517e-02  2.22260579e-02 -4.48662639e-02  2.35773120e-02
  2.22836025e-02 -5.09852543e-02  2.15021819e-02  4.15767804e-02
  9.97956097e-03  6.81027472e-02 -1.09006509e-01 -1.70887467e-02]"
48,../SysML-v2-release-src/training/25. Transitions/Transition Actions.sysml,"package 'Transition Actions' {
	
	attribute def VehicleStartSignal;
	attribute def VehicleOnSignal;
	attribute def VehicleOffSignal;
	
	attribute def ControllerStartSignal;
	
	part def Vehicle {
		brakePedalDepressed : ScalarValues::Boolean;
	}
	part def VehicleController;
	
	action performSelfTest { in vehicle : Vehicle; }
	
	state def VehicleStates;
		
	state vehicleStates : VehicleStates {
		in operatingVehicle : Vehicle;
		in controller : VehicleController;

		entry; then off;
		
		state off;
		accept VehicleStartSignal 
			then starting;
			
		state starting;
		accept VehicleOnSignal
			if operatingVehicle.brakePedalDepressed
			do send new ControllerStartSignal() to controller
			then on;
			
		state on {
			entry performSelfTest{ in vehicle = operatingVehicle; }
			do action providePower { /* ... */ }
			exit action applyParkingBrake { /* ... */ }
		}
		accept VehicleOffSignal
			then off;

	}
	
}","Generate a SysML v2 model encapsulated within the package 'Transition Actions', aimed at modeling the state transitions of a vehicle. The model defines essential attributes such as 'VehicleStartSignal', 'VehicleOnSignal', 'VehicleOffSignal', and 'ControllerStartSignal' to facilitate state management. It includes a part 'Vehicle' with a boolean attribute 'brakePedalDepressed' to simulate vehicle conditions and a part 'VehicleController' to manage control signals.

The action 'performSelfTest' is defined to execute a self-test on the vehicle when invoked. The state definition 'VehicleStates' outlines the various states of the vehicle: 'off', 'starting', and 'on'. Initiating from the 'off' state, it transitions to 'starting' upon receiving 'VehicleStartSignal', contingent on the brake pedal status. The 'on' state performs a self-test while providing power and ensures safety by applying the parking brake during exit. The state management is robust, with acceptance conditions for signal transitions to handle powering on and off the vehicle efficiently.","[-5.41004650e-02 -3.79262343e-02  1.63648352e-02  3.80047671e-02
  1.71138775e-02  2.32277680e-02  2.84665711e-02  5.42542152e-02
  2.05302536e-02  7.14490190e-02  6.98745325e-02  4.81239147e-02
  1.35467956e-02  1.86699294e-02 -2.44461168e-02  2.00212430e-02
  1.11885823e-01 -6.25293031e-02 -2.86098961e-02  6.28997386e-02
  1.32321641e-01 -6.68866187e-02  1.50737856e-02  1.90361571e-02
 -1.27060547e-01  1.56088164e-02 -6.43577725e-02  1.46891763e-02
  7.94622302e-02 -5.73089458e-02 -1.01242214e-02 -1.92732969e-03
  3.08026150e-02 -1.11536700e-02 -5.69159305e-03 -1.86039191e-02
  5.24485894e-02 -6.37773871e-02 -4.68763486e-02 -6.18762635e-02
 -2.47688289e-03 -1.65760696e-01 -3.10607664e-02 -6.92788810e-02
  5.92419542e-02  2.10490394e-02  5.92208020e-02 -1.03362156e-02
 -4.83864211e-02 -3.04500628e-02  6.54618768e-03  7.05017895e-02
  7.06936345e-02 -3.98802236e-02 -1.72568560e-02  2.92974245e-02
  7.19159171e-02  3.90383368e-03 -7.86496550e-02 -4.78985235e-02
  1.02955326e-02 -4.60896594e-03 -7.93207809e-02 -4.42684919e-04
  2.90007740e-02  6.72005862e-02 -7.54144392e-04 -1.06946997e-01
  6.04806356e-02  3.37393396e-02 -9.57059339e-02 -4.66744378e-02
  3.08419857e-02  4.90719639e-02  2.40085255e-02 -1.25015110e-01
  5.34870401e-02 -2.03866903e-02 -1.19905977e-03 -1.12832300e-01
 -3.96176875e-02 -3.79064605e-02 -9.51936841e-03 -1.76214837e-02
 -4.25651763e-03 -1.71197392e-02 -7.82327726e-03  2.60372497e-02
  8.81657824e-02  8.05114284e-02 -6.66093007e-02  1.86855125e-03
  3.07143293e-02 -2.85247881e-02  1.82087068e-02  2.37516910e-02
  1.85023677e-02 -2.60360297e-02  7.18975663e-02  1.16455508e-02
  3.46972458e-02  6.00831546e-02  5.20653054e-02  2.94818413e-02
 -2.90100761e-02 -3.39854471e-02 -2.69028582e-02 -7.57370442e-02
 -2.22757589e-02 -1.99824176e-03  3.85253280e-02  2.54336931e-02
  5.61112799e-02  3.31366546e-02 -1.93950045e-03  4.98280227e-02
 -5.78877404e-02  6.78556710e-02  7.31726587e-02 -1.90755278e-02
 -1.96510665e-02 -4.78906445e-02  7.77669996e-02  3.14275548e-02
  6.11742735e-02 -1.86770838e-02 -1.12839481e-02  1.23336532e-33
 -3.70970294e-02 -6.77597299e-02 -1.55874388e-02  6.65040240e-02
 -2.98175327e-02  5.33798262e-02  7.07567157e-03  1.55089190e-03
  2.25154478e-02  6.40240461e-02  1.29872607e-02 -2.08003120e-03
  1.10277189e-02 -9.89696756e-03  7.12939352e-02 -1.26760723e-02
 -6.63082376e-02 -2.22040918e-02 -2.54249480e-02 -1.67744067e-02
  5.30798621e-02  2.32529081e-02 -1.87867209e-02 -2.87912320e-02
  7.21701160e-02  4.27100137e-02 -1.42329754e-02  7.63225928e-02
 -2.90719010e-02  3.98281477e-02 -2.05408297e-02  1.28809214e-02
 -7.64556453e-02  2.66116522e-02  2.79845167e-02  2.65728962e-02
 -5.88843599e-02 -4.05474678e-02  3.36620659e-02 -5.77225685e-02
  7.24985171e-03 -8.85431916e-02 -2.81666219e-02  1.13178156e-02
 -7.63938725e-02 -1.05112717e-01  4.92112823e-02  1.42489392e-02
 -3.24416533e-02  2.38801893e-02  3.67669053e-02  4.71915584e-03
  6.00563101e-02 -5.65070510e-02 -8.76802951e-02  2.57824659e-02
  8.01106356e-03 -5.65297203e-03 -6.03130087e-02  7.99790397e-02
 -7.10898712e-02 -3.02326009e-02  1.92276353e-03 -2.74211839e-02
 -7.41410069e-03  4.20653261e-02 -5.32270856e-02 -8.68049040e-02
  2.99003813e-02  2.13700235e-02 -1.91296898e-02  3.98031548e-02
  5.85868210e-03  7.03699002e-03  7.74042755e-02 -2.46220119e-02
  1.97333563e-02  1.91472154e-02 -9.45235938e-02  1.52396094e-02
 -4.72703092e-02  3.65651473e-02 -6.31542057e-02 -1.16699450e-02
  4.17171605e-02 -5.21228462e-02 -6.03739023e-02 -9.23546702e-02
 -9.07741711e-02 -7.12851882e-02 -6.11518230e-03 -4.00789194e-02
  9.16199945e-03  9.36274678e-02  3.97419930e-02 -2.57045350e-33
  4.52552177e-02 -4.42719311e-02  1.58676673e-02  6.36898503e-02
 -2.61223335e-02 -5.53532504e-02  1.86768863e-02  2.81467172e-03
 -6.57810569e-02 -5.95153915e-03  3.14381570e-02 -5.04308529e-02
  2.14833170e-02  4.15814072e-02 -3.62196565e-02 -3.16644460e-02
  4.62657847e-02 -1.07439958e-01  7.77848857e-03  5.40084131e-02
 -1.29995346e-02  7.85694793e-02 -1.90515872e-02  2.83171497e-02
 -5.41873202e-02 -3.09439097e-03 -2.20551575e-03  3.73666659e-02
 -4.07524481e-02 -6.45648129e-03  6.06039427e-02 -1.85918398e-02
  2.61297561e-02  3.53475660e-03 -5.39636239e-02 -5.09732775e-02
 -9.98486876e-02 -5.95593415e-02 -4.83178310e-02  4.64989431e-02
  3.16118151e-02  2.98472606e-02 -1.57465022e-02  3.58686708e-02
  2.22285818e-02  3.34786326e-02  1.38161648e-02  3.88827664e-03
 -5.34339733e-02 -2.73910426e-02  2.21555252e-02  8.74842610e-03
  5.39649054e-02  7.12077022e-02 -7.57804280e-03  1.02887591e-02
  1.32309003e-02 -9.42215044e-03 -4.08394746e-02  4.91916388e-02
  7.83789158e-02  1.77673865e-02  5.11102118e-02  2.94576101e-02
  7.03166611e-03 -9.50170457e-02 -3.86508554e-02  6.14717640e-02
  1.00008488e-01 -2.21903846e-02  4.32765596e-02  2.18219776e-02
  3.52031700e-02 -1.22322552e-02  3.78321931e-02 -3.31482254e-02
  1.28063178e-02 -8.26656893e-02  2.42564939e-02 -9.69764665e-02
 -1.18665047e-01 -6.90409094e-02  1.26040187e-02  8.92111808e-02
 -9.98269692e-02  2.58391500e-02 -6.58629388e-02  6.66623712e-02
  4.52397317e-02  1.53443972e-02 -3.30408327e-02  7.78822675e-02
 -1.60122178e-02  1.51886120e-01 -6.79182485e-02 -5.43645982e-08
 -4.82376814e-02  1.04674445e-02  6.82331920e-02 -1.96401812e-02
  2.64219809e-02  7.86552951e-02  9.10481252e-03 -1.28280446e-01
 -9.19650272e-02 -3.68341394e-02  2.31451318e-02  6.25100499e-03
 -4.20561712e-03 -2.44078524e-02  1.43333357e-02  5.03073707e-02
  7.31016248e-02  8.06394070e-02 -3.11921500e-02 -1.06136734e-02
  2.18957718e-02 -3.97000797e-02 -4.99318838e-02  7.79529735e-02
  6.54239655e-02 -3.00132856e-02  3.87392044e-02  3.37803513e-02
  3.67419645e-02 -2.53452659e-02  1.72150228e-02  5.32834716e-02
  9.57351774e-02  6.60389140e-02 -2.85995007e-02  9.10673514e-02
 -3.67090255e-02  1.79135278e-02  9.63494927e-02  3.39858197e-02
  7.94946998e-02  7.26862699e-02 -5.18354625e-02  2.71397512e-02
 -1.09260894e-01  7.64462585e-03 -1.05760470e-01 -7.91807100e-02
 -2.43375730e-02 -2.24164538e-02 -3.47460620e-02 -3.19666527e-02
 -9.82559100e-02  1.08503148e-01  1.75768826e-02  2.28626817e-03
 -1.06985336e-02 -6.93613617e-03 -3.41245253e-03  2.01768875e-02
  3.25730704e-02  8.50015059e-02 -2.77438574e-03 -2.21539941e-03]"
49,../SysML-v2-release-src/training/26. State Exhibition/State Exhibition Example.sysml,"package 'State Exhibition Example' {
	private import 'Transition Actions'::*;
	
	part vehicle : Vehicle {
		
		part vehicleController : VehicleController;
		
		exhibit vehicleStates {
			in operatingVehicle = vehicle;
			in controller = vehicleController;
		}

	}
	
}","Generate a SysML v2 model that encapsulates a package named 'State Exhibition Example'. The model should define a part called 'vehicle', representing a Vehicle, which includes a sub-part 'vehicleController' that signifies its VehicleController. Within this vehicle part, create an exhibit titled 'vehicleStates' that illustrates the interactions between the 'operatingVehicle' and the 'controller'. The operatingVehicle should be linked to the vehicle part, while the controller should reference the vehicleController part. Ensure to import necessary elements from the 'Transition Actions' package to facilitate state transitions and actions within the system. This model aims to visually represent the operational states and the controller's role in managing the vehicle's behavior.","[-4.08393219e-02 -2.18767282e-02 -1.48962799e-03  5.94163174e-03
  2.17611641e-02  3.97175960e-02  2.97697224e-02  3.62373292e-02
 -3.10819428e-02  4.16216739e-02  7.04623312e-02 -3.36460508e-02
  5.29446937e-02  4.83014248e-02  3.73990624e-03  1.14694433e-02
  6.06581718e-02 -4.40427624e-02 -1.23386476e-02  4.45549302e-02
  1.24709852e-01 -9.39384196e-03  8.53100047e-03  1.17936553e-02
 -1.40217006e-01 -5.17952628e-03 -3.18704136e-02  3.70273292e-02
  4.30452190e-02 -6.76191971e-02  9.93289705e-03  1.51714338e-02
  1.61873568e-02 -2.24512164e-02  3.42937112e-02 -2.12839171e-02
  4.03188877e-02 -4.92811389e-02 -7.29461089e-02 -1.43870696e-01
 -1.22066429e-02 -8.80927145e-02 -3.59963998e-02 -1.78359635e-02
  5.69715314e-02 -2.24171299e-02  6.05412200e-02 -4.67461627e-03
  3.05561256e-02 -3.33294906e-02 -3.60784940e-02 -1.52589399e-02
  4.26238328e-02 -6.62562251e-02 -4.63133231e-02  5.02534658e-02
  4.77658249e-02 -4.39329975e-04 -1.21364191e-01 -5.11841401e-02
 -2.33609788e-03  2.51691043e-02 -5.90454191e-02 -2.45838650e-02
 -3.84787321e-02  1.86063331e-02 -3.31769884e-02 -1.13882199e-02
  5.17209917e-02  3.44319129e-03 -6.24315552e-02 -2.70866714e-02
  2.58008987e-02 -9.27715655e-03 -2.08526943e-02 -8.52083415e-02
  4.33778949e-02 -4.84431582e-03  2.32384466e-02 -1.14738449e-01
  7.03574391e-03 -1.20074172e-02 -4.02036123e-02  2.05375720e-03
 -3.79114249e-03 -1.67032331e-02 -8.38623382e-03 -6.41616061e-02
  4.51937132e-02  8.96753520e-02 -6.61819056e-02 -4.77767065e-02
  7.45657459e-02 -4.47243936e-02  1.82450544e-02  3.43469083e-02
  3.79474983e-02 -5.57251275e-03  6.11634180e-02  3.82532477e-02
  9.24254023e-03  5.12499064e-02  8.96174535e-02  1.76372137e-02
 -6.49239644e-02  3.25848535e-02 -3.94659489e-02 -5.03550619e-02
 -6.37250915e-02 -6.33050054e-02 -4.77150269e-03  5.85450977e-02
 -8.53512622e-03  1.36789884e-02 -1.28624104e-02  6.40525948e-03
 -2.43503693e-02  4.50901687e-03  1.05367750e-02 -9.05820727e-03
  8.33724812e-03 -5.10175638e-02  6.78177774e-02  5.08076176e-02
  8.06380883e-02 -2.98748109e-02 -2.74571963e-03 -1.37859507e-33
 -4.87382561e-02 -6.20651022e-02 -4.59942445e-02  1.22653306e-01
  4.49413061e-03  6.60010651e-02 -1.21667702e-03 -4.69256714e-02
  9.89387371e-03  3.54956985e-02 -5.79282790e-02  2.07711924e-02
  6.07573846e-03  5.89330271e-02  2.74468511e-02 -7.72404894e-02
 -1.00807980e-01  2.79137865e-02  5.38387243e-03 -4.01382446e-02
 -1.01165334e-02  6.70865551e-02 -5.75754680e-02 -3.05783805e-02
  1.25196487e-01  1.03640683e-01  1.85995493e-02  3.26336175e-02
  6.80187251e-03  4.60373126e-02  4.43479232e-02  4.54091281e-02
 -4.65895049e-02  8.08891375e-03  2.84986198e-02  3.52738127e-02
 -2.43559033e-02 -6.28159940e-02  5.90345375e-02 -2.51847189e-02
  5.72495572e-02 -5.76621518e-02 -6.96310028e-02  4.56625819e-02
 -8.59564096e-02 -1.98639501e-02  3.76413167e-02  4.34808619e-02
 -2.12824028e-02  8.39453060e-05  9.75095108e-03 -2.36213692e-02
  6.65645525e-02 -7.54842162e-02 -4.28511426e-02 -1.66893043e-02
  3.12549099e-02  8.06001108e-03 -1.11724082e-02  1.74838491e-02
 -5.58147132e-02  9.92750004e-03  1.94326099e-02 -6.96897553e-03
  4.46044374e-03  5.04215434e-02 -9.65737179e-02 -7.73888305e-02
  5.81018440e-02  4.11354974e-02 -6.30121976e-02  6.93227872e-02
  2.89461426e-02  2.14585438e-02  7.20880628e-02 -3.78822647e-02
  1.78191978e-02 -1.33978799e-02 -1.11335337e-01  2.62343381e-02
 -9.82820690e-02 -2.42249127e-02 -5.88732883e-02  1.48056457e-02
  7.49966949e-02 -4.96091619e-02 -6.68455213e-02 -8.25886130e-02
 -6.09960333e-02 -3.60436291e-02 -3.76486406e-02 -5.38241379e-02
 -5.87661751e-03  9.61737931e-02  7.28664026e-02 -1.44700159e-33
  5.48635907e-02 -2.64551248e-02  5.91051653e-02 -1.04289744e-02
 -4.86979634e-03 -5.50704114e-02 -8.73914175e-03  2.27924660e-02
 -6.63882717e-02  2.89638955e-02 -3.10046002e-02  2.87613296e-03
  3.24300900e-02  4.06049229e-02  2.50740396e-03 -2.37245243e-02
  3.89164649e-02 -1.04920603e-01 -6.18983805e-03  4.53980975e-02
 -5.06543219e-02  6.93593100e-02  3.63742863e-03  3.12351733e-02
  2.10401826e-02  1.70139916e-04  1.36021320e-02  2.65723858e-02
  4.16486636e-02 -3.18908356e-02  2.04727277e-02 -1.17051885e-01
  5.76022752e-02 -5.38424030e-03 -3.63362208e-02 -1.00752804e-02
 -4.82158910e-04 -1.00154951e-01 -6.74439594e-02  7.74731801e-04
  3.12534943e-02 -5.89147247e-02 -1.80352535e-02  4.16921116e-02
  1.91932432e-02 -1.44700345e-03  1.03592910e-02  9.02976934e-03
 -4.67612632e-02 -4.68947105e-02 -1.00776413e-02 -2.35347655e-02
 -1.69770103e-02 -1.88790653e-02  1.17094684e-02  4.20450866e-02
  9.20114815e-02 -1.58172045e-02 -2.46458333e-02  2.19096653e-02
  5.88735603e-02 -1.73632689e-02  2.59014647e-02 -1.36631299e-02
 -1.96124762e-02 -9.88221988e-02 -1.48466630e-02  2.77664103e-02
  5.79864383e-02 -1.45090381e-02  5.94703890e-02  2.97327470e-02
 -2.63928492e-02 -5.91067458e-03  8.59516636e-02 -6.78626075e-02
 -4.05344367e-02  1.46874394e-02  5.07632792e-02 -6.93901703e-02
 -9.42041352e-02 -4.53840606e-02  6.54313117e-02  8.79937485e-02
 -4.45675813e-02  4.45433035e-02 -5.09638563e-02  6.22746721e-02
  2.57841200e-02  1.13731809e-02 -7.50732720e-02  8.97444785e-02
  1.76927890e-03  1.69179589e-01 -7.71985650e-02 -4.64515288e-08
 -2.43809689e-02  7.21472800e-02  1.15080431e-01 -2.80096289e-02
  1.43175125e-02  8.22652280e-02 -2.66756229e-02 -7.13991225e-02
 -9.87232029e-02  1.06594842e-02 -1.10074980e-02  3.85922045e-02
 -5.11160679e-03 -2.56040562e-02  1.23651261e-02  6.86337203e-02
  3.25425752e-02  7.65330866e-02 -4.63076532e-02 -2.55951267e-02
  5.84794246e-02  1.82218347e-02 -2.54713744e-02  1.08749375e-01
  3.41124088e-02 -2.35830005e-02 -2.40611658e-02  1.95661541e-02
  6.98115677e-02  4.58305096e-03  4.66666110e-02  6.32445663e-02
  7.65926987e-02  6.81811720e-02 -4.16625105e-03  2.25578155e-02
 -5.98311052e-02  3.12641412e-02  7.03102872e-02 -3.68649438e-02
  2.94882525e-02  3.36111821e-02 -9.75242164e-03  2.82866992e-02
 -1.71777643e-02  7.00553581e-02 -1.02133818e-01 -1.16393611e-01
 -3.91410254e-02 -2.98154750e-03 -4.98929769e-02 -5.37155271e-02
 -1.30064562e-01  1.56616315e-01 -4.61267047e-02  2.90799662e-02
  2.92007588e-02 -4.43361364e-02  6.10930212e-02 -2.30396427e-02
 -2.77033262e-02  9.62666422e-02 -2.26359703e-02  4.33780029e-02]"
50,../SysML-v2-release-src/training/27. Occurrences/Event Occurrence Example.sysml,"package 'Event Occurrence Example' {	
	part def Driver;
	part def CruiseController;
	part def Speedometer;
	part def Engine;
	part def Vehicle;
	
	part driver : Driver {
		event occurrence setSpeedSent;
	}
	
	part vehicle : Vehicle {
	
		part cruiseController : CruiseController {
			event occurrence setSpeedReceived;		
			then event occurrence sensedSpeedReceived;		
			then event occurrence fuelCommandSent;
		}
		
		part speedometer : Speedometer {
			event occurrence sensedSpeedSent;
		}
		
		part engine : Engine {
			event occurrence fuelCommandReceived;
		}
	
	}
}","Generate a SysML v2 model that illustrates an event occurrence example for a vehicle control system. Model the package named 'Event Occurrence Example' containing parts such as Driver, CruiseController, Speedometer, Engine, and Vehicle. Define the Driver part with an event occurrence labeled 'setSpeedSent', which indicates the action of the driver to set a speed. Within the Vehicle part, integrate CruiseController, where the events 'setSpeedReceived' and 'sensedSpeedReceived' represent the receipt of speed commands and sensor readings, respectively, followed by 'fuelCommandSent' to indicate the action of sending fuel commands to the engine. Additionally, incorporate the Speedometer part with the event occurrence 'sensedSpeedSent', representing the speed measurement. Finally, include the Engine part with the event occurrence 'fuelCommandReceived' denoting the receipt of fuel commands. This model effectively captures the interactions and event flow between components within the vehicle system for managing speed and fuel operations.","[-9.33211949e-03  2.19623353e-02 -6.29042014e-02  4.41792347e-02
  4.25523408e-02  3.98059115e-02  3.69694792e-02  3.91154736e-02
 -4.74881101e-03 -2.48629749e-02  5.17446138e-02 -9.68361124e-02
  9.58350021e-03  1.55991444e-03 -2.09976733e-02 -1.60861947e-02
  5.46530709e-02  3.61475796e-02 -3.32342312e-02 -1.45823043e-02
  7.44400322e-02 -4.43450222e-03  5.69016561e-02  4.32148129e-02
 -1.42670721e-01 -9.21980105e-03 -1.95132364e-02  3.01698465e-02
  1.38069978e-02 -4.72669862e-02  2.64956746e-02 -1.84431095e-02
  3.95054184e-02  2.16443557e-02 -4.68019722e-03 -3.24205756e-02
  6.13785982e-02 -2.35868413e-02 -2.33894140e-02 -6.63330108e-02
 -2.31428314e-02 -9.64524075e-02 -1.09799774e-02  3.49707268e-02
  3.64020281e-02 -1.95255913e-02  4.34492156e-02  3.75479124e-02
 -4.73098457e-03 -7.72101525e-03 -3.46742459e-02  1.00188386e-02
  4.24616039e-02 -8.65654722e-02  4.76245284e-02  7.15010092e-02
  4.71488982e-02  2.47382931e-03 -8.58615488e-02 -1.12464264e-01
 -5.07989302e-02 -5.14070736e-03 -8.12299326e-02 -5.60607202e-03
 -6.04556501e-02  3.38883586e-02 -1.31680835e-02  6.27032220e-02
  8.44440833e-02  1.85158718e-02 -4.48152833e-02  1.13121159e-02
  2.92172376e-02  1.83553752e-02 -2.67059989e-02 -8.01931173e-02
  1.77044272e-02  2.01337729e-02 -4.43463735e-02 -1.13415577e-01
 -4.67801876e-02 -2.54073814e-02 -3.73084098e-02 -6.78232731e-03
  5.10746129e-02 -3.68874706e-02  3.87233905e-02  3.17876525e-02
  7.61100948e-02  4.06305008e-02 -6.24365285e-02 -3.26718912e-02
  5.87167926e-02 -6.36761934e-02  7.90157244e-02  5.63507937e-02
  1.82984974e-02 -4.19578031e-02  5.83454482e-02  5.75026358e-03
 -2.68798284e-02  5.60729839e-02 -6.62497133e-02  6.37036934e-02
  1.01345517e-02  3.12822610e-02 -7.54467845e-02  1.29708443e-02
 -8.03266000e-03  8.66212696e-03  3.83801982e-02  6.39561117e-02
  1.32299988e-02 -4.21612598e-02 -1.32218925e-02  1.77291483e-02
 -3.13037038e-02  2.48017367e-02  6.04821965e-02 -9.03384015e-03
 -7.98581243e-02 -5.48286363e-02 -3.24032363e-03  2.16820817e-02
  1.38171420e-01 -8.56617372e-03  2.22389661e-02  3.98930457e-33
 -6.47118241e-02 -3.43991145e-02 -5.21244667e-02  7.90284723e-02
 -2.13531945e-02  1.30548686e-01 -2.40439773e-02 -2.59467727e-03
  5.01367040e-02  2.90994514e-02 -7.43115619e-02 -2.64340620e-02
 -4.30258140e-02  3.30970883e-02 -1.30601684e-02 -5.87355271e-02
 -3.33846360e-02  1.75820347e-02  3.14329788e-02 -7.35290200e-02
 -2.33727135e-02 -1.80491945e-04 -6.78454787e-02 -2.91491882e-03
  1.04040161e-01  9.57593396e-02  3.28938514e-02  6.75049722e-02
  2.18560896e-03  3.07182278e-02  5.02756275e-02  1.78084485e-02
 -4.38524894e-02 -2.21413411e-02  2.74570454e-02  3.45855542e-02
 -5.21799400e-02 -1.90007817e-02  7.24017099e-02  3.80932912e-02
  1.55834276e-02 -7.33836517e-02 -7.47184008e-02 -4.99919355e-02
 -1.76756278e-01 -4.26001549e-02 -2.70763170e-02  5.04327044e-02
  3.86287160e-02  1.31639643e-02  3.59232887e-03 -5.91338165e-02
  7.38798082e-02 -4.17209342e-02 -4.66389284e-02  3.53690386e-02
  2.70010978e-02 -2.91394647e-02 -4.59763631e-02  6.75882474e-02
 -9.24666077e-02 -6.85091270e-03  3.84038053e-02  8.19659047e-03
  1.00356653e-01  3.92352380e-02 -6.76214397e-02 -8.04461166e-02
  3.56713980e-02  1.62515529e-02 -4.55179140e-02  3.31971534e-02
 -4.29135840e-03 -3.75685701e-03  4.06853929e-02 -7.66956666e-03
 -1.82096232e-02  7.81230908e-03 -1.34514183e-01  6.26688004e-02
 -1.01622783e-01  3.02299168e-02 -1.24072824e-02  9.85613652e-03
  1.05443031e-01 -3.46808918e-02 -6.45553023e-02 -3.24046724e-02
 -3.59668061e-02 -7.80193284e-02  1.64367575e-02 -2.92308498e-02
 -1.30454386e-02  5.22333607e-02 -1.58757903e-02 -4.11573119e-33
 -2.52291951e-02 -2.72400281e-03  5.52700572e-02  3.95234749e-02
  3.27463113e-02 -2.93358266e-02 -2.11024527e-02 -3.61738205e-02
 -4.61632945e-02  5.72957210e-02  1.09888287e-02 -5.38907163e-02
 -5.03765456e-02 -2.15086807e-02 -3.34613360e-02  2.78363470e-02
  5.44217788e-03 -1.07606709e-01  2.29434925e-03 -4.03680652e-03
 -5.85199259e-02  2.16145273e-02 -5.70710786e-02 -7.89404474e-03
 -1.42883358e-03 -4.26893383e-02  7.10541382e-02  1.60313807e-02
 -4.66451906e-02 -5.13331853e-02  1.60453208e-02  1.39994482e-02
  4.11375463e-02 -3.66127230e-02 -5.98993292e-03 -4.38654162e-02
  1.90638527e-02 -4.40283231e-02 -7.52310678e-02  6.93943501e-02
  1.60941854e-02  2.90470235e-02 -4.49465439e-02 -2.55243313e-02
 -1.42711084e-04  2.19330173e-02  4.10093786e-03 -1.38396081e-02
 -2.06333585e-03  4.21172082e-02 -1.56264566e-02 -3.68305743e-02
  1.25151584e-02  6.12955615e-02  1.67767499e-02  2.96551101e-02
  3.27024013e-02  7.58927828e-03  2.71443190e-04  3.86963822e-02
  8.20873752e-02 -6.53946027e-02  6.31957054e-02  6.92680776e-02
  2.87012290e-02 -6.37390688e-02  2.26910878e-02 -4.18683365e-02
  4.83604148e-02  4.35693115e-02  6.60331026e-02  5.02543077e-02
  7.24315364e-03  5.79043701e-02  2.52089500e-02 -1.13755412e-01
 -7.03634471e-02  4.06696349e-02 -2.90461141e-03 -1.98677108e-02
 -4.74503078e-03 -4.82513346e-02  9.09548923e-02  8.77067670e-02
 -1.07061923e-01  7.11631263e-03 -3.84811237e-02  8.69806185e-02
  7.91381747e-02 -4.35282215e-02 -6.13581985e-02  6.78507164e-02
  2.52124411e-03  1.60829276e-01 -7.87013546e-02 -4.69784247e-08
 -4.06405367e-02 -3.45828608e-02  2.25432962e-02 -2.95182914e-02
 -2.26103105e-02  1.09215111e-01 -7.01060519e-02 -2.26383023e-02
 -8.45516697e-02 -4.85846326e-02  2.96867602e-02  4.35749814e-02
 -2.59884242e-02 -2.72080284e-02  3.91517244e-02  5.18421689e-03
  8.28433931e-02  6.71275556e-02 -3.22465561e-02 -2.98651252e-02
  1.40374109e-01  5.63770682e-02 -6.94293156e-02  8.32244828e-02
  9.95096043e-02 -5.57130463e-02 -2.47802138e-02  7.11240694e-02
  7.65063465e-02 -2.05423515e-02  3.05174217e-02  5.64198289e-03
  4.04239669e-02  3.60295884e-02  1.42269786e-02  5.22541851e-02
 -6.58838451e-02  2.42574010e-02  1.02305785e-01  5.35506792e-02
  4.41764928e-02  4.83795479e-02 -5.01448065e-02  1.23202829e-02
  8.48858804e-03  1.67666227e-02 -7.30393529e-02 -8.63769948e-02
 -4.38514911e-02  3.24467495e-02 -1.29835177e-02  2.45677270e-02
 -3.92896160e-02  9.52485651e-02 -4.13888767e-02  2.20017303e-02
 -1.22109742e-03 -3.85196768e-02  5.25218286e-02 -2.78738104e-02
 -2.80900598e-02  8.62620026e-02 -2.53792591e-02 -7.14521017e-03]"
51,../SysML-v2-release-src/training/27. Occurrences/Interaction Example-1.sysml,"package 'Interaction Example-1' {
	public import 'Event Occurrence Example'::*;
	
	item def SetSpeed;
	item def SensedSpeed;
	item def FuelCommand;
	
	occurrence def CruiseControlInteraction {		
		ref part :>> driver;		
		ref part :>> vehicle;
		
		message setSpeedMessage of SetSpeed 
			from driver.setSpeedSent to vehicle.cruiseController.setSpeedReceived;
			
		message sensedSpeedMessage of SensedSpeed 
			from vehicle.speedometer.sensedSpeedSent to vehicle.cruiseController.sensedSpeedReceived;
			
		message fuelCommandMessage of FuelCommand 
			from vehicle.cruiseController.fuelCommandSent to vehicle.engine.fuelCommandReceived;
		
		first setSpeedMessage then sensedSpeedMessage;
	}
}","Generate a SysML v2 model representing a cruise control interaction within the package 'Interaction Example-1'. Model includes three key items: SetSpeed, SensedSpeed, and FuelCommand, which define the respective messages exchanged during this interaction. The occurrence named CruiseControlInteraction references two parts: driver and vehicle. It details a series of messages that flow from the driver to the vehicle's cruise controller. The first message, setSpeedMessage, conveys the speed set by the driver, followed by sensedSpeedMessage, which communicates the actual speed sensed by the vehicle's speedometer to the cruise controller. Finally, the fuelCommandMessage transmits fuel commands from the cruise controller to the vehicle's engine. The sequence of interactions starts with the setSpeedMessage, followed by the sensedSpeedMessage, illustrating the dynamic behavior of the cruise control system.","[-1.10407835e-02  1.56348329e-02 -5.74987866e-02  5.77951260e-02
  4.75672223e-02  4.24292684e-02  7.50295967e-02  1.94327403e-02
 -4.05583391e-03 -3.43045406e-02  7.56047368e-02 -5.54629937e-02
  3.71094458e-02 -2.82019023e-02 -2.50705704e-02  1.54791158e-02
  8.61563087e-02 -1.36429118e-02 -1.76741779e-02  3.28834131e-02
  1.02085829e-01  2.58114208e-02  5.81275448e-02  3.04667614e-02
 -1.00958996e-01 -2.68188887e-03 -3.82782668e-02  3.68030854e-02
  1.35543570e-02 -2.97390651e-02  6.74825720e-03  3.85677963e-02
  4.68841083e-02  2.58761253e-02 -3.03639621e-02 -1.31847700e-02
  8.09437037e-02 -1.11168474e-02 -4.14588712e-02 -2.01561935e-02
 -4.49837409e-02 -7.79798999e-02  5.33111347e-03  4.36038598e-02
  3.09118349e-03 -5.86437881e-02  1.61889624e-02  3.46198082e-02
 -9.07737482e-03 -3.31133716e-02 -4.40425500e-02  3.10825668e-02
  1.29153356e-02 -7.13883564e-02  6.04537539e-02  6.67853579e-02
 -8.81921500e-03  6.37349486e-02 -5.19369245e-02 -7.83220157e-02
 -5.90621792e-02  9.61774960e-03 -6.11150227e-02  2.43124962e-02
 -3.38864923e-02  2.95496155e-02  1.40628219e-03 -2.66343285e-03
  7.23597556e-02 -8.40597134e-03 -7.89165422e-02 -2.81818472e-02
  2.27287114e-02 -1.45375030e-02  2.34590713e-02 -7.11592734e-02
  1.90436393e-02  1.60169806e-02 -2.52346676e-02 -1.54756889e-01
 -2.60084718e-02 -5.66504784e-02 -4.86540087e-02 -1.77466944e-02
 -1.49039514e-02 -3.55850458e-02  1.56333558e-02 -1.15494046e-03
  1.24537833e-01  6.15529753e-02 -4.32717800e-02 -7.30911419e-02
  9.54862870e-03 -2.67939586e-02  2.63224691e-02  4.46867682e-02
  1.44353956e-02 -3.96596082e-02  1.06247934e-02  1.10059669e-02
  1.22859469e-02  5.11837080e-02 -3.92155685e-02  1.56829022e-02
 -1.75327435e-02  1.34090176e-02 -3.67675275e-02  2.80192383e-02
 -2.06804872e-02  2.91089830e-03  2.38583945e-02  5.34106679e-02
  3.46900858e-02 -2.28049010e-02 -4.32001390e-02  5.18597960e-02
 -2.69182678e-03 -1.62442550e-02  7.87622258e-02 -3.86238955e-02
 -5.05080968e-02 -9.18266028e-02  3.46028320e-02  5.78281283e-03
  8.46215039e-02 -1.00929663e-03  2.39853207e-02  2.69914129e-33
 -6.48348257e-02 -3.08236815e-02 -2.95851175e-02  1.26943842e-01
 -1.00542651e-02  1.10044092e-01 -4.97371107e-02 -4.75589186e-02
 -7.62275478e-04  2.41867714e-02 -7.56646544e-02  1.48068732e-02
 -3.52753885e-02  7.23709986e-02 -3.05175744e-02 -6.44633248e-02
 -3.04272044e-02  8.39133095e-03  3.51176783e-02 -1.02381214e-01
  1.01938797e-02  5.46532013e-02 -5.24943098e-02 -6.10729121e-02
  9.79559124e-02  1.12674147e-01  1.24082752e-02  3.21530513e-02
  3.75644639e-02  4.92724441e-02 -2.01064534e-02  8.19193870e-02
 -3.33958678e-02  4.59365454e-03  4.13147919e-02  8.87098610e-02
 -2.88830493e-02 -4.06400412e-02  4.63026278e-02  1.69280451e-02
 -2.29622819e-04 -7.03973323e-02 -6.34720623e-02 -1.30205147e-03
 -1.50456995e-01 -6.21881299e-02  3.33977025e-03  6.72518611e-02
  1.03534544e-02  3.30865458e-02 -3.19695212e-02 -5.23152761e-02
  6.02799878e-02 -2.95698363e-02 -3.15150172e-02  1.56417824e-02
  5.24447747e-02 -4.52881306e-02 -8.44078884e-02  6.85091466e-02
 -7.04762116e-02 -2.98631232e-04  4.20852527e-02 -1.87154915e-02
  1.49856925e-01  7.08852485e-02 -1.03906319e-01 -9.29131955e-02
  2.57631186e-02  3.19452137e-02 -6.52974099e-02  7.01722950e-02
 -2.90936586e-02  4.10257764e-02  4.63933796e-02 -3.17908414e-02
 -3.57248597e-02  2.44863797e-02 -8.81695598e-02  7.07274601e-02
 -8.69371295e-02  1.14428895e-02 -2.56430618e-02  1.26212090e-02
  6.73092753e-02 -5.22905253e-02 -7.35466629e-02 -4.23566699e-02
 -2.30028499e-02 -5.04408255e-02 -2.74167340e-02 -4.86212112e-02
  4.95158248e-02  6.61580861e-02  3.17671970e-02 -4.05290873e-33
 -3.95275503e-02  5.26456116e-03  1.65975802e-02  4.18816060e-02
  7.30467448e-03 -2.10894514e-02  3.72406631e-03 -3.98243405e-02
 -6.24130480e-02  3.60804275e-02  1.87603533e-02 -4.59200144e-02
 -4.97639515e-02 -1.20501770e-02 -1.47325154e-02 -3.24050384e-03
  4.64065410e-02 -9.83920321e-02 -1.31249931e-02 -3.93310711e-02
 -2.74048094e-02 -3.82515928e-03 -5.49813099e-02  3.22609805e-02
 -4.22926396e-02 -3.65801379e-02  6.78376928e-02  4.30295914e-02
 -3.01716682e-02 -2.17292327e-02  2.15003137e-02  2.39092708e-02
  1.89857781e-02 -2.72703413e-02 -3.56297418e-02  3.03884037e-03
 -3.54213975e-02 -2.23027859e-02 -7.55778328e-02  6.27660006e-02
 -7.08837342e-03  3.54420207e-02 -7.82942921e-02 -1.42704519e-02
  2.84551065e-02  2.21680733e-03 -4.66779247e-03 -6.65068477e-02
 -2.64604036e-02  1.54205486e-02 -2.55911029e-03 -4.68861982e-02
  8.74160603e-03  3.13689262e-02 -3.02626248e-02  4.52828258e-02
  4.85939160e-02  4.91351746e-02  4.59472127e-02  1.91968847e-02
  1.23732805e-01 -4.88276258e-02  3.05908006e-02  1.67958196e-02
  1.57909165e-03 -4.73489650e-02  3.14140916e-02 -3.07635777e-02
  9.12608877e-02  3.15321460e-02  8.58938321e-02 -1.06224753e-02
  3.01315822e-03  4.31351922e-02  7.05093443e-02 -9.67355222e-02
 -7.28182718e-02 -3.49201285e-03 -4.72630821e-02 -4.25980836e-02
  8.74477718e-03 -2.50337105e-02  1.00238532e-01  9.97478589e-02
 -8.99367779e-02 -1.94389299e-02 -4.48028445e-02  9.10859555e-02
  4.67388257e-02 -2.93823052e-02 -1.12431040e-02  8.42970610e-02
 -9.77974758e-03  1.58366591e-01 -9.29693058e-02 -4.28380567e-08
 -7.74338394e-02 -9.56354104e-03  2.68861353e-02 -3.66813987e-02
 -1.52655039e-02  1.08151555e-01 -4.50219251e-02 -3.64237651e-02
 -7.13322908e-02 -5.73185906e-02  2.86296085e-02  7.14450628e-02
  4.21458331e-04 -4.76670861e-02  5.65343015e-02  2.02034898e-02
  1.16637964e-02  1.60396900e-02 -2.09464729e-02 -3.25075313e-02
  1.35055676e-01  2.62851547e-02 -8.98728147e-02  8.80574211e-02
  8.70673656e-02 -3.31866927e-02  8.28229822e-03  1.11173362e-01
  2.94011850e-02 -3.31841828e-03  3.15552726e-02  1.43232634e-02
 -1.64210014e-02  2.83262674e-02 -2.71939132e-02  6.41976818e-02
 -5.56924753e-02 -3.03760208e-02  8.36465061e-02  4.96254340e-02
  3.07016242e-02  5.30495569e-02 -7.45994374e-02  5.18715288e-03
 -9.67926625e-03  5.09312749e-02 -4.87376153e-02 -8.87076482e-02
 -5.94745763e-02  3.68226692e-02  1.10836548e-03  1.82568971e-02
 -5.42959496e-02  7.80259594e-02 -2.10678987e-02 -3.67736556e-02
 -2.75296159e-02  3.28295701e-03  5.94570264e-02 -2.86263670e-03
 -5.98502122e-02  8.48224014e-02 -1.30722914e-02 -5.32948226e-03]"
52,../SysML-v2-release-src/training/27. Occurrences/Interaction Example-2.sysml,"package 'Interaction Example-2' {
	private import 'Event Occurrence Example'::*;
	
	item def SetSpeed;
	item def SensedSpeed;
	item def FuelCommand;
	
	occurrence def CruiseControlInteraction {
		
		ref part driver : Driver {
			event setSpeedMessage.sourceEvent;
		}
		
		ref part vehicle : Vehicle {
			part cruiseController : CruiseController {
				event setSpeedMessage.targetEvent;		
				then event sensedSpeedMessage.targetEvent;		
				then event fuelCommandMessage.sourceEvent;
			}
			
			part speedometer : Speedometer {
				event sensedSpeedMessage.sourceEvent;
			}
			
			part engine : Engine {
				event fuelCommandMessage.targetEvent;
			}
		}
		
		message setSpeedMessage of SetSpeed;	
		then message sensedSpeedMessage of SensedSpeed;
		message fuelCommandMessage of FuelCommand;
	}
}","Generate a SysML v2 model depicting the 'Interaction Example-2' package, illustrating a cruise control system. The model should include private imports from 'Event Occurrence Example'. Define three items: SetSpeed, SensedSpeed, and FuelCommand. Create an occurrence named 'CruiseControlInteraction', featuring a driver part that sends a setSpeedMessage. The vehicle part consists of a cruiseController that responds to the setSpeedMessage and generates a sensedSpeedMessage, followed by a fuelCommandMessage. Additionally, integrate a speedometer that receives the sensedSpeedMessage and an engine that is activated by the fuelCommandMessage. Ensure the flow of messages aligns with the sequence of events, showcasing the interactions and dependencies within the system.","[-5.88551257e-03 -1.16526661e-03 -5.14576286e-02  5.80610298e-02
  5.24004400e-02  5.04910760e-02  4.69116084e-02  1.27809979e-02
 -2.79336199e-02 -1.95544586e-02  7.89159313e-02 -1.01560056e-01
  2.59446520e-02 -1.27945961e-02 -4.91818553e-03  2.23830771e-02
  7.78421983e-02 -2.15615686e-02 -2.14913357e-02  2.39949021e-02
  8.48858580e-02  4.05993313e-03  3.70214656e-02  5.08564301e-02
 -1.31263345e-01 -2.32100915e-02 -1.61998887e-02  3.78669947e-02
  2.44744234e-02 -3.78122255e-02  3.30974534e-02  1.49257910e-02
  3.24240178e-02  5.18320594e-03  4.94396612e-02 -7.76369311e-03
  7.91115090e-02 -1.72566567e-02 -5.22353724e-02 -3.86672616e-02
 -1.35792699e-02 -9.13020745e-02  1.16558606e-02  5.25451042e-02
  1.39497882e-02 -7.87890255e-02  2.23286301e-02  5.07993400e-02
  1.38876634e-02 -3.10064424e-02 -5.05407043e-02 -8.86730012e-03
  1.22797741e-02 -8.59326795e-02  4.42115851e-02  5.38003221e-02
  1.95610555e-04  2.32894216e-02 -7.92113990e-02 -1.08744867e-01
 -4.57514301e-02  3.08826249e-02 -6.81932643e-02 -7.70225236e-03
 -5.89329712e-02  4.72122096e-02 -2.10601632e-02  6.24194145e-02
  9.95007977e-02 -6.18574268e-04 -8.65344703e-02 -3.24921124e-03
  1.59186684e-02  3.16725820e-02  3.27115390e-03 -6.41069934e-02
  1.25375157e-02 -4.79312474e-03 -4.34492826e-02 -1.34375259e-01
 -3.73220704e-02 -4.99452092e-02 -4.63265777e-02  4.13856190e-03
  1.61686279e-02 -3.26412693e-02  5.20086773e-02  1.38622345e-02
  1.00594006e-01  5.95840588e-02 -6.40266761e-02 -5.54286093e-02
  4.26238887e-02 -5.58771193e-02  5.80098256e-02  6.75756112e-02
 -8.10709316e-04 -5.80851324e-02  2.63899770e-02  3.36242802e-02
 -6.98973797e-03  5.38214073e-02 -2.75874268e-02  3.65838073e-02
 -4.69628349e-03  4.40178774e-02 -4.72816117e-02 -5.22716157e-03
 -2.52026897e-02  4.18687891e-03  1.46613549e-02  8.82397443e-02
  3.34272273e-02 -5.73656186e-02  8.43833725e-04  3.30567397e-02
  1.82996504e-03 -2.56812107e-03  5.14807627e-02 -4.88496050e-02
 -2.95773428e-02 -5.81647567e-02  3.72446105e-02  2.23082546e-02
  9.40855145e-02  1.58131253e-02  3.55382729e-03  3.84180831e-33
 -5.73933311e-02 -3.23098106e-03 -4.05608974e-02  1.26987681e-01
  1.07436152e-02  1.20771080e-01 -3.96640897e-02 -2.80509517e-02
  2.34719203e-03  2.23785844e-02 -7.46548325e-02 -5.75616024e-03
 -3.78106274e-02  5.73902503e-02  6.65514357e-03 -1.00355208e-01
 -4.09229137e-02  3.70066017e-02  6.92872405e-02 -8.01923424e-02
 -3.36912498e-02 -9.67702596e-04 -5.78618944e-02 -3.53092514e-02
  9.81228948e-02  1.13311276e-01  4.48099785e-02  3.33476551e-02
  5.31358942e-02  3.63599733e-02  3.54677327e-02  5.16651757e-02
 -2.72322912e-02  8.06999300e-03  3.07728816e-02  4.73744608e-02
 -7.60668889e-02 -3.02484538e-02  6.43428043e-02  2.76174303e-02
  1.05319079e-02 -5.83862662e-02 -6.58513233e-02 -2.27906201e-02
 -1.39429674e-01 -4.35830913e-02 -1.27027426e-02  6.12745099e-02
  5.27989566e-02 -7.71247176e-03  1.58966053e-02 -4.32111397e-02
  4.28638086e-02 -4.59456258e-02 -5.74490614e-02  1.32490974e-02
  5.04745021e-02 -5.73012196e-02 -4.42329757e-02  4.89424206e-02
 -6.73521981e-02 -1.43896034e-02  3.84218656e-02 -5.46605326e-03
  1.48726344e-01  5.70317172e-02 -9.37065631e-02 -1.15837738e-01
  2.27764063e-02  1.47303054e-02 -5.42330705e-02  5.95929474e-02
 -2.05821041e-02  1.53006306e-02  5.15942462e-02 -2.40762625e-02
 -1.31452829e-02  2.60451231e-02 -9.31324884e-02  6.94631785e-02
 -1.08300097e-01 -4.67684306e-03 -1.39255216e-02  1.31221870e-02
  9.16591287e-02 -4.93448749e-02 -7.71631673e-02 -1.19022839e-02
 -3.68305594e-02 -4.68464196e-02 -1.55597245e-02 -6.95976093e-02
  3.01406272e-02  5.06892912e-02  9.65862069e-03 -3.95173466e-33
 -3.60991359e-02  2.36179139e-02  3.90916318e-02  4.07326967e-02
  4.69997674e-02 -2.21003350e-02 -1.16650015e-02 -3.38227116e-02
 -5.71119040e-02  7.71411732e-02 -9.71599109e-03 -2.84212958e-02
 -2.09544934e-02 -2.48741508e-02 -1.51321590e-02  7.26192771e-03
  4.90221083e-02 -8.01413655e-02 -2.49033067e-02 -1.67821720e-02
 -2.25371495e-02  5.40642105e-02 -4.40378636e-02  1.41996378e-03
 -1.19756879e-02 -2.61906497e-02  2.96532027e-02  4.76197600e-02
 -3.10035478e-02 -3.17352936e-02 -1.71762630e-02  3.69448662e-02
  1.92192756e-02 -8.25920701e-02 -2.71444134e-02 -1.17312390e-02
 -8.60827696e-03 -2.10308861e-02 -7.48544112e-02  6.53850511e-02
  1.44577790e-02  3.29216272e-02 -1.06374025e-01 -2.26877779e-02
  2.37685884e-03  2.05857549e-02 -1.30457142e-02 -3.64855714e-02
 -1.49447555e-02  5.29612973e-02 -4.45874743e-02 -5.65714650e-02
  8.69905949e-03  3.74570042e-02 -1.54060507e-02  3.53941359e-02
  5.76065779e-02  2.27839891e-02  2.32443511e-02  3.42670977e-02
  8.09199214e-02 -7.07647577e-02  2.86848880e-02  8.99751578e-03
  2.79028881e-02 -7.24928081e-02  2.35419571e-02 -1.15972664e-02
  3.48445065e-02  3.78996693e-02  7.67451450e-02  3.43565270e-02
 -7.75759667e-03  3.26128304e-02  5.41587397e-02 -9.96887758e-02
 -6.09882064e-02  2.40854006e-02 -1.76246534e-03 -2.79675256e-02
 -7.60991545e-03 -2.69857701e-02  1.17775075e-01  8.40748474e-02
 -6.66383430e-02  2.65885913e-03 -3.29266215e-04  6.08395748e-02
  6.22496232e-02 -4.36522672e-03 -5.18179648e-02  7.29319155e-02
  1.42329494e-02  1.77030072e-01 -6.62402809e-02 -4.63257877e-08
 -7.38969520e-02 -7.71314465e-03  4.21625264e-02  6.89020730e-04
 -2.35145949e-02  8.45424235e-02 -7.35690221e-02 -4.45139408e-02
 -5.21334149e-02 -6.14898205e-02 -2.07848940e-03  4.38353084e-02
 -3.39237321e-03 -2.31117336e-03  2.57515665e-02 -1.69947118e-04
  2.37267036e-02  7.02976882e-02 -3.84800173e-02 -5.95279559e-02
  1.29576176e-01  4.24647592e-02 -5.66447154e-02  9.60297883e-02
  7.70227388e-02 -3.82459760e-02  1.02566173e-02  5.60762957e-02
  6.31349534e-02  8.96780379e-03  3.24876718e-02  3.85380234e-03
 -1.98687296e-02  2.26573870e-02 -5.05459383e-02  6.16693497e-02
 -8.41797739e-02 -1.54028079e-02  6.67972341e-02  3.32566909e-02
  3.38919349e-02  6.06730357e-02 -7.88042694e-02  4.42658173e-04
  1.62489358e-02  3.33858840e-02 -9.08268690e-02 -1.34138957e-01
 -4.56832536e-02  6.55218288e-02 -6.66741608e-03  7.62121240e-03
 -3.53442654e-02  7.84159452e-02 -1.00888861e-02  6.27351226e-03
  9.27300751e-03  6.30767364e-03  6.78360462e-02 -6.76670298e-03
 -5.10376580e-02  8.95817950e-02 -2.50020437e-02 -5.85821411e-03]"
53,../SysML-v2-release-src/training/27. Occurrences/Interaction Realization-1.sysml,"package 'Interaction Realization-1' {
	private import 'Interaction Example-1'::*;
	
	part driver_a : Driver {
		action driverBehavior {
			action sendSetSpeed send new SetSpeed() to vehicle_a;
		}
	}
	
	part vehicle_a : Vehicle {
		part cruiseController_a : CruiseController {
			action controllerBehavior {
				action receiveSetSpeed accept SetSpeed via vehicle_a;
				then action receiveSensedSpeed accept SensedSpeed via cruiseController_a;
				then action sendFuelCommand send new FuelCommand() to engine_a;
			}
		}
		
		part speedometer_a : Speedometer {
			action speedometerBehavior {
				action sendSensedSpeed send new SensedSpeed() to cruiseController_a;
			}
		}
		
		part engine_a : Engine {
			action engineBehavior {
				action receiveFuelCommand accept FuelCommand via engine_a;
			}
		}
	}
	
	occurrence cruiseControlInteraction_a : CruiseControlInteraction {
		part :>> driver :>> driver_a {
			event driverBehavior.sendSetSpeed[1] :>> setSpeedSent;
		}
		
		part :>> vehicle :>> vehicle_a {
			part :>> cruiseController :>> cruiseController_a {
				event controllerBehavior.receiveSetSpeed[1] :>> setSpeedReceived;
				event controllerBehavior.receiveSensedSpeed[1] :>> sensedSpeedReceived;
				event controllerBehavior.sendFuelCommand[1] :>> fuelCommandSent;
			}
			part :>> speedometer :>> speedometer_a {
				event speedometerBehavior.sendSensedSpeed[1] :>> sensedSpeedSent;
			}
			part :>> engine :>> engine_a {
				event engineBehavior.receiveFuelCommand[1] :>> fuelCommandReceived;
			}
		}
		
		message :>> setSpeedMessage = driver_a.driverBehavior.sendSetSpeed.sentMessage;
		message :>> sensedSpeedMessage = vehicle_a.speedometer_a.speedometerBehavior.sendSensedSpeed.sentMessage;
		message :>> fuelCommandMessage = vehicle_a.cruiseController_a.controllerBehavior.sendFuelCommand.sentMessage;
	}
}","Generate a SysML v2 model titled 'Interaction Realization-1' that encapsulates the cruise control interaction between a driver and a vehicle. The model features a driver part, `driver_a`, which encompasses the `driverBehavior` action to send a `SetSpeed` command to `vehicle_a`. This vehicle part consists of `cruiseController_a`, `speedometer_a`, and `engine_a`. The `cruiseController_a` processes the `SetSpeed` message and subsequently interacts with `speedometer_a` to receive the current speed via the `SensedSpeed` message, ultimately sending a `FuelCommand` to `engine_a`. The `speedometer_a` sends the `SensedSpeed` to the cruise controller when triggered. The model defines the occurrence `cruiseControlInteraction_a`, detailing events from all parts — including messages for `setSpeed`, `sensedSpeed`, and `fuelCommand`. Each part's actions and the flow of messages are precisely captured, demonstrating the system's real-time interactions in managing vehicle speed through various message exchanges.","[-2.55489368e-02 -9.01893340e-03 -5.45218289e-02  7.18636066e-02
  3.54367234e-02 -5.07899327e-03  3.23739424e-02 -1.23774810e-02
  1.29904868e-02 -3.68605810e-03  7.43325278e-02 -6.37788028e-02
  1.69554520e-02 -5.54258823e-02 -3.18483487e-02  2.51176376e-02
  6.86943755e-02 -2.74094455e-02 -5.23329787e-02  2.27226615e-02
  6.00004382e-02  2.08844692e-02  2.75807809e-02  5.25575094e-02
 -9.64742452e-02 -5.91794178e-02 -2.76080202e-02  4.44712192e-02
  1.85346697e-02 -4.83024158e-02  2.29859874e-02  4.98806164e-02
  1.02322754e-02  2.97293607e-02 -1.40687972e-02 -1.61748985e-03
  9.57303941e-02 -6.22353256e-02 -3.97888161e-02 -6.28198609e-02
 -1.25717686e-03 -9.27815810e-02 -1.77016668e-02  5.58161512e-02
  7.99337495e-03 -1.58887710e-02  1.81850437e-02  4.35072705e-02
 -1.80472843e-02 -4.19127606e-02 -7.84629956e-02  2.54620723e-02
  3.68783288e-02 -9.75246057e-02  2.62111761e-02  7.61665702e-02
 -2.03835201e-02  3.94853316e-02 -5.59715964e-02 -4.83355373e-02
 -6.12066872e-02  1.96516216e-02 -5.31224757e-02  1.25195058e-02
 -3.57194729e-02  1.40505610e-02  5.45256989e-05 -3.57729950e-05
  7.93612599e-02  9.21296980e-03 -6.56161681e-02 -9.48229153e-03
  2.10412107e-02  5.02124336e-03  9.52875055e-03 -1.19528137e-01
  9.49087273e-03  6.48098486e-03 -3.26956175e-02 -1.36153579e-01
 -3.19197141e-02 -7.13388473e-02 -4.37903926e-02 -3.13858278e-02
  2.48047039e-02 -5.69007285e-02  4.71214913e-02  1.02676097e-02
  1.25674874e-01  5.30801602e-02 -6.78480566e-02 -6.43692017e-02
  2.66297683e-02 -1.42676570e-02  5.49711883e-02  5.91645800e-02
  1.64131466e-02 -3.60705331e-02  3.10468860e-02  2.74892375e-02
  3.68511956e-03  6.54039755e-02 -1.06468666e-02  3.72138321e-02
 -2.55069826e-02  2.73120329e-02 -6.74241781e-02  3.23822089e-02
 -2.06131935e-02 -2.03674007e-03  4.12402600e-02  5.85829131e-02
  2.87163015e-02 -2.74963360e-02 -1.01153953e-02  5.56717850e-02
 -1.20552722e-02  3.66905741e-02  6.05421066e-02 -1.10118445e-02
 -6.08400181e-02 -5.65140434e-02  2.32012514e-02  1.78861786e-02
  9.89601538e-02 -1.89226065e-02 -3.64944688e-03  8.34436512e-34
 -4.34740633e-02 -2.80573610e-02 -3.20995785e-02  1.25240803e-01
 -3.02558132e-02  1.36061892e-01 -4.43268530e-02 -1.21730696e-02
  1.40525997e-02  4.44161408e-02 -7.84633905e-02 -1.61915980e-02
 -1.64040644e-02  8.14518481e-02  7.30510009e-03 -4.41418402e-02
 -1.52599309e-02  8.80464388e-04 -1.52499904e-03 -5.99763095e-02
  4.29719202e-02  4.49688882e-02 -1.04576804e-01 -2.13855878e-02
  7.23498091e-02  1.25231877e-01  3.74417305e-02  4.24908921e-02
  1.92903038e-02  4.23246883e-02 -2.51640249e-02  4.80169058e-02
 -4.02807519e-02 -1.23606599e-03  4.83637862e-02  3.82519849e-02
 -4.76290993e-02 -3.17033865e-02  4.73003164e-02  2.75541749e-02
  7.64088565e-03 -3.86754908e-02 -7.55806193e-02 -4.75484729e-02
 -1.71388313e-01 -9.45461914e-02 -2.22741719e-02  8.99481848e-02
  8.84747785e-03  2.54601538e-02  1.03183724e-02 -5.35161942e-02
  6.62746280e-02 -2.99708694e-02 -4.36565727e-02  3.83003242e-03
  2.40544323e-02 -3.52953337e-02 -5.82849421e-02  9.37963277e-02
 -5.36737666e-02 -1.74338277e-02  1.38949929e-02 -6.13295531e-04
  1.01413712e-01  8.51716250e-02 -6.37385249e-02 -4.27223220e-02
  6.37834370e-02  2.73988917e-02 -8.57026204e-02  6.30321577e-02
 -1.71754435e-02  2.72781849e-02  5.00213616e-02 -1.42478794e-02
 -5.47517575e-02 -1.66618563e-02 -9.80099663e-02  8.58754292e-02
 -1.08765341e-01  4.68873382e-02 -5.51936254e-02  7.24961329e-03
  6.01519793e-02 -5.28086759e-02 -9.82247740e-02 -4.44395617e-02
 -1.48631306e-02 -8.13180059e-02 -1.51221582e-03 -4.05906774e-02
  3.20727713e-02  3.42270732e-02 -6.16487814e-03 -3.34471636e-33
 -2.92868372e-02 -1.42174596e-02  1.03029860e-02  2.91295536e-02
 -8.50502960e-03 -3.75569128e-02  9.08102095e-03 -3.05077881e-02
 -6.86144382e-02  1.87908821e-02 -8.60622618e-03 -3.86952758e-02
 -3.24580520e-02 -3.03272344e-02 -1.47576770e-02 -9.50783677e-03
  3.58258002e-02 -1.25499085e-01 -6.35811500e-03 -6.27491809e-03
 -4.05986942e-02  3.92517038e-02  7.65805133e-04  9.34979133e-03
 -1.02697555e-02 -3.85213606e-02  7.66097456e-02  6.66174218e-02
  1.21424731e-03 -4.78986725e-02  2.51757912e-02 -1.45159885e-02
  2.42131092e-02 -3.98711823e-02 -2.14060061e-02  8.48909374e-03
 -1.62393078e-02 -3.83080170e-02 -4.64996807e-02  6.80813044e-02
  1.72706507e-02  4.01844904e-02 -6.89978376e-02  5.60053019e-03
  8.99612159e-03  6.96319193e-02 -1.32478029e-02 -6.02716282e-02
 -2.18657460e-02 -5.55464486e-03  2.04602741e-02 -3.64227444e-02
  4.54867333e-02  4.96563464e-02 -5.43979276e-03  1.17160240e-02
  1.57802086e-03  1.92593131e-02  1.39165567e-02  3.45568173e-02
  1.09008901e-01 -4.35116142e-02  1.45789701e-02  5.08315153e-02
  1.74079835e-02 -4.40764204e-02  3.07791606e-02 -3.03839780e-02
  4.24898565e-02  1.81680359e-02  9.49807167e-02  1.12358779e-02
 -1.57169253e-02  3.52015644e-02  5.65018654e-02 -8.15574825e-02
 -6.85039163e-02 -1.28746536e-02 -2.97139157e-02 -4.98643480e-02
 -3.42258066e-02 -4.78351228e-02  1.09675080e-01  8.71457309e-02
 -8.86957496e-02 -2.86887418e-02 -3.59445587e-02  1.07090950e-01
  5.42634651e-02 -3.58624682e-02 -1.70147046e-02  6.98400885e-02
 -2.97882278e-02  1.69895887e-01 -9.09900069e-02 -4.72722803e-08
 -5.16836084e-02  9.42496303e-03 -1.69957674e-03 -3.94572020e-02
 -2.83598658e-02  9.86234024e-02 -5.41302226e-02 -3.78572196e-02
 -6.58017322e-02 -3.90741825e-02  3.30532603e-02  4.61169668e-02
 -2.31185127e-02 -4.19872850e-02  6.68324754e-02  1.45097021e-02
  3.30655724e-02  1.76255628e-02 -3.34026590e-02 -6.52149022e-02
  1.23619735e-01  2.57830545e-02 -8.35651085e-02  7.11699873e-02
  7.03807026e-02 -3.47390547e-02 -2.89660394e-02  8.79918337e-02
  1.41858142e-02 -2.52755638e-02  2.40058284e-02  6.51915744e-03
  4.57925275e-02  5.67643233e-02 -2.01439187e-02  5.86591884e-02
 -5.22738732e-02  1.99546642e-03  9.16304961e-02  3.52432616e-02
  4.41092551e-02  3.49339359e-02 -9.87316072e-02  1.88341215e-02
  3.06297024e-03  1.16394823e-02 -6.40016943e-02 -1.09620273e-01
 -5.40400520e-02  5.06129190e-02  4.18077980e-04  3.57396193e-02
 -3.83640267e-02  1.04287714e-01 -4.01312187e-02 -1.14393691e-02
 -2.02826913e-02 -4.46741953e-02  4.80620898e-02 -1.30729256e-02
 -2.69570313e-02  8.59678984e-02 -5.36873341e-02  1.93688199e-02]"
54,../SysML-v2-release-src/training/27. Occurrences/Interaction Realization-2.sysml,"package 'Interaction Realization-2' {
	private import 'Interaction Example-1'::*;
	
	part driver_b : Driver {
		port setSpeedPort {
			out setSpeed : SetSpeed;
		}
	}
	
	interface driverToVehicleInterface connect driver_b.setSpeedPort to vehicle_b.setSpeedPort {
		flow setSpeedFlow of SetSpeed 
			from driver_b.setSpeedPort.setSpeed to vehicle_b.setSpeedPort.setSpeed;
	}
	
	part vehicle_b : Vehicle {
		port setSpeedPort {
			in setSpeed : SetSpeed;
		}
		
		bind setSpeedPort = cruiseController_b.setSpeedPort;
		
		part cruiseController_b : CruiseController {
			port setSpeedPort {
				in setSpeed : SetSpeed;
			}
			port sensedSpeedPort {
				in sensedSpeed : SensedSpeed;
			}
			port fuelCommandPort {
				out fuelCommand : FuelCommand;
			}
		}
		
		flow sensedSpeedFlow of SensedSpeed 
			from speedometer_b.sensedSpeedPort.sensedSpeed to cruiseController_b.sensedSpeedPort.sensedSpeed;
		
		part speedometer_b : Speedometer {
			port sensedSpeedPort {
				out sensedSpeed : SensedSpeed;
			}
		}
		
		flow fuelCommandFlow of FuelCommand 
			from cruiseController_b.fuelCommandPort.fuelCommand to engine_b.fuelCommandPort.fuelCommand;

		part engine_b : Engine {
			port fuelCommandPort {
				in fuelCommand : FuelCommand;
			}
		}
	}
	
	occurrence cruiseControlInteraction_b : CruiseControlInteraction {
		part :>> driver :>> driver_b {
			port :>> setSpeedPort {
				event driver::setSpeedSent; 
			}
		}
		
		part :>> vehicle :>> vehicle_b {
			part :>> cruiseController :>> cruiseController_b {
				port :>> setSpeedPort {
					event cruiseController::setSpeedReceived;
				}
			}
			part :>> speedometer :>> speedometer_b {
				port :>> sensedSpeedPort {
					event speedometer::sensedSpeedSent;
				}
			}
			part :>> engine :>> engine_b {
				port :>> fuelCommandPort {
					event engine::fuelCommandReceived;
				}
			}
		}
		
		message :>> setSpeedMessage = driverToVehicleInterface.setSpeedFlow;
		message :>> sensedSpeedMessage = vehicle_b.sensedSpeedFlow;
		message :>> fuelCommandMessage = vehicle_b.fuelCommandFlow;
	}
}","Generate a SysML v2 model titled 'Interaction Realization-2'. Model an interaction involving a driver and vehicle system. The model contains a driver part, which has a port for sending speed commands. This port connects to the vehicle part through an interface. The vehicle part integrates a cruise controller and a speedometer, managing the speed based on received data and providing fuel commands to the engine. Define flows for sensed speed from the speedometer to the cruise controller and for fuel commands to the engine. The occurrence 'cruiseControlInteraction_b' captures events and messages between the driver, vehicle, cruise controller, speedometer, and engine, illustrating the interactions and data exchanges necessary for cruise control functionality. Create clear event triggers for actions such as setting speed, sensing speed, and receiving fuel commands, highlighting the collaborative operation of components within the vehicle system.","[-1.37541918e-02  3.25713563e-03 -6.62475377e-02  4.15897742e-02
  2.16251356e-03 -1.20154500e-03  4.49862108e-02  2.59056687e-02
 -4.36718063e-03 -1.49318576e-02  9.20249000e-02 -6.98065981e-02
  2.61991820e-03 -3.06670517e-02 -2.29835901e-02  4.31840792e-02
  7.13155940e-02 -2.30723638e-02 -1.78943183e-02  1.96172725e-02
  5.57723977e-02 -1.17563934e-03  2.93854550e-02  1.79377105e-02
 -1.35686710e-01 -3.35834622e-02 -1.24528268e-02  2.39367355e-02
  1.92020647e-02 -6.67822212e-02  8.22100509e-03  2.85018962e-02
  2.29748040e-02  1.03895329e-02 -2.84870639e-02 -5.08226566e-02
  1.02025665e-01 -3.34247053e-02 -6.08827807e-02 -8.54201540e-02
 -2.40770001e-02 -1.08160228e-01 -8.47330317e-03  4.14833948e-02
  2.08007935e-02 -1.91382207e-02  2.42249686e-02  3.34578492e-02
  9.39326268e-03 -3.39045078e-02 -8.30750391e-02  9.13933665e-03
  2.90863384e-02 -7.91315660e-02  3.58203351e-02  5.68802655e-02
  5.90222608e-03  3.86486948e-02 -7.50739872e-02 -5.40369935e-02
 -3.63466106e-02  2.65696757e-02 -7.24658892e-02  2.39764042e-02
 -4.17039357e-02  2.83019096e-02 -6.58952072e-03  2.31744181e-02
  7.85619840e-02  2.21665204e-02 -7.83944502e-02 -2.24444810e-02
 -7.23082898e-03  1.47834877e-02  3.29182297e-03 -1.14645272e-01
  7.83476606e-03 -1.87787712e-02 -2.40922589e-02 -1.09757006e-01
 -3.55732776e-02 -4.57788743e-02 -5.93207330e-02 -1.20912697e-02
  1.75348129e-02 -3.87969352e-02  2.50797793e-02 -6.50501112e-04
  7.82150105e-02  3.79619487e-02 -5.70230410e-02 -3.68122682e-02
  3.06776091e-02 -7.45064989e-02  2.30215713e-02  5.85074909e-02
  7.95430597e-03 -5.37166484e-02  1.99632253e-02  2.39767805e-02
 -5.56398602e-03  4.61583324e-02 -5.12467101e-02  4.78253029e-02
 -3.31873782e-02  3.57263274e-02 -4.01786901e-02 -1.14641327e-03
 -3.32376920e-02 -1.53943412e-02  4.95804381e-03  5.32686673e-02
 -8.29922035e-03 -5.57424799e-02 -1.95987634e-02  5.77328429e-02
 -4.58850106e-03  4.33953181e-02  8.71924683e-02 -1.91386361e-02
 -4.50681187e-02 -5.82375228e-02 -5.95100131e-03  3.80222462e-02
  9.75896865e-02 -3.28392237e-02  3.64412479e-02  1.15288509e-33
 -6.45667166e-02 -2.48372611e-02 -3.52078564e-02  1.21834956e-01
 -1.07599013e-02  1.34923711e-01 -2.91741230e-02 -2.63197925e-02
  1.14121614e-02  2.94277873e-02 -8.03430080e-02 -1.81115847e-02
 -3.01975049e-02  4.81514744e-02  2.62789559e-02 -8.60721916e-02
 -9.23111197e-03  2.75068861e-02  9.20582376e-03 -7.20525607e-02
  3.18395123e-02  1.38638066e-02 -7.71748722e-02 -3.00079230e-02
  9.96465981e-02  1.22759700e-01  3.58191058e-02  5.66728599e-02
  4.20018323e-02  4.81026806e-02 -6.90422906e-03  4.36977297e-02
 -5.22675030e-02  1.82474832e-04  2.06167325e-02  4.45934124e-02
 -6.99348301e-02 -3.53714488e-02  5.30894808e-02  4.20067236e-02
  2.49683275e-03 -5.72692417e-02 -1.09685682e-01 -2.48947069e-02
 -1.73178509e-01 -6.41985387e-02  1.54835423e-02  7.97612146e-02
  1.28843039e-02  2.19166931e-02 -1.18840288e-03 -4.41744588e-02
  5.24718538e-02 -1.87050439e-02 -1.77211463e-02  8.75734445e-03
  4.03449200e-02 -7.39338342e-03 -6.45469129e-02  1.06623277e-01
 -7.15603232e-02 -5.30853355e-03 -1.41356722e-03 -3.23931081e-03
  8.99143368e-02  7.26037994e-02 -6.47100061e-02 -7.36060962e-02
  6.51732013e-02  2.21055802e-02 -7.63567537e-02  6.65866360e-02
  1.06210411e-02  1.22382222e-02  4.79145497e-02 -1.89036950e-02
 -5.33484668e-02 -1.58431102e-02 -7.45347887e-02  7.94215947e-02
 -1.19743988e-01  5.99373085e-03 -2.76605152e-02  3.06677073e-02
  9.39709991e-02 -5.25131710e-02 -8.56691524e-02 -3.19783390e-02
 -4.22808789e-02 -4.39899154e-02 -1.77712627e-02 -1.37032103e-02
  2.51261387e-02  4.58782911e-02  2.02668607e-02 -2.74540159e-33
  1.41179434e-03 -2.49167625e-02  3.67484204e-02  2.83960588e-02
  2.16012057e-02 -1.39311738e-02  2.46168878e-02 -5.41809164e-02
 -4.94013242e-02  5.82534932e-02  6.29872130e-03 -1.86531562e-02
 -8.22226808e-04 -6.21828251e-03  2.50124969e-02 -1.06792161e-02
  2.47241184e-02 -1.37679070e-01 -1.73602384e-02 -1.70571562e-02
 -2.93806046e-02  4.71464805e-02  2.14529987e-02 -8.09121598e-03
 -2.89489999e-02 -4.43813577e-02  6.18355907e-02  4.37766463e-02
 -2.32582353e-02 -2.02759411e-02  1.02377059e-02  1.03509156e-02
  4.06862423e-02 -2.98365448e-02 -1.44275893e-02 -4.06930363e-03
  1.65809935e-03 -1.48120439e-02 -6.61844686e-02  2.41161752e-02
  1.64705571e-02  1.74677931e-02 -3.63489836e-02 -7.81804789e-03
  1.43379308e-02  3.04187704e-02 -1.33928880e-02 -3.31655182e-02
 -3.80103923e-02  1.03449458e-02 -1.27667272e-02 -3.95206399e-02
  2.59045716e-02  3.45333107e-02 -2.40496779e-03  3.68212201e-02
  3.00955661e-02  9.73140355e-03  2.11759806e-02  4.52062190e-02
  1.17249317e-01 -6.12516254e-02  1.87109932e-02  4.39759232e-02
  3.30617167e-02 -7.36977085e-02  1.82283800e-02 -6.49615703e-03
  4.61942367e-02  2.10171435e-02  1.10440753e-01  4.88331579e-02
  1.36923871e-03  5.39537407e-02  2.91637760e-02 -8.09379667e-02
 -7.54327998e-02 -8.12347140e-03 -7.97593594e-03 -1.99535564e-02
 -4.54964712e-02 -2.32380442e-02  1.08602956e-01  8.90274048e-02
 -1.12631947e-01 -2.17631198e-02 -5.46335876e-02  8.45969990e-02
  7.04811364e-02 -4.58646975e-02 -5.02935536e-02  8.56392533e-02
 -2.08079852e-02  1.74380526e-01 -9.44712907e-02 -4.33883933e-08
 -4.79791760e-02 -1.21131418e-02  3.05192098e-02 -1.97071955e-02
 -1.56520531e-02  9.67539549e-02 -5.96317984e-02 -2.41224505e-02
 -6.65081069e-02 -2.32904125e-02  2.20854618e-02  4.89335544e-02
  1.74611192e-02 -2.02165563e-02  7.39806443e-02  1.94862075e-02
  5.24885505e-02  2.73537096e-02 -2.66620982e-02 -4.78758700e-02
  1.47251666e-01  2.53413897e-02 -7.87244812e-02  8.00819173e-02
  7.06783906e-02 -3.89837585e-02 -7.44953053e-03  1.07543774e-01
  4.56658974e-02 -5.41225895e-02  3.26344967e-02 -6.85229897e-04
  4.12627384e-02  7.37937391e-02 -1.28658013e-02  5.92902787e-02
 -6.56525567e-02  2.60256976e-02  6.14071675e-02  4.11199853e-02
  3.95588428e-02  6.21987171e-02 -7.05624670e-02  1.24408379e-02
  1.37605118e-02  4.40183766e-02 -5.95219657e-02 -1.08776420e-01
 -5.88857234e-02  3.84526998e-02 -1.13584045e-02  3.10107619e-02
 -3.57967168e-02  1.10400133e-01 -2.45644618e-02  2.05128640e-02
 -2.53822971e-02 -2.57436801e-02  3.36102657e-02 -5.75975096e-03
 -3.26459594e-02  1.12579480e-01 -2.38021743e-02  1.58343501e-02]"
55,../SysML-v2-release-src/training/27. Occurrences/Message Payload Example.sysml,"package 'Message Payload Example' {
	private import 'Event Occurrence Example'::*;
	
	item def SetSpeed;
	item def SensedSpeed;
	item def FuelCommand {
		attribute fuelFlow : ScalarValues::Real;
	}
	
	part def EngineController;
	
	part vehicle1 :> vehicle {
		part engineController : EngineController {
			event occurrence fuelCommandReceived;
			then event occurrence fuelCommandForwarded;
		}
	}
	
	occurrence def CruiseControlInteraction {		
		ref part :>> driver;		
		ref part vehicle :>> vehicle1;
		
		message setSpeedMessage of SetSpeed 
			from driver.setSpeedSent to vehicle.cruiseController.setSpeedReceived;
			
		then message sensedSpeedMessage of SensedSpeed 
			from vehicle.speedometer.sensedSpeedSent to vehicle.cruiseController.sensedSpeedReceived;
			
		then message fuelCommandMessage of fuelCommand : FuelCommand 
			from vehicle.cruiseController.fuelCommandSent to vehicle.engineController.fuelCommandReceived;
		
		then message fuelCommandForwardingMessage of fuelCommand : FuelCommand = fuelCommandMessage.fuelCommand
			from vehicle.engineController.fuelCommandForwarded to vehicle.engine.fuelCommandReceived;
		
	}
}","Generate a SysML v2 model that encapsulates the 'Message Payload Example' package. This model includes definitions for a set of items related to vehicle dynamics: SetSpeed, SensedSpeed, and FuelCommand, which comprises an attribute for fuelFlow of type ScalarValues::Real. The model defines a part named EngineController and an instance of a vehicle, referred to as vehicle1, which contains an EngineController equipped with events for fuel command reception and forwarding. Additionally, define the occurrence 'CruiseControlInteraction,' which establishes interactions between the driver and vehicle1. This occurrence facilitates the exchange of messages, including a setSpeedMessage from the driver to the cruise controller, a sensedSpeedMessage from the speedometer to the cruise controller, and a fuelCommandMessage flowing from the cruise controller to the engine controller. Lastly, include a message for fuel command forwarding that reflects the original command sent from the engine controller back to the vehicle engine, ensuring clear communication within the cruise control system.","[-2.97376383e-02 -2.54014842e-02 -5.50315641e-02  6.77837580e-02
  3.44156027e-02  2.30936781e-02  6.06476888e-02  3.31604853e-02
 -2.24508671e-03 -4.61481363e-02  5.63967302e-02 -5.91127500e-02
  3.14978622e-02 -2.65816022e-02 -1.09187409e-03  9.61303711e-03
  8.43234584e-02 -8.98354594e-03 -2.27727257e-02  2.27009859e-02
  1.06551632e-01  5.44860065e-02  3.58063690e-02  5.53550981e-02
 -1.15028404e-01 -3.95463519e-02 -3.06894369e-02  3.94202396e-02
  2.39530718e-03 -4.08745632e-02  2.73218062e-02  1.95602071e-03
  2.45725829e-02  3.90756093e-02 -1.35227963e-02  3.17480825e-02
  5.82727715e-02  3.58758308e-03 -7.12340549e-02 -3.38752531e-02
 -3.91971059e-02 -1.04745045e-01 -1.32378880e-02  2.17964482e-02
  3.06097828e-02 -5.57139069e-02  1.54852197e-02  4.45857868e-02
 -3.17496061e-03 -3.67324501e-02 -3.58621590e-02  1.79247174e-03
  8.19165260e-03 -2.68014446e-02  3.91700976e-02  6.11835793e-02
 -8.92854016e-03  2.33777501e-02 -7.11090937e-02 -7.14650229e-02
 -5.85341454e-02  1.97484419e-02 -4.10891958e-02 -1.35492819e-05
 -3.50433961e-02  2.58961204e-03 -7.76066771e-03  2.14344002e-02
  8.37144852e-02  6.96922233e-03 -7.01172873e-02 -1.93351675e-02
 -1.56540163e-02  9.10289306e-03 -4.42643370e-03 -5.42725287e-02
  3.45826820e-02  1.34360399e-02 -4.92187329e-02 -1.03677444e-01
 -4.16172668e-02 -3.60154510e-02 -4.12286147e-02 -1.85568277e-02
  2.70821224e-03 -4.72102053e-02  2.67787427e-02  5.12486883e-03
  1.07185468e-01  6.80707321e-02 -4.53923605e-02 -6.94507584e-02
  4.70376201e-02  1.33017143e-02  2.90035997e-02  4.00118902e-02
  3.00593325e-03 -5.04002608e-02  4.97120582e-02  2.53125299e-02
 -1.34280650e-02  6.88265413e-02  1.69600509e-02  3.64149548e-02
  2.59562442e-03  3.18160616e-02 -3.32616791e-02  1.86051372e-02
 -2.36207284e-02 -4.50236239e-02  2.32116599e-02  6.10315911e-02
  2.53715497e-02 -3.61781195e-02 -1.00241881e-02  7.19323847e-03
 -1.33305080e-02  1.94224585e-02  4.91346419e-02 -3.62368785e-02
 -6.92894161e-02 -8.85172337e-02  6.99689090e-02  8.59564170e-03
  1.25747442e-01 -4.29417603e-02 -3.67304601e-04  3.11768579e-33
 -8.31999704e-02 -1.87133495e-02 -3.38060148e-02  1.52860016e-01
  6.34142850e-03  1.19537443e-01 -3.95006761e-02 -3.43853123e-02
  2.97743101e-02  1.32941576e-02 -6.10103905e-02  2.43618507e-02
 -4.34567826e-03  5.99804446e-02 -1.53843891e-02 -7.65168443e-02
 -5.59064895e-02  1.75798163e-02  6.97903261e-02 -9.00254026e-02
  1.87233631e-02  2.28305124e-02 -5.78851067e-02 -4.24097590e-02
  8.90597478e-02  1.01145737e-01  1.06989155e-02  1.52406748e-02
 -1.04380175e-02  4.41085659e-02 -4.03037481e-03  5.00433892e-02
 -3.64904478e-02 -9.69557499e-04  4.04793024e-02  5.82931153e-02
 -5.11254631e-02 -3.07953563e-02  5.45814782e-02  2.75353752e-02
  2.48434059e-02 -5.05169220e-02 -8.70818868e-02 -2.99707390e-02
 -1.49306998e-01 -6.64934292e-02 -4.18456504e-04  6.70102909e-02
  2.03309599e-02 -1.32509880e-03 -2.75661983e-03 -5.38196228e-02
  6.43034428e-02 -3.11774146e-02 -4.71433327e-02  1.89163222e-03
  3.63662541e-02 -3.38607207e-02 -5.98328374e-02  7.00143576e-02
 -5.04833050e-02 -2.12210175e-02  3.18617932e-02 -9.00061056e-03
  1.13365516e-01  6.67475536e-02 -8.50780085e-02 -1.13462813e-01
  3.60825248e-02  2.30847001e-02 -5.29102869e-02  6.30181655e-02
 -9.28526931e-03  4.71000597e-02  4.79733273e-02 -4.14824672e-02
 -2.23285556e-02  4.55840630e-03 -8.56435597e-02  6.83602914e-02
 -1.15940057e-01  3.02601792e-02 -4.99480590e-02  2.88832560e-02
  8.34663883e-02 -4.96881418e-02 -6.43914044e-02 -6.49108142e-02
 -3.14129330e-02 -3.92761044e-02 -5.25283329e-02 -5.08552380e-02
  1.10963061e-02  4.94201407e-02  1.84373576e-02 -3.94364212e-33
 -4.06538770e-02  1.25039862e-02 -2.32245494e-03  5.27127571e-02
  3.08041424e-02 -1.04840361e-02  2.71643214e-02 -1.29293557e-02
 -6.26905710e-02  3.74588333e-02 -3.21349911e-02 -2.44787913e-02
 -4.54693213e-02 -9.41379275e-03 -2.61461958e-02 -1.47168487e-02
  5.46020865e-02 -1.25236869e-01 -3.20147946e-02 -3.24842520e-02
 -4.38443720e-02  2.16202661e-02 -7.29179829e-02  1.53128905e-02
  2.85450695e-03 -1.63392257e-02  3.71114798e-02  5.90932816e-02
 -3.65485139e-02 -3.90401855e-02  2.36498695e-02  2.68137772e-02
  4.84944060e-02 -5.31937927e-02 -4.52022925e-02 -5.93699189e-03
 -1.96797145e-03 -1.57132354e-02 -4.07799296e-02  1.08610176e-01
  2.90231481e-02  3.97997126e-02 -8.07175487e-02 -2.12943275e-02
 -3.03773163e-03  2.84067336e-02  2.18317509e-02 -5.69055118e-02
 -9.46806930e-03  1.83055829e-02  1.15078203e-02 -4.70323935e-02
  1.07895071e-02  5.37406318e-02 -1.25413854e-02  3.14064287e-02
  3.57381664e-02  4.29616161e-02  2.37815250e-02  3.91981788e-02
  1.09171137e-01 -5.44108339e-02  3.10359187e-02  8.93329736e-03
  1.33954233e-03 -7.60999173e-02  1.84042342e-02 -2.00526994e-02
  6.34419397e-02  3.39037068e-02  7.03236908e-02 -3.97693273e-03
  6.62256312e-03  4.51843925e-02  6.67339042e-02 -8.45929161e-02
 -6.14300929e-02 -2.82020848e-02 -1.86778456e-02 -4.75103520e-02
 -2.38949452e-02 -5.30673191e-02  7.99425915e-02  1.03486836e-01
 -5.53492643e-02 -2.77560242e-02 -3.06626689e-02  8.26671198e-02
  3.60630266e-02 -4.02558148e-02 -2.01127529e-02  7.04394728e-02
 -2.26630289e-02  1.73497364e-01 -1.03400216e-01 -4.56137990e-08
 -6.95264265e-02 -2.78439075e-02  4.00302596e-02 -1.63866766e-02
 -1.47375381e-02  1.14890337e-01 -5.46844043e-02 -7.50166848e-02
 -6.53808415e-02 -5.41057251e-02  4.40409482e-02  5.51135652e-02
 -9.75077227e-03 -4.04464081e-02  3.72270271e-02  2.58833803e-02
  7.79331382e-03  3.00938915e-02 -2.92023718e-02 -5.37700616e-02
  1.17970489e-01  5.02765775e-02 -1.11421570e-01  6.74074665e-02
  8.73994231e-02 -5.04203811e-02  1.54547775e-02  8.26048627e-02
  2.21820809e-02 -2.70003844e-02  3.16164456e-02  3.14307809e-02
  4.41575311e-02  4.41981293e-02  1.00918496e-02  6.87973350e-02
 -6.03419580e-02 -9.49552935e-03  6.72276840e-02  6.25490174e-02
  5.55652790e-02  8.28386694e-02 -6.88668042e-02 -1.88347988e-03
  1.04293684e-02  6.58570454e-02 -8.89543444e-02 -9.36102271e-02
 -6.45476356e-02  3.39112803e-02  5.37520787e-03  2.49031056e-02
 -4.44768816e-02  1.05789244e-01 -2.27933321e-02 -2.40554232e-02
 -2.17288621e-02 -7.99295865e-03  6.68938905e-02  1.41699961e-03
 -4.79141660e-02  1.02951355e-01 -1.05403541e-02 -1.35970367e-02]"
56,../SysML-v2-release-src/training/27. Occurrences/Time Slice and Snapshot Example.sysml,"package 'Time Slice and Snapshot Example' {
		
	attribute def Date;
	item def Person;
	
	part def Vehicle {
		timeslice assembly;
		
		first assembly then delivery;
		
		snapshot delivery {
			attribute deliveryDate : Date;
		}
		
		then timeslice ownership[0..*] ordered {
			snapshot sale = start;
			
			ref item owner : Person[1];
			
			timeslice driven[0..*] {
				ref item driver : Person[1];
			}
		}
		
		snapshot junked = done;
	}
}","Generate a SysML v2 model titled 'Time Slice and Snapshot Example'. Model a package that defines a 'Date' attribute and a 'Person' item. Create a 'Vehicle' part that includes a timeslice for 'assembly' and specifies a sequence with 'first assembly then delivery'. Establish a snapshot for 'delivery' featuring a 'deliveryDate' attribute of type 'Date'. Implement further ownership tracking with a timeslice for 'ownership', allowing for multiple entries. Each ownership instance includes a snapshot for 'sale', referring to a single 'Person' as the owner. Additionally, incorporate another timeslice for 'driven', with references to a driver, also a single 'Person'. Conclude with a snapshot indicating the vehicle's status as 'junked' once it is 'done'.","[-5.69773018e-02 -1.31606227e-02  9.54641029e-03  2.82885088e-03
 -5.94597794e-02 -9.39824677e-04  5.45165278e-02  2.26440933e-02
 -5.92717975e-02  5.18652834e-02  1.11645862e-01 -2.52594408e-02
  2.98309028e-02  6.77894950e-02 -4.63352799e-02  1.09928474e-03
 -1.14001019e-03  1.44719295e-02  6.96374103e-04 -1.37856812e-03
  5.33162095e-02 -4.00337800e-02 -1.33017935e-02  3.56067196e-02
 -5.47561655e-03 -4.16868553e-02 -3.05093685e-03  8.79753232e-02
  2.36890670e-02 -8.07033703e-02  2.35231891e-02  3.00239567e-02
  1.17252143e-02  3.11563537e-02  8.18896517e-02 -8.57727230e-03
  4.76225354e-02  2.18645483e-03 -6.71588816e-03 -1.03102908e-01
  5.01524694e-02 -6.69417605e-02 -2.65043937e-02 -5.78282997e-02
  6.35330984e-03 -2.40018480e-02  6.91975057e-02  1.28692510e-02
  3.78665365e-02  4.37242053e-02 -2.47177985e-02  1.17430659e-02
  3.63112763e-02 -3.13498043e-02  4.98955371e-03  8.38699117e-02
  8.36565439e-03  2.13535298e-02 -1.30932376e-01 -6.96144179e-02
  5.45625715e-03  2.54643708e-02 -5.99954091e-02 -2.44264808e-02
  1.83312781e-02  7.32087269e-02 -1.54225072e-02  3.41738312e-04
  1.60386355e-03  5.15731312e-02  3.06623755e-03 -4.14594114e-02
 -4.24988121e-02  1.88364312e-02 -2.90560890e-02 -4.27627787e-02
  1.12698004e-01 -2.22228444e-03 -6.15056790e-02 -9.04463381e-02
 -8.39909092e-02  3.58723849e-03 -6.90575317e-02  1.35197071e-02
 -4.76821838e-03 -2.55124941e-02  4.15439904e-02  8.56634751e-02
  4.85265218e-02  1.38163883e-02 -2.99601611e-02  1.06528439e-02
  1.14618912e-01 -5.40800281e-02  3.08191050e-02  3.31063084e-02
  3.79000939e-02  6.91395774e-02  7.19902441e-02  5.06722555e-02
 -7.05184788e-02  7.49863386e-02 -1.33613739e-02 -1.26829883e-02
  1.20258182e-02  1.22811524e-02 -4.69462238e-02 -6.52234182e-02
 -1.24192715e-01 -3.79883572e-02  8.41552205e-03  9.64363590e-02
 -1.31100863e-02 -3.41134816e-02  3.67359333e-02 -1.73664857e-02
 -6.59534559e-02  1.98977180e-02  2.74967607e-02 -9.33841765e-02
  3.72492187e-02  1.13819856e-02  5.49365804e-02  2.91161239e-02
  5.24837412e-02  3.97916883e-02  8.03963393e-02  7.27796628e-34
 -1.92317031e-02  1.27238091e-02  1.65112801e-02  8.10336098e-02
  2.73057185e-02  3.91977690e-02 -2.25680061e-02  2.91567501e-02
  1.98592246e-02  3.85013670e-02 -3.14751193e-02 -6.28511161e-02
 -2.24051774e-02 -7.86563233e-02 -2.88749542e-02 -2.03120764e-02
 -4.27406803e-02  8.25086385e-02  1.96928252e-02  3.19422930e-02
  2.86727808e-02 -2.81273313e-02 -6.34801239e-02  3.72198364e-03
  9.40288380e-02 -1.83286257e-02  1.04200374e-02  6.86175898e-02
  2.44300570e-02  1.19356168e-02  8.04797038e-02  6.51407540e-02
 -4.27628458e-02  1.04575241e-02  5.20289429e-02  1.05515448e-02
 -1.06754616e-01 -1.35700190e-02  5.54429591e-02 -1.20585505e-02
  3.97593305e-02 -5.24811409e-02 -8.71606618e-02 -1.90562773e-02
 -1.21125475e-01 -3.97994220e-02 -3.16808447e-02 -4.81166149e-04
  1.03638861e-02  5.86236529e-02  3.18480320e-02 -2.13548560e-02
  5.38294278e-02 -3.97252813e-02 -1.44721702e-01 -2.87191160e-02
  3.43456119e-02 -7.96520337e-02 -2.68226769e-03  1.47077627e-02
  1.07214348e-02 -5.34315966e-03 -1.11452276e-02  2.63085589e-03
  6.97376498e-04  1.25414282e-02  3.16740647e-02 -6.13067821e-02
  7.89836198e-02  1.78024694e-02  5.73611585e-04  1.10952882e-02
 -5.00442870e-02 -1.91769898e-02  5.35235479e-02 -6.37612715e-02
  6.90050647e-02  1.70704089e-02 -3.26900110e-02  5.13718799e-02
 -6.35089129e-02 -2.01102253e-02 -1.96938571e-02 -4.80481349e-02
  8.84748623e-02  1.29173342e-02 -2.07096953e-02 -2.54574362e-02
 -4.39490862e-02 -7.05942139e-02 -4.08430062e-02 -3.78773324e-02
 -1.84585303e-02 -1.11945234e-02  4.96306680e-02 -1.23670005e-33
  5.08049913e-02 -5.32655083e-02  5.12098521e-02 -1.66562549e-03
  8.99934489e-03 -8.26422498e-02 -4.45373915e-02  1.00647695e-02
 -3.47186923e-02  5.17406650e-02 -3.86023819e-02 -4.37322780e-02
  3.56271118e-02 -3.78268282e-03 -1.86441299e-02 -5.61646558e-03
  6.75719008e-02 -1.79273665e-01 -7.09344447e-03  4.63741459e-02
 -6.05791137e-02  3.31034809e-02  7.19698239e-03  4.18504663e-02
 -2.67274398e-03  2.85086203e-02  9.18974355e-03  3.88688147e-02
  4.41911928e-02 -7.51662254e-02 -9.51599889e-03 -9.70499963e-02
  2.89972927e-02 -3.73307094e-02 -1.65612120e-02 -4.05892208e-02
 -7.34450892e-02 -7.45149702e-03  2.42762435e-02  4.37231325e-02
 -1.32595524e-02  2.00654268e-02 -4.86147963e-02 -2.08175369e-03
  1.21917529e-02  2.04724800e-02  4.51790579e-02 -4.79226448e-02
  4.87775629e-04  3.63191739e-02 -1.83692891e-02  2.09472757e-02
  1.66889299e-02  6.79853484e-02  1.72332022e-02  1.98973939e-02
  1.31771103e-01 -1.06278166e-01  1.46882795e-02  3.43576819e-02
 -2.06447262e-02 -5.37900953e-04  5.79435378e-02  2.72087902e-02
 -1.81551918e-03 -1.08039103e-01 -3.71912494e-03 -1.25394329e-01
 -7.33038858e-02 -4.01883796e-02  6.69318810e-02 -2.41808575e-02
 -3.72103900e-02 -1.91805679e-02 -6.54876698e-03 -4.81353514e-02
 -7.27813244e-02  7.23363608e-02  2.67972816e-02 -6.59671277e-02
 -7.88948014e-02 -2.54663862e-02  7.38377348e-02  1.23561546e-01
 -1.17704101e-01  4.79698321e-03  7.96390884e-03  1.82856973e-02
  7.08708912e-02  7.25484034e-03 -8.67268294e-02  2.57890262e-02
 -1.96271837e-02  1.38296336e-01 -8.60233456e-02 -4.69090438e-08
 -3.48561034e-02  6.08579963e-02  3.91758792e-02  2.30066068e-02
  4.29922901e-02 -4.04327996e-02  2.28175540e-02 -1.70305732e-03
 -1.98751800e-02 -2.80615315e-02  1.25609227e-02 -5.01311710e-03
 -4.23195139e-02  1.86171159e-02 -4.85391263e-03  1.52934287e-02
  2.97546256e-02  5.76353930e-02 -7.57086575e-02 -1.16819665e-02
  3.75390500e-02  1.05894906e-02  5.31163141e-02  8.15553069e-02
 -5.67793194e-03  2.26550568e-02 -3.84327769e-02  2.38193274e-02
  1.43590659e-01 -1.41237956e-02  1.75439809e-02  3.69607881e-02
  1.03475168e-01  4.05045114e-02 -2.88811643e-02 -1.43832648e-02
 -4.74076867e-02  8.64283442e-02 -6.51269872e-03  4.01323512e-02
  4.94392626e-02  6.82613552e-02 -5.37047982e-02  6.49755523e-02
  2.75514200e-02  3.88013339e-03 -1.32406533e-01 -1.33901104e-01
 -5.34752607e-02 -1.10657774e-02  1.59296289e-03 -1.51810953e-02
 -4.32509892e-02  1.11607224e-01 -7.14646950e-02  2.25287825e-02
  6.17367998e-02 -2.71371920e-02  1.00170940e-01 -1.78647563e-02
 -1.33920219e-02 -1.33741158e-03 -2.27292962e-02  4.02696989e-02]"
57,../SysML-v2-release-src/training/28. Individuals/Individuals and Roles-1.sysml,"package 'Individuals and Roles' {
	private import 'Part Definition Example'::*;
	
	part def Wheel;
	
	individual part def Vehicle_1 :> Vehicle {
		part leftFrontWheel : Wheel;
		part rightFrontWheel : Wheel;
	}
	
	individual part def Wheel_1 :> Wheel;
	
	individual part vehicle_1 : Vehicle_1 {
		snapshot part vehicle_1_t0 {
			snapshot leftFrontWheel_t0 : Wheel_1 :>> leftFrontWheel;
		}
		
		then snapshot part vehicle_1_t1 {
			snapshot rightFrontWheel_t1 : Wheel_1 :>> rightFrontWheel;
		}
	}
}","Generate a SysML v2 model encapsulated in the package 'Individuals and Roles'. This model includes a private import of 'Part Definition Example' to define relevant components. Introduce a part definition for 'Wheel', and create an individual part definition for 'Vehicle_1', which aggregates two instances of 'Wheel': 'leftFrontWheel' and 'rightFrontWheel'. Additionally, define an individual part 'Wheel_1' as an instance of 'Wheel'. 

Within the individual part 'vehicle_1' of type 'Vehicle_1', establish a snapshot named 'vehicle_1_t0' that captures the initial configuration, linking 'leftFrontWheel_t0' to 'leftFrontWheel' using 'Wheel_1'. Follow this with a subsequent snapshot 'vehicle_1_t1' that showcases the state of 'rightFrontWheel_t1' connected to 'rightFrontWheel', also utilizing 'Wheel_1'. This structure effectively models the vehicle's wheel configuration over time, reflecting dynamic changes in assembly.","[-4.10882197e-02 -2.74585001e-02  2.42379052e-03 -1.64595398e-03
 -2.76224278e-02 -1.14793668e-03 -9.71636735e-03  2.94156577e-02
 -5.67065105e-02  2.08589565e-02  7.39803165e-02  1.59639064e-02
  6.28352910e-02 -2.97267601e-04 -5.42947976e-03  1.66054834e-02
 -4.75833081e-02  5.85533530e-02 -5.83819039e-02  3.54100689e-02
  4.55761664e-02 -6.75108433e-02  2.30609477e-02  4.21438366e-02
 -7.40711838e-02  3.52264731e-03 -2.81287469e-02  9.87387374e-02
  3.40949409e-02 -7.92061612e-02  7.97238387e-03  1.35684788e-01
 -1.38364164e-02  2.27762889e-02  3.25183310e-02 -2.28935983e-02
 -1.86057929e-02 -3.49714682e-02 -6.08295985e-02 -1.19518079e-01
  9.24299378e-03 -2.33162269e-02 -2.48817429e-02 -2.64432970e-02
  8.26546643e-03  1.81601644e-02  7.98544884e-02  2.95461584e-02
 -1.47446280e-03  5.35869412e-03 -2.77640834e-03 -1.21069346e-02
  5.53809740e-02 -4.23879400e-02 -6.34245127e-02  1.05509639e-01
  5.04594259e-02  6.49561780e-03 -9.03710574e-02 -1.78679805e-02
  3.25261126e-03  3.88088264e-03 -4.39028218e-02 -5.54535799e-02
 -5.53334057e-02  4.46170457e-02 -1.02001997e-02 -4.27934863e-02
  2.99403518e-02  7.50503466e-02 -5.15682586e-02 -4.29304577e-02
  2.71345749e-02  6.38679252e-04  2.96120625e-03 -7.02689812e-02
  9.32185575e-02 -3.81055241e-03 -3.13135162e-02 -9.41532105e-02
 -7.88052082e-02  5.16882502e-02  5.53388819e-02  1.21308686e-02
  2.41907667e-02 -6.23197667e-02  4.29788232e-02  7.38683939e-02
  3.17830741e-02  5.32823838e-02 -9.03120562e-02 -4.91757803e-02
  7.81816915e-02 -9.07881409e-02  8.85964632e-02  6.49136156e-02
  3.14562395e-02 -1.35328423e-03  8.71781260e-02 -1.25513608e-02
 -3.06297671e-02  6.67786971e-03  1.12471834e-01  2.56443676e-02
 -5.03122360e-02  4.66944799e-02 -8.46727006e-03 -8.02977234e-02
 -7.85404295e-02 -3.63213904e-02  3.67142633e-02  7.77893662e-02
  4.61883657e-02 -1.51712904e-02 -2.77250689e-02 -3.38049121e-02
 -5.34147508e-02  2.46482566e-02  2.32795328e-02 -1.84168387e-02
  3.41083258e-02 -4.04249579e-02  9.25841853e-02  5.72770871e-02
  7.41345882e-02 -3.23725455e-02 -7.66567662e-02  3.06830603e-33
 -9.62815061e-02 -3.67137492e-02  1.41476123e-02  8.70069116e-02
  2.55148225e-02  3.67182419e-02  8.98290891e-03  1.79702025e-02
  2.26081740e-02  4.96270806e-02 -1.80931445e-02 -9.53798089e-03
 -2.34640874e-02 -6.25837222e-02 -3.00678574e-02 -7.34234005e-02
 -6.77936599e-02  7.21031874e-02 -5.36769331e-02 -8.13835766e-03
 -1.51539268e-03  6.97771236e-02 -6.75327107e-02 -5.31900264e-02
  6.05237037e-02  2.46727094e-02  2.37038452e-02  2.75730714e-02
  1.65700838e-02  1.62252039e-02  2.03315392e-02  2.55208500e-02
 -5.96575141e-02  3.49424779e-02  3.50525267e-02 -4.15816270e-02
 -4.12492715e-02 -2.96232607e-02  3.93953957e-02 -1.93586387e-03
  6.57259226e-02 -2.79018171e-02 -3.33006531e-02 -2.97471173e-02
 -1.28139466e-01 -4.76247929e-02 -1.70524381e-02  1.13447584e-01
  4.96227704e-02 -4.07701284e-02  2.86997668e-02  6.11682143e-03
  2.67760102e-02 -6.64080232e-02 -6.17671497e-02 -2.07139254e-02
  2.08991067e-03 -1.74783748e-02 -3.31450514e-02  8.24358836e-02
 -5.81437126e-02 -3.94643331e-03 -3.34815122e-02  1.54191246e-02
  4.28741239e-02  1.99741218e-02 -1.79458386e-03 -6.36151507e-02
  7.17563555e-02 -7.09505612e-03 -6.38581663e-02 -4.55528535e-02
 -4.25741747e-02  7.28626177e-02  2.69748475e-02 -4.51513715e-02
  2.92067486e-03  5.63460402e-02 -8.20342898e-02  2.73463093e-02
 -1.10857084e-01  4.63733599e-02 -1.02592833e-01 -4.21323180e-02
  4.34936695e-02 -6.27971366e-02 -7.00058192e-02 -8.80182758e-02
 -6.95579797e-02 -5.66747412e-02 -6.07522801e-02 -1.00176729e-01
 -2.77802795e-02  3.46844085e-02 -1.01496931e-03 -4.89770236e-33
 -3.86336893e-02  3.38125438e-03  8.88782516e-02  1.45312464e-02
 -6.55272463e-03 -2.60933302e-02  5.47197834e-02 -5.18665873e-02
 -5.61517440e-02  4.44771759e-02  1.42508354e-02 -2.93220766e-02
 -2.62005515e-02 -3.22475098e-02  2.55989302e-02  1.29655162e-02
  3.54613289e-02 -3.99859920e-02  4.29060422e-02  4.68301848e-02
 -7.36233359e-03  3.16272080e-02 -1.55854877e-02  4.40846011e-02
  2.39104312e-02 -2.83385310e-02  1.88140385e-02  1.08244725e-01
  2.38194526e-03  1.61150489e-02 -3.11248843e-02 -4.65010479e-02
  5.26780374e-02 -3.67774139e-03 -5.67768812e-02 -8.88727456e-02
 -1.16692983e-01 -7.56784379e-02 -2.52798833e-02  3.23624089e-02
  5.41499592e-02 -1.75125524e-02 -1.06898565e-02  1.23306941e-02
  1.68287545e-03 -3.91204134e-02 -1.69141255e-02  2.01799627e-02
 -3.65806045e-03 -2.97404099e-02  4.01970278e-03  4.93023284e-02
  4.90164123e-02 -7.23373294e-02  2.12010276e-02 -1.10731460e-02
  9.83928144e-02 -4.99842428e-02  3.43284383e-02  1.70416676e-03
  6.28274158e-02 -3.75866108e-02  6.18455373e-02  2.65143812e-02
  2.64021512e-02 -7.64407143e-02 -9.03763156e-03 -3.91192250e-02
 -6.04011081e-02 -1.65630336e-04  1.94535637e-03  2.76675150e-02
  3.47201377e-02  6.91298768e-03  8.10715184e-02 -2.29240581e-02
 -3.62281874e-02  2.82674134e-02  9.40516144e-02 -1.17574379e-01
 -6.07500859e-02 -7.35425130e-02  7.00650588e-02  6.00852109e-02
 -1.08867921e-01  4.04799692e-02 -2.80964598e-02  7.37095773e-02
  9.31035355e-02  3.52586396e-02  7.02296896e-03  4.59571853e-02
 -1.32238595e-02  1.62545905e-01 -6.50044298e-04 -5.15767802e-08
 -1.86320711e-02  4.15064208e-02  1.22140795e-02  1.07966429e-02
  3.23567376e-03  3.56113426e-02 -1.59726646e-02 -1.29241506e-02
 -8.81414413e-02 -1.58553815e-03 -1.86641179e-02  4.81246933e-02
  3.50042544e-02 -1.00100497e-02 -2.09798757e-02  7.37413839e-02
 -3.67095694e-02  3.72540392e-02 -4.44222949e-02 -3.83867286e-02
  7.21587390e-02 -4.97463392e-03  1.08887805e-02  1.09619103e-01
  1.89830903e-02 -6.09056512e-03 -5.28402291e-02 -2.15092464e-03
  7.66194239e-02 -1.11009302e-02  8.54131877e-02 -1.26454290e-02
  6.16960861e-02  5.59349395e-02 -1.86299067e-02 -1.22123137e-02
 -8.24409127e-02  3.73029076e-02  8.63689110e-02  2.74735019e-02
  2.46208292e-02  8.87419879e-02 -5.56580387e-02  1.95449684e-02
  6.75432384e-04 -6.12589298e-03 -1.24992475e-01 -7.12782443e-02
 -3.40735726e-02 -2.47653536e-02  9.77963675e-04  5.82439033e-03
 -5.99934198e-02  9.90137160e-02 -6.11182638e-02  6.36878088e-02
  2.97691356e-02  3.19550969e-02  7.31569454e-02 -2.59411428e-03
 -4.39727381e-02  9.59941745e-02  1.40042827e-02 -4.52816067e-03]"
58,../SysML-v2-release-src/training/28. Individuals/Individuals and Snapshots Example.sysml,"package 'Individuals and Snapshots Example' {
	public import 'Part Definition Example'::*;
	
	individual part def Vehicle_1 :> Vehicle {
		
		snapshot part vehicle_1_t0 {
			:>> mass = 2000.0;
			:>> status {
				:>> gearSetting = 0;
				:>> acceleratorPosition = 0.0;
			}
		}
		
		snapshot part vehicle_1_t1 {
			:>> mass = 1500.0;
			:>> status {
				:>> gearSetting = 2;
				:>> acceleratorPosition = 0.5;
			}
		}
		
		first vehicle_1_t0 then vehicle_1_t1;
	}
}","Generate a SysML v2 model that captures the dynamics of a vehicle across two distinct time snapshots. Model the package titled 'Individuals and Snapshots Example', incorporating public imports from 'Part Definition Example'. Define an individual part, 'Vehicle_1', which is a specific instance of the 'Vehicle' type. Create two snapshots for 'Vehicle_1': the first snapshot, 'vehicle_1_t0', represents the initial state with a mass of 2000 kg, gear setting at 0, and accelerator position at 0.0. The second snapshot, 'vehicle_1_t1', illustrates a subsequent state with reduced mass at 1500 kg, gear setting of 2, and an accelerator position of 0.5. Establish a temporal sequence indicating that 'vehicle_1_t0' precedes 'vehicle_1_t1' to effectively model the vehicle's transition over time.","[-9.31020305e-02 -2.49464880e-03  3.08190081e-02  1.31030725e-02
 -3.34858783e-02 -1.03146536e-02 -3.09625082e-02  8.78015533e-03
 -3.58769856e-02 -4.80253622e-02  6.73518777e-02 -5.44288009e-02
  5.26773632e-02  8.75864457e-03 -2.41827164e-02 -1.40810646e-02
 -1.80880874e-02  3.21279727e-02  1.15276454e-02  7.52120453e-04
  6.54710755e-02 -2.49448810e-02  7.47543434e-03  3.46645713e-02
 -2.20583100e-02 -3.18183042e-02 -4.11176421e-02  7.81319588e-02
  9.63519141e-03 -8.75313208e-02  3.64583991e-02  3.49989184e-03
 -1.73529126e-02  1.62422583e-02  4.00768518e-02  2.53736507e-03
 -8.77788663e-03 -1.77503414e-02 -4.58726659e-02 -7.67920241e-02
  1.34793315e-02 -6.74602538e-02 -3.85241769e-02 -5.22367544e-02
  6.26405627e-02  5.23957470e-03  5.91152757e-02  3.87735367e-02
  2.06324756e-02 -9.61886626e-03 -7.52900988e-02 -3.05323978e-03
 -1.07699968e-02 -8.69678613e-03 -5.03836274e-02  4.29971926e-02
  4.31543030e-02 -7.96869490e-03 -1.17496945e-01 -8.13673809e-02
 -2.82793343e-02 -3.28843278e-04 -5.67509644e-02 -2.28069164e-02
 -2.29194760e-02  9.94197130e-02 -1.31655009e-02  2.77806800e-02
  6.73757121e-02  1.20489746e-01 -3.46707478e-02 -2.12117806e-02
 -2.55538207e-02 -3.18999868e-03 -9.59389750e-03 -8.21744129e-02
  1.05279274e-01  1.26953078e-02 -1.48364510e-02 -9.21717659e-02
 -2.41708402e-02 -3.45374793e-02 -4.52752784e-02 -4.07971516e-02
 -1.48969730e-02 -3.81531641e-02  3.76764722e-02  3.09423488e-02
  4.34791036e-02  3.38959210e-02 -5.52530326e-02  1.13805421e-02
  1.20726779e-01 -2.46390607e-02  9.66074765e-02  6.38445541e-02
  3.63521762e-02  8.47971812e-03  1.24418549e-01  2.93033570e-02
 -3.70883830e-02  3.42837237e-02  9.42773595e-02  4.15365398e-02
 -2.57343594e-02  4.55049053e-02 -1.74986981e-02 -7.67962188e-02
 -6.43694177e-02 -4.63636518e-02  8.52575526e-02  7.74535984e-02
  3.32057066e-02 -8.39082152e-03  3.18437815e-02  4.16980707e-04
 -2.90199090e-02 -2.96133733e-03  1.81415188e-03 -3.32400426e-02
  2.37393510e-02 -6.61466420e-02  5.59861474e-02  4.48173918e-02
  6.87647462e-02 -2.82303505e-02  2.66595185e-02  2.55876927e-33
 -6.68387190e-02 -3.78722921e-02  1.26713663e-02  1.02476694e-01
 -1.06998561e-02  3.12009174e-02 -1.89781338e-02  1.78615458e-03
 -3.54785286e-02  3.18230167e-02 -9.01193619e-02 -1.33012151e-02
 -1.61761846e-02  9.19118611e-05 -4.19698022e-02 -6.68149590e-02
 -3.91176976e-02  6.68725818e-02  4.96367775e-02  5.66524174e-03
 -7.97106070e-04  1.62622761e-02 -7.64266551e-02 -2.29240824e-02
  5.90718538e-02  8.91024619e-02  3.09159234e-02  1.92001592e-02
 -3.63292322e-02  1.72413494e-02  1.53497129e-03  4.69795726e-02
 -9.13291648e-02  2.23325146e-03  3.26024033e-02 -1.73834655e-02
 -1.24374833e-02 -2.29681525e-02  8.30198377e-02 -3.67151620e-03
  7.34369084e-02  2.12548599e-02 -6.76996559e-02 -2.08200831e-02
 -1.14533328e-01 -6.58170581e-02  1.16713466e-02  8.66157338e-02
 -3.64509299e-02  7.11846538e-03  4.05367203e-02  6.15384988e-03
 -1.95971760e-03 -9.60558429e-02 -1.01854242e-01 -1.45349531e-02
  4.87629473e-02  5.36699779e-03 -1.49139147e-02  8.56191739e-02
 -3.82192573e-03 -2.33430415e-03  5.52825779e-02 -1.71459522e-02
  5.12586012e-02  4.55236621e-02 -8.27713832e-02 -2.05473118e-02
  8.81918594e-02  5.88268787e-02 -1.55967409e-02 -2.13292316e-02
 -1.92851014e-02 -2.82793846e-02  1.36379808e-01 -5.25251068e-02
  5.48184589e-02  2.07561962e-02 -9.11608562e-02  5.23459539e-02
 -1.12639338e-01 -1.73322369e-05 -6.51156232e-02 -4.12907042e-02
  2.02508401e-02 -4.30131704e-02 -4.43155617e-02 -6.00535907e-02
 -8.11053440e-02 -7.08636418e-02 -8.18367302e-02 -5.09925410e-02
  1.18121859e-02  6.43502623e-02  3.09084654e-02 -3.57615687e-33
  6.95785433e-02  1.72692316e-03  1.03032827e-01  4.01104167e-02
  3.21077481e-02 -3.41445692e-02  1.04269590e-02  2.03574281e-02
 -6.50505424e-02  9.14794877e-02  1.59984790e-02 -6.36556447e-02
  2.98590623e-02 -3.07978746e-02  5.33229858e-02 -1.20495465e-02
  9.59367901e-02 -1.38470575e-01 -7.94195011e-03  6.87999949e-02
  8.10327008e-03  8.82221106e-03 -2.15172730e-02  1.85108110e-02
  4.08661589e-02  2.16190405e-02 -1.76757504e-03  3.96953151e-02
  1.70724578e-02 -6.10284060e-02 -4.00112011e-02 -7.32516050e-02
  6.41092658e-02 -3.02320290e-02 -4.46511358e-02 -1.09472545e-02
 -4.97237332e-02 -4.14920151e-02 -5.69335418e-03  1.41952215e-02
  1.94996949e-02  1.69766229e-02 -4.47524078e-02  2.52028573e-02
  3.73823084e-02 -2.16858797e-02  4.39295247e-02  4.03679311e-02
 -2.07215231e-02 -2.77069900e-02  2.44648033e-03  5.00226654e-02
 -2.58433502e-02 -5.71577437e-03  1.07026836e-02  3.89716886e-02
  5.89498393e-02 -5.92988469e-02  2.16164091e-03 -2.17584651e-02
  1.91965587e-02 -6.16947338e-02  3.69829535e-02 -1.05316201e-02
  1.67670511e-02 -8.26870874e-02 -4.57052924e-02 -6.09556772e-02
 -4.78611216e-02 -2.41423063e-02  7.98641294e-02  4.19517420e-02
  6.43173531e-02 -1.52872764e-02  9.88847110e-03 -6.61279410e-02
 -1.64785739e-02  3.75644602e-02  9.47314054e-02 -1.03932656e-01
 -9.89764184e-02 -3.08655426e-02  1.03372276e-01  8.60480368e-02
 -1.38977602e-01  4.03212383e-02 -1.94452573e-02  6.36534691e-02
  5.66980839e-02  1.81248821e-02 -6.40470758e-02  4.87850457e-02
 -3.04842106e-04  1.57703340e-01 -2.95486562e-02 -4.98537602e-08
  1.04631074e-02  3.22328582e-02  2.91855633e-02  6.59940615e-02
  1.05677750e-02  3.95920686e-02 -7.49711469e-02 -3.62567068e-03
 -1.16519853e-02 -5.62263280e-02  3.20372507e-02  3.10253687e-02
  3.91649306e-02  6.24685269e-03 -6.38650507e-02  4.13749367e-02
  1.35087874e-03  4.65794466e-03 -5.54746129e-02 -3.06479838e-02
  7.17857033e-02  2.91923899e-02  1.28263002e-03  7.73975998e-02
  1.28707169e-02 -6.60615880e-03 -5.82666881e-02 -9.53553338e-03
  1.07960343e-01 -4.14127260e-02  9.38012265e-04  3.77370976e-02
  4.40078340e-02  2.85726245e-02 -5.49039291e-03 -6.96431566e-03
 -5.41773736e-02  1.09041452e-01  5.20029515e-02 -1.77482739e-02
  2.38427389e-02  4.78683878e-03 -6.15247190e-02  3.13673392e-02
 -1.39189791e-02  6.14358252e-03 -1.34743825e-01 -1.33164212e-01
 -2.60396712e-02  5.18586114e-02 -3.20077897e-03 -2.36246809e-02
 -5.07717729e-02  1.03990898e-01 -5.39109483e-02  1.42336683e-02
 -4.31373389e-03 -7.17236400e-02  4.35273238e-02 -3.02903522e-02
 -1.63119212e-02  6.72546308e-03 -3.88310291e-02  1.63099188e-02]"
59,../SysML-v2-release-src/training/28. Individuals/Individuals and Time Slices.sysml,"package 'Individuals and Time Slices' {
	private import 'Individuals and Snapshots Example'::*;
	
	individual item def Alice :> Person;
	individual item def Bob :> Person;
	
	individual : Vehicle_1 {
		
		timeslice aliceDriving {
			ref individual item :>> driver : Alice;

			snapshot :>> start {
				:>> mass = 2000.0;
			}
			
			snapshot :>> done {
				:>> mass = 1500.0;
			}			
		}
		
		then timeslice bobDriving {
			ref individual item :>> driver : Bob;
		}
		
	}
}","Generate a SysML v2 model titled ""Individuals and Time Slices"" that incorporates individuals and their interactions over time. The model contains two defined individuals, Alice and Bob, both instances of the Person type. Within the Vehicle_1 individual, create a time slice named ""aliceDriving,"" referencing Alice as the driver. This slice includes two snapshots: the ""start"" snapshot, where the mass of the vehicle is 2000.0 kg, and the ""done"" snapshot, showing the mass reduced to 1500.0 kg. Subsequently, define another time slice, ""bobDriving,"" where Bob takes over as the driver, ensuring proper temporal sequencing of events. The model should effectively illustrate the dynamics between the individuals and their respective vehicle scenarios over time.","[-3.5486724e-02 -5.3587672e-03 -2.4973725e-03  2.5733083e-02
 -2.3476942e-02 -1.5385378e-02  6.2594507e-03  2.2951409e-02
 -1.4231664e-02 -1.7407844e-02  1.1090489e-01 -2.7876090e-02
  1.8916278e-03  3.2175649e-02 -2.6764076e-02 -7.2770100e-03
  3.1142697e-02  1.0168086e-02 -3.0191163e-02  9.7411349e-03
  7.2771348e-02 -6.5921679e-02 -2.3496857e-02  1.0611846e-02
 -5.7614274e-02 -3.2576043e-02 -1.3375606e-02  2.8275138e-02
  8.2988804e-03 -5.3226318e-02  4.4249818e-02  1.3675554e-02
  6.5601461e-02  1.8664682e-02 -3.8089310e-03 -4.6744691e-03
  2.7476414e-03  4.2214297e-02 -4.8773348e-02 -9.3252502e-02
  7.1303532e-03 -9.1504894e-02 -3.8666595e-02 -5.4599673e-02
  3.6345046e-02  1.2619820e-02  5.5168964e-02  1.0150077e-02
  2.9369352e-02  4.5228820e-02 -7.6027386e-02  2.3763321e-02
 -7.6164040e-03 -1.9497842e-02  1.3810707e-02  2.6713513e-02
  1.6872302e-02  1.5535257e-03 -8.3029971e-02 -4.7086820e-02
 -6.2868491e-02 -6.9747991e-03 -7.1105070e-02 -2.6261185e-03
  5.0928392e-02  5.6444582e-02 -3.8033612e-02 -2.3617320e-02
  4.6266276e-02  9.0097219e-02 -2.7081193e-02  6.3857278e-03
 -6.3059069e-02 -1.9623896e-02  4.4285441e-03 -8.6959779e-02
  7.3087245e-02  7.7170483e-03  3.7618398e-03 -4.8948038e-02
 -3.4451820e-02 -3.5099205e-02 -3.4029216e-02 -6.0231328e-02
 -1.2397988e-02 -2.1107823e-02  2.9701507e-02  7.1680285e-02
  1.9575333e-02  5.4686937e-02 -7.9591647e-02  9.2958391e-04
  1.1598660e-01  2.1189820e-02  3.3566121e-02  3.7234582e-02
  4.0764771e-03  5.8514751e-03  1.0412822e-01  3.1449277e-02
 -4.1334305e-02  4.6855908e-02  5.2227169e-02  3.7596341e-02
 -2.5054545e-03  2.7118932e-02  6.5271780e-03 -5.6559071e-02
 -6.8812713e-02 -2.0025168e-02  1.0410032e-01  5.5484589e-02
  4.0529954e-04 -4.8228255e-03  1.7270526e-02 -3.7396185e-02
 -1.0419366e-02  3.5288613e-02  2.9075595e-02 -4.2078223e-02
  2.1800335e-02 -4.5686617e-02  5.6684472e-02  1.3262252e-02
  5.6287676e-02  1.6370334e-02  6.4175837e-02  1.3069100e-33
 -1.0263940e-01 -3.3721253e-02  3.4225341e-02  1.0405207e-01
  6.4625540e-03  3.4862272e-02 -6.7317456e-02 -1.2436302e-02
  2.7701559e-02 -8.0134207e-03 -7.3119082e-02 -6.9091044e-02
  3.9194066e-02  1.2183530e-02 -3.8757395e-02 -6.1731495e-02
 -3.9099582e-02  8.3355531e-02 -2.9436983e-02  2.5730554e-02
  2.1456139e-02  3.3605728e-02 -6.1112817e-02 -5.9528444e-03
  5.7288155e-02  7.4435435e-02  4.5472056e-02  3.4731723e-02
  1.6584041e-02  1.4226825e-02  4.9605318e-03  7.4728109e-02
 -1.0327770e-01 -2.7433129e-03  2.7304986e-02  4.9711924e-02
  1.1795800e-02  2.3185424e-04  5.6714974e-02 -3.2223912e-03
  3.1341907e-02 -5.9719342e-03 -4.5144115e-02 -5.0518136e-02
 -1.6173653e-01 -7.5177364e-02  4.8776358e-02  4.0232569e-02
 -7.8651965e-02  5.6078099e-02 -2.2016708e-03 -1.0838917e-02
  5.7278041e-02 -6.3050419e-02 -8.9519970e-02 -4.0136697e-03
  8.4911361e-02  6.2997853e-03 -5.6091215e-02  7.7125117e-02
 -3.0573886e-03  1.7561346e-02  6.2617712e-02  1.8265204e-03
  3.4970872e-02  5.8446202e-02 -4.4000018e-02 -8.2419269e-02
  9.6574239e-02  7.2215900e-02  1.2208178e-02  3.7040874e-02
  1.1934782e-02 -5.1144329e-03  7.5014062e-02 -1.7579978e-02
  6.7924216e-02  7.9295551e-03 -7.4067369e-02  8.3815500e-02
 -8.0932692e-02  1.3108261e-02 -1.9709261e-02 -1.0393470e-01
 -2.0031631e-02 -4.5954034e-02 -7.1977466e-02 -4.7831256e-02
 -7.1466856e-02 -6.1352681e-02 -5.9014045e-02 -2.2005146e-02
 -1.9305566e-02  6.7644931e-02  2.7166897e-02 -2.1340092e-33
  2.0442091e-02  1.2461406e-02  7.1609050e-02  8.7868497e-03
  8.6867072e-02 -6.7017876e-02 -5.6710923e-03  1.0282187e-02
 -7.4126519e-02  6.5234274e-02 -5.1784474e-02 -7.7633709e-02
  4.3480348e-02 -2.6078839e-03  4.2492244e-02 -2.2772202e-02
  9.3227923e-02 -1.6212954e-01 -3.8875569e-02  2.3130288e-02
 -1.4298563e-02  2.0848013e-02 -1.6150624e-03  2.2357581e-02
  3.5720460e-02  2.5149051e-02  4.8919205e-02  2.6757775e-02
  3.7704594e-02 -7.3896848e-02 -3.1344011e-02 -9.5977999e-02
  5.4396082e-02 -5.6077708e-02 -4.9991120e-02  2.8821781e-02
 -8.4735081e-02 -2.9922237e-03 -1.6735226e-02  2.0726710e-04
  3.0878810e-02  1.6340427e-02 -6.4914711e-02 -3.0505711e-03
  3.9978353e-03  1.3000408e-02  6.9219708e-02 -1.0379665e-02
  7.7901228e-04 -2.2375153e-02  7.3937146e-04  3.1912103e-02
 -3.2591831e-03  1.9325547e-02 -1.2565875e-02 -1.0496762e-02
  9.2465147e-02 -8.1300139e-02  6.4894144e-04 -2.6969872e-02
 -7.3416443e-03 -5.0836183e-02  5.3615790e-02  1.4520987e-02
 -2.0101478e-02 -7.2237328e-02 -7.0494800e-03 -9.7973973e-02
 -6.6201672e-02 -3.1515699e-02  6.7357592e-02 -5.0855475e-03
  1.7484156e-02 -9.8691443e-03  7.0315329e-03 -6.4864621e-02
 -4.7251381e-02  6.0758267e-02  5.7559066e-02 -1.0894823e-01
 -1.0811810e-01 -3.6525849e-02  9.3075745e-02  1.2127553e-01
 -9.3934931e-02  2.0792963e-02 -6.8040485e-03  6.2167723e-02
  9.0279114e-03  6.8090916e-02 -7.6918311e-02  5.7798963e-02
 -2.9646751e-02  1.6648301e-01 -1.1072905e-01 -4.4568090e-08
 -5.4369429e-03  7.0972845e-02  2.6491005e-02  3.3162784e-02
  1.0194690e-02  3.9626423e-02 -4.5912312e-03 -2.3936752e-02
 -5.4871093e-02  2.5419660e-02  1.8013921e-02  2.8160660e-02
  6.5785564e-02  4.6006106e-02  2.2596100e-02  4.4483554e-02
  2.8751090e-02 -5.2902508e-03 -5.2302320e-02 -1.9994963e-02
  7.9074569e-02  7.8189569e-03 -2.4135774e-02  7.9227723e-02
  3.3687387e-02  1.5745999e-02 -6.6277154e-02  4.9518287e-02
  7.9828501e-02 -6.8816401e-02 -3.3024985e-02  8.8531822e-02
  3.0331256e-02  5.3070206e-02  1.0099062e-02 -2.1790555e-02
 -6.8670385e-02  1.0595437e-01  2.9043643e-02  1.4064136e-02
  4.1021515e-02  4.1507552e-03 -4.1260310e-02  5.8246665e-02
 -4.7481940e-03  1.8320391e-02 -1.4204980e-01 -1.0254064e-01
 -4.0447507e-02  3.1279642e-02 -1.4994078e-02 -2.0854523e-02
 -7.6868355e-02  6.8547592e-02 -2.3668675e-02  3.8994920e-02
  1.4503604e-02 -2.5693769e-02  9.6727125e-02 -3.8967229e-02
 -6.0809669e-03  4.6956441e-03 -8.2339868e-02  9.5039670e-04]"
60,../SysML-v2-release-src/training/29. Expressions/Car Mass Rollup Example 1.sysml,"package 'Car Mass Rollup Example 1' {
	private import ScalarValues::*;
	private import MassRollup1::*;
	
	part def CarPart :> MassedThing {			
		attribute serialNumber: String;
	}
	
	part car: CarPart :> compositeThing {	
		attribute vin :>> serialNumber;
		
		part carParts: CarPart[*] :>> subcomponents;
		
		part engine :> simpleThing, carParts {
			//...
		}
		
		part transmission :> simpleThing, carParts {
			//...
		}
	}

	// Example usage
	
	private import SI::kg;
	part c :> car {
		attribute :>> simpleMass = 1000[kg];
		part :>> engine {
			attribute :>> simpleMass = 100[kg];
		}
		
		part redefines transmission {
			attribute :>> simpleMass = 50[kg];
		}	
	}
	
	// c::totalMass --> 1150.0[kg]
}","Generate a SysML v2 model named 'Car Mass Rollup Example 1'. Model includes a package that defines a composite structure for a car, encapsulating its mass properties. The primary component, 'CarPart', includes a serial number attribute and allows for multiple instances as subcomponents. Each 'car' instance contains a Vehicle Identification Number (VIN) and further defines parts, like 'engine' and 'transmission', categorized as simple things and are included in the 'carParts' collection. 

The model leverages scalar values for mass, assigning a total mass of 1150 kg for the composite car, with specific masses defined for subcomponents: 100 kg for the engine and 50 kg for the transmission. This structure facilitates the roll-up of mass values, demonstrating how hierarchical components contribute to the overall vehicle mass. The example promotes clarity in understanding component interactions and mass calculations within the automotive domain.","[-4.53249514e-02  4.47381812e-04  3.15713324e-03  3.97521220e-02
 -4.00642455e-02 -1.37194116e-02 -6.45980192e-03  8.16852301e-02
 -5.77895436e-03 -2.35811993e-02  5.86798079e-02 -2.46353187e-02
 -8.88756849e-03  3.01199686e-02 -5.24605475e-02 -2.65784655e-02
  3.23468149e-02  7.69586936e-02 -6.87729940e-02  6.35665134e-02
  5.61924018e-02 -2.60478221e-02 -2.24748990e-04 -1.14490660e-02
 -6.46233186e-02  1.74364671e-02 -6.77886233e-02  9.91689861e-02
  5.39774075e-02 -7.17033669e-02  2.82600503e-02  6.88464716e-02
  4.64139804e-02 -1.23717524e-02  1.97361615e-02 -5.56324013e-02
 -1.50506590e-02 -2.31402405e-02 -9.61815938e-02 -4.23992351e-02
  4.96497042e-02 -7.80671909e-02 -2.43749837e-05 -2.54549738e-03
  1.07555963e-01 -3.56062427e-02  1.01608196e-02  3.02690989e-03
  4.20652926e-02 -5.95206441e-03 -2.97249127e-02  3.55350226e-02
 -1.11274645e-02  7.04620257e-02 -6.81255087e-02  5.09383855e-03
  3.59449647e-02 -1.09705273e-02 -5.35242148e-02 -4.22471799e-02
 -1.58676400e-03 -1.04757324e-02 -1.84427928e-02 -3.01077217e-02
  3.83606143e-02  2.09645554e-03 -2.44013127e-02 -6.94105448e-03
 -1.99097879e-02  1.08640216e-01  4.87171160e-03 -2.86675505e-02
  3.11861606e-03  3.99941988e-02  4.57979590e-02 -7.22545385e-02
  3.10599222e-03 -1.11089693e-02  3.16580273e-02 -1.23099359e-02
 -5.39935455e-02  3.84166911e-02 -9.40388590e-02 -3.06580774e-02
  3.18170972e-02  2.10493635e-02  9.49103534e-02  5.19798286e-02
 -3.98596860e-02  5.78056537e-02 -3.85692567e-02 -1.73600204e-02
  3.88314649e-02 -2.59131175e-02  2.74429508e-02  9.32955369e-02
  1.56230312e-02 -1.33479768e-02  5.48883602e-02 -1.08519224e-02
  3.25710773e-02  9.29299146e-02  6.07779920e-02 -1.28119951e-02
 -8.50128159e-02  3.89151797e-02 -5.54722250e-02  1.78417396e-02
  7.36284908e-03 -4.12812382e-02  2.00588405e-02  8.68431404e-02
 -1.58019103e-02 -3.74573655e-02 -2.10468210e-02 -7.74718001e-02
  6.02545403e-02  7.91047327e-03  4.30715531e-02 -3.02918125e-02
  3.23222466e-02 -6.67487159e-02  4.58311215e-02  3.65259424e-02
  4.42241244e-02 -2.20322236e-02 -6.55260682e-02  2.77271640e-33
 -7.99946561e-02 -7.17432946e-02  3.45222950e-02  1.29915982e-01
 -1.48315225e-02 -3.01577877e-02 -2.43940037e-02  4.80649322e-02
  5.08775599e-02  5.81440069e-02 -5.29473275e-02 -1.61107033e-02
 -4.15787920e-02  5.60630597e-02 -9.85969324e-03 -6.06684871e-02
 -3.23610678e-02  7.49918446e-02  3.30891949e-03 -6.86776564e-02
 -1.66087598e-03  7.54646212e-03  1.02358656e-02  6.66617835e-03
  3.83928679e-02  1.31703675e-01  2.99192537e-02 -1.47118634e-02
 -8.55571926e-02  2.13172361e-02  2.88042948e-02  2.58714259e-02
 -6.12131730e-02  4.12651971e-02  1.70497596e-02 -1.09424600e-02
 -5.21261953e-02 -6.96315467e-02  3.87876853e-02 -2.42793523e-02
  6.97150975e-02 -1.39732671e-03 -3.55926976e-02  3.90292099e-03
 -1.29446372e-01 -1.90057606e-02  5.53531907e-02  3.14041562e-02
  2.56125722e-02  3.20859090e-03  3.21676247e-02 -7.84113258e-03
  3.44905593e-02 -5.99098857e-03 -5.50792217e-02  9.84889865e-02
  4.40393128e-02  2.54125404e-03 -6.81318641e-02  7.08414533e-04
 -9.72329453e-02  4.35800515e-02  9.66998562e-03  4.95337658e-02
  9.67362802e-03  7.07389414e-02 -5.91704212e-02 -4.08430360e-02
  1.41759785e-02  7.72043541e-02  1.36046233e-02  3.53115089e-02
 -5.69105148e-02  5.29951490e-02  3.88273187e-02 -4.43843752e-03
  7.93620106e-03 -3.55335847e-02 -6.86325580e-02  4.06381488e-02
 -1.12619400e-01  1.20865352e-01 -4.66516130e-02 -4.76444773e-02
 -1.76520552e-02 -7.73865916e-03 -1.38957631e-02 -7.25501403e-02
 -1.06804743e-02 -4.15974744e-02  4.72874334e-03 -5.97567596e-02
 -4.48378734e-02 -2.97292545e-02 -3.65734175e-02 -3.07647663e-33
 -5.55684268e-02  1.71585567e-02  7.51627795e-03  4.43781428e-02
 -2.23971065e-02 -7.89506435e-02 -3.57027515e-03 -2.04837248e-02
 -3.88502069e-02  2.05891244e-02  5.45421839e-02  1.99723467e-02
 -8.26714560e-03 -2.81023467e-03  3.91298681e-02  7.71739557e-02
 -8.49135499e-03 -1.31828919e-01 -1.91902276e-02 -4.14677933e-02
  8.89814924e-03  6.81423768e-02  2.93654911e-02  5.77317737e-02
 -1.87779532e-03 -3.72880138e-02 -5.73510900e-02  7.93891121e-03
  8.05082098e-02 -5.61897010e-02  4.09669541e-02 -5.59123196e-02
  7.11317286e-02  1.28507223e-02 -5.26081808e-02 -2.54042801e-02
  4.44060378e-03 -1.40565932e-02 -3.49538177e-02  2.54508313e-02
 -1.55742196e-02  4.61609336e-03 -1.55464699e-02  1.01948651e-02
 -3.17009818e-03 -4.68117706e-02  4.91071157e-02 -8.90165009e-03
  8.54442939e-02  3.23530706e-03  4.43889089e-02 -1.16389059e-02
 -5.73677756e-03  5.79447160e-03  2.48263795e-02  2.16264930e-02
  6.74673170e-02 -3.69543023e-02  1.51115144e-02 -3.12282722e-02
  4.80732359e-02 -3.95135395e-02  1.28809679e-02 -2.60302033e-02
 -3.41698527e-02 -6.76748604e-02 -2.47819722e-02 -1.16784193e-01
 -9.33478624e-02 -2.04084665e-02  4.96129096e-02  8.11260473e-03
  1.08374767e-01  1.67474966e-03 -1.57997496e-02 -9.94820073e-02
  2.54209619e-02  3.79624106e-02  1.01601399e-01 -9.39957947e-02
 -6.08336031e-02 -3.99780981e-02  6.39945343e-02  5.04355617e-02
 -6.68378472e-02 -9.85288527e-03 -4.57372330e-02  8.00664499e-02
  1.94641259e-02  7.78507218e-02 -5.33407815e-02  8.77293721e-02
 -2.29627211e-02  1.34420440e-01 -1.03477128e-01 -4.76760214e-08
  2.43919669e-03  2.87729246e-03 -2.42518876e-02 -3.55165787e-02
 -1.78810973e-02  1.60789881e-02 -3.50903831e-02 -5.05819358e-03
 -4.09001820e-02 -5.64316229e-04  6.18085787e-02 -3.02522462e-02
 -7.12613389e-03  8.83939210e-03 -1.01393377e-02  3.82728577e-02
  2.30794605e-02  2.78274883e-02 -6.93823025e-02 -8.86927843e-02
  7.91472346e-02  3.56902964e-02 -3.92949693e-02  9.54404995e-02
  8.95474851e-02 -7.58545548e-02 -4.23894748e-02  7.20557347e-02
  5.81615865e-02 -1.73321813e-02  8.31871945e-03  4.97624949e-02
  4.44902852e-02  7.84265250e-02  2.29323804e-02  7.38441870e-02
 -7.58882985e-02  6.41517192e-02  6.99235275e-02  2.43048165e-02
  8.17644671e-02 -3.12990434e-02 -6.48782775e-02  1.22108860e-02
  1.67330988e-02  9.83771756e-02 -2.00968459e-01 -6.55062944e-02
 -7.47564510e-02  5.39097004e-02  1.11475317e-02  7.52393994e-03
 -6.64218664e-02  1.03685707e-01 -7.00604767e-02  3.79221477e-02
  2.81626289e-03  8.36171582e-03  9.22587588e-02 -8.43960568e-02
 -1.09792668e-02  5.83350137e-02 -1.57493651e-02  1.15225362e-02]"
61,../SysML-v2-release-src/training/29. Expressions/Car Mass Rollup Example 2.sysml,"package 'Car Mass Rollup 1' {
	private import ScalarValues::*;
	private import MassRollup2::*;
	
	part def CarPart :> MassedThing {			
		attribute serialNumber: String;
	}
	
	part car: CarPart :> compositeThing {	
		attribute vin :>> serialNumber;
		
		part carParts: CarPart[*] :>> subcomponents;
		
		part engine :> carParts {
			//...
		}
		
		part transmission :> carParts {
			//...
		}
	}

	// Example usage
	
	private import SI::kg;
	part c :> car {
		attribute :>> simpleMass = 1000[kg];
		part :>> engine {
			attribute :>> simpleMass = 100[kg];
		}
		
		part redefines transmission {
			attribute :>> simpleMass = 50[kg];
		}	
	}
	
	// c::totalMass --> 1150.0[kg]
}","Generate a SysML v2 model named 'Car Mass Rollup 1' designed to encapsulate the mass attributes of a car and its components. Model a part definition for 'CarPart' that includes a serial number attribute. Create a composite part 'car' that not only defines a Vehicle Identification Number (VIN) linked to the serial number but also holds an array of 'carParts' as subcomponents. Specify parts like 'engine' and 'transmission' within 'carParts' for mass calculations. Implement weight attributes for the car and its parts: the main car is set at 1000 kg, the engine at 100 kg, and the transmission at 50 kg. This setup allows for the total mass computation, exemplified by the totalMass calculation yielding 1150.0 kg for the entire assembly.","[-5.83568700e-02  4.91102524e-02 -8.84549785e-03  1.98188946e-02
 -9.51889232e-02 -4.10258658e-02  1.77717470e-02  8.17668065e-02
 -3.68784666e-02 -1.70682818e-02  5.33505939e-02 -6.52650222e-02
 -7.07459077e-03  3.89040560e-02 -9.47638452e-02 -2.37643197e-02
  1.88839231e-02  6.72986582e-02 -3.42184119e-02  7.52896816e-02
  6.54205233e-02 -1.84186995e-02 -1.49397496e-02 -4.44069467e-02
 -2.23825611e-02  7.06298323e-03 -8.12157467e-02  1.16421834e-01
  6.35000914e-02 -3.98770124e-02  3.83923054e-02  4.44867574e-02
  2.67289877e-02 -2.99432687e-02  3.16164941e-02 -6.39171228e-02
 -1.01904655e-02 -2.54502632e-02 -8.54556412e-02 -2.57736761e-02
  3.78760770e-02 -1.98480077e-02  1.72704132e-03  3.38524617e-02
  1.08985759e-01 -1.05781667e-03  2.45342050e-02  2.89499369e-02
  4.70909402e-02  1.31106349e-02 -1.42568424e-02  4.72158194e-02
  1.43242870e-02  4.85344157e-02 -5.95089085e-02 -3.78026767e-03
  4.24397886e-02 -5.35363331e-02 -6.71007708e-02 -4.39911224e-02
  9.52751096e-03 -9.60219745e-03 -1.30172223e-02 -4.91285473e-02
  2.12043226e-02  2.21243892e-02 -3.11006047e-02  7.11377943e-03
 -1.87738445e-02  1.51761785e-01  4.19483520e-02 -3.01721133e-02
  7.45740021e-03  3.51945907e-02  2.13841610e-02 -5.14082722e-02
  2.12232191e-02 -3.70766185e-02  2.56054662e-02 -1.85092166e-02
 -6.54711425e-02  1.58145968e-02 -9.04601291e-02 -3.90974768e-02
  2.99138352e-02  2.38388162e-02  5.34101725e-02  9.63970646e-02
 -8.46168958e-03  2.22857799e-02 -4.15629819e-02 -2.17178985e-02
  3.23639135e-03 -3.59073803e-02  4.38395478e-02  8.51864219e-02
  1.49055468e-02 -6.76447479e-03  4.50787097e-02 -1.37974946e-02
 -1.11358324e-02  7.63986334e-02  7.06307441e-02 -4.49226126e-02
 -7.42154419e-02  8.49558339e-02 -4.32932302e-02  2.38925684e-02
 -3.73965353e-02 -7.30059221e-02  3.49011049e-02  5.65319732e-02
 -1.58082806e-02 -1.78672187e-02 -1.32483169e-02 -5.00197932e-02
  7.99173713e-02  1.18981069e-02  5.40480316e-02 -2.70157959e-02
  4.81976420e-02 -5.75346351e-02  4.31537405e-02  6.72598183e-02
  1.75565500e-02 -2.50902418e-02 -6.35885298e-02  2.24333344e-33
 -1.02720745e-01 -4.87833321e-02  5.08226529e-02  9.14710239e-02
 -1.87870972e-02 -5.22696525e-02 -6.40778849e-03  6.77808970e-02
  3.62594202e-02  5.60982488e-02 -2.75898091e-02 -5.13333082e-02
 -3.73289585e-02  3.28387059e-02  1.35338306e-02 -5.03984019e-02
  5.57253184e-03  5.87124638e-02 -4.87768993e-04 -8.00160095e-02
  6.28346903e-03  9.77918855e-04  2.63871737e-02 -2.58049816e-02
  3.87171209e-02  1.08766600e-01  3.35579701e-02 -2.22831294e-02
 -6.50774911e-02  3.51508670e-02  3.31568159e-02  5.16755460e-03
 -3.32749449e-02  3.88087798e-03 -3.01448093e-03 -3.56483087e-02
 -4.00503576e-02 -4.39939462e-02  2.34028231e-02 -1.47035401e-02
  6.82512224e-02  9.48868040e-03 -2.36978568e-02 -2.17930395e-02
 -1.66834310e-01 -5.96030906e-04  3.23280543e-02  4.92130443e-02
  5.20241633e-02  2.03981586e-02  1.43817300e-02 -9.36333183e-03
  2.09328309e-02 -1.14408536e-02 -7.26217106e-02  4.81557325e-02
  1.42057287e-02  2.58314759e-02 -4.17636782e-02  1.78125426e-02
 -9.95698348e-02  3.87032256e-02  1.01881484e-02  4.40850034e-02
  3.64519120e-03  4.05260436e-02 -3.78055833e-02 -6.39255643e-02
 -2.12151906e-03  5.46349883e-02 -1.38768544e-02  5.64241596e-03
 -2.62019690e-02  5.83444163e-02  4.47690599e-02 -4.56546014e-03
  4.35095057e-02 -3.37328501e-02 -1.01166122e-01  2.00605057e-02
 -1.10116370e-01  1.55604661e-01 -2.78176051e-02 -6.86104447e-02
  2.11004280e-02 -3.75341508e-03 -1.11681595e-02 -2.23347656e-02
 -2.79524755e-02 -1.94637198e-02 -9.74900275e-03 -3.09421103e-02
 -5.16977012e-02 -4.17702645e-02 -6.23241737e-02 -2.47851698e-33
 -8.84415656e-02  3.62413190e-02  2.02078139e-03  9.40294005e-03
 -2.53448151e-02 -6.14981093e-02  1.65837202e-02 -2.70068459e-02
 -1.67959984e-02  4.48757745e-02  1.46609386e-02  1.11003974e-02
 -2.45138034e-02  1.45312492e-02  5.01554869e-02  6.41067177e-02
  5.59575111e-03 -8.86592567e-02 -2.19630599e-02 -1.10536683e-02
  3.04712299e-02  9.31926519e-02  2.84189880e-02  7.83426017e-02
  1.61941573e-02 -1.98585335e-02 -5.94672486e-02  2.62688063e-02
  5.36621287e-02 -5.38752563e-02  1.78196225e-02 -6.87207952e-02
  4.27323282e-02  8.79144482e-03 -8.08520094e-02 -3.52647863e-02
  1.27325570e-02  1.20832874e-02  1.00394187e-03  3.20035554e-02
  8.40406306e-03 -1.84064042e-02 -2.92435884e-02  1.68339200e-02
  1.59960482e-02 -6.26427457e-02  4.41125929e-02 -2.70109996e-02
  7.18511418e-02 -1.30763082e-02  4.57305424e-02 -1.59962326e-02
 -2.38641584e-03  2.36998945e-02  4.57614139e-02  5.53977303e-03
  8.86463448e-02 -7.02456385e-02  6.43637916e-03 -5.73440641e-02
  3.48305441e-02 -6.80249482e-02  3.04522347e-02 -6.65146206e-03
 -6.40289811e-03 -5.98561130e-02  4.01272997e-03 -1.02222741e-01
 -9.82721150e-02 -2.26145405e-02  4.03829925e-02  2.91436929e-02
  1.15422763e-01  3.83583233e-02 -3.50998864e-02 -4.58630621e-02
  2.92409547e-02  4.40166630e-02  1.03231266e-01 -8.80165845e-02
 -7.04306811e-02 -4.04342525e-02  7.99688101e-02  4.57219742e-02
 -5.07465452e-02  4.98942425e-03 -2.81928554e-02  7.54005760e-02
  1.81680080e-02  3.50180231e-02 -4.92696650e-02  7.00162426e-02
 -2.68021761e-03  1.17521912e-01 -8.80569592e-02 -4.61584015e-08
  2.37455592e-02 -2.68702060e-02 -3.16080339e-02 -1.48700923e-02
 -4.40451093e-02  3.07570305e-03 -5.35740592e-02 -1.78508870e-02
 -2.25723293e-02 -2.96525918e-02  5.30275628e-02 -4.86167036e-02
  2.73716971e-02  2.90281661e-02 -6.69676736e-02  4.79177386e-02
  1.73017345e-02  7.67865684e-03 -7.76792243e-02 -1.25469908e-01
  5.59327640e-02  4.54166383e-02 -2.83116642e-02  8.89718086e-02
  5.89827895e-02 -6.27142265e-02 -6.69905394e-02  4.32930328e-03
  9.57757458e-02 -1.31379850e-02  1.70889627e-02  4.50028572e-03
  5.71525889e-03  1.08469710e-01  2.79704109e-02  4.59867045e-02
 -9.12743360e-02  8.50143209e-02  6.31606579e-02  4.74437140e-02
  8.91329423e-02  9.15826391e-03 -5.03819957e-02  2.02655252e-02
  8.53890926e-02  9.45573524e-02 -2.14260802e-01 -6.46987855e-02
 -4.85904589e-02  2.92734131e-02  1.33934021e-02  1.48148816e-02
 -7.14187175e-02  8.92634317e-02 -5.76548874e-02  3.13109495e-02
 -1.20289596e-02  5.72832208e-03  6.54354319e-02 -7.88326189e-02
  6.20487565e-03  5.76273687e-02 -3.44727151e-02  2.81363837e-02]"
62,../SysML-v2-release-src/training/29. Expressions/MassRollup1.sysml,"package MassRollup1 {
	private import NumericalFunctions::*;
	
	part def MassedThing {
		attribute simpleMass :> ISQ::mass; 
		attribute totalMass :> ISQ::mass;
	}
	
	part simpleThing : MassedThing {
		attribute :>> totalMass = simpleMass;
	}
	
	part compositeThing : MassedThing {
		part subcomponents: MassedThing[*];		
		attribute :>> totalMass =
			simpleMass + sum(subcomponents.totalMass); 
	}
	
}","Generate a SysML v2 model representing a mass rollup system within a package named MassRollup1. Model a base part called MassedThing that possesses two attributes: simpleMass and totalMass, both of type ISQ::mass. Introduce a specialization part, simpleThing, which inherits from MassedThing and sets its totalMass equal to its simpleMass. Create a composite part, compositeThing, also derived from MassedThing, which contains an array of subcomponents, each of type MassedThing. This part computes its totalMass attribute as the sum of its simpleMass and the totalMass of all its subcomponents, thus allowing for hierarchical mass calculation.","[-2.45651603e-02  5.67321246e-03 -1.71035845e-02  2.49829311e-02
 -4.80285920e-02 -6.73810765e-02 -1.70803666e-02  5.55969365e-02
 -7.96020776e-02  5.57003133e-02  4.48293537e-02 -5.79480305e-02
  4.70897043e-03  4.66738045e-02  7.54081039e-03  3.45269144e-02
 -1.85890775e-03  9.07053426e-02 -2.89044064e-02  4.58683912e-03
  2.06092335e-02 -2.62442138e-02 -2.78060604e-02  2.79250462e-03
 -3.76431122e-02  3.67914550e-02 -5.97488247e-02  8.00295174e-02
  3.43914665e-02 -7.35180900e-02  3.54615003e-02  5.79453148e-02
  7.78341219e-02  7.59575237e-03  1.07012071e-01  1.27445469e-02
 -7.71229505e-04 -3.20588723e-02 -3.72178368e-02 -2.84980028e-03
  5.07795624e-02  3.60342339e-02  6.04519881e-02 -6.98736757e-02
  9.82433856e-02 -3.50116156e-02 -4.61356118e-02  7.86280911e-03
  7.88272917e-03  1.73940472e-02  2.83856690e-02 -3.53566594e-02
  2.22582798e-02  6.82463646e-02 -1.11738080e-02 -2.91505884e-02
  2.95773894e-02 -1.03486925e-01 -1.09438941e-01 -2.89809797e-02
 -3.30133475e-02  4.22542496e-03 -5.53423576e-02 -8.04205686e-02
  9.43348370e-03  9.10584778e-02 -8.87767784e-03  1.25372130e-02
  2.20731106e-02  1.00963347e-01 -1.35709625e-02 -3.21040265e-02
 -3.07571273e-02  6.39934018e-02  2.37245299e-02 -5.48905134e-03
  3.97036709e-02 -5.07386662e-02  1.78398695e-02 -2.37789899e-02
 -7.98137262e-02  2.13852003e-02 -9.05789062e-02 -5.16878851e-02
  1.63599066e-02 -4.24446054e-02 -7.41431583e-03  9.17943716e-02
  8.62284973e-02  3.21169645e-02 -1.14967069e-02  9.33582720e-04
  4.40266319e-02 -1.06141819e-02  3.05648614e-02  4.02571522e-02
 -1.61459874e-02 -2.05249190e-02  3.83205153e-02  1.69514883e-02
 -3.31035778e-02  3.66250873e-02  1.02334671e-01 -5.01542948e-02
 -9.15450975e-03  5.16704097e-02 -4.80386466e-02  4.35101055e-03
 -2.92239226e-02 -5.09118326e-02 -8.31500161e-03  7.21022561e-02
  1.00236125e-02 -4.02473882e-02  1.60859879e-02 -5.61137422e-05
  1.22185916e-01 -3.76803763e-02  1.68835390e-02 -8.69745091e-02
  9.84220952e-02  1.30902987e-03  4.58386540e-02  2.96594445e-02
  1.96396261e-02  1.55433863e-02 -1.23240903e-01  5.75958326e-33
 -5.50677627e-02 -4.00988162e-02  1.04898736e-01  1.06406726e-01
  1.89098641e-02  5.75797632e-03  2.81333048e-02 -1.02200555e-02
  3.44913006e-02  4.53815386e-02 -6.21739291e-02  9.47153941e-03
 -2.57174429e-02 -1.19775338e-02 -1.84297320e-02 -1.26414120e-01
  4.96389810e-03  8.22036937e-02  6.95448229e-03 -2.44879499e-02
 -5.34245782e-02 -2.21408950e-03 -3.38983200e-02 -3.25065106e-02
  4.45493348e-02  1.00008354e-01  4.27696407e-02  6.48859330e-03
 -3.35150324e-02 -3.33527732e-03  7.57559612e-02  1.67562291e-02
 -6.76671043e-02  1.82143729e-02  3.60943656e-03 -1.11623080e-02
 -1.36821764e-02 -6.87230006e-02  6.15688674e-02 -7.41878748e-02
  2.05557067e-02  1.62615012e-02  9.56259319e-04 -4.15031286e-03
 -1.70892373e-01  1.75824817e-02  1.35779455e-02  9.83355287e-03
  9.13412869e-02 -5.79511337e-02  6.59571514e-02  5.12698712e-03
 -2.08236855e-02 -1.63564237e-03 -4.08312567e-02  2.11675931e-02
  2.03999951e-02  5.93215376e-02  2.17315555e-02  7.09508657e-02
 -3.22620012e-02 -1.23056620e-02  3.84505419e-03  4.94561717e-02
  3.08505539e-03  2.79877312e-03 -5.42197451e-02 -4.90590855e-02
  1.64567325e-02  4.93904613e-02  1.69108640e-02  9.27331746e-02
 -2.31602825e-02  2.63576433e-02  8.31127167e-02 -4.22958173e-02
  7.89643899e-02 -2.16870308e-02 -5.75991757e-02 -1.15663353e-02
 -7.08217621e-02  6.77097738e-02 -1.75776780e-02 -6.27132058e-02
 -1.03606535e-02  8.00086837e-03 -4.84470390e-02 -2.12029628e-02
 -6.56829625e-02 -5.89855798e-02 -6.42326251e-02 -4.50292304e-02
  1.95925720e-02 -6.88882032e-03 -2.19679009e-02 -6.10536448e-33
 -9.16050971e-02  1.86091904e-02  5.24768382e-02  6.14192057e-03
 -8.13480280e-03 -5.26174344e-02 -6.36345381e-03 -3.72881107e-02
 -5.51916882e-02  2.88155843e-02 -1.55797589e-03  4.83523309e-03
 -1.80180147e-02 -3.26882415e-02  9.48173627e-02  4.18064147e-02
 -5.56339398e-02 -8.49722773e-02  7.91255981e-02  4.11477536e-02
 -8.70827399e-03  1.36171341e-01 -3.64130326e-02  3.82016525e-02
 -4.53331955e-02 -3.89220603e-02 -9.20193791e-02  4.60018814e-02
  9.23520029e-02  3.04584336e-02  2.14104634e-02 -6.19522706e-02
  1.15630776e-02 -2.48220116e-02 -1.29599543e-02 -4.63018529e-02
 -2.28981487e-02 -1.56253353e-02  5.79570793e-03 -9.85322054e-03
 -4.20322828e-02  8.07464309e-03 -4.54225130e-02  1.00838328e-02
  3.23545747e-02 -3.03702205e-02  1.86587591e-02  2.69830581e-02
  4.66656722e-02 -1.45363901e-03 -9.20665041e-02 -3.22274975e-02
 -1.33836558e-02  2.65996880e-03  3.18197440e-03  5.38264699e-02
 -3.27870585e-02 -9.43901166e-02 -1.26296729e-02 -8.19660872e-02
 -3.86323296e-02 -7.21665695e-02  1.20973140e-02 -5.10845706e-02
 -3.38279817e-04  2.66549513e-02 -2.91692819e-02 -1.55711666e-01
 -1.03887625e-01  7.16169178e-02  1.77521408e-02  5.98256523e-03
  5.66195324e-02  1.84417218e-02  3.84943560e-02 -4.84708324e-02
  6.02409570e-03  5.86829223e-02  1.20394722e-01 -8.30072761e-02
 -5.74688427e-02 -2.76999008e-02  7.37498179e-02  5.64525928e-03
 -5.02439290e-02 -9.51896831e-02  1.74286459e-02  8.85894150e-02
  1.98115711e-03  7.03504160e-02 -8.40449631e-02  2.91288588e-02
  4.70284261e-02  1.14989601e-01 -4.06971499e-02 -5.15003471e-08
 -2.86860056e-02 -3.29575017e-02 -8.67779646e-03 -2.78209411e-02
  3.37226614e-02 -5.26926294e-03 -5.03839031e-02  2.88088210e-02
  8.73504113e-03  5.57747111e-03 -2.86931209e-02  8.46775342e-03
 -1.21407844e-02 -3.33987456e-03 -4.88396883e-02  6.09316416e-02
 -1.72518585e-02  4.22862619e-02 -5.16049229e-02 -1.70087889e-02
  6.03723601e-02  5.71146086e-02  6.58172695e-03  3.36020365e-02
  2.43946910e-02 -2.30574906e-02 -6.59177219e-03  5.51534928e-02
  5.95539920e-02  2.21069325e-02  7.01863691e-02  3.55669037e-02
 -3.01499609e-02  9.47430655e-02 -6.75505865e-03  4.27024439e-02
 -6.74800798e-02  2.35404242e-02  6.95026889e-02  2.98372824e-02
  3.71536985e-02 -1.79358404e-02 -4.17724960e-02  3.76140215e-02
  1.10953804e-02  9.00882259e-02 -2.28623122e-01 -4.26398106e-02
 -1.70877464e-02  7.56781399e-02  1.09040895e-02 -1.46494862e-02
 -7.21277744e-02  2.64292918e-02 -6.65710345e-02  3.06699164e-02
  3.92502286e-02 -6.97601214e-03  1.04552247e-01 -7.68132694e-03
 -7.94815086e-03 -5.13863191e-02  1.50204739e-02  2.19445564e-02]"
63,../SysML-v2-release-src/training/29. Expressions/MassRollup2.sysml,"package MassRollup2 {
	private import NumericalFunctions::*;
	
	part def MassedThing {
		attribute simpleMass :> ISQ::mass; 
		attribute totalMass :> ISQ::mass default simpleMass;
	}
	
	part compositeThing : MassedThing {
		part subcomponents: MassedThing[*];		
		attribute :>> totalMass default
			simpleMass + sum(subcomponents.totalMass); 
	}
	
	part filteredMassThing :> compositeThing {
		attribute minMass :> ISQ::mass;		
		attribute :>> totalMass =
			simpleMass + sum(subcomponents.totalMass.?{in p:>ISQ::mass; p >= minMass});
	}

}","Generate a SysML v2 model that encapsulates a mass rollup system within the package MassRollup2. This model includes three key parts: MassedThing, compositeThing, and filteredMassThing. The MassedThing part contains two attributes: simpleMass, which defines an item's mass, and totalMass, initialized to simpleMass. The compositeThing extends MassedThing, allowing for multiple subcomponents of type MassedThing, with a totalMass attribute that aggregates its own simpleMass and the totalMass of its subcomponents. The filteredMassThing further extends compositeThing by introducing a minMass attribute, which filters subcomponent masses. Its totalMass is recalculated to include only those subcomponents whose totalMass meets or exceeds the minMass threshold. This hierarchical structure allows for flexible mass calculation across varying component configurations while adhering to specific mass requirements.","[-1.87913571e-02  1.94444228e-02 -1.35121001e-02  3.73677574e-02
  3.85670015e-03 -4.82975692e-02  1.59367663e-03  3.14533226e-02
 -6.19808212e-02  2.56951340e-02  4.18763533e-02 -6.94033206e-02
 -1.27652045e-02  2.99562644e-02  1.79448854e-02  5.50666917e-03
  6.16904907e-03  1.10660672e-01 -7.26418644e-02 -3.57648474e-03
  7.87730962e-02 -6.19386211e-02 -6.43586293e-02 -5.69540448e-03
 -5.65892309e-02  4.31367345e-02 -5.96863031e-02  4.96601686e-02
  5.95509969e-02 -9.65146869e-02  4.48392257e-02  5.58628216e-02
  6.25563785e-02  2.75281984e-02  8.22603106e-02  1.61489993e-02
 -1.73329655e-02 -5.88395679e-03 -5.36333919e-02 -1.82240009e-02
  2.93744281e-02  2.25852169e-02  1.48861334e-02 -3.99607494e-02
  5.24211302e-02 -3.61885205e-02 -3.78929973e-02 -1.20358104e-02
 -2.25856304e-02 -7.69626163e-03 -2.25076615e-03 -1.53643275e-02
 -2.18141135e-02  9.20483395e-02 -2.71805786e-02 -1.51752513e-02
  8.61489773e-03 -9.39409807e-02 -7.83293247e-02 -5.26859798e-02
 -4.55425791e-02 -4.26905267e-02 -5.45223393e-02 -3.52780409e-02
  5.43535650e-02  6.75543249e-02 -2.05026120e-02 -8.02753773e-03
  2.48627141e-02  1.29183501e-01 -1.01061817e-02 -7.63967680e-03
 -2.95825768e-02  6.24524243e-02  6.92294687e-02  1.36678182e-02
  1.15981242e-02 -6.39470816e-02  1.57801416e-02 -4.86054923e-03
 -6.45044446e-02  2.63243280e-02 -6.80179298e-02 -4.68988046e-02
  2.50618644e-02 -3.22190076e-02  1.50790103e-02  4.90168557e-02
  5.56065589e-02  4.04732861e-02 -3.12785897e-03 -1.47678033e-02
  4.77262177e-02  1.19139357e-02  2.67912541e-02  2.85797901e-02
 -2.38806028e-02 -1.83846487e-03  2.86742821e-02  1.54073639e-02
 -2.43093912e-02  2.88766362e-02  8.20314959e-02 -3.99183892e-02
 -3.45969456e-03 -9.51754861e-03 -3.86297926e-02 -1.16035168e-03
 -1.68018956e-02 -4.04109322e-02  2.30184130e-04  1.04591489e-01
  2.50055045e-02 -8.77637714e-02  1.63447764e-02  4.62361239e-03
  1.22363843e-01 -1.59410164e-02  2.21136753e-02 -7.10152388e-02
  5.84765486e-02  1.40423588e-02  3.58287804e-02 -1.27979442e-02
  3.05584874e-02  7.02745989e-02 -1.16195016e-01  9.60544482e-33
 -2.99786348e-02 -6.58007711e-02  3.56594771e-02  7.75097832e-02
 -4.07935167e-03  2.16058036e-03  2.56031770e-02 -1.08485734e-02
  3.86030190e-02  6.73643127e-02 -3.24517526e-02  3.48594859e-02
 -3.92432064e-02  4.53162231e-02  2.01914329e-02 -1.56515405e-01
  1.08855981e-02  1.22145265e-01  1.23290075e-02 -4.99995351e-02
 -6.45758286e-02 -1.98608246e-02 -2.12448388e-02 -1.10201398e-02
  6.65789545e-02  1.05426088e-01  4.64469157e-02  1.64781213e-02
 -7.04404339e-02  8.09021574e-03  6.18657582e-02  4.93930280e-02
 -4.88664992e-02  7.10483268e-02  3.19859497e-02  1.02710919e-02
 -3.46159264e-02 -6.25819862e-02  6.99968338e-02 -7.32747838e-02
  7.49316765e-03  3.28978226e-02  8.69292673e-03 -1.08930385e-02
 -1.39628336e-01 -3.16232629e-02  1.79984849e-02  3.81647907e-02
  3.14426534e-02 -5.36162779e-02  9.77693647e-02  1.88491847e-02
 -2.73748413e-02  1.81361344e-02 -1.27024883e-02  1.07525606e-02
  3.61645296e-02  1.46673461e-02  4.64815050e-02  6.58456385e-02
 -3.28550935e-02 -7.87959155e-03  2.02175379e-02  8.92750397e-02
  3.14114392e-02  5.75458594e-02 -5.26066609e-02 -6.82721809e-02
  5.04898326e-03  3.65348980e-02 -5.09645976e-03  8.47709775e-02
 -2.93950420e-02  3.10674291e-02  7.88398385e-02 -4.16689888e-02
  8.84784982e-02 -3.30698751e-02 -2.23238971e-02 -2.77543976e-03
 -1.10524848e-01  6.75729215e-02 -1.70008894e-02 -4.46690060e-02
 -6.97727352e-02 -1.20003391e-02 -2.95032598e-02 -4.42650914e-02
 -4.98903729e-02 -1.24432184e-01 -3.86625826e-02 -7.73290321e-02
  9.31624975e-03 -4.13539708e-02 -7.46234972e-03 -8.35548438e-33
 -6.89193010e-02  6.81537855e-03  4.24533784e-02  4.98322695e-02
 -4.50998405e-03 -5.06579764e-02 -6.53461204e-04 -3.21681350e-02
 -1.62112806e-02  5.75940218e-03 -5.54073136e-03  7.06637371e-03
 -2.07920317e-02 -5.32948896e-02  1.79051682e-02  6.39161170e-02
 -3.52931023e-02 -7.01709837e-02  6.97691292e-02 -1.33329658e-02
 -5.07473247e-03  1.32595420e-01 -8.86413269e-03  3.45490985e-02
 -2.73607317e-02 -3.98042463e-02 -5.95831349e-02  1.63717251e-02
  9.87851918e-02 -1.67267751e-02  2.80640293e-02 -2.85502821e-02
  9.91808344e-03 -2.96821948e-02 -1.23572499e-02 -5.98781332e-02
 -3.69479917e-02  1.03976354e-02  2.68809758e-02  2.63941325e-02
 -3.10779829e-02  1.51133332e-02 -6.42168298e-02  4.53497209e-02
  1.27175152e-02 -4.06260341e-02  4.29744236e-02 -2.28492962e-03
  5.93502782e-02 -1.40493345e-02 -9.42067951e-02 -4.46909927e-02
 -1.66156609e-02  1.75959449e-02 -2.43396964e-02  3.99492159e-02
 -1.38489809e-02 -6.60465881e-02  1.91113446e-02 -5.78005053e-02
 -2.14112829e-02 -5.24954200e-02  3.29660289e-02 -4.63613234e-02
  7.87132606e-03  4.89646718e-02 -2.78173201e-02 -1.29977643e-01
 -9.73774791e-02  6.09001666e-02  6.27820119e-02 -8.83421488e-03
  5.74884079e-02 -6.81725563e-04  3.56230810e-02 -7.23330155e-02
  1.49665410e-02  4.94105890e-02  1.17338985e-01 -5.29186726e-02
 -4.64192927e-02 -3.37581878e-04  4.85262051e-02  4.54816222e-02
 -4.05937657e-02 -6.32606819e-02 -2.81712436e-03  7.73108974e-02
 -1.11359498e-02  7.69781917e-02 -1.15399055e-01  2.47972012e-02
  5.80293275e-02  1.25417739e-01 -4.59418260e-02 -5.59428166e-08
 -4.69492376e-02 -3.53299268e-02 -3.10834553e-02 -1.07088005e-02
  4.40258197e-02  2.63606738e-02 -4.89193276e-02  5.25282621e-02
 -3.37648019e-03 -2.09190641e-02  1.64689478e-02  3.33470963e-02
 -6.09543025e-02 -3.40417284e-03 -1.93847697e-02  4.47917767e-02
 -2.06446610e-02  5.20855933e-02 -7.66030923e-02 -3.08480747e-02
  4.11411710e-02  5.98076433e-02  1.52084744e-02  5.29773533e-02
  4.03019860e-02 -1.55572791e-03 -1.58489554e-03  6.47954717e-02
  8.20481107e-02  4.40607890e-02  5.35870194e-02  5.37454598e-02
 -2.11871099e-02  6.33538514e-02 -2.36685071e-02  7.36313388e-02
 -9.68224108e-02  1.18679069e-02  5.59211299e-02  3.19238491e-02
  1.98045652e-02 -5.72991855e-02 -2.76618041e-02  4.29447107e-02
 -2.72043459e-02  7.65721202e-02 -2.25901440e-01 -6.50730953e-02
 -5.42157814e-02  7.62074515e-02  1.74446423e-02 -2.81116031e-02
 -7.52128288e-02  4.11492772e-02 -8.30495730e-02  3.45865488e-02
  4.50374670e-02 -3.60427611e-03  1.09207042e-01 -3.21348868e-02
 -1.14243412e-02 -5.18090799e-02  6.54845312e-03  2.30058655e-02]"
64,../SysML-v2-release-src/training/30. Calculations/Calculation Definitions.sysml,"package 'Calculation Definitions' {
	private import ScalarValues::Real;
	private import ISQ::*;
	
	calc def Power { in whlpwr : PowerValue; in Cd : Real; in Cf : Real; in tm : MassValue; in v : SpeedValue;
		attribute drag = Cd * v;
		attribute friction = Cf * tm * v;
		
		return : PowerValue = whlpwr - drag - friction;
	}
	
	calc def Acceleration { in tp: PowerValue; in tm : MassValue; in v : SpeedValue;
		return : AccelerationValue = tp / (tm * v);
	}
	
	calc def Velocity { in dt : TimeValue; in v0 : SpeedValue; in a : AccelerationValue;
		return : SpeedValue = v0 + a * dt;
 	}
 	
	calc def Position { in dt : TimeValue; in x0 : LengthValue; in v : SpeedValue;
		return : LengthValue = x0 + v * dt;
	}
}","Generate a SysML v2 model encapsulated in the package titled 'Calculation Definitions'. This model defines several computations essential for dynamic systems analysis. It includes the calculation of Power, which factors in wheel power, drag, and friction, utilizing input parameters like coefficient of drag (Cd), coefficient of friction (Cf), mass (tm), and velocity (v). Following this, the model defines Acceleration that calculates the change in speed based on power, mass, and velocity. Additionally, there’s a Velocity calculation that determines the resultant speed over a specific time interval using initial velocity (v0) and acceleration (a). Lastly, the Position calculation computes the updated location based on initial position (x0), velocity, and time interval (dt). Each calculation applies relevant units from the ScalarValues and ISQ packages, ensuring clarity in the model's implementation.","[-2.95503493e-02 -7.26241618e-03 -3.32249887e-02  5.31480880e-03
 -2.64909118e-02 -1.13745974e-02 -2.05923468e-02  6.16341569e-02
  3.69828902e-02  3.25768404e-02  1.27916858e-01  1.42145744e-02
  5.89974225e-02 -2.18025204e-02 -8.11952800e-02  3.74324471e-02
  3.21621005e-03  6.55003637e-02 -2.84886416e-02 -1.64991766e-02
  1.10004604e-01 -1.29921436e-02  3.50248478e-02  4.90295561e-03
 -3.07094846e-02  8.46753363e-03 -5.97650409e-02  1.00402921e-01
  5.61848171e-02 -6.17450438e-02 -2.51755454e-02  3.79455686e-02
  3.29553895e-02 -3.87822539e-02 -3.05909384e-02 -4.14619669e-02
  3.58169787e-02 -7.88243338e-02 -3.35349888e-02 -3.63245457e-02
 -4.65153810e-03 -2.96096522e-02  6.10078648e-02 -1.97148714e-02
  7.29231611e-02  4.93829250e-02  7.19169751e-02  3.74150835e-02
 -3.27789746e-02  3.20144705e-02 -2.40313518e-03  2.25967430e-02
  1.16037741e-01 -6.04120456e-02 -5.10919094e-03  9.41170454e-02
  8.04908648e-02  2.48320922e-02 -8.97671469e-03 -9.68527719e-02
  4.54140864e-02 -1.07178846e-02 -3.62900160e-02 -9.53921676e-03
 -4.71636988e-02 -2.23442223e-02 -3.44771221e-02 -3.15254107e-02
  1.87448245e-02  1.41637437e-02 -7.44416267e-02 -3.84219363e-02
  3.37091051e-02 -1.40265794e-02 -7.83640146e-03 -1.19497202e-01
  2.70458795e-02  2.48909816e-02 -9.37240105e-03 -3.86182889e-02
  1.57938134e-02 -3.69549729e-02 -1.63793024e-02 -9.55098402e-03
 -6.06612675e-03 -2.88829692e-02  3.11475266e-02  9.62221101e-02
  1.24359861e-01  3.32914828e-03  2.56467350e-02  3.61767672e-02
 -4.24552672e-02 -7.79107586e-02  1.04642287e-01  7.19100609e-02
  3.76175623e-03  1.64029712e-03  6.56404272e-02 -2.37305854e-02
 -4.13331427e-02  4.16037627e-02 -2.73734406e-02  6.30637258e-02
  3.02572083e-02  1.04680113e-01 -4.06552292e-02 -8.53727851e-03
 -5.65553047e-02  1.37692066e-02  4.93430607e-02  3.36594656e-02
 -1.69399958e-02  6.47163158e-03  2.44911364e-03  2.62038503e-03
  9.47660860e-03  3.65678668e-02  1.73007697e-02 -3.62273976e-02
 -2.03857124e-02 -4.30476293e-02  5.01576532e-03  4.15356569e-02
  3.37961651e-02 -5.05254418e-02 -2.41515264e-02  1.31910174e-33
 -1.35097951e-01 -2.15680897e-03  4.81451042e-02  5.11145629e-02
 -2.48253495e-02 -8.99342261e-03  4.60178033e-03  9.02643520e-03
  6.60782605e-02  5.47209904e-02 -5.54333068e-02 -1.62281133e-02
  1.51535366e-02 -1.42428530e-02 -4.15176712e-03 -7.50706866e-02
  2.22272109e-02 -3.32476012e-02 -4.64912690e-02  4.74892072e-02
  8.38263184e-02  6.03811815e-03 -7.50976875e-02 -6.11680672e-02
  4.35580350e-02  1.12948708e-01  2.27669198e-02  5.46384417e-02
 -4.85320436e-03  7.22051412e-03  2.54377816e-02  2.55542784e-03
 -9.70627517e-02 -2.07416946e-03  1.04081510e-02  1.68079473e-02
 -3.17788199e-02 -1.19243162e-02  8.19075257e-02 -1.06194820e-02
  1.57755185e-02 -3.74300703e-02 -5.48669808e-02  4.17296821e-03
 -1.57499835e-01 -3.21627734e-03 -2.33152695e-02  2.89272014e-02
  5.99402599e-02  3.94372530e-02 -2.19098534e-02  1.01341568e-02
 -1.82432458e-02 -1.34496558e-02 -1.27847325e-02 -2.31211185e-02
  1.80549156e-02  3.60247642e-02 -6.90587983e-02  1.66890264e-01
 -5.56412041e-02 -1.21140322e-02  2.27843784e-02 -6.87601566e-02
  3.82906348e-02 -1.38342809e-02 -2.05936171e-02 -5.64056113e-02
  6.57205731e-02  1.61695369e-02  4.20276858e-02  1.40349828e-02
  4.04124483e-02  7.03979433e-02  1.86187755e-02 -6.03765659e-02
 -2.85015963e-02  1.13163963e-02 -1.15046449e-01 -1.18412897e-02
 -1.06675372e-01  6.10104539e-02 -3.75785269e-02 -5.40248193e-02
  6.30423129e-02 -6.41622320e-02 -6.57014847e-02 -1.59796160e-02
 -3.73079702e-02 -1.30671412e-01 -1.41692441e-02 -3.36443894e-02
  5.89873130e-03  4.19123247e-02 -3.89757082e-02 -2.66843720e-33
  3.27910334e-02  3.06613669e-02  8.29731375e-02  3.68074030e-02
 -3.41527015e-02 -2.00934596e-02  9.58582852e-03 -1.28182359e-02
 -2.80380045e-04 -5.55233471e-03 -4.93056662e-02 -5.83023438e-03
 -5.06295487e-02  5.69415167e-02  8.22602957e-02  6.40062541e-02
  2.15391181e-02 -1.43756241e-01 -3.61999311e-02  2.84067728e-02
  1.56262319e-03  6.54319227e-02 -1.57060977e-02 -2.43374370e-02
  5.87492585e-02 -5.33091463e-02  6.67107254e-02  1.48032019e-02
 -5.36074229e-02 -1.71573441e-02 -4.79688868e-02 -4.85577583e-02
  3.47720496e-02  3.54491249e-02 -3.34988832e-02 -3.77764702e-02
 -9.69986171e-02 -6.96852431e-02  3.10036298e-02  4.68086824e-03
  3.58566418e-02 -2.55382853e-03 -2.35013645e-02 -1.79371331e-02
  5.09261228e-02  3.58168855e-02 -4.89944294e-02  7.98322409e-02
  3.31458598e-02 -3.84046100e-02  7.56189823e-02  3.33768055e-02
  2.32594237e-02  4.24330868e-02  8.78694206e-02  7.48326480e-02
  1.64782407e-03 -6.06540628e-02  7.76974158e-03 -8.10973197e-02
  3.29339392e-02 -4.48793881e-02  3.10849324e-02  3.86531018e-02
 -5.55432625e-02 -1.34978583e-02 -1.32471649e-02 -6.30429983e-02
 -3.10468860e-02 -2.75277775e-02 -2.03017071e-02  4.38237861e-02
  1.17555708e-02  1.76448934e-02 -4.29481380e-02 -6.12631217e-02
  1.16381729e-02  3.76147740e-02  5.67236431e-02 -9.54669565e-02
 -1.00964218e-01 -5.37606282e-03  6.91438019e-02  6.35124967e-02
 -1.66647449e-01  1.69136319e-02 -5.24507165e-02  8.33418872e-03
  3.91157120e-02 -1.22828898e-03  1.10438536e-03  3.77367884e-02
 -1.36224879e-02  1.47943318e-01 -5.64661212e-02 -5.05826350e-08
 -9.19091776e-02  8.87250586e-04 -2.11093891e-02  4.04435359e-02
  6.29017223e-03  8.10535103e-02  1.97311416e-02 -1.72953866e-02
 -2.37308051e-02 -2.55671982e-02  2.23565269e-02  4.40826407e-03
  5.10767177e-02  1.41642448e-02 -4.76590209e-02  9.16565806e-02
  5.40763028e-02  4.00113240e-02 -1.72084142e-02 -4.50864621e-02
  9.11732167e-02  2.93110982e-02  4.68187174e-03  6.68954551e-02
  8.34641326e-03 -6.06953166e-02 -8.18361714e-02  4.89635346e-03
  2.94715315e-02 -6.01791292e-02  2.55742185e-02  7.64543330e-03
  3.76170278e-02  6.46646097e-02  8.11753795e-03  2.05725841e-02
 -9.51013491e-02  4.17575166e-02  1.08454056e-01  1.09139323e-01
  1.22226607e-02  4.19738255e-02 -5.56890517e-02 -3.88651155e-03
 -1.71668231e-02 -1.75250098e-02 -8.82320032e-02 -1.28025606e-01
 -2.37429664e-02  6.96958788e-03 -3.16637731e-03  5.60673177e-02
 -7.09155574e-02  5.93883730e-02 -6.33909274e-03  3.83992270e-02
 -3.39954980e-02 -2.48823874e-02 -1.25058992e-02  1.01233115e-02
 -1.06072351e-01  3.72540094e-02 -6.60036318e-03 -2.62007490e-02]"
65,../SysML-v2-release-src/training/30. Calculations/Calculation Usages-1.sysml,"package 'Calculation Usages-1' {
	private import ScalarValues::Real;
	private import ISQ::*;
	private import 'Calculation Definitions'::*;
	
	part def VehicleDynamics {
		attribute C_d : Real;
		attribute C_f : Real;
		attribute wheelPower : PowerValue;
		attribute mass : MassValue;
		
		action straightLineDynamics {
			in delta_t : TimeValue;
			in v_in : SpeedValue;
			in x_in : LengthValue;
			out v_out : SpeedValue = vel.v;
			out x_out : LengthValue = pos.x;
		
			calc acc : Acceleration {
				in tp = Power(wheelPower, C_d, C_f, mass, v_in);
				in tm = mass;
				in v = v_in;
				return a;
			}
			
			calc vel : Velocity {
				in dt = delta_t;
				in v0 = v_in;
				in a = acc.a;
				return v;
			}
			
			calc pos : Position {
				in dt = delta_t;
				in x0 = x_in;
				in v0 = vel.v;
				return x;	
			}
		}
	} 
	
}","Generate a SysML v2 model named 'Calculation Usages-1' that encapsulates the dynamics of a vehicle. The package includes an import for scalar values and defines a part called 'VehicleDynamics', featuring attributes such as drag coefficient (C_d), rolling resistance (C_f), wheel power, and mass. 

The part contains an action, 'straightLineDynamics', which takes inputs for time interval (delta_t), initial speed (v_in), and initial position (x_in), producing outputs for final speed (v_out) and final position (x_out). Within this action, three calculations are defined: 

1. 'acc' calculates acceleration based on power, mass, and input speed.
2. 'vel' computes the final velocity using the initial velocity, acceleration, and time interval.
3. 'pos' determines the final position using the initial position, final velocity, and time interval. 

This model effectively captures the mathematical relationships governing vehicle movement in a straight line, enabling further analysis or simulation.","[-1.00817420e-01 -9.06582270e-03 -6.09379970e-02  5.30443853e-03
 -5.69322109e-02 -3.05014066e-02 -3.42141539e-02  7.25935549e-02
  7.33118411e-03  3.71473208e-02  9.25654247e-02 -1.55208819e-02
  4.42275628e-02 -1.08401640e-03 -6.88111335e-02  3.28620635e-02
 -4.05738689e-02  9.76500437e-02 -5.29629961e-02 -7.35698547e-03
  9.76186842e-02 -7.54993083e-03  2.81560160e-02  1.63615886e-02
 -6.71221912e-02 -3.47396918e-03 -6.48360923e-02  8.50072727e-02
  1.79222710e-02 -8.99088234e-02 -1.59327593e-02  2.77895126e-02
  4.40630279e-02 -1.32291066e-02 -4.25129533e-02 -4.33285907e-02
  3.59790102e-02 -3.24695669e-02 -7.11144432e-02 -1.94249451e-02
 -6.61973134e-02 -9.36519802e-02  2.63802391e-02  2.42034234e-02
  1.00950986e-01  2.09683087e-02  4.75743487e-02 -2.09597088e-02
 -2.53819805e-02  3.37188952e-02 -4.17767204e-02  4.21228930e-02
  3.23100202e-02 -4.90044430e-02 -3.83006856e-02  5.89730516e-02
  5.24948873e-02  1.00604231e-02 -5.89517690e-02 -8.80898163e-02
  4.55971528e-03 -3.39837335e-02 -4.85735498e-02 -1.59089863e-02
 -8.29731077e-02  4.15042462e-03 -2.94020735e-02  2.04628650e-02
  7.44363740e-02  6.60136864e-02 -5.47885448e-02 -6.14993274e-02
 -2.70398948e-02  1.46458587e-02  3.41856829e-03 -1.19861357e-01
  6.31184131e-02  4.00989018e-02 -1.60443857e-02 -5.42987995e-02
 -8.61119386e-03 -1.45299714e-02 -1.94615927e-02  1.53867165e-02
  7.59494444e-03 -1.35462335e-03  4.58805710e-02  8.93423930e-02
  7.92705491e-02  3.63754928e-02  7.42185488e-03  2.13213470e-02
 -1.64635188e-03 -7.24961385e-02  5.51593527e-02  7.37115890e-02
 -8.56503099e-03 -2.94357240e-02  4.67922799e-02 -3.33197601e-02
  5.04991133e-03  5.36362492e-02  4.21512313e-02  5.08633144e-02
 -3.44994590e-02  8.11685398e-02  2.06170306e-02 -3.82353812e-02
 -3.52558307e-02 -2.67978781e-03  3.63848694e-02  6.60062879e-02
 -1.00778854e-02 -1.15698585e-02  5.51948044e-03  1.24930926e-02
 -2.57652644e-02  8.66342429e-03  7.15457425e-02  1.96032245e-02
 -7.41595775e-02 -2.08300035e-02  4.22721244e-02  6.91992268e-02
  9.21301097e-02 -3.25817578e-02  1.54864043e-02  2.74651555e-33
 -1.66662157e-01 -1.73104275e-02  2.66539007e-02  8.70297775e-02
 -2.96574607e-02 -1.79700553e-02 -5.41428030e-02  4.21550451e-03
  5.31259999e-02  9.12830681e-02 -8.32310915e-02  1.30413959e-04
  6.37785345e-03  2.54016723e-02  3.89862992e-02 -4.11352888e-02
 -1.78362187e-02 -4.34562452e-02 -5.00136092e-02  9.73191857e-03
  4.56980690e-02  2.20845118e-02 -1.16639053e-02 -5.36316745e-02
  7.56806582e-02  1.10245056e-01  4.33880053e-02  7.11416081e-02
 -2.72125863e-02  1.35746701e-02  1.31208654e-02  1.91191584e-02
 -7.13704526e-02 -4.20460757e-03  7.98150524e-03  1.70676876e-02
 -3.25021595e-02 -5.21482006e-02  7.42168203e-02  4.08001505e-02
 -1.50896432e-02 -3.52966599e-02 -5.79112880e-02  2.15681084e-02
 -1.62659600e-01 -8.94621760e-03 -1.97697966e-03  8.25449973e-02
  4.10356410e-02  5.75763099e-02 -4.47832569e-02 -3.62920016e-02
  1.41703794e-02 -3.43319075e-03 -3.09630111e-02  8.01639725e-03
  1.62024461e-02  1.71849243e-02 -7.70504028e-02  1.05109483e-01
 -5.48797324e-02  2.65020039e-02  1.38747925e-02 -5.20086437e-02
 -1.20359929e-02  3.12824792e-04 -8.72939378e-02  3.42600606e-03
  6.40733242e-02  3.01808193e-02 -1.67224426e-02  2.61897035e-02
 -2.62298007e-02  1.81691349e-02  7.32798874e-02 -5.66090234e-02
 -2.29321327e-02 -1.16393426e-02 -2.45870575e-02  3.19641270e-02
 -1.00037962e-01  8.98468196e-02 -4.30096537e-02 -1.02308333e-01
  3.93428095e-02 -4.02349122e-02 -4.78057675e-02 -3.11990064e-02
 -1.27196824e-02 -1.24615669e-01 -6.48223311e-02 -3.50843668e-02
 -3.43955457e-02  6.95881993e-02 -1.25462068e-02 -5.17280550e-33
  1.50926979e-02  1.38437562e-03  6.24347068e-02  5.25321104e-02
 -1.73166150e-03  3.69163952e-03  1.72879864e-02 -5.84803335e-02
  4.69542667e-02  7.05231912e-04 -2.83161979e-02  1.38313286e-02
 -1.81325544e-02  6.60527647e-02  1.33026287e-01  3.53304227e-03
 -2.58272272e-02 -1.56176284e-01 -4.04738709e-02  1.22947274e-02
 -1.63895991e-02  2.15212572e-02 -1.96927995e-03 -6.57523144e-03
  3.12953815e-02 -5.81764206e-02  5.96590489e-02  3.72739654e-04
 -5.85938850e-03 -1.93474181e-02  4.56170961e-02 -4.29025926e-02
  3.45990434e-02  3.68906301e-03 -5.23361601e-02 -7.57126585e-02
 -1.28261345e-02  2.83059366e-02 -6.15239702e-03 -4.00299728e-02
  5.35105728e-02  6.34847116e-03  2.11384837e-02 -3.51087153e-02
  3.12637128e-02  8.07074830e-03 -3.74022797e-02  1.49786118e-02
  1.21166343e-02 -3.50153670e-02  4.27115969e-02 -3.76236858e-03
  2.58430392e-02  4.84367050e-02  4.95336875e-02  3.62608023e-02
  1.28607675e-02 -5.52264899e-02 -1.34388106e-02 -2.80879512e-02
  1.32375881e-02 -5.87475263e-02 -2.02526785e-02  3.17606516e-02
 -4.40344624e-02 -4.24078628e-02 -4.28828634e-02 -4.24255617e-02
 -3.41791734e-02 -9.72770806e-03 -4.19673361e-02  6.73682764e-02
  9.56949499e-03  2.09750924e-02 -8.22660513e-03 -5.84360324e-02
  1.05221942e-03  3.57999019e-02  6.88520223e-02 -6.38992041e-02
 -2.33871825e-02 -2.72400286e-02  1.10762157e-01  8.34844410e-02
 -1.97710291e-01  3.55325686e-03 -6.19935654e-02  4.79415208e-02
  5.25228679e-02 -8.72730371e-03  2.66070496e-02  5.26839122e-02
  6.47961954e-03  1.76898405e-01 -7.58081824e-02 -5.83115742e-08
 -8.13045204e-02 -1.45457927e-02  5.37292734e-02  8.26191902e-03
 -1.35333780e-02  1.21364243e-01 -3.41276675e-02 -3.20042670e-02
 -6.26519546e-02 -2.21405495e-02  2.24082507e-02  6.56225160e-02
  5.59582375e-03  3.88910025e-02 -4.16304022e-02  7.03601763e-02
  5.98219670e-02  3.62151004e-02  3.06532922e-04 -3.20146941e-02
  7.36757815e-02  1.39421839e-02 -3.24600302e-02  7.18077570e-02
  1.83705557e-02 -3.34195085e-02 -5.38908727e-02  2.79464014e-02
  1.97578259e-02 -8.00639689e-02  2.37145070e-02  1.08566775e-03
  5.17974384e-02  3.61618996e-02  2.19089184e-02 -1.16287265e-02
  4.70481347e-03  4.40648384e-02  1.09810695e-01  6.41094968e-02
  1.19300736e-02  6.80586919e-02 -5.50993951e-03 -3.57848741e-02
  3.12436204e-02 -5.14760753e-03 -1.12345785e-01 -1.07743524e-01
 -4.84740138e-02  9.33703966e-03  2.15980709e-02  2.16585994e-02
 -9.90915373e-02  1.14596978e-01 -4.47217412e-02  1.58721246e-02
 -3.44272554e-02 -4.32628915e-02 -1.49170309e-03 -1.29333325e-02
 -4.76905145e-02  3.18860859e-02  2.31266171e-02 -1.92504637e-02]"
66,../SysML-v2-release-src/training/30. Calculations/Calculation Usages-2.sysml,"package 'Calculation Usages-2' {
	private import ScalarValues::Real;
	private import ISQ::*;
	private import 'Calculation Definitions'::*;
	
	attribute def DynamicState {
		attribute v: SpeedValue;
		attribute x: LengthValue;
	}
	
	part def VehicleDynamics {
		attribute C_d : Real;
		attribute C_f : Real;
		attribute wheelPower : PowerValue;
		attribute mass : MassValue;
		
		calc updateState { 
			in delta_t : TimeValue; 
			in currState : DynamicState;
			attribute totalPower : PowerValue = Power(wheelPower, C_d, C_f, mass, currState.v);
			
			return attribute newState : DynamicState {
				:>> v = Velocity(delta_t, currState.v, Acceleration(totalPower, mass, currState.v));
				:>> x = Position(delta_t, currState.x, currState.v);
			}
		}
	} 
	
}","Generate a SysML v2 model titled 'Calculation Usages-2'. Model encapsulates vehicle dynamics simulation with a focus on calculating dynamic states such as velocity and position. It begins with importing essential scalar values and definitions from associated packages. The model defines a 'DynamicState' attribute comprising speed and length values. Additionally, there is a part named 'VehicleDynamics,' which has attributes for drag coefficient, rolling resistance, wheel power, and mass.

Within 'VehicleDynamics,' a calculation function 'updateState' is defined, which takes a time increment and the current dynamic state as inputs. It computes the total power output based on the wheel power, drag coefficient, rolling resistance, and mass, subsequently determining new dynamic states for velocity and position. The function returns a new 'DynamicState' incorporating updated velocity and position based on the inputs. Overall, this model serves as a robust framework for analyzing vehicle motion under various conditions.","[-5.77094629e-02  4.21806145e-03 -5.04336804e-02  4.70691398e-02
 -3.06717437e-02 -2.95391567e-02 -1.32636027e-02  3.66621390e-02
  3.42951380e-02  3.36222164e-02  6.90942407e-02 -3.18510570e-02
  4.00185511e-02 -1.21498788e-02 -6.38326257e-02  3.72789726e-02
  2.14051441e-04  7.21060410e-02 -5.48465177e-02 -1.66151300e-02
  9.34875458e-02  6.24187244e-03  2.48695258e-02  2.51140650e-02
 -4.37532216e-02  2.58446578e-02 -7.79905468e-02  7.76628777e-02
  3.63581888e-02 -6.93627372e-02 -9.97801125e-03  9.54109151e-03
  2.13370994e-02 -2.04021148e-02 -5.73750362e-02 -8.02883431e-02
  1.01556759e-02 -3.98509316e-02 -5.05605340e-02 -9.15601943e-03
 -4.51109521e-02 -9.78255421e-02  3.24456207e-02 -1.72849763e-02
  5.91824241e-02  3.23377140e-02  6.96435422e-02 -4.12172824e-03
 -4.25959229e-02  3.14313918e-02 -2.03419086e-02  3.37952897e-02
  4.76141423e-02 -3.93100418e-02 -1.15968222e-02  4.63359356e-02
  7.90357292e-02  3.21142487e-02 -7.15265721e-02 -8.83647427e-02
  1.93787459e-02 -2.73171701e-02  2.21815463e-02 -5.13096806e-03
 -4.04520892e-02  1.55639986e-03 -1.16594220e-02  3.44982068e-03
  2.88722105e-02  1.79014318e-02 -5.39184175e-02 -1.08823432e-02
  1.97602678e-02 -2.01592222e-02  1.07151074e-02 -1.12380356e-01
  4.06783745e-02  1.95111539e-02  2.28284802e-02 -3.85452993e-02
  2.02929806e-02 -4.71663587e-02 -5.46493046e-02 -4.05621380e-02
  3.62913013e-02 -1.11010447e-02  4.19728868e-02  6.36401400e-02
  9.44628119e-02  6.68071806e-02 -4.00369689e-02  9.38724540e-03
  1.03472872e-02 -6.62653670e-02  3.96363698e-02  6.23200871e-02
 -7.02701090e-03 -1.20631121e-02  3.43601890e-02 -1.50611270e-02
 -1.85657833e-02  5.88471070e-02  4.45733778e-02  3.74354906e-02
 -3.76917869e-02  5.20089567e-02 -7.29790982e-03 -2.69194562e-02
 -4.29086648e-02  5.20917214e-03  6.44547716e-02  8.34600255e-02
 -5.89685887e-03 -3.47004319e-03 -4.08924511e-03  2.70283571e-03
 -3.03905439e-02  1.58734396e-02  4.26655374e-02  5.28621487e-03
 -2.15661409e-03 -3.75941992e-02  5.03524020e-02  6.39519021e-02
  6.50152713e-02 -5.54080307e-02  1.55169138e-04  2.34777097e-33
 -1.66515321e-01 -4.94991839e-02  1.43331783e-02  1.10328786e-01
 -3.14657055e-02  2.50028875e-02 -6.34932518e-03 -2.83721965e-02
  5.88767901e-02  1.88726727e-02 -6.18382543e-02  7.09392130e-02
  1.98884849e-02  4.02813032e-02  1.44691793e-02 -7.09812343e-02
 -1.63061675e-02 -1.57295316e-02 -1.40947625e-02  1.76786829e-03
  5.71482070e-02 -2.88144947e-04 -3.44076641e-02 -5.45511059e-02
  6.20070733e-02  1.25764832e-01  5.70623092e-02  8.11039433e-02
 -3.95698100e-02  2.34506279e-02  2.83611808e-02  2.69867461e-02
 -1.13844469e-01  8.12106486e-03  1.20596513e-02  2.94163427e-03
 -6.04571290e-02 -4.24380824e-02  7.28194714e-02  1.06788706e-02
  1.57876872e-04 -4.72139716e-02 -6.22481667e-02  3.82346809e-02
 -1.66177511e-01 -3.95895950e-02  3.00907604e-02  4.41619940e-02
 -1.34371752e-02  3.39775346e-02 -4.33748141e-02 -4.00106572e-02
  1.90725066e-02 -1.67595055e-02 -4.34806868e-02  1.40537368e-02
  3.08208931e-02  7.56380148e-03 -6.10000454e-02  1.02665439e-01
 -8.12679008e-02  1.04744183e-02  2.22850144e-02 -7.06698969e-02
  1.65452983e-03  2.44719647e-02 -3.55245508e-02 -2.24107411e-02
  6.58229142e-02  3.60926688e-02  6.54030219e-02  2.40389276e-02
  7.95899983e-03  5.31571582e-02  6.25645742e-02 -5.41018993e-02
  3.01365945e-02  7.48685969e-04 -1.14446342e-01  1.36273652e-02
 -1.01610258e-01  6.02805130e-02 -2.07725074e-02 -3.43761146e-02
  8.04995969e-02 -7.65860230e-02 -8.34508613e-02 -2.75649820e-02
 -7.30265826e-02 -1.20227821e-01 -2.92397179e-02 -5.78935035e-02
 -9.20580700e-03  4.18656617e-02  3.50715034e-03 -3.90827223e-33
 -5.92015777e-03  1.50721734e-02  5.01810573e-02  7.56629407e-02
  2.96908291e-03 -1.34525904e-02  6.04248466e-03 -6.72988361e-03
  1.80636707e-03 -4.95465323e-02 -2.37090327e-02 -3.11217327e-02
 -5.41747585e-02  4.25045937e-02  1.05518512e-01  4.33190614e-02
 -1.98977105e-02 -2.05053926e-01 -2.03519855e-02  5.58688305e-03
 -6.25148835e-03  3.36591266e-02 -2.97850110e-02  1.72357692e-03
 -5.86936250e-03 -5.30932508e-02  2.92611085e-02 -1.70547590e-02
  3.32967821e-03 -2.73483153e-02 -4.55256412e-03 -5.22773415e-02
  1.53202005e-02  3.79123390e-02 -3.52350287e-02 -6.57312572e-02
  8.94383900e-03 -7.70271197e-02  1.60571765e-02  1.98694617e-02
  2.76588816e-02  9.29032266e-03 -1.16574261e-02 -5.09373238e-03
  3.02230697e-02  3.43512259e-02 -1.65176336e-02  3.70851569e-02
  4.03414704e-02 -5.25607876e-02  6.27225265e-02  5.47414320e-03
 -1.42945722e-02  5.20637445e-02  3.83693464e-02  2.97104325e-02
  1.61721315e-02 -4.60992707e-03 -8.38172436e-03 -2.25231387e-02
  1.85189396e-02 -3.57077755e-02  3.19830701e-02  1.93296652e-02
 -8.78208578e-02 -2.41241101e-02 -6.57666847e-02 -6.83188960e-02
  1.52261527e-02  1.60561483e-02  4.98413853e-03  4.07836325e-02
  2.31320206e-02  1.14435637e-02 -1.54507849e-02 -9.41960588e-02
  6.48534950e-03 -1.16471061e-02  9.14725438e-02 -6.60456493e-02
 -7.05871359e-02 -3.81007902e-02  8.76331776e-02  2.85845660e-02
 -1.56815901e-01  2.95054354e-03 -5.14621213e-02  4.77387607e-02
  3.00735310e-02  1.33965509e-02 -4.33360552e-03  7.69893005e-02
 -4.90379892e-02  1.80131853e-01 -1.15355343e-01 -5.19456549e-08
 -5.49752042e-02 -8.95658741e-05  6.16234168e-02  1.09740067e-02
 -5.55094657e-03  9.38660502e-02  2.63550505e-02 -3.48343551e-02
 -5.69595769e-02 -3.88251655e-02  7.87303150e-02 -1.75563693e-02
  6.66222796e-02  1.58031732e-02 -3.74442264e-02  8.16077664e-02
  6.77294880e-02  6.13679774e-02 -2.83101182e-02 -3.89017463e-02
  9.93304104e-02  4.45192531e-02 -5.33117019e-02  9.36671123e-02
  3.71725671e-02 -5.85757494e-02 -5.43113649e-02  1.16705401e-02
  3.16271484e-02 -8.96946415e-02  2.16181707e-02  6.56202435e-02
  6.42486140e-02  4.57322709e-02 -8.96070059e-03  4.70144823e-02
 -3.54324989e-02  4.07823473e-02  8.60021487e-02  1.09297745e-01
  1.68325864e-02  4.03821468e-02 -3.80630009e-02  1.18163796e-02
  3.28605715e-03 -4.34733555e-03 -9.46701989e-02 -1.30635366e-01
 -6.27894253e-02  5.42994542e-03  4.10872586e-02  2.91760340e-02
 -8.44166800e-02  1.09100424e-01 -2.72550955e-02  3.34852412e-02
 -1.35370344e-02 -6.29515294e-03  1.67483799e-02 -6.16929820e-03
 -6.83231279e-02  3.41902375e-02  9.62411799e-03  2.86494801e-03]"
67,../SysML-v2-release-src/training/31. Constraints/Analytical Constraints.sysml,"package 'Analytical Constraints' {
	private import ISQ::*;
	private import 'Calculation Definitions'::*;
	
	constraint def StraightLineDynamicsEquations {
		in p : PowerValue;
		in m : MassValue;
		in dt : TimeValue;
		in x_i : LengthValue;
		in v_i : SpeedValue;
		in x_f : LengthValue;
		in v_f : SpeedValue;
		in a : AccelerationValue;
	
		attribute v_avg : SpeedValue = (v_i + v_f)/2;
		
		a == Acceleration(p, m, v_avg) and
		v_f == Velocity(dt, v_i, a) and
		x_f == Position(dt, x_i, v_avg)
	}
	
	action def StraightLineDynamics {
		in power : PowerValue;
		in mass : MassValue;
		in delta_t : TimeValue;
		in x_in : LengthValue;
		in v_in : SpeedValue;
		out x_out : LengthValue;
		out v_out : SpeedValue;
		out a_out : AccelerationValue;
	
	    assert constraint dynamics : StraightLineDynamicsEquations {
			in p = power;
			in m = mass;
			in dt = delta_t;
			in x_i = x_in;
			in v_i = v_in;
			in x_f = x_out;
			in v_f = v_out;
			in a = a_out;
	    }
	}
}","Generate a SysML v2 model named 'Analytical Constraints' that encapsulates the dynamics of straight-line motion. The model includes the definition of a constraint, 'StraightLineDynamicsEquations', which involves inputs such as power, mass, time, initial and final positions, speeds, and acceleration values. It computes the average velocity and establishes the relationships between acceleration, final velocity, and final position through mathematical equations. Furthermore, the model features an action definition, 'StraightLineDynamics', which takes inputs including power, mass, time interval, initial position, and speed, producing outputs of final position, final speed, and acceleration. An assertion within the action ensures compliance with the previously defined constraint, linking input and output variables harmoniously. This structured approach allows for a comprehensive analysis of straight-line dynamics within specified parameters.","[-5.78650609e-02 -6.29522605e-03 -2.57397201e-02 -2.18356890e-03
 -8.80323052e-02 -1.30317290e-03 -9.40642431e-02  3.21452506e-02
 -2.03741919e-02  4.08308133e-02  6.45405427e-02 -3.35103902e-03
  1.16472906e-02 -2.36259755e-02 -4.96469699e-02  3.58295739e-02
 -4.27389331e-02  6.21277802e-02 -3.95062380e-02  1.19669139e-02
  1.12946495e-01  6.81902457e-04 -3.75847109e-02 -4.22402425e-03
 -8.82920623e-02 -4.91432250e-02 -1.33540807e-02  7.67001361e-02
 -4.90651838e-03 -7.84652606e-02 -1.99119225e-02 -5.19929118e-02
  2.12775376e-02  9.44654830e-03 -2.30930131e-02  1.88761000e-02
  9.64643527e-03 -5.69536425e-02 -9.46523026e-02 -2.25058589e-02
 -3.76801156e-02 -2.94713452e-02  1.28166005e-02  1.91836338e-02
  1.19822197e-01  6.83729053e-02  1.69397369e-02 -2.85848808e-02
 -8.46832916e-02  3.22727859e-02 -9.99592617e-02  2.35504713e-02
  4.59695328e-03 -5.10651730e-02  5.27096502e-02  5.02276979e-02
  6.13694303e-02  7.79919513e-03 -8.59128311e-03 -5.50531298e-02
  2.18000505e-02 -1.72372274e-02 -8.11148956e-02 -6.48439676e-03
 -1.74916647e-02  7.45564466e-03 -5.14075235e-02  6.07937463e-02
  6.29967377e-02  8.49449709e-02 -1.03253581e-01 -7.06978291e-02
 -1.39910961e-02 -3.23579386e-02 -1.08946860e-02 -7.97192901e-02
  4.08009849e-02  5.74339144e-02  1.08475555e-02 -1.40960505e-02
  7.15564331e-03 -8.49609971e-02 -9.15547237e-02 -2.08684448e-02
 -1.09032365e-02 -2.96895076e-02  7.44877791e-04  4.83002402e-02
  1.65656954e-01  8.39667171e-02  1.14590190e-02 -5.10964659e-04
  6.40747473e-02 -4.98760790e-02  1.35533780e-01  4.60729748e-02
 -2.91891955e-02 -7.13043287e-02  4.87256981e-02 -2.07735877e-02
  4.97250527e-04  2.48021502e-02  3.73931676e-02  1.02755338e-01
  4.11253050e-02  3.93230468e-02  3.03494204e-02 -9.60282329e-03
 -6.73362985e-02 -1.64807197e-02  3.82189117e-02  4.85663265e-02
  1.01610953e-02 -2.64625028e-02  3.65590602e-02  1.69999935e-02
  2.14994550e-02 -1.66474376e-02  3.60529087e-02 -6.10697232e-02
 -5.43662757e-02 -6.44488186e-02  2.33505405e-02  7.07058907e-02
  6.71478435e-02 -6.10796362e-02  2.14733998e-04 -4.09455465e-37
 -1.00665912e-01 -1.82489734e-02  2.86736563e-02  3.27758081e-02
 -1.24253547e-02  5.28604612e-02 -8.14183056e-02  2.54389104e-02
  3.20678763e-02  1.10249758e-01 -6.02612346e-02 -5.37390634e-02
 -1.26775661e-02  7.78468698e-02  5.75050060e-03 -5.90862185e-02
  2.89270487e-02  4.20178920e-02 -4.64761108e-02  4.68942709e-02
  4.14055288e-02 -3.78246047e-02 -8.03549439e-02 -5.81264310e-02
 -6.73707575e-03  9.66876522e-02  4.11279462e-02  3.56327780e-02
 -6.45228997e-02 -2.55240239e-02  4.93248142e-02 -2.21300665e-02
 -4.54968177e-02  9.33263544e-03  2.35000113e-03  3.53715047e-02
  7.53170811e-03 -2.48359311e-02  8.39590952e-02  5.06729335e-02
 -1.82948876e-02 -1.79212671e-02 -1.98924281e-02  4.96332869e-02
 -1.24373071e-01 -3.12443543e-02  2.60794088e-02  9.31492671e-02
 -3.70758213e-02  3.63096260e-02 -8.41577202e-02  4.66861799e-02
  4.23075184e-02 -2.86409408e-02  7.93958269e-03 -2.90247295e-02
  1.82709005e-02  4.34004515e-02 -1.18849583e-01  1.09054573e-01
 -3.90630849e-02 -1.57889202e-02  3.61359045e-02 -8.52876902e-02
 -3.91649874e-03  5.47974743e-02 -9.82745290e-02  2.59804539e-02
  1.15291223e-01  2.14979984e-02 -3.78033929e-02 -2.00801734e-02
 -3.41746258e-03 -3.07873427e-03  7.20371380e-02 -3.09772417e-02
 -2.90421732e-02 -3.21395919e-02  7.91899487e-03  1.01093315e-02
 -9.00280103e-02  6.01860508e-02 -7.27559580e-03 -2.59682033e-02
  1.36303874e-02 -5.06491363e-02 -4.09708507e-02 -2.66911350e-02
 -5.45258373e-02 -1.14054382e-01 -7.39550665e-02 -1.39158387e-02
 -1.45208407e-02  1.14602953e-01  4.14168127e-02 -1.97295266e-33
  3.93182747e-02  2.22160332e-02  1.38621433e-02  3.02145798e-02
  1.21572670e-02  7.42746703e-03 -2.14631390e-02 -3.50999385e-02
  2.34262478e-02  2.95658242e-02  3.99563611e-02 -1.12524619e-02
 -3.29205878e-02  7.69237801e-02  8.01678225e-02  4.83897664e-02
 -7.85730630e-02 -1.28023341e-01  3.55447941e-02  3.71350087e-02
 -4.65305848e-03  1.13507602e-02  3.64679508e-02 -1.89593211e-02
  7.77769387e-02  3.08527867e-03  3.13022137e-02  5.05162822e-03
 -2.52496116e-02  4.73030135e-02  2.59042438e-03 -2.69421153e-02
 -1.32423488e-03 -1.02154380e-02 -7.41039515e-02 -4.72188704e-02
 -1.38358139e-02  5.30378707e-02  5.03434502e-02 -2.52105966e-02
  6.32484257e-02  5.06160557e-02  3.98001522e-02  3.11298203e-03
  5.48688732e-02  2.84067504e-02 -2.61188508e-03  1.40034799e-02
 -5.51900007e-02 -3.29164155e-02 -3.53780314e-02 -3.23602185e-03
  5.96124455e-02  2.46451870e-02  6.89444714e-04  2.57604867e-02
 -5.00370674e-02 -3.55647951e-02 -9.48964618e-03 -7.17940554e-02
  7.83029385e-03 -5.83894216e-02  3.15067731e-03  1.50261903e-02
 -1.56323088e-03  1.55538050e-02  8.94738641e-03 -5.91983795e-02
 -2.92462911e-02 -4.56371829e-02  2.64298227e-02  5.60019426e-02
 -2.11508013e-02  5.51269650e-02  1.47119281e-03 -6.48175031e-02
  5.07617742e-02  1.40449740e-02  4.89784032e-02 -3.26183029e-02
 -1.43143255e-02  3.96366678e-02  1.10392869e-01  1.88106149e-02
 -1.99717194e-01 -3.01729627e-02 -6.69996589e-02  6.53523207e-02
  1.54225659e-02  2.23384425e-02 -6.51845755e-03  6.20759614e-02
  1.88698503e-03  9.40430388e-02 -1.05999976e-01 -4.73274753e-08
 -1.06389932e-01  3.82795511e-03  2.67042946e-02 -1.82052853e-03
  7.34958379e-03  1.20041870e-01 -2.58708675e-03 -5.37179783e-02
 -5.18965861e-03 -6.65300936e-02  5.21052070e-02  1.77285857e-02
  4.06206399e-02  3.93052585e-02 -3.72050516e-02  2.32647620e-02
 -5.68635704e-04  1.72571912e-02 -2.64160987e-02  1.77049451e-02
  9.92792323e-02  2.16836296e-02 -5.57163768e-02  8.06308538e-02
  5.67719601e-02 -1.04806321e-02 -5.05636595e-02  6.37660846e-02
  6.29195245e-03  1.76313836e-02  2.08124295e-02  2.79288609e-02
  7.73157552e-02  2.31199320e-02 -4.10583839e-02  5.61775379e-02
 -1.96263157e-02  1.43621434e-02  4.91962694e-02  2.03259122e-02
 -2.58090273e-02  1.07363619e-01 -2.20976826e-02  4.18293849e-03
  5.61047755e-02 -3.91941564e-03 -6.29144907e-02 -1.34586170e-01
 -1.66396778e-02  4.29837257e-02 -1.48504907e-02  7.35784546e-02
 -2.85870843e-02  3.79520766e-02 -3.50203961e-02  3.77351753e-02
 -8.13395344e-03 -2.81398799e-02 -1.24908490e-02  1.45629542e-02
 -2.51096208e-02  1.41722495e-02 -2.02418566e-02 -6.47789612e-02]"
68,../SysML-v2-release-src/training/31. Constraints/Constraint Assertions-1.sysml,"package 'Constraint Assertions-1' {
	private import ISQ::*;
	private import SI::*;
	private import NumericalFunctions::*;
	
	part def Engine;
	part def Transmission;
	
	constraint def MassConstraint {
		in partMasses : MassValue[0..*];
		in massLimit : MassValue;
			
		sum(partMasses) <= massLimit
	}
	
	part def Vehicle {
		assert constraint massConstraint : MassConstraint {
			in partMasses = (chassisMass, engine.mass, transmission.mass);
			in massLimit = 2500[kg];
		}
		
		attribute chassisMass : MassValue;
		
		part engine : Engine {
			attribute mass : MassValue;
		}
		
		part transmission : Engine {
			attribute mass : MassValue;
		}
	}	
}","Generate a SysML v2 model that encapsulates a vehicle system defined within the package 'Constraint Assertions-1'. Model consists of parts for an Engine and a Transmission, each with a mass attribute. Include a mass constraint named 'MassConstraint' that enforces the total mass of the components to not exceed a specified limit. The Vehicle part will assert this mass constraint, taking in the mass values of the chassis, engine, and transmission. The mass limit is set at 2500 kg, ensuring the system adheres to weight regulations. Define the chassis mass as an attribute within the Vehicle part, and provide detailed connections to the Engine and Transmission parts, each possessing their own mass attributes. This model will facilitate the evaluation of component masses in vehicle design for compliance with performance and regulatory standards.","[-1.05814105e-02  4.63584214e-02 -4.49729152e-03  3.05381995e-02
  1.13783618e-02 -1.24478610e-02  1.12528484e-02  6.04848154e-02
 -8.61821249e-02 -9.39977914e-03  4.86721434e-02 -4.41953316e-02
  6.36967048e-02  2.03331988e-02 -3.66091132e-02 -2.44549979e-02
  7.25667477e-02  4.46701981e-02 -4.67880741e-02  5.99465929e-02
  1.09492742e-01 -2.92202793e-02 -2.56776176e-02  2.27456982e-03
 -1.06746666e-01 -5.50756156e-02 -3.68131436e-02  8.99473876e-02
  2.81188060e-02 -1.03705794e-01  3.38790342e-02  5.82158573e-05
  2.06182543e-02 -9.29895043e-03  6.88191354e-02 -3.88765447e-02
 -4.66078613e-03 -7.85014480e-02 -6.56213388e-02 -4.71981242e-02
 -2.63843723e-02 -7.93252662e-02 -1.20126903e-02  2.10859179e-02
  8.20230469e-02 -1.53587759e-03  1.02310628e-02  2.08454560e-02
 -5.72847761e-03 -3.84150557e-02 -1.55140627e-02  1.23049375e-02
 -2.16436256e-02 -2.84776324e-03 -5.16685396e-02 -5.03845364e-02
  4.47021089e-02 -1.56766437e-02 -8.64986181e-02 -1.84489563e-02
  3.13917622e-02 -1.22339949e-02 -7.81581327e-02 -1.36744305e-02
  1.31761981e-03  5.09164818e-02 -5.85609674e-02 -2.10779347e-02
  3.14994417e-02  1.40226662e-01 -6.19995466e-04 -8.87779742e-02
 -2.08340473e-02  7.45379403e-02  2.07671318e-02 -2.15674452e-02
  5.65501954e-03 -1.67292710e-02  4.40715104e-02 -2.84066517e-02
 -6.79341629e-02  3.27192880e-02 -5.81810065e-02 -7.05964267e-02
  3.50695709e-03 -4.12621498e-02  3.78668495e-02  4.38261256e-02
  3.27576809e-02  8.74009728e-02  1.90752596e-02 -3.82768549e-02
  5.78331724e-02  4.98265103e-02  7.36065283e-02  2.16950793e-02
 -4.37127575e-02 -3.24982665e-02  6.91948608e-02 -3.32139386e-03
 -4.87652753e-04  7.42567107e-02  7.94577748e-02  5.63269742e-02
 -5.82488775e-02  6.54896870e-02 -2.26808582e-02 -1.00184036e-02
 -4.81107011e-02 -6.99075535e-02  5.60708679e-02  7.08952397e-02
 -1.16062472e-02 -6.71108067e-02 -2.48022489e-02 -4.05383185e-02
  5.40917702e-02  9.64571349e-03  2.94566546e-02 -2.96956822e-02
  1.05404956e-02 -4.57251035e-02  6.56776950e-02  1.09875472e-02
  8.19925070e-02 -1.08224712e-03 -8.92098397e-02  1.41724909e-33
 -1.24614380e-01 -2.08607297e-02  2.35545468e-02  8.45660791e-02
 -5.15479185e-02  2.68934183e-02 -1.22429254e-02  6.80104196e-02
  8.29572789e-03  7.56261423e-02 -7.16273040e-02 -4.34221365e-02
 -5.36681823e-02  5.38562378e-03  7.37523139e-02 -6.76046163e-02
  4.02430166e-03  6.71061501e-02  2.81015411e-02 -2.28284393e-02
 -1.15438104e-02 -5.33114225e-02 -1.48843210e-02 -2.03300305e-02
  7.20393807e-02  6.46801889e-02  2.58754045e-02 -1.57078672e-02
 -4.21191491e-02  2.16738563e-02  1.46330502e-02  8.46967939e-03
  2.67895702e-02  7.59706944e-02 -2.59641185e-02 -3.95733118e-02
 -7.26269037e-02 -5.04577644e-02  6.15544468e-02 -9.76629090e-03
  5.21245301e-02 -3.79476510e-02 -3.60012800e-02  3.31203304e-02
 -1.08710855e-01  2.37041265e-02  7.12784752e-02  2.64215413e-02
 -2.55218446e-02 -1.36807980e-02  2.34042276e-02  1.79213323e-02
  5.06282151e-02 -1.00486781e-02 -2.75641922e-02  1.40844658e-02
  2.92350315e-02  2.25861426e-02 -1.88519582e-02  6.77379146e-02
 -8.33213106e-02 -5.10856044e-03  5.93281947e-02 -8.49215314e-03
  5.48916161e-02  2.80148815e-02 -8.50150064e-02 -7.05306679e-02
 -7.77387805e-03  5.42039573e-02 -4.99434881e-02 -1.84162725e-02
 -2.37543620e-02  6.65502399e-02  3.33956704e-02 -4.80946228e-02
  5.84565811e-02  7.31671322e-03 -6.44563362e-02 -5.40381763e-03
 -1.56012192e-01  1.27128497e-01 -1.00737922e-02 -3.48706730e-02
 -5.44980168e-03 -1.67309791e-02 -4.19380963e-02 -3.16817388e-02
 -1.78642033e-04 -6.35539144e-02 -1.94531754e-02 -4.40042466e-02
 -6.95871934e-02  2.46702582e-02  2.74701100e-02 -1.74144970e-33
  4.63271560e-03  3.23333256e-02  1.81393679e-02  2.50569191e-02
  2.73718610e-02 -8.25705305e-02 -3.40051167e-02 -6.64062938e-03
 -4.67974767e-02  8.85022655e-02  6.65552467e-02 -4.14917395e-02
  3.77676561e-02  1.06518678e-02 -1.20065250e-02  2.18683332e-02
 -6.76496178e-02 -1.43890336e-01 -2.05012877e-02  2.98662782e-02
  1.04225986e-02  8.06112215e-02  3.26246768e-02  1.32737914e-02
  3.72097529e-02 -4.16251719e-02 -6.31739870e-02 -1.41300764e-02
  3.60020436e-02  1.11801922e-02  1.51228672e-03 -1.92569327e-02
  4.94160056e-02  2.49484647e-02 -8.77489243e-03 -9.61036980e-02
  1.92696340e-02  3.57392654e-02 -6.10223785e-03  6.46555647e-02
  7.54217664e-03  1.46817714e-02 -2.52029672e-02  3.22070234e-02
  1.92730948e-02 -2.07527168e-02  7.53041282e-02 -7.20357522e-02
  5.48896194e-02 -4.75624166e-02  4.82251681e-03 -4.89052273e-02
  6.35151416e-02  2.38997154e-02  1.14205386e-02 -2.65560462e-03
  3.45733203e-02 -3.27921957e-02  4.04058136e-02 -1.40316887e-02
  6.18843473e-02 -5.42450696e-02  6.56701764e-03 -1.89271141e-02
 -2.08005751e-03 -8.48468617e-02 -2.44259592e-02 -4.80052643e-02
 -3.14808153e-02  2.47021168e-02  3.74103896e-02 -1.64081529e-02
  6.20087534e-02  4.39179316e-02 -1.65755451e-02 -7.74505287e-02
  1.06129954e-02  4.05326672e-02  1.17182337e-01 -5.77479377e-02
 -4.83919047e-02  4.42314101e-03  6.98606819e-02  1.08332679e-01
 -4.39761095e-02 -2.02332740e-03 -4.34750691e-02  8.80153701e-02
 -8.15960858e-03  8.12203884e-02 -5.24144582e-02  5.85520715e-02
  6.96843863e-03  1.03520475e-01 -9.93782803e-02 -4.35681606e-08
 -3.12684141e-02 -5.07234223e-02 -6.94341771e-03 -1.72650348e-02
  2.28037816e-02  6.82916343e-02 -6.61710650e-02 -7.01810345e-02
 -8.29957612e-03  5.04829288e-02  3.69132794e-02 -1.69131495e-02
 -1.15990418e-03  2.59708110e-02 -6.99866861e-02  4.20034789e-02
 -1.61087736e-02  5.36501147e-02 -5.69703802e-02 -5.78212477e-02
  6.27309307e-02  3.42421159e-02 -2.93196347e-02  8.64928365e-02
  1.00282073e-01 -8.90657753e-02 -3.79664637e-02  3.81918438e-02
  6.50312528e-02  3.93176712e-02  5.95691847e-03  1.63283534e-02
  4.39777821e-02  3.37089151e-02  2.22860277e-02  8.18670467e-02
 -8.87094140e-02  6.77531511e-02  6.97335303e-02 -1.61462035e-02
  7.00097010e-02 -7.69326405e-04 -1.86920515e-03  2.48922631e-02
  5.40792942e-02  9.59221125e-02 -1.74838260e-01 -5.38730063e-02
 -7.51946568e-02  3.48070413e-02  9.25636268e-04 -4.93207201e-03
 -6.90367967e-02  1.19370230e-01 -6.21283092e-02  9.80693940e-03
  5.09666336e-07  2.88437586e-03  4.91711609e-02 -8.71695578e-02
  2.32920563e-03  7.69377947e-02  3.12749408e-02 -3.58440764e-02]"
69,../SysML-v2-release-src/training/31. Constraints/Constraint Assertions-2.sysml,"package 'Constraint Assertions-2' {
	private import ISQ::*;
	private import SI::*;
	private import NumericalFunctions::*;
	
	part def Engine;
	part def Transmission;
	
	constraint def MassConstraint {
		in partMasses : MassValue[0..*];
		in massLimit : MassValue;
	}
	
	constraint massConstraint : MassConstraint {
		in partMasses : MassValue[0..*];
		in massLimit : MassValue;
			
		sum(partMasses) <= massLimit
	}
	
	part def Vehicle {
		assert massConstraint {
			in partMasses = (chassisMass, engine.mass, transmission.mass);
			in massLimit = 2500[kg];
		}
		
		attribute chassisMass : MassValue;
		
		part engine : Engine {
			attribute mass : MassValue;
		}
		
		part transmission : Engine {
			attribute mass : MassValue;
		}
	}	
}","Generate a SysML v2 model structured under the package 'Constraint Assertions-2'. Model three primary components: an 'Engine', a 'Transmission', and a 'Vehicle'. Define a constraint named 'MassConstraint' that checks the sum of part masses against a specified mass limit. Create an instance of this constraint called 'massConstraint' where the total mass of the vehicle parts, including the chassis, engine, and transmission, must not exceed 2500 kg. In the 'Vehicle' part, assert the 'massConstraint' by referencing the mass attributes for individual parts. Specify the chassis mass as an attribute and ensure that both the engine and transmission have their respective mass attributes for integration into the overall mass calculation.","[-1.32119134e-02  2.84445826e-02 -1.09257791e-02  2.81897616e-02
 -1.20978029e-02 -2.65516303e-02  1.16678951e-02  4.15609293e-02
 -8.99427980e-02  1.17608914e-02  2.96371784e-02 -7.89519921e-02
  6.04778342e-02  4.14387248e-02 -4.11748849e-02 -3.41893919e-02
  3.84410992e-02  6.96951821e-02 -3.42608206e-02  2.53298394e-02
  1.15173206e-01 -2.72849500e-02  4.92380792e-03  5.83577994e-03
 -5.99483438e-02 -8.96678194e-02 -4.53313217e-02  9.26010162e-02
  3.00320759e-02 -5.98701537e-02  2.37034820e-02  7.54440296e-03
 -1.67929400e-02  4.09566890e-03  1.03457928e-01 -4.84201647e-02
 -4.03201319e-02 -6.59096465e-02 -4.78495993e-02 -6.84679449e-02
 -1.53415343e-02 -4.86994348e-02 -1.26196397e-02  2.35611646e-04
  7.03779459e-02  1.15279621e-02 -1.73873324e-02  2.83520538e-02
  2.50918791e-02 -9.05234460e-03 -1.12672821e-02  1.90846529e-02
 -7.42258132e-03  1.14604486e-02 -5.61444685e-02 -5.85081540e-02
  4.37553339e-02 -2.31307335e-02 -1.08399451e-01 -5.83314616e-03
  2.20975503e-02 -2.06950884e-02 -7.22162724e-02 -4.89927940e-02
 -4.97115869e-03  6.88841045e-02 -6.25021309e-02  6.83984160e-03
  1.79460198e-02  1.63155243e-01  9.75951552e-03 -9.51728076e-02
 -1.68221295e-02  7.06171319e-02  2.50794441e-02 -3.59449200e-02
  6.03668317e-02 -2.47807037e-02  2.53348202e-02 -1.20627973e-02
 -9.02775228e-02  3.47850323e-02 -5.83400577e-02 -5.74058443e-02
  2.08098125e-02 -3.30618992e-02  4.44942154e-02  6.86784238e-02
  3.71550880e-02  6.28811046e-02  8.98784678e-03 -1.79258343e-02
  1.46904411e-02  2.53091101e-02  8.45553130e-02  1.76492594e-02
 -6.41572475e-02 -2.47929599e-02  5.20727225e-02 -1.44952014e-02
 -2.48624198e-02  6.02619089e-02  7.98426643e-02  2.04358008e-02
 -4.43972275e-02  6.79091811e-02 -2.60630809e-02 -2.39753979e-03
 -6.07480854e-02 -5.53443469e-02  8.12240243e-02  9.86302420e-02
  4.33143973e-02 -4.16801162e-02 -1.53118232e-02 -3.52653000e-03
  7.09973946e-02 -1.21900607e-02  2.95858551e-02 -5.01337051e-02
  1.48558440e-02 -3.88719663e-02  3.10177542e-02  3.34762707e-02
  7.30002522e-02  6.62943814e-03 -7.99006820e-02  2.05782445e-33
 -1.07416168e-01 -3.40367928e-02  7.36026838e-02  8.24473873e-02
 -5.98192997e-02  7.17392564e-02 -1.56652201e-02  6.77781329e-02
  3.33803333e-02  6.71597123e-02 -5.61521985e-02 -4.42225412e-02
 -4.44807298e-02 -4.39789295e-02  2.32442338e-02 -8.51432085e-02
  9.75641981e-03  6.12480305e-02  1.47459824e-02 -2.61545610e-02
  6.77120173e-03 -7.73329660e-02 -3.08149476e-02 -1.12597030e-02
  5.52942827e-02  6.02393448e-02  2.18697991e-02 -5.54334279e-03
 -4.88424711e-02  2.67682076e-02  2.36923657e-02 -4.41839424e-04
  5.91530511e-03  5.19882999e-02 -1.14336507e-02 -5.33168912e-02
 -6.49349317e-02 -2.95247082e-02  7.15843737e-02  6.19608210e-04
  6.06862418e-02 -2.69480255e-02 -1.60415247e-02  3.59200053e-02
 -1.31485865e-01  2.25444082e-02  6.05066940e-02  2.40034238e-02
  1.92414094e-02 -1.11439042e-02  4.90159169e-02 -7.61541072e-03
  2.31706761e-02 -8.65247101e-03 -4.80521321e-02  1.81119200e-02
  1.72771253e-02  1.19001139e-02 -8.87149666e-03  4.36705127e-02
 -7.55272508e-02 -1.77030433e-02  6.59493655e-02  1.49201574e-02
  8.21180716e-02  2.99893878e-02 -6.88902363e-02 -5.63555434e-02
  9.35579743e-03  4.21058647e-02 -6.40941262e-02 -4.05553468e-02
 -6.09680219e-03  5.26038185e-02  5.13756275e-02 -7.87534788e-02
  6.88759983e-02  1.10529298e-02 -6.23857938e-02 -5.03946980e-03
 -1.29581839e-01  1.22624762e-01 -2.05340493e-03 -3.60463820e-02
  7.97523372e-03 -1.05012814e-02 -3.35141532e-02 -6.34277333e-03
 -2.41544358e-02 -1.11338779e-01 -3.04415468e-02 -5.13478108e-02
 -4.75897826e-02  1.17309364e-02  6.85457466e-03 -2.11994694e-33
  2.34678108e-03  3.12711746e-02  6.53504506e-02 -6.00251090e-03
  1.47245340e-02 -1.01490624e-01  1.62961744e-02 -2.91607101e-02
 -4.50029075e-02  7.86913708e-02  6.31188676e-02 -5.56974895e-02
 -4.85650788e-04 -5.52256266e-03 -1.62456091e-02  2.78605018e-02
 -4.67643254e-02 -1.34251356e-01  5.77164441e-03  6.06026575e-02
 -4.67245560e-03  6.47800490e-02  5.01564927e-02  1.37103237e-02
  2.78091002e-02 -4.19685170e-02 -4.98882346e-02  2.04172288e-03
  1.66412089e-02 -5.43566095e-03  1.53879849e-02 -1.96780674e-02
  3.18554379e-02 -1.74935833e-02 -1.55312261e-02 -9.63046402e-02
 -7.93530140e-03  5.27182631e-02 -5.16209751e-04  5.70064932e-02
 -9.43079882e-04  2.58489605e-02 -3.54186855e-02  2.19558123e-02
  3.01180631e-02 -8.91031115e-04  8.27186555e-02 -8.96465108e-02
  2.96375547e-02 -1.18914489e-02  1.51976477e-02 -4.65956442e-02
  2.66094394e-02  2.69180145e-02  2.65630074e-02  5.62668545e-03
  4.71345857e-02 -7.33513609e-02  2.16312800e-03 -3.80659290e-02
  3.01614441e-02 -6.71547577e-02  2.46890672e-02 -7.17628794e-03
  1.20798219e-02 -5.11399694e-02 -9.73523967e-03 -5.80156259e-02
 -1.98646672e-02  3.03983483e-02  2.26526260e-02  4.97359261e-02
  8.83451998e-02  5.32920398e-02 -1.74616780e-02 -3.45817432e-02
 -9.36183205e-05  6.86333179e-02  1.23818345e-01 -6.52861223e-02
 -4.09750901e-02 -1.02411686e-02  8.70342106e-02  8.74397159e-02
 -8.09274688e-02  1.11822849e-02 -4.10991386e-02  1.00079387e-01
 -2.17324402e-02  9.62060541e-02 -1.10081695e-01  1.98056474e-02
  7.58110583e-02  8.18249062e-02 -7.68731236e-02 -4.58961189e-08
 -2.92091891e-02 -3.64873670e-02  7.69620412e-04 -4.88681830e-02
  3.31098028e-02  5.57249375e-02 -8.82460028e-02 -3.18991169e-02
  4.94939834e-03  2.50509158e-02  1.04304515e-02  7.30746938e-03
  2.47736834e-02  3.43886018e-02 -9.34758633e-02  2.53532827e-02
 -3.85393342e-03  3.96128297e-02 -3.66876610e-02 -6.86723664e-02
  5.74804582e-02  2.53358353e-02 -2.30697487e-02  9.62893590e-02
  1.07853100e-01 -6.03318140e-02 -5.16088158e-02  2.36628000e-02
  6.68478161e-02  6.53458107e-03  2.27930229e-02 -1.99961942e-02
  2.52028387e-02  5.83960079e-02  2.06893981e-02  8.87664109e-02
 -9.21040103e-02  7.24048689e-02  5.28105907e-02 -1.33123426e-02
  5.07412367e-02  1.88937541e-02 -4.86273691e-03  8.68775416e-03
  5.66101186e-02  8.54300633e-02 -1.82983771e-01 -6.40671626e-02
 -7.19073340e-02  4.28230986e-02  1.77714899e-02 -5.73739735e-03
 -4.87009250e-02  9.82827619e-02 -7.28125274e-02  6.78388728e-03
 -3.57523398e-03 -3.53916013e-03  4.54252884e-02 -6.49214163e-02
  7.70973368e-03  6.18292764e-02 -1.46281498e-03 -3.31703015e-02]"
70,../SysML-v2-release-src/training/31. Constraints/Constraints Example-1.sysml,"package 'Constraints Example-1' {
	private import ISQ::*;
	private import SI::*;
	private import NumericalFunctions::*;
	
	part def Engine;
	part def Transmission;
	
	constraint def MassConstraint {
		in partMasses : MassValue[0..*];
		in massLimit : MassValue;
			
		sum(partMasses) <= massLimit
	}
	
	part def Vehicle {
		constraint massConstraint : MassConstraint {
			in partMasses = (chassisMass, engine.mass, transmission.mass);
			in massLimit = 2500[kg];
		}
		
		attribute chassisMass : MassValue;
		
		part engine : Engine {
			attribute mass : MassValue;
		}
		
		part transmission : Engine {
			attribute mass : MassValue;
		}
	}
}","Generate a SysML v2 model for the package 'Constraints Example-1'. Model components include definitions for the parts: Engine and Transmission. Introduce a constraint named MassConstraint that ensures the sum of part masses does not exceed a specified mass limit. The Vehicle part incorporates this constraint by specifying its attributes: chassis mass and the masses of its engine and transmission components. The mass constraint enforces that the total mass (chassisMass, engine.mass, and transmission.mass) must remain below or equal to 2500 kilograms. Use relevant imports from the ISQ, SI, and NumericalFunctions libraries to support mass-related calculations and definitions. This model effectively illustrates how to implement and utilize constraints within a vehicle system design while maintaining clarity and compliance with specific mass requirements.","[ 8.93396512e-03  5.86562939e-02  1.28233256e-02 -1.98950991e-03
 -2.41247341e-02 -9.82902385e-03  6.90821325e-03  6.28137961e-02
 -1.20396286e-01 -4.44503594e-03  1.56624690e-02 -5.46822697e-02
  6.98194951e-02  9.92121175e-03 -2.58402172e-02 -1.64403897e-02
  5.43333627e-02  2.03507114e-02 -7.21566677e-02  3.05993818e-02
  1.20196812e-01 -2.41319258e-02  3.53284995e-04 -2.77032759e-02
 -1.01866402e-01 -6.32781759e-02 -1.61703508e-02  5.54148257e-02
  1.26905367e-02 -6.95213452e-02  7.52988504e-03 -1.04981456e-02
  4.18592207e-02 -2.23982017e-02  6.03834540e-02 -4.90523390e-02
 -1.90127790e-02 -7.50433803e-02 -6.62451461e-02 -5.53243347e-02
 -6.84450939e-02 -3.39422300e-02  3.53844161e-03  1.79728139e-02
  6.64383098e-02 -1.74984634e-02 -2.14002337e-02  3.93252149e-02
  1.69248320e-02 -3.85742448e-02  7.03286100e-03  2.00295467e-02
 -1.61855407e-02  8.10651388e-03 -3.41567509e-02 -3.90690416e-02
  2.59134546e-02 -8.75102822e-03 -8.55860338e-02 -1.77319907e-02
  2.16750801e-02 -1.43687353e-02 -7.47930631e-02 -4.43924703e-02
 -3.35031413e-02  4.07028683e-02 -6.84793815e-02 -1.20338928e-02
  3.13966908e-02  1.52484193e-01 -2.16182750e-02 -6.60191774e-02
 -4.09413781e-03  4.34873141e-02  2.11703405e-02 -1.95928682e-02
  7.04536960e-02  6.55210752e-04  2.20733043e-02 -3.09512625e-03
 -4.90082987e-02  5.09516150e-02 -4.79571745e-02 -3.11570670e-02
  2.18891557e-02 -7.82188401e-02  4.50029001e-02  5.38909696e-02
  7.37672001e-02  6.73851296e-02  1.94764528e-02 -1.32995872e-02
  3.56431082e-02  2.54573189e-02  9.76117700e-02  2.10431609e-02
 -2.98709683e-02 -2.44749058e-02  3.25723514e-02 -8.00297689e-03
  4.05402352e-05  5.34143560e-02  8.91572461e-02  3.94679308e-02
 -5.38503937e-02  6.26055598e-02 -3.49247344e-02 -4.14469140e-03
 -6.19678162e-02 -6.67599067e-02  8.50082114e-02  6.51328862e-02
  5.75454580e-03 -7.38072321e-02 -2.80809030e-02 -3.04214172e-02
  7.40436018e-02 -3.54604758e-02  4.71983217e-02 -4.21129204e-02
 -1.78540964e-02 -4.75723669e-02  6.75444901e-02  3.15611139e-02
  8.44994336e-02  1.32384920e-03 -7.75542185e-02  1.73645532e-33
 -1.58138990e-01 -1.76109597e-02  2.76687182e-03  7.33973980e-02
 -4.50550467e-02  2.16944925e-02 -6.66495087e-03  5.70838079e-02
  4.21432080e-03  5.54390699e-02 -4.30828221e-02 -5.49807847e-02
 -6.38057590e-02 -2.78375223e-02  4.18651737e-02 -7.30140358e-02
  5.52892871e-03  6.47934154e-02  1.91941578e-02 -1.37461359e-02
 -2.80903596e-02 -7.15691447e-02 -2.26774774e-02  2.09461860e-02
  7.99493715e-02  8.32712129e-02  3.43985185e-02 -2.35441085e-02
 -4.00312431e-02  1.30321700e-02  1.62538812e-02  1.02135576e-02
  3.47364880e-02  3.31034474e-02 -2.96137445e-02 -9.82925482e-03
 -5.40329702e-02 -2.68741231e-02  6.56167716e-02 -7.77634885e-03
  5.20891324e-02 -1.43858604e-02 -1.07923076e-02  3.90706807e-02
 -1.21436797e-01  3.90623882e-02  9.87217128e-02  2.10231170e-02
  5.10957092e-03 -1.48924831e-02 -2.58353557e-02  1.90089699e-02
  6.13993071e-02 -2.36945637e-02 -4.19362932e-02 -1.21187922e-02
  4.50883582e-02 -1.73023976e-02 -3.79460566e-02  6.19372092e-02
 -8.04784372e-02 -2.36111376e-02  9.59879309e-02  6.59420388e-03
  8.77124071e-02  2.21780073e-02 -1.06326580e-01 -5.12725450e-02
 -1.47470448e-03  4.54081558e-02 -8.40020850e-02 -3.61082554e-02
  1.07195992e-02  5.85639887e-02  3.45698334e-02 -8.56200233e-03
  8.85097161e-02  1.34516200e-02 -7.10940585e-02 -1.38661927e-02
 -1.31352529e-01  1.36579007e-01  1.72246136e-02 -3.86958197e-02
  4.73845843e-03 -2.01467853e-02 -1.32332370e-02  1.18906032e-02
 -1.78977696e-03 -8.99994522e-02 -1.17535656e-02 -2.80179232e-02
 -4.28628139e-02  3.76671776e-02  3.58240865e-02 -2.44143822e-33
  8.28847382e-03  4.48125675e-02  3.35292593e-02 -2.02159155e-02
  4.84365746e-02 -5.41824847e-02 -1.07561396e-02 -2.16693711e-02
  4.28018579e-03  7.63031095e-02  2.82057859e-02 -5.62036335e-02
  3.93198468e-02  2.06798594e-02 -2.53474116e-02  3.01838256e-02
 -6.01431020e-02 -1.26085669e-01 -1.41901150e-02  4.81396243e-02
 -2.39502243e-03  4.67768237e-02  1.34141836e-02  9.70459729e-03
  5.96797392e-02 -3.57829332e-02 -4.59697396e-02 -3.90189439e-02
  1.23857446e-02  1.21681914e-02 -8.71503353e-03 -2.98617408e-02
  4.73347306e-02  3.03883362e-03 -1.46037238e-02 -1.02284536e-01
 -4.09462154e-02  4.62998562e-02  1.97288767e-02  4.89973724e-02
  1.53451357e-02  4.67191776e-03 -6.72825193e-03  3.56049873e-02
  3.55920643e-02 -1.95475155e-03  7.79375583e-02 -6.96362928e-02
  2.41204146e-02 -5.23149818e-02 -4.88266675e-03 -4.74699736e-02
  2.87336838e-02 -4.30742744e-03  1.41373528e-02  8.14958848e-03
  1.72103122e-02 -3.07825729e-02  5.38581610e-02 -2.94532999e-02
  1.92465968e-02 -8.26330706e-02  2.24080533e-02 -4.58348505e-02
 -3.96009684e-02 -7.48890415e-02 -9.97673348e-03 -6.33918792e-02
 -3.02480832e-02  2.01907642e-02 -6.83444133e-03  1.01996800e-02
  9.54294652e-02  5.05759120e-02 -3.80398296e-02 -5.15161045e-02
 -3.86312860e-03  5.49954847e-02  1.31678179e-01 -4.25883904e-02
 -4.83069718e-02  1.91409122e-02  7.47011378e-02  1.16064765e-01
 -7.08807930e-02  1.72711778e-02 -3.26543115e-02  8.82886872e-02
 -5.41836908e-03  6.67518377e-02 -6.49551675e-02  3.24811339e-02
  3.18176225e-02  9.54852551e-02 -1.09988570e-01 -4.44798900e-08
 -6.49528997e-03 -2.91575566e-02 -5.24638258e-02 -2.84624100e-02
  3.91226374e-02  6.70666695e-02 -3.74790132e-02 -5.47766276e-02
 -4.39701788e-03  5.95115237e-02  1.30708171e-02  1.19901577e-03
  4.70563509e-02  4.32159007e-02 -1.02196872e-01  5.57252653e-02
 -1.54979955e-02  6.06092289e-02 -4.78690043e-02 -7.48747811e-02
  3.77758816e-02  2.03003362e-02 -1.78819094e-02  8.52274522e-02
  1.15845539e-01 -7.73016214e-02 -2.96090152e-02  4.79009151e-02
  8.24920982e-02  8.74086376e-03  1.32226888e-02 -1.22500036e-03
  3.27912308e-02  5.30894585e-02  4.36465675e-03  4.77224626e-02
 -8.28256756e-02  6.11217432e-02  7.42554739e-02 -1.54326679e-02
  7.36002699e-02 -3.29745305e-03  3.58399050e-03  1.28573691e-02
  3.32012549e-02  1.16224296e-01 -1.63920194e-01 -4.39198315e-02
 -8.22408348e-02  5.52236252e-02 -5.50325494e-03  2.14980580e-02
 -6.03671521e-02  1.02119774e-01 -2.90103424e-02 -7.43524870e-03
 -2.77002621e-03 -3.81868449e-03  5.75045533e-02 -8.99115279e-02
 -3.84714417e-02  6.46356493e-02 -4.43583354e-03 -3.12630124e-02]"
71,../SysML-v2-release-src/training/31. Constraints/Constraints Example-2.sysml,"package 'Constraints Example-2' {
	private import ISQ::*;
	private import SI::*;
	private import NumericalFunctions::*;
	
	part def Engine;
	part def Transmission;
	
	constraint def MassConstraint {
		attribute partMasses : MassValue[0..*];
		attribute massLimit : MassValue;
			
		sum(partMasses) <= massLimit
	}
	
	part def Vehicle {
		constraint massConstraint : MassConstraint {
			redefines partMasses = (chassisMass, engine.mass, transmission.mass);
			redefines massLimit = 2500[kg];
		}
		
		attribute chassisMass : MassValue;
		
		part engine : Engine {
			attribute mass : MassValue;
		}
		
		part transmission : Engine {
			attribute mass : MassValue;
		}
	}
}","Generate a SysML v2 model encapsulated within the package 'Constraints Example-2'. Model a vehicle system including parts for Engine and Transmission while adhering to defined mass constraints. The core constraint, 'MassConstraint', regulates the total mass of vehicle components, comparing the sum of their masses against a specified limit. The Vehicle part incorporates a specific mass constraint, redefining mass values from the chassis, engine, and transmission to ensure compliance with the limit of 2500 kg. Additionally, capture the chassis mass as an attribute and define mass attributes within the Engine and Transmission parts, thus facilitating the assessment of whether the overall mass meets regulatory standards. This model serves as a practical example of applying constraints to component mass management in vehicular design.","[ 3.25655080e-02  4.10081781e-02  2.28271750e-03  1.13159185e-02
  2.12487821e-02 -5.53406775e-03  2.53296318e-03  5.31084724e-02
 -7.56280795e-02 -3.27699655e-03  3.95398922e-02 -4.41592298e-02
  5.15548177e-02  2.80460585e-02 -1.73249692e-02 -3.81715186e-02
  1.07676603e-01  3.49045470e-02 -5.53077646e-02  6.06180914e-02
  1.09985128e-01 -1.23716565e-02 -9.89483111e-03  7.13638682e-03
 -9.69828367e-02 -5.27753010e-02 -3.90618145e-02  8.11951905e-02
  1.30660310e-02 -8.71412605e-02  1.73234139e-02  9.52334423e-03
  4.41173762e-02  1.08876936e-02  4.36468571e-02 -7.66162053e-02
 -4.03902829e-02 -6.71320781e-02 -7.04257861e-02 -4.36655097e-02
 -2.04018746e-02 -6.69616759e-02 -3.61622907e-02  3.81714329e-02
  5.77620864e-02  5.40967472e-03  4.14972147e-03  3.34655419e-02
 -3.05462573e-02 -4.38588560e-02  7.72885559e-03  1.02735655e-02
 -3.70695777e-02  1.35346632e-02 -4.25056741e-02 -5.54477423e-02
  3.28593850e-02 -9.56682488e-03 -7.17018321e-02 -2.49729492e-02
  3.11006010e-02 -1.67811625e-02 -8.63919333e-02 -2.29850840e-02
  6.42657699e-03  2.42353939e-02 -6.00979961e-02 -1.07064256e-02
  6.37962902e-03  1.38445646e-01  2.28083134e-02 -8.01560879e-02
 -1.39854709e-02  4.43758816e-02  4.00496311e-02 -2.37854738e-02
  7.97763281e-03 -1.57758612e-02  3.23805697e-02 -2.73105502e-02
 -5.55579215e-02  4.95673157e-02 -4.45192717e-02 -3.04696299e-02
  1.73164550e-02 -6.21315725e-02  2.82222107e-02  2.79216338e-02
  3.35508250e-02  6.43474385e-02  9.65665001e-03 -4.06239219e-02
  8.84888992e-02  1.46815460e-02  7.07147866e-02  2.33597718e-02
 -3.74364369e-02 -2.17288658e-02  5.43959178e-02 -1.47994207e-02
  1.61970854e-02  7.23005012e-02  6.54414520e-02  4.97166179e-02
 -2.95607578e-02  6.18263707e-02 -2.83757206e-02 -1.19606508e-02
 -3.61031033e-02 -5.11265397e-02  8.27624202e-02  9.03566256e-02
  1.16817774e-02 -7.46754333e-02 -3.24524604e-02 -4.06941473e-02
  8.19680318e-02  3.73869785e-04  4.47278731e-02 -4.35588062e-02
 -1.61202084e-02 -7.18486011e-02  7.19269663e-02 -1.05720130e-03
  8.45506340e-02  3.05021554e-02 -7.53066689e-02  2.47033058e-33
 -1.29150972e-01 -4.89905626e-02 -4.39293915e-03  7.37632662e-02
 -3.07671111e-02  1.99919939e-02 -2.81779673e-02  6.74753264e-02
  3.35730910e-02  5.71397543e-02 -5.83637506e-02 -3.92965488e-02
 -4.39219326e-02 -1.66185871e-02  7.37003088e-02 -6.80128783e-02
 -4.76966193e-03  8.77775997e-02  2.61465888e-02 -2.54724361e-02
 -2.36652382e-02 -8.34170803e-02 -1.40293259e-02  1.13592658e-03
  7.31630027e-02  6.84155598e-02  1.07556488e-02 -2.14357618e-02
 -3.17242965e-02  2.07425654e-02  2.07200111e-03  4.28099930e-02
  4.82984260e-02  7.63650090e-02 -3.22468355e-02 -8.63882247e-03
 -7.97022656e-02 -4.02405858e-02  5.81071079e-02 -3.11320741e-02
  5.40496483e-02 -2.47435104e-02 -3.13720144e-02  1.68628898e-02
 -1.01073340e-01  3.32078040e-02  8.14753771e-02  4.21353132e-02
 -3.12767178e-02 -1.12455990e-02  1.01145953e-02  7.80769764e-03
  6.88129589e-02 -2.91035827e-02 -3.59696150e-02  2.58179735e-02
  4.44749258e-02 -1.17622679e-02 -4.44807522e-02  5.31227328e-02
 -1.22493520e-01  2.77881906e-03  7.18880668e-02  2.75809430e-02
  8.59280750e-02  4.45323400e-02 -9.07745585e-02 -6.36197925e-02
 -9.59796738e-03  5.69909252e-02 -6.98169544e-02  8.79441760e-03
 -3.34413461e-02  7.14033544e-02  3.60560082e-02 -3.61207277e-02
  7.00674653e-02  3.75589763e-04 -9.48181674e-02 -2.83490289e-02
 -1.44540027e-01  1.49634883e-01  3.62609536e-03 -1.12707736e-02
  1.60218384e-02 -2.45377384e-02 -2.74437014e-02 -7.05877505e-03
  1.06389038e-02 -5.61068915e-02 -1.03975609e-02 -4.81937006e-02
 -6.97926134e-02  4.46292311e-02  5.28347194e-02 -2.08825084e-33
 -2.93048751e-02  3.53464447e-02  2.14660564e-03  4.09927638e-03
  5.84719032e-02 -7.66457096e-02 -2.78386213e-02 -3.62407677e-02
 -2.36180685e-02  5.99449985e-02  4.60637510e-02 -4.13367972e-02
  5.37443906e-02  1.06216129e-02 -2.81062210e-03  1.32252928e-02
 -8.77285972e-02 -1.25194564e-01 -3.19739245e-02  7.91842397e-03
 -1.84844956e-02  3.23308483e-02  4.41348478e-02  6.44268095e-03
  3.49094421e-02 -3.24455760e-02 -6.36763647e-02 -9.94424801e-03
  3.12507376e-02 -3.12434789e-03  8.50764010e-03 -2.12899670e-02
  4.65054996e-02  8.76742508e-03 -1.48954634e-02 -6.24925271e-02
 -1.28938947e-02  5.43348938e-02 -1.90697573e-02  5.96370175e-02
 -2.35820957e-03  1.10384766e-02 -1.53460782e-02  3.35993059e-02
  2.66537480e-02 -1.53459124e-02  9.16901454e-02 -7.13790357e-02
  4.39124033e-02 -5.17150536e-02 -2.59925425e-03 -4.66990992e-02
  2.32888013e-02  9.67448950e-03 -2.22602719e-03  2.38589495e-02
  5.86012155e-02 -3.44855636e-02  3.81336957e-02 -3.52185741e-02
  5.89052960e-02 -5.71452081e-02 -4.14235611e-03 -7.68613210e-03
 -2.90154759e-02 -8.40285793e-02  2.25515196e-05 -5.65199181e-02
 -3.81012522e-02  2.84097455e-02  3.20379995e-02 -4.73667867e-03
  5.70279211e-02  4.98036630e-02 -2.43561566e-02 -5.93745187e-02
 -9.79280099e-03  2.95285080e-02  1.02633864e-01 -4.18569259e-02
 -5.16925938e-02 -9.15757939e-03  7.24715590e-02  1.10521868e-01
 -3.55377272e-02 -4.22929833e-03 -4.01903018e-02  7.82994851e-02
 -1.50931561e-02  7.29344338e-02 -7.49338344e-02  5.84089346e-02
 -5.52368409e-04  9.96406972e-02 -1.08689114e-01 -4.24802664e-08
 -1.61869712e-02 -3.52845080e-02 -7.19673140e-03 -2.06897836e-02
  1.49028627e-02  5.16343303e-02 -4.27818485e-02 -5.92729785e-02
 -3.44647504e-02  8.76331031e-02  1.88308544e-02  3.95137910e-03
  1.52899995e-02  2.80979611e-02 -5.44064753e-02  5.34695908e-02
  2.25473288e-02  5.05207628e-02 -6.66748285e-02 -3.99014205e-02
  4.91382331e-02  3.85640636e-02 -4.69253138e-02  8.70090276e-02
  1.20777987e-01 -8.30415636e-02 -2.04378404e-02  7.55077749e-02
  9.15613398e-02  3.31836753e-02  3.26898582e-02  3.73193361e-02
  4.60105240e-02  5.16983606e-02  9.73040122e-04  3.71873528e-02
 -9.71656814e-02  5.88310845e-02  7.96984881e-02 -2.51549762e-02
  6.18077330e-02 -1.51782446e-02  2.26066168e-03  3.93425934e-02
  2.85081845e-02  1.22600175e-01 -1.59072250e-01 -4.15335260e-02
 -7.09242746e-02  1.67204402e-02 -7.10183894e-03 -1.43214529e-02
 -3.80635113e-02  1.13987632e-01 -3.64656374e-02  1.10084109e-03
  2.09097732e-02 -5.04302839e-03  6.98439777e-02 -8.08468461e-02
 -2.86678988e-02  8.50248560e-02  1.56505834e-02 -3.80644165e-02]"
72,../SysML-v2-release-src/training/31. Constraints/Derivation Constraints.sysml,"package 'Derivation Constraints' {
	private import SI::*;
	private import 'Constraints Example-1'::*;
	
	part vehicle1 : Vehicle {
		attribute totalMass : MassValue;			
		assert constraint {totalMass == chassisMass + engine.mass + transmission.mass}	
	}
	
	part vehicle2 : Vehicle {
		attribute totalMass : MassValue = chassisMass + engine.mass + transmission.mass;
	}
	
	constraint def Dynamics {
		in mass: MassValue;
		in initialSpeed : SpeedValue;
		in finalSpeed : SpeedValue;
		in deltaT : TimeValue;
		in force : ForceValue;

		force * deltaT == mass * (finalSpeed - initialSpeed) and
		mass > 0[kg]
	}
	
}","Generate a SysML v2 model that encapsulates the 'Derivation Constraints' package, which focuses on the relationship between vehicle components and their mass calculations. The model includes two vehicle parts, vehicle1 and vehicle2, both deriving total mass from its constituent parts—chassis, engine, and transmission. Vehicle1 asserts a constraint that validates total mass as the sum of its components, while vehicle2 directly computes this value. Additionally, define a constraint called Dynamics to represent the relationship among mass, speed, and force over time, ensuring mass is always a positive value. This package integrates imports from SI units and constraints from an example, establishing a solid foundation for vehicle dynamics modeling.","[-8.71669501e-03  5.70426369e-03  3.65827023e-03  3.34892459e-02
  8.37296527e-03 -2.37374920e-02  9.62251157e-04  4.92821820e-02
 -3.44107188e-02 -5.31150866e-03  5.03305718e-02 -4.89772148e-02
  7.22723231e-02  4.32630032e-02 -5.12601174e-02 -2.03408506e-02
  1.43899871e-02  8.47260207e-02 -6.97650313e-02  3.39033082e-02
  7.97436014e-02 -2.60995980e-02  2.60957126e-02 -2.51680985e-02
 -6.67226538e-02 -3.80428098e-02 -5.22868894e-02  7.80248344e-02
  1.36808716e-02 -8.52437168e-02  4.03800514e-03 -6.25284202e-03
  3.88614722e-02 -4.78269905e-03  3.76146026e-02 -7.60090202e-02
 -1.12910140e-02 -2.59783976e-02 -6.88941553e-02 -3.50494199e-02
 -5.16248792e-02 -4.59180810e-02 -3.49815749e-03  1.69969518e-02
  8.18322301e-02  1.28194336e-02  2.83624399e-02  1.18640922e-02
  1.38096092e-02 -2.48373039e-02 -1.97129603e-02  4.40690592e-02
 -4.59320955e-02 -1.77290477e-02 -2.38650441e-02  1.07094133e-02
  4.60824855e-02  2.37555839e-02 -5.86822294e-02 -2.40989663e-02
  1.13567915e-02 -1.69767179e-02 -5.20201772e-02 -2.06788816e-02
  1.56454241e-03  3.18106785e-02 -5.73487505e-02  2.72733103e-02
  1.35943983e-02  1.53798342e-01 -3.13821919e-02 -4.09302898e-02
  3.44953081e-03  3.00757419e-02  4.85113412e-02 -5.54340146e-02
  5.86182438e-02  2.85374187e-02  3.76786105e-02 -1.89691633e-02
 -4.63638455e-02  4.40639108e-02 -5.12526892e-02 -5.34182638e-02
  5.34438528e-03 -4.33883630e-02  5.05286902e-02  5.88219352e-02
  8.20635557e-02  7.57931471e-02 -7.88874179e-03 -2.06365585e-02
  5.94309978e-02  2.02741548e-02  8.56152773e-02  3.74949500e-02
 -4.98786978e-02 -2.76658796e-02  4.76898998e-02 -6.12800941e-03
 -2.22651474e-02  6.62688985e-02  5.65512702e-02  4.62052450e-02
 -2.84434892e-02  5.15185408e-02  5.94051788e-03  2.28320435e-03
 -1.53378891e-02 -2.33097859e-02  1.17167279e-01  8.09023529e-02
 -1.14762951e-02 -3.73369120e-02 -2.84421872e-02 -4.72181216e-02
  6.57402799e-02 -2.27510799e-02  5.28011993e-02 -6.92178681e-02
 -2.32916009e-02 -8.94861221e-02  6.85323030e-02  4.33289409e-02
  7.42064863e-02 -1.81909390e-02 -5.96221462e-02  1.13924973e-33
 -1.62277877e-01 -3.47584784e-02  1.86719429e-02  9.21408832e-02
 -3.91298831e-02  8.07958841e-03 -3.64742689e-02  3.97207215e-02
  1.74509883e-02  5.31314574e-02 -9.31821615e-02 -1.67306773e-02
 -6.03971742e-02 -2.21944116e-02  2.48694401e-02 -4.40567322e-02
 -1.61119495e-02  5.02495468e-02  9.73841082e-03 -1.41980378e-02
 -6.32937020e-03 -3.66226025e-02 -4.07405645e-02 -4.26623318e-03
  6.91923797e-02  8.89477059e-02  3.54040228e-02  3.97538580e-02
 -3.39296088e-02 -1.27773527e-02  1.49265653e-03  5.22274012e-03
  2.83118547e-03  4.99547534e-02  4.75615636e-03 -1.71069410e-02
 -6.47408441e-02 -4.47432846e-02  6.58714399e-02 -4.46165493e-03
  4.67016026e-02 -2.29021590e-02 -5.09126261e-02  4.36049560e-03
 -1.43102258e-01  2.56627426e-02  6.43064156e-02  1.83820426e-02
 -1.37764383e-02 -3.59864086e-02 -6.98847622e-02  2.23994683e-02
  5.50299175e-02 -3.36424746e-02 -8.69304538e-02  1.33401407e-02
  3.97231318e-02 -5.42091031e-04 -5.63474707e-02  6.62425160e-02
 -1.06157847e-01  1.81601681e-02  1.02009341e-01 -2.80713160e-02
  4.28313278e-02  4.80447523e-02 -1.19187117e-01  5.13426866e-03
  1.20911701e-02  3.17172185e-02 -3.08209211e-02 -1.20092742e-02
 -1.50505276e-02  4.00851481e-02  7.15194717e-02 -2.99712773e-02
  7.63013661e-02  2.29039439e-03 -4.92228270e-02  2.44169589e-02
 -1.35282233e-01  9.44540128e-02 -3.51896347e-03 -2.87708603e-02
 -2.33568288e-02 -9.22116730e-03 -4.84730862e-02 -4.12488617e-02
 -1.96227897e-02 -6.69829696e-02 -2.61250995e-02 -3.48350964e-02
 -8.04637149e-02  4.61658724e-02  2.99764778e-02 -2.55193836e-33
 -1.59073640e-02  3.58076356e-02  2.98768152e-02 -2.02910621e-02
  3.24865580e-02 -5.09404428e-02 -4.31983732e-02 -2.77510099e-02
 -7.87353958e-04  5.43794259e-02  5.55083677e-02 -6.37003183e-02
  1.20905740e-02  2.22044531e-03  2.42904220e-02  2.70484462e-02
 -3.52675691e-02 -1.52304232e-01  3.74825031e-04  3.08077112e-02
 -1.61727034e-02  5.70597798e-02 -2.76293978e-03 -5.76100592e-03
  3.86976339e-02 -2.11064350e-02 -2.93919928e-02  1.34875979e-02
 -1.76412184e-02  3.06852702e-02  2.20538639e-02 -3.67888138e-02
  3.16666476e-02  1.82116702e-02 -5.64435795e-02 -9.12659913e-02
 -3.20875458e-02 -1.10528925e-02  1.22238677e-02  1.61933210e-02
  7.50022987e-03  1.04835974e-02  1.85817983e-02 -1.28782000e-02
  3.67737971e-02  1.15332659e-02  9.21144709e-02 -3.65962759e-02
  4.57645096e-02 -4.27087471e-02  2.16997489e-02 -1.62851289e-02
  2.67565454e-04 -2.13770606e-02 -9.81440861e-03  1.68786161e-02
  4.53025848e-02 -2.34161224e-02  5.00949174e-02 -2.58120503e-02
  2.38530990e-02 -5.72001413e-02 -9.13338084e-03 -9.24205780e-03
 -8.74244720e-02 -5.98633289e-02 -6.96673198e-03 -8.42571482e-02
 -1.77460127e-02 -5.03858691e-03  2.80356575e-02  3.91779207e-02
  5.87391257e-02  7.11869225e-02 -3.28541286e-02 -6.00858964e-02
  2.73180101e-02  3.73849981e-02  1.08546458e-01 -1.00594811e-01
 -2.36452930e-02 -1.79966958e-03  1.13709196e-01  9.37152356e-02
 -1.36311561e-01 -1.72573682e-02 -4.99831438e-02  8.55107009e-02
  2.12205760e-03  9.69214290e-02 -6.66526332e-02  6.95086047e-02
  1.36899082e-02  1.07992291e-01 -1.39149249e-01 -4.36037233e-08
 -2.17801556e-02 -2.15807874e-02  2.18792893e-02 -4.56250720e-02
 -3.50321340e-03  8.76900554e-02 -1.41394157e-02 -4.56717759e-02
 -4.15253751e-02  4.22782265e-02  2.98682358e-02 -5.33634145e-03
  1.53526217e-02  2.84811016e-02 -9.88586470e-02  7.50724226e-02
 -4.03813436e-04  3.75796221e-02 -4.74767387e-02 -6.85911924e-02
  6.18118010e-02  3.73641141e-02 -1.00761419e-02  1.00408413e-01
  1.15094714e-01 -7.68967122e-02 -4.83934619e-02  6.17472269e-02
  7.09225163e-02 -3.19799893e-02  6.59104623e-03  3.97696868e-02
  3.58456895e-02  3.88455093e-02  3.14372182e-02  5.06051108e-02
 -5.67244440e-02  5.17773889e-02  4.37719673e-02 -4.40854183e-06
  4.49736677e-02  3.54924574e-02 -6.47574337e-03  1.35800075e-02
  2.66963467e-02  9.49260369e-02 -1.67736769e-01 -8.92334506e-02
 -7.38725066e-02  3.80241685e-02  5.54931648e-02  2.44974550e-02
 -7.73369223e-02  1.04605563e-01 -4.25534993e-02 -1.06685283e-02
 -2.14268491e-02 -3.93916294e-03  5.94600290e-02 -7.33005777e-02
 -4.43409272e-02  4.93827015e-02  3.47371623e-02 -4.49039713e-02]"
73,../SysML-v2-release-src/training/31. Constraints/Time Constraints.sysml,"package 'Time Constraints' {
	private import ISQ::TemperatureValue;
	private import ISQ::DurationValue;
	private import Time::TimeInstantValue;
	private import Time::TimeOf;
	private import Time::DurationOf;
	private import SI::h;
	private import SI::s;

	attribute def MaintenanceDone;
	
	part def Vehicle {
		attribute maintenanceTime : TimeInstantValue;
		attribute maintenanceInterval : DurationValue;
		attribute maxTemperature : TemperatureValue;
	}
	
	state healthStates {
		in vehicle : Vehicle;
		
		entry; then normal;
		
		state normal;
		accept at vehicle.maintenanceTime
			then maintenance;
		
		state maintenance {
			assert constraint { TimeOf(maintenance) > vehicle.maintenanceTime }
			assert constraint { TimeOf(maintenance) - TimeOf(normal.done) < 2 [s] }
			entry assign vehicle.maintenanceTime := vehicle.maintenanceTime + vehicle.maintenanceInterval;
		}
		accept MaintenanceDone
			then normal;
		
		constraint { DurationOf(maintenance) <= 48 [h] }
	}
}","Generate a SysML v2 model encapsulated within the package 'Time Constraints' to effectively manage vehicle maintenance operations. The model includes necessary imports to handle time-related attributes such as `TimeInstantValue`, `DurationValue`, and `TemperatureValue`. It defines a `Vehicle` part with attributes for `maintenanceTime`, `maintenanceInterval`, and `maxTemperature`. Within the `healthStates`, the vehicle transitions between a `normal` state and a `maintenance` state based on predefined maintenance times. The `maintenance` state incorporates constraints to ensure that the maintenance duration remains within 48 hours, and further asserts that each maintenance event occurs after the previously recorded maintenance time while respecting a short interval of less than 2 seconds. The model captures the completion of maintenance through the `MaintenanceDone` event, transitioning back to the `normal` state. This structure allows for clear oversight of vehicle health and maintenance scheduling, ensuring robust time management for vehicle operations.","[-5.39448075e-02  1.06366305e-02  5.72491735e-02  4.28448431e-02
  3.36452983e-02 -3.96022126e-02  2.38645151e-02  2.33289301e-02
 -3.30510028e-02  2.48703659e-02  4.57242355e-02  3.38199036e-03
  1.24614993e-02  2.31431965e-02  1.15631439e-03 -3.52974497e-02
  2.29563154e-02 -7.38322362e-02 -1.15069665e-01  2.85425433e-03
  8.34566504e-02  7.24755693e-03 -3.19760628e-02  5.24482541e-02
 -1.20528936e-01 -1.47058524e-03 -1.53738810e-02  3.65590863e-02
  6.08502291e-02 -1.18104033e-02 -5.86941838e-02  5.21022873e-03
  2.01627184e-02  2.51810439e-02  2.22813711e-02  3.14378366e-02
  9.03482269e-03 -6.79219142e-02 -6.35753796e-02 -8.19249675e-02
 -1.28768897e-02 -7.06627145e-02 -5.45477122e-02  3.36551410e-03
  4.04208861e-02  2.37115775e-03  1.88972112e-02 -6.65903389e-02
  4.08912264e-03  2.80641466e-02 -3.61719169e-02  5.77458069e-02
  3.41018252e-02 -1.17704226e-02  2.98399646e-02  1.11206494e-01
  3.32646407e-02 -4.24764939e-02 -1.45422071e-01 -7.02756643e-02
  1.32813863e-02  6.00402616e-03 -5.85912541e-02 -1.57979485e-02
  4.35976163e-02 -2.14442890e-02 -3.46506387e-02 -2.40454301e-02
  3.06665823e-02  5.93116432e-02 -1.17180660e-01 -9.14419722e-03
 -2.07373053e-02  3.05603538e-02  6.30650204e-04 -3.72947901e-02
  8.06075633e-02 -2.45737191e-02  2.56713014e-03 -1.23932295e-01
 -2.55406313e-02 -8.54654238e-03  1.18347825e-02  1.88761130e-02
  2.68381890e-02 -5.50621599e-02  4.45063561e-02  4.17410918e-02
  1.10140502e-01  6.95477426e-02 -1.65724102e-03 -1.03486574e-03
  6.09511063e-02 -3.17957662e-02  1.67480111e-02  5.41052222e-02
  1.18866162e-02  6.66496828e-02  3.05463653e-02  1.92746855e-02
 -2.15759296e-02  8.91289115e-03  3.31220627e-02  1.34922517e-03
  4.94488142e-03  1.93424686e-03 -3.76134776e-02  1.05669571e-03
 -6.38227463e-02 -3.43960151e-02  5.56233339e-02  7.19435737e-02
  5.45269921e-02 -6.57507703e-02  6.35767821e-03  7.10175037e-02
 -3.50132547e-02  4.21408266e-02  3.62241566e-02 -4.83574066e-03
  3.54493447e-02 -6.10508199e-04  6.95132092e-02 -3.73905413e-02
  7.13923872e-02  2.18929369e-02  6.74341470e-02  3.06330063e-33
 -5.20138480e-02 -7.47837573e-02 -4.81300019e-02  4.06010859e-02
 -2.80033741e-02  9.25025120e-02 -5.34386449e-02 -3.23973298e-02
  6.61937967e-02 -2.10050922e-02 -7.31209852e-03 -2.99468338e-02
 -5.23809791e-02 -6.69446513e-02  1.29247615e-02 -2.49419939e-02
  1.14990547e-02  1.12759247e-01  2.14615627e-03 -3.13527547e-02
  4.36523668e-02 -6.40398264e-02 -6.13592751e-02  8.40235408e-03
  1.12191059e-01  4.02537063e-02  6.26437739e-02  2.34863851e-02
 -3.35828625e-02  1.74604133e-02  6.43725097e-02  7.08066374e-02
 -7.14898556e-02  3.61961536e-02  1.13811260e-02  2.28455607e-02
 -6.16631359e-02 -1.46458093e-02  6.05207533e-02 -4.86674048e-02
  1.42039275e-02 -2.60344557e-02 -2.42372192e-02  4.89703089e-04
 -4.62220274e-02 -1.00972503e-01  4.91595864e-02  1.54897673e-02
 -6.05996214e-02  4.20155050e-03  1.92783289e-02 -2.76364405e-02
  4.73161004e-02 -8.34191591e-02 -9.92593095e-02  6.58391342e-02
  7.72904307e-02 -5.97293563e-02 -8.60205516e-02  6.25282377e-02
  1.62277676e-04 -3.84498909e-02  1.23265265e-02 -5.06164357e-02
  5.75210825e-02  7.41776600e-02 -2.21318528e-02 -2.44577825e-02
  6.83761761e-02  4.34655733e-02 -2.81005427e-02  1.55254798e-02
 -1.55380461e-02  5.50900586e-02 -1.50253540e-02 -5.60783111e-02
  5.35758398e-02 -1.55017413e-02 -9.94065106e-02  6.25216961e-02
 -8.62472132e-02  3.37821171e-02 -6.43905029e-02  1.25769265e-02
  9.48593467e-02 -5.54278977e-02  4.87717080e-05 -4.82595041e-02
 -6.89018220e-02 -8.77633020e-02 -3.41829732e-02 -5.53934351e-02
  6.09629229e-03  4.52265777e-02  5.58783580e-03 -3.77666462e-33
  8.13647881e-02 -5.20846918e-02  1.92022044e-02  6.32646009e-02
  8.17909557e-03 -7.74505287e-02 -9.54999551e-02  6.38468191e-02
 -7.88747296e-02  1.25947166e-02  4.20873575e-02 -5.10601737e-02
 -2.10052226e-02 -8.41285586e-02 -6.09499700e-02  3.36077288e-02
  5.67949899e-02 -1.82452515e-01 -2.69049183e-02  4.99169864e-02
  2.06171945e-02  4.32375334e-02 -4.94643562e-02  2.67304797e-02
 -2.89681498e-02  1.15446420e-02 -4.38484363e-02  3.39693800e-02
 -7.44457124e-03  8.96430749e-04 -2.90046027e-03 -8.19943845e-02
  2.49818973e-02 -1.33063886e-02 -2.76279505e-02 -4.73968536e-02
 -4.41543870e-02 -6.72318712e-02 -2.10784338e-02  7.04660043e-02
  1.02607116e-01 -5.45435864e-03 -7.98770320e-03  4.40260442e-03
  4.68141679e-03  5.31626381e-02  1.60627048e-02 -6.41233996e-02
 -4.80877385e-02 -3.66777740e-02  6.81803301e-02 -8.57291222e-02
  5.62554784e-02  8.39082897e-02  2.91676596e-02  3.80811207e-02
 -2.10607480e-02 -6.02574423e-02 -4.92981859e-02  2.52864063e-02
  5.26927337e-02  9.17809550e-03  7.48868063e-02  3.38394642e-02
 -4.74520624e-02 -3.55898179e-02  3.03151961e-02 -3.02648377e-02
  1.52467086e-03 -4.11937237e-02  8.40580910e-02  6.08274266e-02
 -5.93052432e-02 -5.25760511e-03 -1.18539520e-02 -2.44919583e-02
 -3.94173786e-02 -1.22681223e-02  3.23580801e-02 -6.62141144e-02
 -1.39401853e-01 -4.33782041e-02  2.95374193e-03  8.71872678e-02
 -6.28224760e-02 -1.02211311e-02 -1.23191150e-02  8.52436349e-02
  1.01963647e-01  3.35646011e-02 -3.76843289e-02  4.72899564e-02
 -4.91359979e-02  1.43105239e-01 -1.11176178e-01 -5.01467099e-08
 -3.49840196e-03  5.73396534e-02  3.45998779e-02 -5.62658198e-02
  5.49901649e-02 -3.07673011e-02  2.47647930e-02 -2.76843850e-02
  1.82036944e-02  4.74057347e-02  3.50798815e-02  1.63177960e-02
 -1.23316254e-02 -4.27803658e-02 -3.63636054e-02  2.13881433e-02
  1.40496586e-02  5.56351319e-02 -4.64780852e-02 -4.00922075e-02
  4.06028032e-02 -5.26787899e-02 -2.58745663e-02  7.15557560e-02
  3.39316092e-02 -1.98251777e-03  3.26777846e-02  5.35350107e-02
  1.12814523e-01  1.05777076e-02  1.84281531e-03  4.85622995e-02
  1.02824681e-01  5.16145974e-02 -1.63061973e-02 -1.61160510e-02
 -1.88614205e-02 -2.46671177e-02  3.32804732e-02  5.77944666e-02
  6.33190423e-02  4.66488376e-02 -3.56176426e-03  5.58961481e-02
  1.71240624e-02 -3.55206318e-02 -5.94892837e-02 -5.96348830e-02
 -5.17040268e-02 -4.30861898e-02  1.61420293e-02 -9.39809345e-03
 -2.07609776e-02  1.04719818e-01 -6.63624555e-02  4.07876633e-02
  6.74765334e-02  1.56859420e-02  3.24405991e-02 -1.15836896e-02
 -3.24988142e-02  3.93227069e-03 -5.89772016e-02  7.49821169e-03]"
74,../SysML-v2-release-src/training/32. Requirements/Requirement Definitions.sysml,"package 'Requirement Definitions' {
	private import ISQ::*;
	private import SI::*;

	requirement def MassLimitationRequirement {
		doc /* The actual mass shall be less than or equal to the required mass. */
		
		attribute massActual: MassValue;
		attribute massReqd: MassValue;
		
		require constraint { massActual <= massReqd }
	}
	
	part def Vehicle {
		attribute dryMass: MassValue;
		attribute fuelMass: MassValue;
		attribute fuelFullMass: MassValue;
	}
	
	requirement def <'1'> VehicleMassLimitationRequirement :> MassLimitationRequirement {
		doc /* The total mass of a vehicle shall be less than or equal to the required mass. */
		
		subject vehicle : Vehicle;
		
		attribute redefines massActual = vehicle.dryMass + vehicle.fuelMass;
		
		assume constraint { vehicle.fuelMass > 0[kg] }
	}
	
	port def ClutchPort;
	action def GenerateTorque;
	
	requirement def <'2'> DrivePowerInterface {
		doc /* The engine shall transfer its generated torque to the transmission via the clutch interface. */
		subject clutchPort: ClutchPort;
	}
		
	requirement def <'3'> TorqueGeneration {
		doc /* The engine shall generate torque as a function of RPM as shown in Table 1. */
		subject generateTorque: GenerateTorque;
	}
}","Generate a SysML v2 model encapsulated in the package titled 'Requirement Definitions'. This model includes a foundation for defining mass-related requirements and vehicle specifications. It features a MassLimitationRequirement that ensures the actual mass does not exceed required limits, defined by attributes for actual and required mass values. Within this context, define a Vehicle part, encompassing attributes for dry mass, fuel mass, and total mass when fueled. Introduce a specific VehicleMassLimitationRequirement that consolidates the total vehicle mass based on its components, while enforcing a constraint that fuel mass must be greater than zero. Additionally, define a ClutchPort for interfacing and an action called GenerateTorque. Further, incorporate a DrivePowerInterface requirement indicating that the engine must transmit torque through the clutch interface. Lastly, specify a TorqueGeneration requirement that mandates the engine's torque output as a function of RPM, referencing a detailed schedule. This comprehensive model effectively captures vehicle mass limitations and power transfer dynamics.","[-6.20257817e-02  1.77776031e-02 -4.26781811e-02  7.08689392e-02
 -5.20867296e-02  1.25028696e-02 -9.10190772e-03  3.85844782e-02
 -6.83923662e-02 -2.00743042e-02  2.90156435e-02 -8.52576867e-02
  5.99555112e-02  6.00595959e-04 -2.19175052e-02  1.22117251e-03
  7.09045380e-02  3.68053503e-02 -2.95447204e-02  1.92692839e-02
  1.77551150e-01  3.07470490e-03  5.52549139e-02 -2.39784946e-03
 -8.61518383e-02 -1.00635402e-01 -3.90653946e-02  4.76931520e-02
  1.92617085e-02 -5.33036329e-02  1.42740859e-02 -2.53867563e-02
  3.33324000e-02 -3.33982334e-02  2.39889305e-02 -3.46389078e-02
 -2.54709390e-03 -3.54913399e-02 -5.09275123e-02 -3.79455574e-02
 -2.57490482e-02 -1.13755211e-01  4.55122516e-02  2.36351714e-02
  1.92119312e-02 -1.67656001e-02  7.90542457e-03  4.71755229e-02
 -2.39331648e-03 -2.28256099e-02 -4.14610989e-02  3.27625661e-03
 -1.96624137e-02 -1.17626488e-02 -2.27634218e-02 -3.34981382e-02
  5.68964407e-02 -5.39216399e-02 -6.64577857e-02 -8.15286934e-02
 -8.92379787e-03  2.50226073e-03 -4.46662009e-02 -2.63517909e-02
  5.72275324e-03  2.39856616e-02 -9.44880955e-03 -2.84091849e-03
  1.91940535e-02  1.34843856e-01 -4.56957817e-02 -8.16756859e-02
 -4.59988862e-02  6.34164363e-02  1.01645123e-02 -3.93946422e-03
 -1.27216736e-02  9.01779626e-03  5.66602079e-03 -2.82600056e-02
 -6.13984168e-02  4.06563133e-02 -3.28732319e-02 -3.40930149e-02
  1.75004341e-02 -2.51945872e-02  5.27076647e-02  2.32881792e-02
  5.25252111e-02  5.99336587e-02 -1.84321832e-02 -3.04511894e-04
  2.38076095e-02  1.90569705e-03  6.15408197e-02  5.87727092e-02
 -1.40536306e-02 -6.15721010e-02  4.00182568e-02 -3.41849886e-02
 -1.66780036e-02  5.71563318e-02  4.00569066e-02 -1.70394816e-02
 -6.88485056e-02  1.47681236e-02 -8.69780108e-02 -1.04905863e-03
 -7.26675689e-02 -1.86235476e-02  9.43804383e-02  8.47270712e-02
  2.15254053e-02 -6.11052103e-02  2.76069101e-02  3.55790406e-02
  2.95764161e-03 -2.96348776e-03  6.00775369e-02 -3.57321650e-03
 -3.74139696e-02 -4.70487475e-02  2.87998319e-02  4.68248166e-02
  9.72099528e-02 -2.84927357e-02 -3.50376815e-02  5.31296631e-33
 -9.49043408e-02 -5.40733747e-02  2.14195754e-02  1.56996638e-01
 -4.04574275e-02  3.53440456e-02  1.03570083e-02  1.21892774e-02
  1.09689515e-02  2.48393640e-02 -9.66176577e-03 -2.51738764e-02
 -4.41079251e-02  3.06556839e-02  1.96181946e-02 -7.49407187e-02
  6.09542197e-03  6.93750829e-02  7.38976970e-02 -6.51977286e-02
 -1.24417702e-02 -2.00838130e-02 -2.68588085e-02 -2.95203701e-02
  7.94651732e-02  1.28945172e-01  2.14358456e-02  4.14346159e-02
 -3.40851843e-02  2.94060092e-02  3.11610941e-02 -9.67136957e-03
 -1.91999394e-02  2.74869497e-03 -2.36245226e-02 -2.25113938e-03
 -7.19319507e-02 -5.61638921e-02  4.14769463e-02  3.36599313e-02
  3.50501314e-02 -2.51007844e-02 -8.02904069e-02 -9.74586699e-03
 -1.15903065e-01 -1.05420575e-02  9.48112085e-02  4.99539115e-02
 -3.33307398e-04  9.12162755e-03  4.34013307e-02 -3.13242190e-02
  3.31127234e-02 -1.73666533e-02 -5.44747375e-02  4.27700393e-02
  1.33675039e-02  4.28500772e-03 -4.82123531e-03  5.13765365e-02
 -9.67024788e-02  3.89263593e-03  2.11896002e-02  2.37612464e-02
  5.75211793e-02  3.55925895e-02 -3.57859321e-02 -7.81919062e-02
  2.07667500e-02  5.09436689e-02  3.35562858e-03 -6.42688274e-02
 -1.70263667e-02  2.65512858e-02  3.05812377e-02 -2.45209727e-02
  6.54094145e-02 -1.97116174e-02 -9.54302177e-02  7.18432572e-03
 -9.42910612e-02  1.13198496e-01  6.76239002e-03 -2.32173167e-02
  3.64392549e-02 -5.91958240e-02 -3.84802297e-02  3.81655507e-02
 -3.21675576e-02 -7.95874968e-02  1.23262983e-02 -7.00930804e-02
 -3.60655673e-02 -9.48019978e-03  8.88324622e-03 -4.54734112e-33
  2.26193722e-02 -3.11782025e-02  3.65898721e-02  5.51998541e-02
  5.44003583e-02 -2.75486261e-02  1.10985734e-03 -8.61950591e-02
 -3.96579280e-02  1.06972142e-03  9.65593010e-03 -5.06018400e-02
  6.15564547e-02  9.53575410e-03 -3.78425233e-03 -5.74094709e-03
 -3.33145969e-02 -1.29879326e-01 -2.85856854e-02  5.06342947e-02
  4.05184813e-02  6.34131506e-02  2.24362612e-02  4.94879372e-02
  1.87540483e-02 -3.54520790e-02 -4.93980497e-02  5.45484014e-02
 -1.31034255e-02  1.26052499e-02  4.00588475e-02 -3.09495777e-02
  4.26669903e-02 -2.88662277e-02 -5.72746433e-02 -7.43051991e-02
  2.15214752e-02  3.97132337e-02 -1.63543653e-02  1.41030759e-01
  9.98730585e-03 -1.70643590e-02 -5.64022847e-02  4.67101671e-02
 -1.94195267e-02 -3.01572178e-02  5.35593964e-02 -8.19720849e-02
  6.80917278e-02  1.68619733e-02  9.64596681e-03 -3.46136913e-02
 -1.28946202e-02  3.22085470e-02 -6.50989357e-03 -3.15072089e-02
  5.59605807e-02 -3.52709442e-02  6.25491217e-02  1.33791678e-02
  5.60307540e-02 -4.45057191e-02  3.07748783e-02 -4.44258861e-02
 -3.21427546e-02 -8.76943693e-02 -7.28452392e-03 -6.18067235e-02
 -1.99871641e-02  7.71630332e-02  5.09483144e-02  1.31423883e-02
  1.39807999e-01  4.10479046e-02 -5.53750666e-03 -3.69415917e-02
  3.62343527e-02 -6.10898575e-03  8.04464668e-02 -6.39722347e-02
 -6.28045425e-02 -3.17840767e-03  6.46909699e-02  8.43721479e-02
 -5.25165275e-02 -7.85476994e-03 -6.10850453e-02  8.62677917e-02
  3.37600186e-02  3.50105762e-02 -6.96411878e-02  2.08590887e-02
 -2.18038037e-02  1.21298335e-01 -9.35302228e-02 -4.88437841e-08
 -9.99050122e-03  5.14056813e-03  2.31245942e-02  1.79574881e-02
  3.02359127e-02  4.62516509e-02 -1.75011121e-02 -6.22763671e-02
  9.25035030e-03  9.29050334e-03  8.45131353e-02 -2.88090166e-02
  6.25208616e-02  3.43290530e-02 -2.97405068e-02  1.27662485e-02
  6.74282834e-02  6.23801276e-02 -6.88305274e-02 -7.35146850e-02
  3.69393341e-02  8.58179387e-03 -4.89601903e-02  6.46884814e-02
  1.70421124e-01 -6.78755790e-02 -3.21917720e-02  4.14033160e-02
  5.40923998e-02  1.04839876e-02 -2.58821505e-03  6.51025306e-03
  2.07405742e-02  4.09523211e-02 -9.88319633e-04  8.27109441e-02
 -7.94021562e-02  5.47342040e-02  5.62458076e-02  3.14110182e-02
  7.54356608e-02  2.77743340e-02 -2.88552288e-02  1.76395979e-02
 -8.11748765e-03  8.48787650e-02 -1.95217595e-01 -6.80540428e-02
 -7.90803656e-02  5.64978719e-02 -1.65984519e-02 -4.68902215e-02
 -3.00567728e-02  9.32458788e-02 -3.22495811e-02  2.52021179e-02
 -2.92803776e-02  8.29351470e-02  4.85014543e-02 -3.76144089e-02
  1.12322103e-02  7.79236928e-02  1.12042994e-06 -2.87848450e-02]"
75,../SysML-v2-release-src/training/32. Requirements/Requirement Groups.sysml,"package 'Requirement Groups' {
	private import 'Requirement Definitions'::*;
	private import 'Requirement Usages'::*;
	
	part def Engine {
		port clutchPort: ClutchPort;
		perform action generateTorque: GenerateTorque;
	}
	
	requirement vehicleSpecification {
		doc /* Overall vehicle requirements group */
		
		subject vehicle : Vehicle;
		
		require fullVehicleMassLimit;
		require emptyVehicleMassLimit;
	}
	
	requirement engineSpecification {
		doc /* Engine power requirements group */
		
		subject engine : Engine;
		
		requirement drivePowerInterface : DrivePowerInterface {
			subject = engine.clutchPort;
		}
		
		requirement torqueGeneration : TorqueGeneration {
			subject = engine.generateTorque;	
		}
	}
	
}","Generate a SysML v2 model that encapsulates the structure and requirements for a vehicle's engine system within the 'Requirement Groups' package. This model imports definitions and usages of requirements, establishing a comprehensive framework for vehicle and engine specifications. It includes a part definition for 'Engine', which contains a port 'clutchPort' and an action 'generateTorque' to specify torque generation functionality. 

The model further outlines the 'vehicleSpecification' requirement, documenting the overall expectations for the vehicle, including constraints on full and empty mass limits. Additionally, the 'engineSpecification' requirement focuses on engine-related power needs, detailing the 'drivePowerInterface', which interacts with the engine’s clutch port, and the 'torqueGeneration' requirement, associated with the engine's torque production action. This modular approach allows for clarity and organization in capturing the relationships and requirements pertinent to the vehicle’s performance and functionality.","[-7.64785707e-02  7.19637983e-03 -1.86317116e-02  4.07748632e-02
 -3.25699598e-02 -8.97443329e-04 -1.67182460e-02  3.65025662e-02
 -5.21775186e-02 -4.21928465e-02  2.62831040e-02 -5.69980778e-02
  4.85786162e-02 -4.64516804e-02 -1.59787666e-02  1.31862806e-02
  5.13643995e-02 -2.70471349e-03 -4.73073795e-02 -1.09485642e-03
  1.53260544e-01  2.14084685e-02  1.96058359e-02 -2.11387537e-02
 -9.83408988e-02 -5.38326614e-02 -4.95467596e-02  7.19183087e-02
  3.41846421e-02 -6.01840094e-02  1.37294037e-02  3.12100537e-02
  9.81157459e-03 -2.21982542e-02  2.91213095e-02  1.12486146e-02
  3.84327732e-02 -5.11391759e-02 -4.97695990e-02 -4.65225130e-02
 -2.57928222e-02 -9.38161984e-02  8.66126455e-03  2.32467987e-02
  2.50766091e-02  1.63148418e-02  1.73303857e-02 -1.40001206e-02
 -1.53179737e-02 -3.14210765e-02 -9.20579508e-02 -3.40868793e-02
 -2.18197759e-02 -3.49130705e-02 -2.41646394e-02  3.88353243e-02
  3.75972837e-02 -4.32403646e-02 -9.77585316e-02 -6.04435094e-02
 -3.75542580e-03  3.50445416e-03 -6.98562339e-02  3.92620126e-03
  5.27215656e-03  2.07243007e-04  8.18217453e-03 -3.74394469e-02
  1.28634591e-02  4.65709008e-02 -8.59583467e-02 -7.43148178e-02
 -4.02752869e-02  4.80894893e-02 -2.58937068e-02  1.52534489e-02
  1.69938076e-02 -2.24546362e-02  5.89730358e-03 -7.28237554e-02
 -4.16839682e-02  4.52076681e-02 -4.56641167e-02  1.59331337e-02
  2.48772558e-02 -1.23974318e-02  7.46025667e-02 -4.41993773e-02
  4.34125476e-02  9.19991210e-02 -6.15747087e-02 -5.16183041e-02
  4.55613695e-02  6.52015163e-03  3.73677947e-02  7.91076943e-02
  3.85991372e-02 -5.93510494e-02  2.69643143e-02 -1.41852284e-02
 -1.71487462e-02  5.05747683e-02  6.82023764e-02 -1.22080352e-02
 -1.00096501e-01  7.32336566e-03 -8.76886025e-02  2.51280405e-02
 -7.46380016e-02 -3.73924263e-02  4.44737747e-02  5.50693534e-02
  6.42852159e-03 -6.79698065e-02  1.52930170e-02  1.50514692e-02
 -4.28134575e-02 -3.10052512e-03  8.53431523e-02  6.46082265e-03
 -2.73014624e-02 -3.52780260e-02  4.43467796e-02  4.28891703e-02
  7.98324496e-02 -8.44090953e-02 -5.13142422e-02 -8.81283176e-34
 -6.61766306e-02 -4.73700874e-02  9.66435205e-03  1.73499003e-01
 -2.89595220e-02  7.20440969e-02 -1.75603218e-02  5.99683081e-05
  6.77326345e-04  4.63483594e-02 -2.62879059e-02 -1.20591894e-02
 -3.39882486e-02  5.03817536e-02  6.08608462e-02 -3.84453796e-02
 -3.23016085e-02  6.03864715e-02  4.46171351e-02 -2.76462436e-02
  9.03261546e-03  3.58073823e-02 -4.20177691e-02 -1.64460018e-02
  6.26545697e-02  1.25632599e-01  4.20237221e-02  2.57693678e-02
 -7.59017318e-02  4.04642746e-02  1.02334162e-02  1.88388471e-02
 -4.86423224e-02 -1.73754320e-02 -9.90162976e-03 -6.66905008e-03
 -1.99694112e-02 -7.61373937e-02  3.96796167e-02  3.53988521e-02
  3.19575146e-02  9.04498249e-03 -9.36500728e-02 -3.08100805e-02
 -9.27672386e-02 -2.02355217e-02  5.70971183e-02  6.34394065e-02
  1.99903212e-02  2.11168490e-02  1.80518720e-02 -3.55534181e-02
  1.09231502e-01  3.10103968e-03 -1.31000513e-02  4.45322990e-02
  2.11773925e-02  4.70770849e-03 -2.02136450e-02  8.35728124e-02
 -8.21680129e-02  1.66637506e-02  1.87541395e-02  9.46887862e-03
  7.24552870e-02  6.47849664e-02 -1.93435680e-02 -7.39254802e-02
  4.37476598e-02  7.22827986e-02 -4.02155183e-02 -6.39089942e-02
 -1.82615723e-02  8.12682211e-02  4.71322201e-02 -4.04556319e-02
  1.78621691e-02 -1.22867115e-02 -6.56436458e-02  1.67570896e-02
 -1.07495300e-01  1.38848141e-01 -3.35938297e-02 -2.26496104e-02
  2.55198088e-02 -6.85863048e-02 -2.20293384e-02  7.99814763e-04
 -4.19352092e-02 -5.62559739e-02  6.09642500e-03 -7.65131712e-02
 -6.51175380e-02  2.08544768e-02 -8.02885462e-03 -1.01985780e-33
  2.07038466e-02 -2.38450319e-02  2.07956415e-03  4.87112924e-02
  3.60570475e-02 -4.98647131e-02 -6.44060364e-03 -5.76355979e-02
 -2.12820675e-02  3.47101986e-02  2.35510021e-02 -3.02898586e-02
  6.51533678e-02  5.80541277e-03 -1.69611652e-04  4.85674042e-04
 -5.21230102e-02 -1.80261642e-01 -1.21660782e-02  6.53004199e-02
  4.56241071e-02  9.03166085e-02  3.98485176e-02  1.15739144e-02
  3.75380591e-02 -2.86883730e-02 -7.97442570e-02  4.62208875e-02
 -1.07020149e-02  8.20543151e-03  4.31740843e-02 -4.43625450e-02
  3.13703418e-02 -2.49530748e-02 -8.14782158e-02 -6.65356964e-02
  4.63216798e-03  1.63947269e-02 -1.22442944e-02  9.58003551e-02
  1.51046664e-02 -1.52743794e-02 -6.03562556e-02  5.57085760e-02
 -3.37587744e-02  7.06502330e-03  4.10106778e-02 -1.10358872e-01
  6.85169250e-02 -1.85494106e-02  4.98914421e-02 -2.10047308e-02
  3.81639861e-02  2.70936806e-02 -2.12899912e-02 -4.08791527e-02
  4.64453548e-02 -2.94170901e-02  6.12240024e-02  2.94059478e-02
  8.87238383e-02 -2.25205328e-02  1.63252447e-02 -2.58356910e-02
 -2.85182204e-02 -7.50601664e-02 -1.48801981e-02 -4.53406461e-02
  7.64166703e-03  3.06559671e-02  1.89216677e-02  1.29306994e-04
  8.27635527e-02  3.08552366e-02  4.45177360e-03 -2.13940181e-02
  1.10169696e-02 -3.27729248e-02  6.50359765e-02 -4.63152267e-02
 -7.78138861e-02 -1.44398389e-02  3.51325683e-02  9.53747630e-02
 -3.84345539e-02 -3.05083022e-02 -5.54909967e-02  9.02551636e-02
  6.27204552e-02 -2.36077160e-02 -2.00909525e-02  4.26568091e-02
 -6.36086687e-02  1.65919527e-01 -8.48037526e-02 -4.73495376e-08
  6.34066761e-03  1.99986435e-02  2.25705057e-02  1.95687804e-02
  2.21263878e-02  4.22173776e-02 -1.77300498e-02 -1.39203593e-02
  2.62051402e-03  3.34274098e-02  9.79764089e-02 -1.56111261e-02
  3.83314714e-02  4.13823463e-02 -3.10197077e-03  3.82837430e-02
  3.05574387e-02  8.11402723e-02 -7.11257532e-02 -9.33544338e-02
  7.32619315e-02 -6.70964876e-03 -3.58085446e-02  3.25503536e-02
  1.28623322e-01 -8.65647197e-02  1.79266278e-03  1.11836838e-02
  1.74731333e-02 -7.24520907e-03 -1.80600230e-02  1.77515205e-02
  7.96547234e-02  2.59720068e-02 -1.15228044e-02  1.07093714e-01
 -9.07073766e-02  5.06348982e-02  6.03966080e-02  7.39053590e-03
  5.09863235e-02  3.68078910e-02 -3.83173004e-02  5.74745052e-02
 -2.31678598e-02  5.73725589e-02 -1.26934007e-01 -7.65459090e-02
 -8.66137072e-02  1.72926709e-02 -5.64834587e-02 -1.72486883e-02
 -2.54610274e-02  8.64638463e-02 -5.23336716e-02  5.32757416e-02
 -1.40151475e-02  4.71303090e-02  2.37041079e-02 -5.43744341e-02
  1.02388952e-02  1.25614390e-01  2.03832183e-02 -2.17293408e-02]"
76,../SysML-v2-release-src/training/32. Requirements/Requirement Satisfaction.sysml,"package 'Requirement Satisfaction' {
	private import 'Requirement Definitions'::*;
	private import 'Requirement Groups'::*;
	
	action 'provide power' {
		action 'generate torque' { }
	}
	
	part vehicle_c1 : Vehicle {
		perform 'provide power';
			
		part engine_v1: Engine {
			port :>> clutchPort;
			perform 'provide power'.'generate torque' :>> generateTorque;
		}	
	}
	
	part 'Vehicle c1 Design Context' {
		
		ref vehicle_design :> vehicle_c1;
	
		satisfy vehicleSpecification by vehicle_design;
		satisfy engineSpecification by vehicle_design.engine_v1;
	
	}
	
}","Generate a SysML v2 model focused on the 'Requirement Satisfaction' package. Model the interactions between vehicle components and their roles in fulfilling specified requirements. Begin with actions, where the primary action is 'provide power', which encompasses a sub-action 'generate torque'. Define a part named 'vehicle_c1', which is an instance of the 'Vehicle' classifier, assigned to perform the action of 'provide power'. Within this, create a sub-part 'engine_v1', representing the 'Engine' classifier. Establish a port for interfacing, labeled 'clutchPort', and link the engine's performance to the power provision, specifically connecting it to the 'generate torque' action. Additionally, incorporate a part called 'Vehicle c1 Design Context' that references the previously defined 'vehicle_c1'. Ensure that this design context satisfies requirements for both the overall vehicle specification and the engine specification using the corresponding parts.","[-9.80915502e-02 -2.28292239e-03 -2.79547591e-02  3.14815119e-02
 -5.56360409e-02  2.48511788e-02 -2.61844918e-02  3.85479815e-02
 -6.09063059e-02 -5.72828250e-03  1.58318859e-02 -6.06100485e-02
  7.31491521e-02 -1.12749841e-02 -5.11463615e-04  3.49969864e-02
  6.83778152e-02  1.42402193e-02 -2.34710705e-02  2.14559175e-02
  9.97641087e-02  6.91279536e-03  6.44745678e-02 -2.29699407e-02
 -8.77535269e-02 -9.75209698e-02 -2.35862006e-02  9.77838114e-02
  3.59740704e-02 -5.92901744e-02  3.41227129e-02 -1.06966998e-02
 -7.88189005e-03 -2.09560860e-02  2.46714782e-02  1.63043458e-02
  1.07456772e-02 -5.14035299e-02 -5.87166063e-02 -5.89294545e-02
 -7.42624840e-03 -1.19837254e-01 -1.14890565e-04 -7.96807650e-03
  3.36227454e-02  1.07432273e-03  3.85230817e-02  3.54803838e-02
  2.14663800e-02 -4.39946130e-02 -5.89243732e-02 -2.98639070e-02
 -3.15072015e-02 -4.75074351e-02 -5.68625405e-02  4.38531190e-02
  4.94793318e-02 -3.43891941e-02 -1.01564996e-01 -8.78927782e-02
 -4.50878032e-03  2.59607472e-02 -5.31120189e-02 -1.60880983e-02
 -3.51883955e-02  4.04754356e-02 -7.48559739e-03  1.94149800e-02
  1.51104797e-02  7.16517419e-02 -9.35648456e-02 -8.78083557e-02
 -1.04733985e-02  2.09823195e-02 -9.23171174e-03 -7.60911033e-04
  3.12089827e-02 -2.27036346e-02  9.22946353e-03 -1.16958834e-01
 -5.00479043e-02  8.41912106e-02 -4.06138450e-02  4.55924906e-02
  5.13833947e-02 -1.30420532e-02  7.02574551e-02 -1.82167664e-02
  2.27830764e-02  5.97462170e-02 -3.83395255e-02 -1.98589917e-02
  3.73545513e-02 -3.38205434e-02  3.56858224e-02  5.48534766e-02
  4.35243025e-02 -2.33458690e-02  4.49993312e-02  5.18558268e-03
 -5.80774881e-02  2.70974301e-02  2.74933148e-02 -1.86169967e-02
 -9.12046805e-02  5.03354557e-02 -1.01899192e-01 -1.12420600e-02
 -5.06901890e-02 -3.69766019e-02  3.80480587e-02  7.44231716e-02
 -4.10851352e-02 -5.09531833e-02  2.62676217e-02  5.19476049e-02
 -1.25855468e-02 -1.09430430e-02  7.50070438e-02  6.55396702e-03
 -4.02921811e-03 -4.73389477e-02  3.56665961e-02  3.51063870e-02
  7.36159980e-02 -7.43843615e-02 -4.55163978e-02 -3.58678339e-34
 -1.08713061e-01 -4.78480719e-02  2.41797511e-02  1.63412452e-01
 -2.45412141e-02  8.60483199e-02  2.54684482e-02  1.36701791e-02
 -1.85506716e-02  8.19932222e-02 -3.26136611e-02 -5.41002117e-03
 -1.05136950e-02  9.91604850e-03 -2.09734775e-02 -4.17942181e-02
 -1.65651850e-02  2.51183845e-02  7.44540803e-03 -2.87568215e-02
  6.44362438e-03  1.60007272e-02 -2.33604666e-02  5.95832570e-03
  7.98939317e-02  8.40114728e-02  3.95847782e-02  3.65602784e-02
 -5.05418889e-02  3.54380533e-02  3.96655425e-02  4.52301977e-03
 -7.44981132e-03  2.16658525e-02 -4.46591303e-02 -3.05511579e-02
 -3.03090587e-02 -3.23089436e-02  4.33568805e-02  2.05071382e-02
  6.28127456e-02 -1.35880541e-02 -8.39693919e-02 -1.83304641e-02
 -1.04778312e-01 -1.43923769e-02  5.31809889e-02  4.56636027e-02
  6.14369847e-02 -1.13838241e-02  4.75763306e-02 -6.08164594e-02
  7.86385089e-02 -8.27398803e-03 -2.25189179e-02  2.27902625e-02
 -1.92842074e-02  5.36187472e-05 -1.91467647e-02  4.50201631e-02
 -9.51513350e-02  1.29119179e-03  4.26828768e-03  8.25173501e-03
  6.18601851e-02  5.47791496e-02 -2.09590048e-02 -1.05488010e-01
  5.66538274e-02  1.32680302e-02 -2.84111463e-02 -4.56550978e-02
 -3.15094255e-02  2.47660298e-02  5.77077679e-02 -2.57541034e-02
  1.26520758e-02  3.28469910e-02 -8.98194015e-02  2.31193714e-02
 -1.03334010e-01  1.01714455e-01 -2.11142674e-02 -7.03961775e-03
  8.27338025e-02 -4.37015183e-02 -3.27502228e-02 -1.13551849e-02
 -4.60460857e-02 -3.87904830e-02 -1.77569222e-02 -6.80296123e-02
 -4.43788394e-02  3.46955960e-03  4.56285626e-02 -9.29556872e-34
  4.00593318e-02 -1.70806907e-02  1.63256824e-02  3.44744176e-02
  1.27123902e-02 -4.08672243e-02 -9.77097917e-03 -1.27348542e-01
 -3.25256586e-02  9.44780260e-02  5.13532087e-02 -4.71031219e-02
  2.43525784e-02  1.31127331e-02  7.56121753e-03  2.04333141e-02
 -2.83406153e-02 -1.21503629e-01 -2.09138971e-02  9.75364447e-02
  4.95618284e-02  7.86472335e-02  2.86935661e-02  1.33059677e-02
  2.77642068e-02 -2.52746139e-02 -5.62083460e-02  8.69222507e-02
 -5.39400266e-04  2.05213251e-03 -1.83961373e-02 -3.98765318e-02
  2.17036791e-02 -2.71009691e-02 -7.86680132e-02 -7.81261250e-02
 -5.66133223e-02 -2.85243187e-02 -8.68038647e-03  9.44716483e-02
  1.17490320e-02 -1.97918173e-02 -8.04317221e-02  4.43730429e-02
 -1.85928419e-02 -1.16551751e-02  3.50601599e-02 -7.97032416e-02
  2.31078975e-02 -2.27361964e-03  3.23955715e-02 -6.96079992e-03
  8.10654927e-03  3.64351235e-02 -2.36072652e-02 -2.86953920e-03
  1.16476253e-01 -4.36729640e-02  5.60606234e-02  2.97655091e-02
  9.26460400e-02 -2.45579835e-02  3.20347100e-02 -2.45546382e-02
  1.68835055e-02 -8.23193938e-02 -1.88263180e-03 -2.41347924e-02
  2.95718499e-02  2.24776082e-02  1.30892859e-03  5.30030318e-02
  9.90918279e-02  4.49985819e-05  4.15215790e-02 -1.11863427e-02
 -3.26549225e-02 -1.04785794e-02  6.10223040e-02 -5.78964166e-02
 -8.03753063e-02 -2.26004738e-02  5.39710298e-02  9.20962617e-02
 -8.50312337e-02  3.53502631e-02 -1.95875708e-02  8.89793485e-02
  8.39620829e-02 -2.37190966e-02 -3.96541059e-02  5.81464320e-02
 -3.66570835e-04  1.44147426e-01 -4.79989834e-02 -5.09031359e-08
 -6.50407327e-03  1.99148133e-02  6.09752610e-02  8.62637348e-03
  1.47477037e-03  7.55580366e-02 -8.84864405e-02 -1.52976811e-02
 -9.17581189e-03  9.81427170e-03  2.19830740e-02  1.61984451e-02
  7.00971559e-02  2.34638695e-02 -4.06236649e-02  2.92978641e-02
  4.62437309e-02  9.21105817e-02 -6.84623495e-02 -9.22558755e-02
  8.27062130e-02  8.98312125e-03  3.30882566e-03  7.50188529e-02
  1.11411966e-01 -8.92318264e-02 -2.91338190e-02 -3.07282712e-02
  4.49496955e-02 -2.24523284e-02  1.93277989e-02 -9.31957085e-03
  6.87943399e-02  2.85115577e-02  5.40299993e-03  8.27805549e-02
 -7.81498998e-02  3.10435519e-02  3.25582288e-02  1.82659586e-03
  6.89801350e-02  6.11142628e-02 -4.80115749e-02  2.30657235e-02
 -2.84377132e-02  5.55025712e-02 -1.31603196e-01 -1.32747144e-01
 -6.98875785e-02  6.38331845e-02 -4.89085540e-02 -3.10013629e-03
 -5.41172028e-02  8.18474144e-02 -2.98341010e-02  1.43904053e-02
 -1.22549692e-02  1.95365716e-02  3.64386775e-02 -3.65862921e-02
 -2.95053888e-02  9.59221497e-02  5.03179105e-03 -2.40681767e-02]"
77,../SysML-v2-release-src/training/32. Requirements/Requirement Usages.sysml,"package 'Requirement Usages' {
	private import SI::*;
	private import 'Requirement Definitions'::*;
	
	requirement <'1.1'> fullVehicleMassLimit : VehicleMassLimitationRequirement {
		subject vehicle : Vehicle;
		attribute :>> massReqd = 2000[kg];
		
		assume constraint {
			doc /* Full tank is full. */
			vehicle.fuelMass == vehicle.fuelFullMass
		}
	}
	
	requirement <'1.2'> emptyVehicleMassLimit : VehicleMassLimitationRequirement {
		subject vehicle : Vehicle;
		attribute :>> massReqd = 1500[kg];
		
		assume constraint {
			doc /* Full tank is empty. */
			vehicle.fuelMass == 0[kg]
		}
	}
	
}","Generate a SysML v2 model encapsulated in the package 'Requirement Usages'. This model incorporates two vehicle mass limitation requirements. The first requirement, identified as '1.1', establishes a full vehicle mass limit of 2000 kg, with an assumption that the vehicle's fuel mass equals its full fuel mass, ensuring the vehicle is at maximum capacity. The second requirement, '1.2', specifies an empty vehicle mass limit of 1500 kg, grounded on the assumption that the vehicle's fuel mass is zero, reflecting a state of no fuel. Both requirements include relevant attributes, defining the necessary mass constraints for the vehicle to adhere to defined operational parameters. This structured approach aligns vehicle design with safety and performance standards.","[ 5.57583850e-03  4.39082757e-02 -3.55528556e-02  1.76085867e-02
 -1.07638147e-02 -1.75302215e-02  2.39742082e-03  9.67698097e-02
 -9.48832706e-02  6.02309639e-03  5.29743843e-02 -3.21861431e-02
  2.63883937e-02  1.92707013e-02 -2.94004497e-03  2.96546193e-03
  6.52479753e-02 -2.62477733e-02 -3.90721485e-02  4.84398194e-02
  1.80620775e-01 -2.95765381e-02  5.51628508e-02 -1.03383176e-02
 -1.21021487e-01 -3.15921158e-02 -3.27470861e-02  6.37546703e-02
 -2.05239411e-02 -7.31948316e-02  4.07033302e-02 -4.24776338e-02
  7.41287619e-02 -3.62756699e-02  6.58749491e-02 -6.45076856e-02
  1.10966321e-02 -5.86218312e-02 -7.70611390e-02 -1.28322747e-02
 -9.40682217e-02 -9.01727825e-02 -2.00911872e-02  2.63089091e-02
  4.44907211e-02 -1.55087886e-03  8.96645524e-03  2.56007239e-02
  3.59723940e-02 -3.78656238e-02  3.24002607e-03  5.00938483e-02
 -1.21566933e-02 -3.87851112e-02 -8.59295577e-03 -7.24061802e-02
  1.91802215e-02 -1.01212002e-02 -1.14708878e-01 -6.03513345e-02
 -5.24728047e-03 -6.42693741e-03 -5.45350872e-02 -1.30598294e-02
 -2.51635648e-02  3.75477821e-02 -6.03026375e-02 -5.79036064e-02
  2.27801315e-02  1.57430440e-01 -6.27483577e-02 -6.56388998e-02
 -2.52611134e-02  2.39523090e-02 -3.70721892e-03 -4.68813814e-02
  3.26322094e-02  2.07507741e-02  1.10694971e-02 -2.69159991e-02
 -4.69737239e-02  1.10440440e-02 -4.82361019e-02 -6.15170859e-02
  7.33431382e-03 -7.48638250e-03  9.03303828e-03  2.87559107e-02
  5.85284866e-02  6.89386427e-02  3.96124320e-03  1.48603749e-02
  5.51604554e-02  3.34150642e-02  7.62164518e-02  4.69168425e-02
 -3.98275703e-02 -2.90407818e-02  3.43743488e-02 -3.40800174e-02
  5.17513882e-03  6.12581968e-02  7.35822842e-02  3.76181901e-02
 -3.06610838e-02  3.36985253e-02 -4.05052118e-03  2.39662267e-03
 -3.21463645e-02 -3.48364897e-02  8.03103447e-02  4.34672497e-02
  1.56602859e-02 -5.03550693e-02 -4.30242196e-02  2.22467631e-02
  1.34331165e-02 -3.94677781e-02  4.54370119e-02 -1.56173517e-03
 -4.98420969e-02 -5.18228151e-02  6.90226704e-02  1.03101006e-03
  5.89807890e-02  2.32433114e-04 -3.93322557e-02  2.24372264e-33
 -1.36206403e-01 -3.32748257e-02 -1.33258179e-02  7.61984214e-02
 -5.42057939e-02  2.81755626e-02 -1.51008563e-02  9.18284710e-03
  3.01501388e-03  2.82527469e-02 -4.35889661e-02 -5.57992160e-02
 -5.72792813e-02  4.02051816e-03  4.52079289e-02 -4.93413694e-02
  1.59697589e-02  8.19254443e-02  2.98651587e-02 -6.84320107e-02
 -2.62541194e-02 -4.74507585e-02 -9.14609805e-03 -1.48008130e-02
  1.11315906e-01  1.32816821e-01  7.33869672e-02  1.30254235e-02
 -4.74722758e-02  3.09911072e-02  1.93735957e-02  1.01333791e-02
 -1.73420515e-02 -1.24944262e-02 -1.56483073e-02  4.03312743e-02
 -8.16917941e-02 -8.82176775e-03  7.28030950e-02 -4.94313566e-03
  2.10587028e-02  1.27490209e-02  1.16492035e-02  3.80598865e-02
 -1.12155832e-01  3.41884308e-02  6.41038045e-02  4.76444997e-02
 -4.68118526e-02  1.38074551e-02 -1.92981176e-02 -2.85923295e-03
  3.50573920e-02  1.89498272e-02 -4.94875312e-02  6.38256548e-03
  6.92374930e-02  2.74556479e-03 -3.42479534e-02  5.92844449e-02
 -6.76262826e-02  3.24675068e-02  2.63053533e-02  1.45927956e-02
  3.87839377e-02  1.30000878e-02 -8.39417130e-02 -8.91572759e-02
  1.98942628e-02  2.41134800e-02  7.93551467e-03 -8.62153154e-03
 -1.16113881e-02  2.60145050e-02  1.60354413e-02 -4.95219342e-02
  9.25500989e-02 -1.68039016e-02 -7.97317252e-02  7.50400638e-03
 -1.08808026e-01  1.00377709e-01  5.39389951e-03 -5.25080375e-02
 -5.01232315e-03 -5.36429137e-02 -3.79889011e-02  2.50811130e-02
 -3.28667499e-02 -2.93956362e-02  5.02935005e-03 -4.30729724e-02
 -3.87715064e-02  7.23667676e-03  4.39440943e-02 -1.94410878e-33
  2.30448581e-02  2.71079466e-02  4.01051901e-02  3.20303440e-02
  4.70407493e-02 -1.81974024e-02 -1.25828544e-02 -4.47748303e-02
 -2.58479696e-02  6.33509308e-02  1.53582208e-02 -4.27196883e-02
  7.12428838e-02  3.53655219e-02 -4.97649238e-03 -1.91225391e-02
 -2.99396925e-02 -1.32889092e-01 -3.33855599e-02  1.98077727e-02
 -5.11773909e-03  4.71779667e-02 -5.46295661e-03  5.84717132e-02
  4.85105813e-03 -3.52563821e-02 -6.23983443e-02 -1.30151147e-02
 -1.67467613e-02 -4.65464815e-02  4.22271714e-02 -1.91918220e-02
  5.58926277e-02 -1.89975661e-03  6.09981036e-03 -1.11251473e-01
 -5.36897592e-03  4.45749089e-02 -2.60377415e-02  5.47265224e-02
  2.43483745e-02  6.19857665e-03 -2.97815017e-02  2.14884467e-02
  7.95153808e-03 -3.16337869e-02  9.33223590e-02 -8.11169297e-02
  3.54227424e-02 -6.44873008e-02 -1.48700308e-02 -8.30735490e-02
  2.36071944e-02  2.31932234e-02  3.48914601e-02  2.71540117e-02
  2.35404484e-02 -5.24452887e-03 -8.86250008e-03 -2.45096739e-02
  8.09736624e-02 -2.97006480e-02  3.04217730e-02 -1.83678176e-02
 -6.67133704e-02 -9.31362435e-02 -2.99131609e-02 -2.61047427e-02
  1.47765325e-02  4.69737314e-02 -1.83798671e-02  1.86467338e-02
  7.03844801e-02  5.15233874e-02 -4.04867306e-02 -4.26733084e-02
 -2.35883999e-04  3.35785486e-02  9.55805629e-02 -4.82320040e-02
 -9.60169286e-02  1.38719399e-02  4.39090170e-02  1.15057848e-01
 -3.24349068e-02 -2.96034440e-02 -2.93138158e-02  2.33044345e-02
 -3.68788801e-02  5.38397543e-02 -3.42861339e-02  4.84495796e-02
 -4.36452180e-02  1.88021302e-01 -1.07532203e-01 -4.12997885e-08
 -2.11066268e-02 -6.80443831e-03  1.91057920e-02  2.72856690e-02
  1.72300190e-02  7.69885406e-02 -2.14033462e-02 -6.50348440e-02
 -1.92506835e-02  5.25803305e-02  2.36715190e-02  1.58712063e-02
  1.32643301e-02  4.72965501e-02 -6.46490455e-02  5.64453080e-02
  3.08979582e-02  8.27270448e-02 -3.97111736e-02 -2.13886518e-02
  6.61986396e-02  3.45291346e-02 -8.91433358e-02  8.94831568e-02
  1.04435124e-01 -5.32582887e-02 -1.05773704e-02  6.92902580e-02
  6.57632276e-02 -7.68237573e-04  1.38027444e-02  4.80572619e-02
  1.92265045e-02  4.92297485e-02  1.75331812e-02 -2.33017909e-03
 -8.03855211e-02  1.12023629e-01  6.71710223e-02  1.77755374e-02
  9.54606161e-02  5.61324367e-03  3.68142873e-02  1.85117684e-02
 -7.89651182e-03  8.41800198e-02 -1.76110163e-01 -5.91327101e-02
 -6.28995523e-02  4.65033166e-02  2.40962729e-02 -2.81781852e-02
 -7.70020634e-02  1.28260508e-01 -3.27295028e-02  1.53349461e-02
 -3.72342058e-02  5.36961518e-02  1.78485084e-02 -6.11268282e-02
 -1.71585083e-02  6.58421814e-02 -2.50977129e-02  2.78230067e-02]"
78,../SysML-v2-release-src/training/33. Analysis/Analysis Case Definition Example.sysml,"package 'Analysis Case Definition Example' {
	private import ScalarValues::Real;
	private import 'Calculation Definitions'::*;
	private import 'Analytical Constraints'::*;
	private import USCustomaryUnits::*;
	private import SequenceFunctions::size;
	private import Quantities::ScalarQuantityValue;
	private import ControlFunctions::*;
	private import ScalarValues::Positive;
	
	attribute def DistancePerVolumeValue :> ScalarQuantityValue;

	part def Vehicle {
        attribute mass : MassValue;
        attribute cargoMass : MassValue;
        
        attribute wheelDiameter : LengthValue;
        attribute driveTrainEfficiency : Real;
        
        attribute fuelEconomy_city : DistancePerVolumeValue;
        attribute fuelEconomy_highway : DistancePerVolumeValue;
    }
    
    attribute def WayPoint {
		time : TimeValue;
		position : LengthValue;
		speed : SpeedValue;    	
	}
    
	analysis def FuelEconomyAnalysis {
		subject vehicle : Vehicle;
		objective fuelEconomyAnalysisObjective {
			/*
			 * The objective of this analysis is to determine whether the
			 * subject vehicle can satisfy the fuel economy requirement.
			 */
			
			assume constraint {
				vehicle.wheelDiameter == 33 ['in'] &
				vehicle.driveTrainEfficiency == 0.4
			}
			
			require constraint {
				fuelEconomyResult > 30 [mi / gal]
			}
		}
	    
		in attribute scenario : WayPoint[*];
	
		action solveForPower {
			out power : PowerValue[*];
			out acceleration : AccelerationValue[*];
		
			/*
			 * Solve for the required engine power as a function of time
			 * to support the scenario.
			 */
			assert constraint {
				(1..size(scenario)-1)->forAll {in i: Positive;
					StraightLineDynamicsEquations (
						power#(i),
						vehicle.mass,
						scenario.time#(i+1) - scenario.time#(i),
						scenario.position#(i),
						scenario.speed#(i),
						scenario.position#(i+1),
						scenario.speed#(i+1),
						acceleration#(i+1)                    
					)
				}
			}
		}
		
		then action solveForFuelConsumption {
			in power : PowerValue[*] = solveForPower.power;
			out fuelEconomy : DistancePerVolumeValue;
		
			/*
			 * Solve the engine equations to determine how much fuel is
			 * consumed.
			 */
		}
		
        return fuelEconomyResult : DistancePerVolumeValue = solveForFuelConsumption.fuelEconomy;
	}
}","Generate a SysML v2 model encapsulated within the package ""Analysis Case Definition Example."" This model imports crucial definitions including ScalarValues, Calculation Definitions, and US Customary Units. It defines a part, ""Vehicle,"" characterized by attributes such as mass, cargo mass, wheel diameter, and fuel economy values for city and highway driving. Additionally, a ""WayPoint"" attribute details time, position, and speed within the scenario of fuel economy analysis.

Model an ""FuelEconomyAnalysis"" analysis that evaluates if the vehicle meets the necessary fuel economy through defined constraints on wheel diameter and drivetrain efficiency. The analysis process involves calculating required engine power over a sequence of waypoints, utilizing straight-line dynamics equations to derive acceleration. Following this, a fuel consumption calculation is performed based on power outputs, ultimately yielding a result for fuel economy. This encapsulates a comprehensive framework for evaluating vehicle performance through dynamic analysis and fuel efficiency metrics.","[-1.63131561e-02  3.87861766e-02 -4.38777320e-02  4.64391448e-02
 -1.20321009e-03 -1.89821608e-02 -5.02747744e-02  5.61471321e-02
 -1.95091236e-02 -2.10284479e-02  1.71164609e-03 -1.46594384e-05
  3.25560272e-02  1.85533124e-03 -1.68279950e-02  2.87667457e-02
  2.00221092e-02  3.32655385e-02 -1.12923663e-02 -1.45358304e-02
  1.51855364e-01 -2.25984063e-02  4.41124849e-02 -1.55968899e-02
 -2.08815746e-02 -7.02815503e-03 -4.95042279e-02  1.09242886e-01
  1.38081415e-02 -3.41773145e-02  8.73424020e-03  1.06545426e-02
  4.98442836e-02  1.46542501e-03 -2.41538510e-02 -1.55397551e-02
  1.87318195e-02  1.13273514e-02 -3.06430254e-02  2.28006318e-02
 -6.29373267e-02 -8.68240297e-02  6.53195893e-03  1.81342941e-02
  3.83701883e-02 -7.56325722e-02  1.05418069e-02 -9.71323997e-03
 -3.13603543e-02 -1.15966676e-02 -5.57967015e-02  5.50685041e-02
  6.04597153e-03 -8.98204967e-02  1.11196674e-02  5.24119325e-02
  2.41182446e-02  7.88261276e-03 -5.72723597e-02 -6.20857812e-02
  1.28357587e-02 -7.67563730e-02 -3.67389806e-02 -1.62923168e-02
 -1.98746249e-02 -8.42972565e-03  4.80457395e-03 -1.92178730e-02
  2.78950389e-02  4.16548774e-02 -8.36931840e-02 -5.78282587e-02
 -1.80922973e-03 -4.76993993e-02 -4.51952033e-02 -4.97193076e-02
  6.03547953e-02  5.78836873e-02  1.88649967e-02 -7.85675496e-02
 -1.87606178e-02  1.84569508e-02 -4.41409647e-02 -5.15331849e-02
  1.98356975e-02 -6.92910003e-03  2.78275628e-02 -2.35153064e-02
  9.95814428e-02  7.90242776e-02 -2.63489336e-02 -7.12923997e-04
  2.43530031e-02 -5.37181385e-02  1.29546642e-01  2.43957043e-02
 -1.75255304e-03 -4.52095531e-02  6.29359633e-02 -1.89100038e-02
  1.10237468e-02  9.96553302e-02  2.77223494e-02 -1.23412227e-02
 -2.98683308e-02  3.35488319e-02  3.03525804e-03  5.24860770e-02
 -2.06582490e-02 -4.46912721e-02  7.66936317e-02  6.18337244e-02
  1.02063455e-02 -2.43070517e-02 -5.16834145e-04  4.74291295e-03
  2.95804888e-02 -2.89084408e-02  8.36616755e-02  5.18342778e-02
 -1.00601315e-01 -7.07644224e-02  7.20749721e-02  7.22287521e-02
  5.96854724e-02 -4.62147184e-02 -2.51914356e-02  1.95697383e-33
 -1.73543453e-01 -5.21903932e-02  1.81567837e-02  7.18384832e-02
 -7.49224052e-02  3.87889147e-02 -7.14579746e-02 -1.92131717e-02
  2.01946720e-02  6.84374496e-02 -6.47567585e-02  5.07205501e-02
 -1.42033072e-02  7.48724118e-02  1.06126159e-01 -2.39468776e-02
 -3.04400045e-02  4.44459282e-02 -2.77778916e-02 -6.52054697e-02
  4.82075661e-02 -5.80398589e-02  6.95312489e-03 -4.14552316e-02
  7.99815729e-02  1.04692064e-01  8.92170742e-02  5.11079505e-02
 -7.66661018e-02  3.52440737e-02  3.19226719e-02  2.21783426e-02
 -7.53969923e-02 -1.37276342e-02 -1.83544622e-03  2.38434393e-02
 -3.22989607e-03  1.11388797e-02  7.20688105e-02  2.21305657e-02
 -2.29235776e-02 -6.67583989e-03 -7.68042030e-03 -2.95266006e-02
 -1.72213301e-01  3.85549180e-02  3.40688825e-02  6.42098635e-02
  4.35807966e-02  1.59370918e-02 -5.09980768e-02 -1.77810136e-02
  6.16535842e-02 -2.63535362e-02 -4.14090045e-02  3.62712443e-02
  4.05257419e-02  1.05676306e-02 -3.92002575e-02  9.48555619e-02
 -8.45888704e-02  4.23890352e-02  1.64555553e-02 -6.21319935e-02
  5.29159652e-03  2.68159658e-02 -7.25784823e-02 -7.09386542e-02
  3.57055329e-02  6.08374141e-02  7.67781958e-03  1.30547425e-02
  1.84081271e-02  7.41973743e-02  1.04657106e-01 -7.12663084e-02
  1.41427582e-02 -2.27445569e-02 -9.40653160e-02  7.01953797e-03
 -1.30610079e-01  9.62278023e-02  6.88217231e-04 -1.17254123e-01
  4.42533195e-02 -8.56478736e-02 -3.60671394e-02 -4.08399664e-02
 -2.25509349e-02 -9.51919779e-02 -7.49276578e-02 -1.75504033e-02
 -6.11293279e-02  3.55714411e-02 -4.05796012e-03 -3.39473695e-33
 -1.55785279e-02  2.13958584e-02  3.01130582e-02 -9.99889243e-03
  3.45790535e-02 -2.09648814e-02  1.12141231e-02 -6.77419230e-02
  4.48808586e-03  3.88326868e-02 -3.14941704e-02  2.32871179e-03
  1.64952744e-02  3.28945145e-02  5.45389466e-02  2.04303544e-02
 -9.20926686e-03 -1.98204726e-01 -1.56640634e-02 -8.93112924e-03
 -9.16609075e-03  3.97653021e-02 -5.52855944e-03 -4.68080193e-02
 -5.67736151e-03 -1.64192878e-02  4.49494459e-03 -2.71529751e-03
 -3.90403084e-02 -4.74976003e-02  3.03594247e-02  1.42357256e-02
  3.00731882e-02 -2.41389638e-03 -6.91053942e-02 -2.71288697e-02
 -2.30042413e-02 -4.29681130e-02  1.37317376e-02  5.40220253e-02
  1.53290415e-02 -2.47504632e-03 -1.12484759e-02 -1.35160359e-02
  7.19334465e-03 -1.45741738e-02  2.15393417e-02 -2.67825406e-02
 -8.58708192e-03 -4.16522548e-02  7.63191059e-02  3.17472294e-02
 -2.88170110e-03  5.24159670e-02 -4.50390838e-02  7.88403023e-03
  2.69426312e-02 -7.31424475e-03 -8.39432608e-03 -4.43552481e-03
  9.51485485e-02 -5.52635938e-02  2.10069008e-02  4.79196906e-02
 -5.22408597e-02 -7.10102469e-02 -3.58736031e-02 -6.78030923e-02
  3.96508425e-02  1.53803090e-02 -6.69062063e-02  2.74088718e-02
  6.57327892e-03  7.81489462e-02 -3.58545594e-02 -2.26947684e-02
  7.00197322e-03 -3.86162335e-03  7.96226785e-02 -4.49484512e-02
 -5.31999618e-02 -7.78631680e-03  9.00423303e-02  3.31532285e-02
 -6.30711764e-02 -6.86072856e-02 -4.32392471e-02  5.66646680e-02
  6.00256353e-05  1.17026281e-03  2.25350317e-02  3.17561515e-02
 -5.73143028e-02  1.92089781e-01 -7.50988051e-02 -4.76703050e-08
 -4.11918797e-02 -3.80249359e-02  8.02725628e-02  3.48785743e-02
 -4.37124558e-02  4.37156186e-02 -2.63578296e-02 -1.20057352e-03
 -4.86383364e-02 -2.32802816e-02  6.31148666e-02  1.97089463e-02
 -8.34812236e-04  4.73354422e-02 -6.20685890e-03  5.18980809e-02
  5.25833443e-02  8.36265609e-02 -4.25424688e-02 -3.44115123e-02
  5.05331047e-02  2.06680074e-02 -1.00265279e-01  7.24254400e-02
  9.02791619e-02 -5.88828996e-02 -4.95200343e-02  6.09924346e-02
  2.77964342e-02 -5.84506243e-02  1.00874463e-02  8.78231078e-02
  4.42985967e-02  3.37229483e-02  2.12459806e-02  4.48809080e-02
 -6.63458928e-02  6.26153871e-02  6.74571618e-02  9.57778096e-02
  2.57783774e-02  4.40620370e-02 -1.26323700e-02  9.00078192e-03
  4.47987812e-03  2.93193534e-02 -1.26268044e-01 -5.63972741e-02
 -1.68506503e-02  5.34495004e-02  1.46507453e-02  9.26528964e-03
 -8.87568444e-02  7.06524700e-02 -5.58901299e-03 -2.70904284e-02
 -6.19778372e-02  5.63769974e-03  1.41394120e-02 -1.57597456e-02
 -3.79683934e-02  5.75704239e-02  1.65905170e-02 -4.35953327e-02]"
79,../SysML-v2-release-src/training/33. Analysis/Analysis Case Usage Example.sysml,"package 'Analysis Case Usage Example' {
	private import 'Analysis Case Definition Example'::*;
	
	part vehicleFuelEconomyAnalysisContext {
		requirement vehicleFuelEconomyRequirements {
			subject vehicle : Vehicle;
			// ...
		}
		
		attribute cityScenario : WayPoint[*] = ( //* ... */ );
		attribute highwayScenario : WayPoint[*] = ( //* ... */ );
		
		analysis cityAnalysis : FuelEconomyAnalysis {
			subject vehicle = vehicle_c1;
			in scenario = cityScenario;
		}
		
		analysis highwayAnalysis : FuelEconomyAnalysis {
			subject vehicle = vehicle_c1;
			in scenario = highwayScenario;
		}
		
		part vehicle_c1 : Vehicle {
			// ...
			
			attribute :>> fuelEconomy_city = cityAnalysis.fuelEconomyResult;
			attribute :>> fuelEconomy_highway = highwayAnalysis.fuelEconomyResult;
		}
		
		satisfy vehicleFuelEconomyRequirements by vehicle_c1;
	}

}","Generate a SysML v2 model titled 'Analysis Case Usage Example' that encapsulates a comprehensive vehicle fuel economy analysis context. This model incorporates requirements for vehicle fuel economy defined in the imported 'Analysis Case Definition Example'. It includes a part, 'vehicleFuelEconomyAnalysisContext,' which specifies the vehicle and scenarios for analysis, namely 'cityScenario' and 'highwayScenario' represented as arrays of WayPoint. 

Two analyses, 'cityAnalysis' and 'highwayAnalysis,' utilize the 'FuelEconomyAnalysis' type to evaluate the performance of a specified vehicle, 'vehicle_c1,' under each respective scenario. Additionally, the vehicle part includes attributes to capture fuel economy results from both analyses. The model ensures that the vehicle satisfies the defined fuel economy requirements, linking analysis outcomes directly to the vehicle's performance metrics. This structure facilitates effective evaluation and comparison of fuel efficiency in diverse driving conditions.","[ 2.52101161e-02  4.26913835e-02 -2.59251297e-02  4.74369936e-02
  4.33808267e-02  7.34134950e-03 -2.37412173e-02  5.00152074e-02
 -5.69212772e-02 -4.21320312e-02 -1.28835049e-02 -5.40892147e-02
  2.24315077e-02  4.00517993e-02 -6.58091667e-05 -1.91565249e-02
  9.59994737e-03 -7.11351074e-03  7.37797748e-03  7.75817456e-03
  1.13154911e-01 -5.06498739e-02  5.47480658e-02 -4.32922784e-03
 -4.60499190e-02 -4.71627340e-03 -4.78595160e-02  1.03761964e-01
 -2.53950860e-02 -1.88895259e-02 -7.07127503e-04  5.06689809e-02
  1.88265331e-02 -5.24423225e-03 -3.73245240e-03 -1.29482970e-02
 -2.51697097e-02  1.55545836e-02 -2.40853690e-02  1.46220326e-02
 -5.85726649e-02 -9.22664776e-02 -4.77864081e-03  5.29562531e-04
  2.07583290e-02 -9.47090834e-02  1.78030897e-02  2.67273225e-02
  8.11881106e-03  5.42196026e-03 -8.92501026e-02  5.88696674e-02
 -5.35829291e-02 -7.91542158e-02 -1.05730342e-02  5.69705442e-02
 -3.57038877e-03  7.19439751e-03 -8.90204906e-02 -7.65859485e-02
 -1.97886564e-02 -3.33422571e-02 -6.75816014e-02  2.51439102e-02
 -8.58455431e-04 -8.96451157e-03 -3.45569439e-02  1.69137884e-02
  9.85622057e-04  4.79382686e-02 -5.18513098e-02 -5.22823147e-02
 -9.47842281e-03 -1.88659076e-02 -2.01557297e-02 -2.14937199e-02
  6.80955797e-02  4.41465713e-02  3.62452827e-02 -1.24062620e-01
 -5.39200148e-03  1.23429336e-02 -6.73158690e-02 -5.66804148e-02
  3.52833755e-02  9.82053205e-03  1.78602785e-02 -6.21285364e-02
  5.13557456e-02  8.21952522e-02  5.09970449e-03 -1.20442118e-02
  3.92590016e-02 -3.43342721e-02  8.21475983e-02  8.65909178e-03
  1.64134242e-02  7.55247800e-03  7.15917423e-02 -2.31671089e-04
  2.30896659e-02  8.87875408e-02  3.41125801e-02 -6.12390519e-04
 -5.44141568e-02 -7.38496310e-04  2.10907906e-02  2.80105583e-02
 -3.48772332e-02 -3.11541967e-02  6.56834990e-02  8.84349421e-02
  2.74137035e-02 -5.97506836e-02 -3.73961851e-02  1.23016275e-02
  1.79403182e-02 -1.60772577e-02  7.03869835e-02  6.79555535e-02
 -8.86496827e-02 -9.89565700e-02  1.21447027e-01  4.54031788e-02
  5.26182279e-02 -2.42202822e-02 -3.13803069e-02  2.42443249e-33
 -1.46182284e-01 -7.53055960e-02 -1.62143633e-02  8.85132626e-02
 -6.67416975e-02  4.62821759e-02 -6.16101585e-02 -1.06846401e-02
  3.75202438e-03  4.42375652e-02 -6.52106777e-02  7.68842101e-02
 -3.31717655e-02  2.82972176e-02  8.42486545e-02  3.97490934e-02
 -2.35958695e-02  6.71841949e-02 -4.11388874e-02 -8.47545713e-02
  2.04302575e-02 -5.70120513e-02  1.81420275e-03 -3.78256366e-02
  9.88147557e-02  8.21347535e-02  1.04713872e-01  4.25985940e-02
 -6.03928603e-02  3.86765525e-02  4.99544851e-02  5.97715005e-02
 -6.91011623e-02 -6.02719560e-03  2.80739646e-02  4.78608161e-02
 -1.81359481e-02  1.01770991e-02  5.66260554e-02  3.01524568e-02
 -3.86166684e-02 -1.14608398e-02 -1.65893082e-02 -3.42320427e-02
 -1.03597924e-01  2.47484017e-02  1.14296256e-02  6.21809401e-02
  3.81984934e-02  1.68845430e-02 -2.76210438e-02 -5.00269942e-02
  5.79797849e-02 -1.69991460e-02 -6.99499175e-02  6.37117699e-02
  3.44124101e-02 -3.65649462e-02 -1.22029791e-02  5.79476207e-02
 -7.76187107e-02  5.91953620e-02 -3.91060021e-03 -6.62702769e-02
  1.64787620e-02  3.41683328e-02 -6.59476891e-02 -9.25631970e-02
  5.06104231e-02  4.41911854e-02 -3.00698187e-02 -1.15305912e-02
  3.33119370e-02  1.05709210e-01  1.03702493e-01 -6.12223744e-02
 -2.00868640e-02 -3.26662045e-03 -7.56692588e-02 -1.35262334e-03
 -1.18465453e-01  7.95421079e-02 -1.30294710e-02 -8.82350728e-02
  6.41699210e-02 -4.14301977e-02 -3.06463223e-02 -7.78210312e-02
 -1.72826461e-02 -1.05843462e-01 -6.58006519e-02 -4.77982033e-03
 -9.99632329e-02  2.56694723e-02  4.34911139e-02 -4.53432179e-33
 -1.82755459e-02 -9.22372937e-03  4.24902849e-02 -2.28790678e-02
  3.68761085e-02 -5.19037433e-02  1.73985101e-02 -9.99598578e-02
  2.71018427e-02  5.14675938e-02 -2.53479201e-02 -2.58390140e-02
  4.39866520e-02 -2.14984752e-02  3.21927816e-02  2.94572953e-02
 -1.94483008e-02 -1.83645859e-01 -6.79804608e-02  1.38034346e-02
 -3.69001329e-02 -3.19138169e-03  1.57563004e-03 -1.36371423e-02
 -6.25592619e-02 -1.28696244e-02 -1.25587508e-02 -2.74758302e-02
  1.33456439e-02 -9.02391225e-02  3.66629288e-02 -1.59936976e-02
 -1.13275973e-02 -2.25069895e-02 -4.44875360e-02 -2.22767945e-02
 -1.21898705e-03 -8.70282948e-02 -3.68638560e-02  5.51268198e-02
  6.82900380e-03  2.20232382e-02 -8.89388565e-03  1.00549283e-02
  2.13583242e-02  5.25899872e-04  3.05809509e-02 -6.45174608e-02
  2.24167015e-02 -5.38308211e-02  8.04698467e-02  4.42230841e-03
 -3.32066640e-02  4.33955193e-02 -3.66544873e-02  1.65022556e-02
  8.50220844e-02 -3.79812382e-02 -4.37770598e-02  7.06748920e-04
  1.16995044e-01  2.45444756e-03 -1.20227560e-02  4.23935838e-02
 -1.22903408e-02 -7.09842667e-02 -2.49255169e-02 -6.20534569e-02
  7.68561512e-02  2.35762782e-02 -7.27867112e-02  9.53598879e-03
 -2.45847143e-02  4.40772921e-02 -9.23674554e-03 -1.80398282e-02
 -6.86649978e-03  5.10953590e-02  7.42407069e-02 -9.68794059e-03
 -5.77984378e-02 -1.42820496e-02  3.89639549e-02  5.34202233e-02
 -2.08497904e-02 -3.43605615e-02 -1.79739539e-02  1.15990099e-02
 -2.21578795e-02  3.66228446e-02 -1.82019137e-02  6.32668734e-02
 -6.42465353e-02  1.66925028e-01 -7.01715425e-02 -4.77684061e-08
 -5.18306084e-02 -5.28718112e-03  7.38499612e-02  3.90345529e-02
 -4.64416631e-02  2.21050400e-02 -8.27507898e-02  2.43649371e-02
 -5.04601598e-02  1.57535635e-02  2.87900027e-02  6.77337646e-02
 -4.44465280e-02  4.32819389e-02 -3.46355699e-02  2.09837668e-02
  3.68644334e-02  8.28748867e-02 -5.12951799e-02 -4.47472371e-03
  7.57002234e-02  5.08104898e-02 -1.11242995e-01  6.05394877e-02
  1.03875272e-01 -7.09455609e-02 -3.11516821e-02  7.56237581e-02
  2.07954049e-02 -3.56404334e-02  1.17557021e-02  7.57012814e-02
  6.09732643e-02 -1.29014514e-02  2.31699888e-02  4.36407775e-02
 -2.21107528e-02  9.09058452e-02  1.59931201e-02  4.44382653e-02
  5.30119352e-02  6.68040989e-03 -6.35199295e-03  3.96301299e-02
  7.16818962e-03 -1.75120030e-02 -1.15509279e-01 -2.90077124e-02
 -1.05001098e-02  3.27829979e-02 -1.04971547e-02 -4.88064736e-02
 -1.13115348e-01  9.60823968e-02 -2.94275333e-06 -2.59523094e-02
 -3.30005214e-02  1.13632018e-02  3.11175343e-02 -3.88977467e-03
  1.65687781e-02  7.37645179e-02  3.32201994e-03 -1.08311325e-02]"
80,../SysML-v2-release-src/training/33. Analysis/Trade Study Analysis Example.sysml,"package 'Trade Study Analysis Example' {
	private import ScalarValues::Real;
	private import TradeStudies::*;
	
	part def Engine;
	part engine4cyl : Engine;
	part engine6cyl : Engine;
	
	calc def PowerRollup { in engine : Engine; return : ISQ::PowerValue; }
	calc def MassRollup { in engine : Engine; return : ISQ::MassValue; }
	calc def EfficiencyRollup { in engine : Engine; return : Real; }
	calc def CostRollup { in engine : Engine; return : Real; }
	
	calc def EngineEvaluation { 
		in power : ISQ::PowerValue;
		in mass : ISQ::MassValue;
		in efficiency : Real;
		in cost : Real;
		return evaluation : Real;
		// Compute evaluation...
	}
		
	analysis engineTradeStudy : TradeStudy {
		subject : Engine = (engine4cyl, engine6cyl);
		objective : MaximizeObjective;

		calc :>> evaluationFunction {
			in part anEngine :>> alternative : Engine;
			
			calc powerRollup: PowerRollup { in engine = anEngine; return power; }
			calc massRollup: MassRollup { in engine = anEngine; return mass; }
			calc efficiencyRollup: EfficiencyRollup { in engine = anEngine; return efficiency; }
			calc costRollup: CostRollup { in engine = anEngine; return cost; }
			
			return :>> result : Real = EngineEvaluation(
				powerRollup.power, massRollup.mass, efficiencyRollup.efficiency, costRollup.cost
			);
		}
		
		return part :>> selectedAlternative : Engine;
	}
	
}","Generate a SysML v2 model encapsulated in the package 'Trade Study Analysis Example'. This model defines a part 'Engine' with two instances: 'engine4cyl' and 'engine6cyl'. It includes several calculation definitions for performance metrics, including 'PowerRollup', 'MassRollup', 'EfficiencyRollup', and 'CostRollup', which return power, mass, efficiency, and cost values, respectively. An 'EngineEvaluation' calculation aggregates these metrics into a single evaluation score. The main analysis, 'engineTradeStudy', compares the two engine alternatives with the objective of maximizing the evaluation score. It specifies the evaluation function that computes the power, mass, efficiency, and cost for a given engine and returns the overall evaluation result. The trade study concludes by selecting the most favorable engine alternative based on this evaluation. This structure provides a comprehensive framework for conducting trade studies focused on engine performance.","[-5.31423204e-02  1.90277249e-02 -5.88051304e-02  2.54296828e-02
 -2.12006494e-02  7.98493449e-04 -3.21443267e-02  7.22701699e-02
 -3.09477467e-02 -6.65059686e-02 -7.50681236e-02 -1.92458145e-02
  1.81013308e-02 -4.78388602e-03 -4.80927713e-02 -1.66731644e-02
  6.12123236e-02  6.92523271e-03 -7.29335472e-02 -8.12839642e-02
  6.64678887e-02 -1.28720663e-02  4.28440347e-02 -2.59458367e-02
  1.31901233e-02 -3.33535299e-02 -1.18222952e-01  1.05744831e-01
  2.64529996e-02 -2.76005138e-02 -4.06652316e-02  6.74719065e-02
  4.66911262e-03  8.23435280e-03  2.84441561e-03  8.56111012e-03
 -1.41194239e-02 -2.29747761e-02 -1.22992415e-03  1.74414774e-03
 -5.88100441e-02 -7.59406090e-02 -6.65176883e-02 -2.04471480e-02
  3.85080278e-02 -2.73835957e-02 -2.90248469e-02 -2.76800506e-02
 -6.05890993e-03  2.16995496e-02 -9.89766642e-02 -3.34762372e-02
 -3.34448516e-02 -5.46508022e-02 -5.00835031e-02  5.53608276e-02
 -1.85026359e-02 -1.13821533e-02 -7.68687874e-02  1.48760004e-03
 -2.27507968e-02 -5.35703041e-02 -9.72305015e-02  4.34857681e-02
  1.73963364e-02 -2.72504762e-02 -3.81331854e-02 -2.29382273e-02
 -8.03798288e-02 -6.50751870e-03 -4.56528701e-02 -7.51789436e-02
 -4.13195379e-02  2.07521807e-04 -3.87526639e-02 -4.23624786e-03
  5.42890616e-02 -2.50610765e-02  6.06776476e-02 -8.26012194e-02
  2.17872504e-02 -3.36637953e-03 -1.18944943e-01 -1.81034170e-02
  9.43609700e-02 -1.21119432e-02  9.80438218e-02  5.14536572e-04
  7.73971975e-02  7.65361041e-02 -5.38056809e-03  2.75542890e-03
  6.21079467e-02  1.44370021e-02  8.94341096e-02  9.33518782e-02
 -1.20359915e-03 -2.31885444e-02  6.22704439e-02  1.90048628e-02
  2.10897271e-02  7.08248690e-02 -1.27589079e-02 -8.68680626e-02
 -5.14001586e-02  5.40111065e-02  1.60564715e-03  6.73399344e-02
  4.41646092e-02 -6.15454614e-02 -1.05468296e-02  7.25686476e-02
 -2.75839437e-02 -3.65701169e-02 -3.85247618e-02  3.39522995e-02
 -4.57093008e-02  2.18945649e-02  1.00061595e-01  7.85507727e-04
 -3.54749262e-02 -3.67067009e-02  1.21405765e-01 -1.53361177e-02
  2.34876536e-02 -5.00246137e-02 -6.63080215e-02  1.17050383e-33
 -1.17148779e-01 -6.13669641e-02  2.72358321e-02  2.54966635e-02
 -3.66934985e-02  5.26263863e-02 -4.54732366e-02  1.10268528e-02
 -4.56559472e-02  5.77595010e-02 -9.83155072e-02  1.18802153e-01
 -3.10847629e-02  3.21596786e-02  1.42332152e-01 -7.65505619e-03
 -5.17659588e-03  8.31694752e-02  1.75085757e-02 -8.09795409e-03
  6.90102801e-02 -2.63953935e-02  3.58801782e-02  6.13658410e-03
  8.20829123e-02  6.10468052e-02  3.88679169e-02 -2.81321518e-02
 -7.93566331e-02  5.61887994e-02  4.72055674e-02  2.53306031e-02
 -6.12400547e-02  4.69184387e-03 -4.66465205e-02  3.16694938e-02
 -6.00645542e-02 -3.12139317e-02  7.02656358e-02  7.06315711e-02
 -6.80317879e-02  2.74366159e-02 -7.28811398e-02 -8.52037817e-02
 -1.37656838e-01  2.78131440e-02 -3.12997848e-02  1.20880967e-02
  8.62630308e-02  5.04186563e-03 -2.86784172e-02 -3.61010171e-02
  8.18387493e-02  1.68780703e-02 -2.04537343e-02  5.99762201e-02
  4.95899953e-02  1.79611531e-03 -8.20881221e-03  7.10673779e-02
 -1.25145927e-01  6.16403446e-02  6.22744253e-03 -1.90551076e-02
  7.53623713e-03  4.26358059e-02 -4.79379762e-03 -1.74122322e-02
 -5.34127392e-02  5.17897978e-02 -2.55123619e-02 -2.05373913e-02
  3.89317386e-02  5.83872907e-02  1.12205833e-01 -4.74655032e-02
 -1.01069622e-02  2.97295228e-02 -2.09499728e-02 -9.24808346e-03
 -9.19660255e-02  1.16539814e-01 -1.79052986e-02 -9.87482816e-02
  5.05211987e-02  2.06371546e-02 -5.40766492e-02 -2.36366168e-02
  1.02010462e-02  2.42971419e-03 -3.30758318e-02 -4.65960763e-02
 -8.84407982e-02  4.03078236e-02 -1.57979410e-02 -3.13412802e-33
 -2.01045722e-02  6.30408451e-02  2.61057802e-02  1.05013967e-01
 -6.50062086e-03 -4.83435430e-02  4.45485525e-02 -6.89359978e-02
  1.26289139e-02  5.23468144e-02  3.31738517e-02  1.76105835e-02
  1.39629403e-02  2.31135022e-02  1.27631910e-02 -2.73663574e-03
 -5.58442250e-02 -1.72834679e-01 -8.60773609e-04  1.92716345e-02
  6.58642054e-02  6.99891374e-02 -3.78294103e-02 -2.52786907e-03
 -7.03162141e-03 -3.18441615e-02 -5.02811298e-02 -3.89209241e-02
  3.62993143e-02 -7.02016950e-02  8.52686837e-02 -2.22998019e-03
  2.25005411e-02  1.52548235e-02 -2.68260762e-02 -8.36311467e-03
  3.53308655e-02 -9.81276184e-02  1.81811824e-02  9.23390165e-02
  2.36995518e-02  1.16780577e-02  7.58557254e-03  1.10257370e-02
  2.68405415e-02  2.97531616e-02 -5.42384274e-02 -8.32697153e-02
  6.55228496e-02 -4.07194681e-02  7.08106235e-02  7.11342320e-02
 -1.15055137e-03  1.66002680e-02 -8.89933705e-02 -1.34448139e-02
  1.55340871e-02 -5.69728762e-02 -5.12526557e-02  4.27979641e-02
  1.04052141e-01  9.97212250e-03  3.26048546e-02  5.96363321e-02
 -6.10452071e-02  2.68817376e-02  7.17741065e-03 -2.67082136e-02
  5.28478622e-03 -2.68294569e-02 -3.40339728e-02 -1.60649735e-02
  1.15226982e-02 -1.67861115e-03 -5.06415330e-02  2.79298909e-02
  3.03073470e-02  2.60250573e-03  8.27372670e-02 -5.67384297e-04
 -3.52353603e-02  3.73731107e-02  5.11718914e-02 -1.58231938e-03
 -4.65487763e-02 -3.82484533e-02 -3.29296500e-03  4.51085269e-02
  8.47939309e-03 -3.40091214e-02 -3.82739492e-02  1.99565124e-02
  1.11309160e-02  6.99128732e-02 -1.62613634e-02 -5.12874045e-08
  2.41491888e-02 -4.24970537e-02  1.02211803e-01  6.11208789e-02
 -2.45593116e-02 -3.96091165e-03 -5.70188202e-02  8.07997212e-02
 -3.98524217e-02 -1.60665922e-02  6.60441220e-02 -2.29228418e-02
 -5.69196716e-02  3.74805480e-02 -3.35119367e-02  3.79831642e-02
  3.97944031e-03  8.28665718e-02 -6.69804867e-03 -7.06911385e-02
  7.01920614e-02  6.66864216e-02 -1.43690314e-02 -1.54554397e-02
  2.52224244e-02 -6.55996650e-02 -3.00133810e-03  1.69738252e-02
 -3.02464026e-03 -7.35488161e-02 -9.26756021e-03  6.14162423e-02
  7.83653408e-02 -1.51318964e-02  5.28518036e-02  2.07900126e-02
 -7.20013753e-02  5.08314334e-02  3.75294276e-02  6.78858683e-02
 -1.09650299e-03  3.89942117e-02 -4.64025565e-04  2.86958497e-02
  1.39477411e-02  1.87563356e-02 -1.40000477e-01 -7.67439976e-02
 -2.70155706e-02 -2.41684951e-02  5.21737449e-02  4.50325970e-05
 -2.68163141e-02  6.96456432e-02  1.73548947e-03  7.14089274e-02
 -2.56968141e-02 -4.96989898e-02 -3.18496190e-02 -2.75068358e-02
 -9.20737721e-03 -5.73187582e-02  3.06577906e-02  6.92017889e-03]"
81,../SysML-v2-release-src/training/34. Verification/Verification Case Definition Example.sysml,"package 'Verification Case Definition Example' {
	
	part def Vehicle {
		attribute mass :> ISQ::mass;
	}
	
	requirement vehicleMassRequirement {
		subject vehicle : Vehicle;
		in massActual :> ISQ::mass;
		doc /* The vehicle mass shall be less than or equal to 2500 kg. */
		
		require constraint { 
		    massActual == vehicle.mass and 
		    massActual <= 2500[SI::kg]
		}
	}
		
	verification def VehicleMassTest {
		private import VerificationCases::*;

		subject testVehicle : Vehicle;
		objective vehicleMassVerificationObjective {
			// The subject of the verify is automatically bound to 'testVehicle' here.
			verify vehicleMassRequirement;
		}
		
		action collectData {
			in part testVehicle : Vehicle = VehicleMassTest::testVehicle;
			out massMeasured :> ISQ::mass;
		}
		
		action processData {
			in massMeasured :> ISQ::mass = collectData.massMeasured;
			out massProcessed :> ISQ::mass;
		}
		
		action evaluateData {
			in massProcessed :> ISQ::mass = processData.massProcessed;
			out verdict : VerdictKind = 
				// Check that 'testVehicle' statisfies 'vehicleMassRequirement' if its mass equals 'massProcessed'.
				PassIf(vehicleMassRequirement(vehicle = testVehicle, massActual = massProcessed));
		}
		
		return verdict : VerdictKind = evaluateData.verdict;
	}
	
}","Generate a SysML v2 model named ""Verification Case Definition Example"" to define and verify vehicle mass requirements. The model includes a part definition for a Vehicle with a mass attribute. It specifies a requirement, ""vehicleMassRequirement,"" asserting that a vehicle's actual mass must be less than or equal to 2500 kg, with constraints ensuring compliance with this limit.

The verification section, ""VehicleMassTest,"" establishes a test for this requirement. It defines a subject, ""testVehicle,"" and has an objective to verify the mass requirement. The test process includes three actions: ""collectData"" to obtain measured mass, ""processData"" to prepare that data for evaluation, and ""evaluateData"" to compare the processed mass against the requirement. The evaluation yields a verdict, either validating or invalidating compliance with the vehicle mass specification. This structured design efficiently encapsulates the verification process, ensuring clarity and rigor in mass compliance testing.","[-3.05377971e-02  5.65947779e-02 -4.85725813e-02  2.34944429e-02
  9.61001217e-03 -6.69240355e-02  1.44534847e-02  4.60804999e-02
 -5.87209053e-02  3.77596654e-02  6.01607859e-02 -8.55372027e-02
  7.27107152e-02  3.59754786e-02 -4.26877066e-02 -5.36808148e-02
  7.19637722e-02  3.24102212e-03 -5.42581156e-02  5.76139949e-02
  1.09850943e-01 -1.83956753e-02  1.46132596e-02  3.92677961e-03
 -1.16163135e-01 -3.42851095e-02 -5.37402704e-02  5.69376647e-02
  3.81524414e-02 -6.71556443e-02  1.03619672e-01  2.55491193e-02
  6.23832457e-02  6.54392829e-03  8.76946747e-02 -8.66718218e-03
  1.83851812e-02 -8.39608014e-02 -4.79917936e-02 -3.41920108e-02
 -4.07585949e-02 -1.27811506e-01 -1.22851795e-02  9.56993364e-03
  7.03619644e-02  8.15063063e-03  4.50365385e-03  2.92791286e-03
 -5.16583920e-02  9.30945016e-03 -2.49267519e-02 -1.02305249e-03
 -3.40143684e-03 -1.22024026e-02 -9.97743383e-02 -1.13508245e-02
  6.15598410e-02 -1.62711162e-02 -8.78683776e-02 -3.39585468e-02
  5.69559028e-03 -3.48124430e-02 -8.06252509e-02  3.10596079e-03
  2.90109124e-02  5.92532493e-02 -7.42376521e-02 -6.09345436e-02
  3.55939344e-02  9.20832828e-02  4.22579329e-03 -1.56100672e-02
 -1.35704214e-02  8.07860121e-02 -1.13145234e-02 -2.83416379e-02
  3.92556051e-03 -5.57528995e-03  6.46202117e-02 -6.04945682e-02
 -6.06067553e-02  1.90922581e-02 -7.21068084e-02 -5.08618690e-02
  5.16704619e-02  1.04844254e-02  4.81302328e-02  3.07983439e-02
  1.57526378e-02  8.49186555e-02  5.92000559e-02 -3.14585678e-02
 -9.06627625e-03  1.53252380e-02  7.65842721e-02  2.03120708e-02
 -2.20804904e-02 -2.87121553e-02  7.67508894e-02 -2.09388928e-03
  1.47936717e-02  6.22448735e-02  5.90061620e-02  5.46702789e-03
 -6.53532073e-02  2.13993154e-02  3.75065836e-03 -5.15504666e-02
 -5.76808862e-03 -2.50221398e-02  4.31002304e-02  7.61717930e-02
  4.79607433e-02 -3.05959843e-02 -1.08893132e-02  1.16883544e-02
 -5.17352344e-03  3.41869965e-02  1.31568024e-02  8.35951767e-04
 -1.35441106e-02 -3.34345065e-02  5.05423918e-02 -1.68594029e-02
  8.19976032e-02 -2.00513098e-02 -3.22434604e-02  1.48531940e-33
 -8.06037709e-02 -4.93320897e-02  1.66210942e-02  8.70969743e-02
 -6.26460463e-02  9.73814074e-03 -6.57372177e-03  5.36631271e-02
  3.17911012e-03  5.22275195e-02 -4.01691236e-02 -1.96872558e-02
 -2.82072295e-02  2.32117213e-02  2.31409967e-02 -1.46339899e-02
 -3.88786122e-02  6.15337156e-02 -2.24948954e-02  5.31596644e-03
  2.76946723e-02 -7.42087811e-02 -3.95302381e-03 -2.95128059e-02
  4.80618179e-02  7.54662305e-02  4.15169001e-02  5.58813214e-02
 -5.93080632e-02  2.46516373e-02  5.11433976e-03  9.69981961e-03
 -1.96553823e-02  7.55798891e-02  7.86018372e-03  6.00515977e-02
 -1.95793454e-02 -3.96360680e-02  4.30695079e-02 -3.52673419e-02
  2.05447823e-02 -4.95114811e-02  6.56742835e-03  4.86013591e-02
 -8.50247890e-02 -3.17053571e-02  1.79025829e-02 -6.30615919e-04
  1.50922118e-02  4.42838036e-02  4.52127047e-02 -1.88257340e-02
  4.40701284e-02 -2.32983138e-02 -9.18627530e-02  4.42447662e-02
  3.44924778e-02 -1.69677697e-02 -3.62991355e-02  6.91519901e-02
 -5.80434091e-02  1.40541210e-03  5.50268171e-03  4.68796939e-02
  1.01059852e-02  3.25697884e-02 -7.40375891e-02 -9.55127925e-02
  4.94917892e-02  4.42195348e-02 -4.10627015e-02 -1.11526493e-02
 -4.08825949e-02  3.72688696e-02  4.80451137e-02 -5.55378795e-02
  6.88372254e-02  3.88303995e-02 -7.79081881e-02 -1.65329445e-02
 -8.16993564e-02  8.78282040e-02 -2.76759584e-02 -3.61429453e-02
  4.88301553e-03 -4.14253324e-02 -4.90048155e-02 -5.14030568e-02
 -2.80524604e-02 -1.03807509e-01  1.86189986e-03 -1.58067867e-02
 -7.43238479e-02  4.43245955e-02  7.86886066e-02 -1.54451986e-33
  3.74130416e-03  9.12606530e-03  1.49332257e-02  8.41357112e-02
  3.10252719e-02 -8.60621259e-02  1.09084314e-02 -6.26663417e-02
 -6.70063570e-02  3.24547663e-02 -5.50919957e-03 -9.38412845e-02
  5.98981651e-03  8.35004356e-03 -4.28439025e-03 -1.74647607e-02
 -6.53218627e-02 -1.33621275e-01 -2.52432132e-04  5.22742867e-02
  3.85071300e-02  1.53840914e-01  2.56300550e-02  2.54981667e-02
 -4.40824851e-02 -1.73362028e-02 -4.39363793e-02 -3.51423956e-02
  9.42088664e-02 -4.94702207e-03  6.11019954e-02 -4.88218199e-03
  2.01258324e-02  3.43072861e-02  1.55611953e-03 -1.15210235e-01
  7.15461224e-02 -8.37805681e-03  2.91048363e-03  7.89644718e-02
  2.12274939e-02  6.87564462e-02 -5.40684387e-02  2.39600837e-02
  1.12212542e-02  1.26086464e-02  1.12508275e-01 -6.24552220e-02
  3.49082574e-02 -6.23145066e-02  2.17203517e-02 -2.70972643e-02
  5.67667605e-03  8.46987218e-02  1.38605535e-02  9.43769049e-03
  1.39815155e-02 -5.99072799e-02 -4.13754322e-02  6.94491854e-03
  4.58095521e-02  3.41252834e-02  2.43085530e-02  7.23869121e-03
 -1.50449276e-02 -4.31149714e-02  5.02601685e-03 -5.07709943e-02
 -7.32251967e-04  3.93438041e-02 -3.94733949e-03 -3.59362885e-02
  3.75726707e-02  2.37974171e-02  6.30200058e-02 -9.15540680e-02
 -2.05278210e-02  3.33675253e-03  5.94726317e-02 -5.50066307e-02
 -8.84769335e-02 -1.96018293e-02  3.19517143e-02  1.36453256e-01
 -3.56156714e-02 -2.38787429e-03 -2.52893716e-02  3.61836143e-02
 -5.56096397e-02  8.58924389e-02 -5.55390492e-02  5.46953380e-02
 -1.10719819e-02  1.05126917e-01 -1.09590270e-01 -4.83885323e-08
 -6.79448992e-02 -2.14678477e-02  3.43662425e-04  9.04151890e-03
 -2.00934000e-02  3.94380800e-02 -6.85203001e-02 -8.93133655e-02
 -2.35927254e-02 -3.50861028e-02  1.31086269e-02  2.05302611e-03
 -4.04215939e-02 -1.13962963e-02 -4.84390147e-02  2.26886928e-04
  2.63070501e-02  5.96694872e-02 -5.75249270e-02  1.30462190e-02
  3.85641716e-02  2.83463970e-02 -5.39590232e-02  8.77351612e-02
  8.48815441e-02 -1.14354938e-02 -1.65608642e-03  1.04596101e-01
  4.27411348e-02  7.72704789e-03  1.97715908e-02  4.31532934e-02
  5.24519868e-02 -4.41463053e-05  3.72926402e-03  6.74163923e-02
 -3.80875655e-02  8.75796005e-02  9.40755308e-02  1.78092029e-02
  1.91883482e-02  4.35371362e-02 -3.59796663e-03  1.99513957e-02
 -1.97278019e-02  3.52042317e-02 -1.97780207e-01 -7.81630948e-02
 -7.32719600e-02 -2.33731326e-02  1.87559647e-03 -7.20400438e-02
 -8.87311697e-02  1.29371300e-01 -7.99850896e-02  3.87356170e-02
  3.84305343e-02 -9.80558898e-03  1.78006962e-02 -3.18124741e-02
  6.87538534e-02  6.49833530e-02  2.07158886e-02 -5.43488897e-02]"
82,../SysML-v2-release-src/training/34. Verification/Verification Case Usage Example.sysml,"package 'Verification Case Usage Example' {
	private import 'Verification Case Definition Example'::*;
	
	part def MassVerificationSystem;
	part def Scale;
	
	part vehicleTestConfig : Vehicle {
		// ...
	}
	
	verification vehicleMassTest : VehicleMassTest {
		subject testVehicle :> vehicleTestConfig;
	}
	
	part massVerificationSystem : MassVerificationSystem {
		perform vehicleMassTest;
		
		part scale : Scale {
			perform vehicleMassTest.collectData {
				in part :>> testVehicle;
				
				// In reality, this would be some more involved process.
				measurement = testVehicle.mass;
				
				out :>> massMeasured = measurement;
			}
		}
	}		
		
	individual def TestSystem :> MassVerificationSystem;
	
	individual def TestVehicle1 :> Vehicle;
	individual def TestVehicle2 :> Vehicle;

	individual testSystem : TestSystem :> massVerificationSystem {
		timeslice test1 {
			perform action :>> vehicleMassTest {
				in individual :>> testVehicle : TestVehicle1 {
					:>> mass = 2500[SI::kg];
				}
			}
		}
		
		then timeslice test2 {
			perform action :>> vehicleMassTest {
				in individual :>> testVehicle : TestVehicle2 {
					:>> mass = 3000[SI::kg];
				}
			}
		}
	}
}","Generate a SysML v2 model encapsulated in the package 'Verification Case Usage Example'. This model defines the architecture for a vehicle mass verification system, integrating components such as 'MassVerificationSystem' and 'Scale'. The primary part, 'vehicleTestConfig', configures two test vehicles; 'TestVehicle1' and 'TestVehicle2' represent individual instances with specified masses (2500 kg and 3000 kg, respectively). 

Within the 'massVerificationSystem', the 'vehicleMassTest' verification instance is conducted through a structured process. The 'Scale' part collects data from the test vehicle, capturing its mass during verification. 

The execution is divided into two timeslices: the first conducts the mass test for TestVehicle1, and the second for TestVehicle2. The system performance reflects how measurement outputs are processed, linking the operational functions with specific verification actions, thus ensuring a comprehensive mass validation procedure. This model lays the groundwork for further developments in vehicle mass verification protocols.","[-8.62242654e-03  3.35176401e-02 -4.08051610e-02  3.18242945e-02
  2.07045078e-02 -9.07069594e-02  6.65992685e-03  4.88031842e-02
 -4.48206551e-02 -1.65385567e-02  9.69599783e-02 -6.88978359e-02
  5.67630529e-02  3.24714705e-02 -4.67767678e-02 -6.95169568e-02
  3.27328406e-02  2.78292373e-02 -5.30346967e-02  4.25143540e-02
  8.41737986e-02 -5.70279323e-02 -3.04414402e-03  1.99061222e-02
 -9.40555111e-02 -3.60046700e-02 -5.98311946e-02  5.34502231e-02
  4.13030665e-03 -1.00802429e-01  9.79902819e-02 -2.91005359e-03
  3.88003662e-02  1.85385160e-02  6.62749484e-02 -4.66220044e-02
  5.34465201e-02 -1.05076730e-01 -5.84728271e-02 -5.22010513e-02
 -2.22401805e-02 -1.26068845e-01 -9.10846330e-03  9.61946230e-03
  7.21956342e-02  2.91697867e-02  3.02187689e-02  3.52587588e-02
 -3.74439247e-02 -1.97391864e-02  2.96853967e-02 -1.52983759e-02
 -1.20029375e-02 -4.58840327e-03 -8.63459483e-02 -1.50377778e-02
  8.27540606e-02 -2.83678714e-03 -6.73570856e-02 -1.30424113e-03
 -5.82070323e-03 -3.05017550e-02 -9.16978121e-02 -2.21347697e-02
  8.49794876e-03  4.66878824e-02 -1.92095116e-02 -8.03858489e-02
  8.70161206e-02  5.74015602e-02 -2.18060380e-03 -2.26554200e-02
  3.99679095e-02  6.37999550e-02 -2.53774971e-03 -2.00307034e-02
 -4.90388572e-02  2.85852258e-03  6.04778305e-02 -6.73036352e-02
 -5.04717231e-02  6.88133063e-03 -5.31533845e-02 -7.06835017e-02
  5.66307642e-02 -2.98687024e-03  5.47709242e-02  6.52267039e-02
 -1.80698056e-02  5.71829602e-02  3.27351317e-02 -6.43057562e-03
 -3.30542959e-02  2.36619171e-02  6.92595020e-02  2.79639959e-02
 -2.52546258e-02  1.02127399e-02  9.31470096e-02  1.17194746e-02
  3.13592739e-02  4.28584516e-02  9.43857282e-02  1.53679736e-02
 -2.84943189e-02  7.78871328e-02 -3.24350893e-02 -3.22578996e-02
  1.27055496e-02 -6.89486265e-02  3.05375010e-02  6.51352704e-02
  5.88599741e-02 -6.75393129e-03 -5.64860366e-03  2.45587714e-03
  4.55447286e-03  2.92788576e-02 -1.25691080e-02  8.92077759e-03
 -3.92523361e-03 -6.70024231e-02  3.82704176e-02 -2.94791814e-02
  9.82957706e-02  4.59891669e-02 -2.54864600e-02  5.35290850e-33
 -1.01310559e-01 -1.97143368e-02  2.99127437e-02  1.00422427e-01
 -6.58577010e-02  2.70052720e-02 -9.76510439e-03  5.22276424e-02
 -8.84734467e-03  2.04887260e-02 -9.01258066e-02 -2.83424463e-02
 -1.20608555e-02  1.32226860e-02  1.07491044e-02 -4.96496856e-02
  5.25086606e-03  3.49893458e-02 -2.55489647e-02  8.38154741e-03
  4.70127165e-02 -5.09708673e-02  2.81098951e-03 -4.83233966e-02
  1.19083092e-01  8.60665739e-02  4.26732935e-02  4.21669073e-02
 -5.48380688e-02  2.66724639e-02 -5.71833784e-03  2.46177684e-03
 -5.03382161e-02  9.61652920e-02 -1.24647864e-03  2.05303989e-02
  6.13108976e-03 -6.63122907e-02  1.14550209e-02 -4.59348820e-02
  7.19806105e-02 -3.31859030e-02 -2.33812854e-02  3.32690701e-02
 -1.20959029e-01 -4.20300812e-02  4.64383652e-03  2.87504252e-02
  4.33993153e-02 -1.64383072e-02  7.50592351e-02 -7.55581493e-03
  5.45633119e-03 -2.89486512e-03 -4.85539734e-02  5.63730039e-02
  2.69597508e-02 -1.85237564e-02 -5.02736075e-03  6.72289133e-02
 -6.20122477e-02 -6.59966827e-05 -1.46510871e-02  4.93832901e-02
  2.67480798e-02  4.50385027e-02 -1.00662999e-01 -7.10871592e-02
  2.08167322e-02  5.78550771e-02  4.38045291e-03  2.53504999e-02
  1.07725535e-03  2.34965812e-02  4.35506925e-02 -3.84761207e-02
  5.41238375e-02  3.24187800e-02 -1.06096238e-01  1.55942906e-02
 -9.21247527e-02  1.03244133e-01 -4.17212956e-02 -3.48495916e-02
  1.32747665e-02 -4.39707413e-02 -6.67517707e-02 -7.15485811e-02
 -1.47357667e-02 -7.82754123e-02 -2.22345460e-02 -1.32794250e-02
 -3.28488387e-02  2.51206234e-02  3.11911814e-02 -4.09596782e-33
 -7.41111208e-03  1.37196342e-02  2.92437281e-02  1.16016991e-01
  2.33730283e-02 -7.25659654e-02 -3.04382504e-03 -2.69361120e-02
 -9.00611207e-02  3.35846767e-02  1.27319051e-02 -8.22908878e-02
  3.55418138e-02  1.79425220e-03  1.74285695e-02 -2.56806426e-02
 -5.53703122e-02 -1.24445505e-01  1.54919140e-02  2.88859662e-02
  5.29214479e-02  1.19526371e-01  3.93217690e-02  1.01950209e-04
 -5.69235766e-03 -5.19872345e-02 -4.20858748e-02 -2.12461222e-02
  9.37129259e-02 -2.80582942e-02  8.72973278e-02 -1.29866821e-03
  4.49870154e-02  1.96040533e-02  2.40257494e-02 -5.23386821e-02
  5.23096062e-02 -9.81699675e-03  8.34263768e-03  6.30103871e-02
  1.15316792e-03  5.49007431e-02 -6.41135201e-02 -2.28143577e-02
  1.32831447e-02  1.30800549e-02  1.05485789e-01 -1.58574488e-02
  2.13931631e-02 -6.03720360e-02 -1.39945224e-02 -1.58825461e-02
 -2.69251391e-02  6.23960868e-02  9.00836103e-03  4.04994600e-02
  5.32286055e-03 -2.14702059e-02 -8.00130963e-02 -9.63059161e-03
  5.70454597e-02 -4.05668207e-02  3.28506753e-02  2.20500678e-02
 -2.29167808e-02 -5.22388741e-02  1.11130364e-02 -1.94768663e-02
 -5.76400012e-03  6.84609562e-02 -6.24097092e-03 -3.37570868e-02
  3.26226167e-02  4.10700664e-02  3.28331180e-02 -7.50283599e-02
 -1.46914069e-02  1.80598209e-03  8.54560286e-02 -7.24383071e-02
 -6.61727414e-02 -3.59992571e-02  4.77324761e-02  1.15655333e-01
 -1.80823132e-02 -6.83284923e-03  3.72585934e-03  6.78724125e-02
 -3.74550931e-02  6.81304783e-02 -5.46440221e-02  4.65711020e-02
  1.02192555e-02  9.27812532e-02 -8.40127915e-02 -4.90046439e-08
 -4.83088680e-02 -1.21779162e-02 -1.74432050e-03  1.23336986e-02
 -2.21227724e-02  2.91395616e-02 -6.76451698e-02 -5.16433865e-02
 -3.02588344e-02 -5.73484506e-03  1.34375943e-02 -2.76809167e-02
 -3.91198471e-02 -3.79120223e-02 -2.23542023e-02  3.69038954e-02
  4.77330908e-02  2.69275624e-02 -6.17428757e-02 -3.19139548e-02
  4.39443439e-02  3.81034352e-02 -5.64151518e-02  1.10353075e-01
  5.23954108e-02  1.79745653e-03  2.95918947e-03  1.16997153e-01
  7.89176766e-03 -1.30913425e-02  3.22095933e-03  3.92646939e-02
  1.51363211e-02  4.55457270e-02  4.91761044e-02  7.54328221e-02
 -5.24227023e-02  1.30766988e-01  1.24286592e-01  1.30086867e-02
  4.99631539e-02  1.57430244e-04 -3.78754325e-02  1.17168641e-02
 -1.68845206e-02  5.15109673e-02 -1.83884725e-01 -7.21928030e-02
 -8.91525298e-02 -9.76996496e-03  1.24991490e-02 -3.15527506e-02
 -1.01840712e-01  1.27808094e-01 -6.53493255e-02  4.69801277e-02
  7.37188943e-03 -3.16613019e-02  6.49026632e-02  6.50008814e-03
  5.57244755e-03  3.00273579e-02  6.50094682e-03 -6.70405105e-02]"
83,../SysML-v2-release-src/training/35. Use Cases/Use Case Definition Example.sysml,"package 'Use Case Definition Example' {
	
	part def Vehicle;
	part def Person;
	part def Environment;
	part def 'Fuel Station';
	
	use case def 'Provide Transportation' {
		subject vehicle : Vehicle;
		
		actor driver : Person;
		actor passengers : Person[0..4];
		actor environment : Environment;
		
		objective {
			doc 
			/* Transport driver and passengers from starting location 
			 * to ending location.
			 */
		}		
	}
	
	use case def 'Enter Vehicle' {
		subject vehicle : Vehicle;
		actor driver : Person;
		actor passengers : Person[0..4];
	}
	
	use case def 'Exit Vehicle' {
		subject vehicle : Vehicle;
		actor driver : Person;
		actor passengers : Person[0..4];
	}
}","Generate a SysML v2 model encapsulated in the package titled 'Use Case Definition Example'. The model defines key parts: 'Vehicle', 'Person', 'Environment', and 'Fuel Station'. It includes several use case definitions that illustrate interactions with the 'Vehicle'. 

The first use case, 'Provide Transportation', outlines the vehicle's role in transporting a driver and up to four passengers from a starting location to a destination, with a defined objective emphasizing this transportation task. Following that, the model details the use cases 'Enter Vehicle' and 'Exit Vehicle', which involve drivers and passengers interacting with the vehicle. Each use case specifies the actors involved, maintaining clarity for all interactions relating to the vehicle's operation. Ultimately, this model effectively captures the essential functions and interactions for vehicle transportation scenarios.","[ 1.47998556e-02 -1.23287123e-02 -9.83915757e-03 -2.30058073e-03
  9.64008458e-03  1.32550877e-02  9.76367071e-02  5.33873215e-02
 -2.65904088e-02 -1.60404097e-03  6.48945123e-02  4.78999456e-03
  4.51987572e-02  4.55515645e-02  4.52778079e-02  1.31945144e-02
  9.27550644e-02 -3.53292041e-02 -4.48307060e-02  4.61744480e-02
  8.62026960e-02 -6.11015186e-02 -1.28929038e-02  7.17826001e-03
 -1.42184839e-01 -4.63938713e-02  3.88121977e-02  2.61866059e-02
  3.37056778e-02 -4.70150970e-02  2.51399744e-02  6.73715547e-02
  1.50169497e-02  4.84903390e-03 -3.33600529e-02  2.57140584e-02
  2.25793570e-02 -1.89262331e-02 -4.31927368e-02 -8.57074559e-02
 -4.94021885e-02 -1.07929759e-01 -4.50802930e-02  1.78966913e-02
  4.37216647e-02 -6.94275349e-02  4.29136641e-02 -1.77427512e-02
  4.67912741e-02 -9.22764651e-03 -4.72223125e-02  2.08786074e-02
  3.57811712e-03 -6.95495633e-03 -3.55927534e-02  2.42022402e-03
  2.95895636e-02  1.20437443e-02 -9.37370807e-02 -4.40976955e-02
 -1.63552053e-02  1.42757606e-03 -6.62244037e-02  2.97568310e-02
 -1.45310834e-02  2.11109594e-02 -7.62230158e-02 -5.24409451e-02
  1.66719146e-02  6.06357753e-02 -6.66612759e-02 -1.37554044e-02
 -2.69060545e-02  5.26209408e-03 -1.98465921e-02 -7.11743757e-02
  5.55008538e-02 -8.22290033e-03  4.17022258e-02 -5.89086190e-02
  2.15777010e-02  4.12702821e-02 -6.28733486e-02 -1.36169959e-02
 -1.48696052e-02  1.54516054e-02  2.52030622e-02 -2.65072826e-02
  4.46410514e-02  6.20159842e-02 -5.53790629e-02 -4.06132899e-02
  9.79647413e-02 -4.31075655e-02  2.72274669e-02  2.33976897e-02
 -8.48623982e-04  4.46074083e-03  6.76279515e-02  1.82261690e-02
  1.96132660e-02  7.71408677e-02  4.59775738e-02 -1.32920854e-02
 -6.64286464e-02  1.61853023e-02 -1.43443206e-02 -6.19232096e-02
 -3.90572362e-02 -3.70441191e-02  5.38780168e-03  3.92412171e-02
  1.22339942e-03 -5.02301753e-02 -4.62830253e-02  1.40336016e-02
 -3.19672786e-02  2.49922164e-02  5.54492660e-02  1.29228989e-02
 -4.61443625e-02 -3.12298555e-02  9.38614681e-02  4.62940484e-02
  2.00874768e-02 -2.98631694e-02 -1.40198832e-02 -1.11081415e-33
 -1.40946016e-01 -4.78926189e-02 -3.05984542e-02  1.78345233e-01
  2.64063980e-02  4.51215729e-02 -6.69652894e-02  3.84916994e-03
 -5.88383479e-03  2.19019055e-02 -5.09734042e-02 -6.90802559e-03
  1.56054506e-02  3.48343998e-02  4.17502448e-02 -2.25274079e-02
 -6.04837500e-02  7.00489283e-02 -2.00757030e-02 -3.52098048e-02
  3.61435488e-02  8.04240583e-04 -2.25413200e-02  1.87906697e-02
  9.56073031e-02  1.02446519e-01  5.74637763e-02  1.63765345e-02
  7.62953013e-02  3.21258083e-02  1.44244293e-02  3.89264412e-02
 -5.20053245e-02  6.00081161e-02  1.57189332e-02  6.34104759e-02
 -6.85719177e-02 -1.45761929e-02  4.33796756e-02 -4.95275557e-02
 -1.60827003e-02 -4.69170846e-02 -6.58253357e-02  3.85398231e-02
 -1.13099247e-01 -3.40927653e-02  3.63625810e-02  1.73271522e-02
 -3.25599052e-02  5.56627959e-02 -4.08533365e-02 -2.25527827e-02
  4.43833955e-02 -1.03907390e-02 -8.14171135e-02 -7.15295738e-03
  3.98277938e-02 -2.66695339e-02 -2.90652160e-02  4.34129871e-02
 -5.76746389e-02  5.05066589e-02  2.77805179e-02  4.04561013e-02
  8.12392831e-02 -4.42614593e-03 -5.16153499e-02 -7.72340074e-02
  8.81006569e-02  3.63065824e-02 -3.63247022e-02  3.45025808e-02
 -4.87638870e-03  6.92033321e-02  4.12403084e-02 -4.54451069e-02
 -1.55464830e-02 -2.77599450e-02 -6.90006688e-02  4.18434218e-02
 -1.05190180e-01  3.79216969e-02 -5.87209165e-02 -8.88304878e-03
  3.68730538e-02 -3.25472951e-02 -6.14034645e-02 -1.19532429e-01
 -5.67007139e-02 -5.24805225e-02 -2.37810649e-02 -2.61656009e-03
 -8.48034918e-02  8.76554027e-02  4.69521768e-02 -1.22831776e-33
  4.05648276e-02 -2.79101450e-03  2.82156728e-02 -2.00501662e-02
  2.16734111e-02 -5.59376106e-02  1.13883810e-02 -7.36542493e-02
 -9.55750514e-03  8.92484114e-02 -8.06788206e-02 -1.54197831e-02
  6.97562322e-02  2.41085161e-02  4.49950844e-02 -2.89070327e-02
  2.04758476e-02 -1.58878341e-01 -7.17643276e-02  3.05881388e-02
 -3.04502323e-02  1.72013938e-02 -6.04977570e-02  1.31991822e-02
  1.31327799e-02 -6.22539257e-04  1.10841135e-03  1.33030685e-02
  1.12339584e-02 -2.95485687e-02 -4.49566590e-03 -6.07884675e-02
  6.71810955e-02 -3.71840410e-02 -6.32154122e-02 -1.47942435e-02
  6.82034576e-03 -1.08684448e-03 -3.61759365e-02 -2.96398695e-03
  2.70823110e-03 -1.74990650e-02 -3.52484081e-03  3.21467966e-02
 -1.45096157e-03  5.05707134e-03  1.16886506e-02 -5.19391634e-02
 -9.21529159e-03 -5.53171262e-02  3.33225466e-02 -5.39206564e-02
 -5.25759943e-02 -3.29358899e-03 -1.19316075e-02  5.28916232e-02
  7.39214122e-02 -5.47874197e-02  1.95348337e-02 -2.73017939e-02
  1.04023352e-01 -1.37734730e-02  5.37737608e-02  4.31647412e-02
 -5.52888885e-02 -1.29834950e-01 -4.18095589e-02 -3.32109183e-02
 -1.53211914e-02 -3.48123838e-03  1.45386234e-02  1.37657672e-02
 -2.17824839e-02  3.91593091e-02  4.20272574e-02 -3.62221301e-02
 -1.86565220e-02  3.01100034e-02  2.18483545e-02 -3.56195271e-02
 -4.87466864e-02 -3.80650386e-02  4.28850874e-02  1.12869978e-01
 -4.09972705e-02 -5.74462162e-03  1.05549786e-02  6.03514798e-02
 -2.69408915e-02  2.80384105e-02 -6.48735836e-02  1.15369350e-01
 -5.18719330e-02  1.80050045e-01 -1.25909328e-01 -4.72715875e-08
 -7.46358782e-02  3.53688486e-02  8.96874666e-02 -3.40597928e-02
 -3.91261019e-02  2.18869131e-02  9.50074103e-03  4.68747085e-03
 -8.45105276e-02  5.71054816e-02 -2.75762919e-02  5.67349195e-02
 -1.29074324e-02  7.17497692e-02  3.11160600e-03  9.63349640e-02
  2.87087131e-02  2.21328102e-02 -5.29521480e-02 -1.37540521e-02
  6.69508278e-02  7.70638743e-03 -6.65037930e-02  1.15214437e-01
  6.59329370e-02 -1.60103235e-02 -8.01710784e-03  8.42563212e-02
  3.61146033e-02 -5.28771542e-02  1.04282051e-02  7.66917765e-02
  3.62290218e-02  2.20753737e-02 -3.64029631e-02  6.47617728e-02
 -3.53242420e-02  2.80917324e-02  3.91578004e-02  1.32076023e-02
  2.66807415e-02  2.88410913e-02 -3.15002427e-02  3.35150734e-02
 -3.94176785e-03  4.29956540e-02 -1.01844147e-01 -5.63197285e-02
 -6.93653375e-02  2.73800138e-02 -6.56631812e-02 -7.07976893e-02
 -9.85285118e-02  1.24392368e-01  1.59907714e-02  1.48639418e-02
  9.70980618e-03 -2.41949945e-03  8.83790851e-02 -1.83131751e-02
 -3.88703942e-02  1.39900222e-01  5.26358048e-03  1.24085294e-02]"
84,../SysML-v2-release-src/training/35. Use Cases/Use Case Usage Example.sysml,"package 'Use Case Usage Example' {
	
	private import 'Use Case Definition Example'::*;
	
	part def 'Fuel Station';
	
	use case 'provide transportation' : 'Provide Transportation' {		
		first start;
		
		then include use case 'enter vehicle' : 'Enter Vehicle' {
			actor :>> driver = 'provide transportation'::driver;
			actor :>> passengers = 'provide transportation'::passengers;
		}
		
		then use case 'drive vehicle' {
			actor driver = 'provide transportation'::driver;
			actor environment = 'provide transportation'::environment;
			
			include 'add fuel'[0..*] { 
				actor :>> fueler = driver;
			}
		}
		
		then include use case 'exit vehicle' : 'Exit Vehicle' {
			actor :>> driver = 'provide transportation'::driver;
			actor :>> passengers = 'provide transportation'::passengers;
		}
		
		then done;		
	}
	
	use case 'add fuel' {
		subject vehicle : Vehicle;
		actor fueler : Person;
		actor 'fuel station' : 'Fuel Station';
	}
}","Generate a SysML v2 model that illustrates the 'Use Case Usage Example' within a package, emphasizing the 'Fuel Station' system. This model showcases the primary use case 'provide transportation.' It initiates with a start event followed by a sequence of nested use cases: first, 'Enter Vehicle,' where actors such as the driver and passengers are defined. Next, the 'drive vehicle' use case is depicted, highlighting the driver and environment as actors and incorporating an 'add fuel' use case, with the driver as the fueler. Afterwards, the model includes the 'Exit Vehicle' use case, reiterating the roles of the driver and passengers. Finally, the model concludes with a 'done' event. Additionally, the 'add fuel' use case specifies a vehicle as the subject and delineates actors, including a person as the fueler and the fuel station itself. This structure effectively captures the interactions and processes involved in a fuel station context.","[-1.00119244e-02  1.06824199e-02 -2.45020376e-03  2.30068211e-02
  3.96881439e-02  3.44144627e-02  1.01299532e-01  5.45509271e-02
  8.79408792e-03 -7.71153113e-03  3.56160700e-02 -1.20626658e-03
  1.43478019e-02  5.36274947e-02  5.98112680e-02 -3.95651121e-04
  6.27601594e-02 -4.47443649e-02 -3.48097086e-03  2.81822868e-02
  9.94419605e-02 -8.57394263e-02  6.65592914e-03  4.24921699e-03
 -1.25707641e-01 -9.02407151e-03  2.64488626e-02  4.54419255e-02
  4.18361649e-02 -3.58812250e-02  2.19837110e-02  6.31168038e-02
  2.32348945e-02 -1.23233050e-02  8.30569118e-03  4.84673716e-02
 -3.60569009e-03  2.19954532e-02 -2.81949528e-02 -3.94962728e-02
 -1.87513418e-02 -1.24258779e-01 -2.41292994e-02  3.84142920e-02
  1.91561002e-02 -8.40964541e-02  2.85811052e-02 -4.00116779e-02
  2.52746064e-02 -1.40964100e-02 -4.41614464e-02 -1.72435364e-03
  1.46599198e-02 -2.61168610e-02  3.41255218e-02 -4.64019086e-03
  7.02637434e-02 -9.63427033e-03 -9.97275859e-02 -1.09802119e-01
 -3.97779122e-02 -5.07154129e-03 -1.05113775e-01  9.26786382e-03
  1.45518798e-02  3.60689797e-02 -8.48142132e-02 -3.77969071e-02
  2.48821303e-02  2.43950393e-02 -4.82095145e-02 -2.52714232e-02
 -2.48452965e-02 -2.13613566e-02 -4.08798754e-02 -5.84444962e-02
  5.50859049e-02  3.33360210e-02  4.39617150e-02 -1.00124180e-01
  1.49786314e-02  3.60247592e-04 -6.94087222e-02 -4.44062538e-02
 -2.68926844e-02  4.04748283e-02  1.11244246e-02 -5.71427047e-02
  6.86602518e-02  7.00207725e-02 -6.12840913e-02 -1.41140651e-02
  1.01874784e-01 -1.95499994e-02  4.86394651e-02  2.43326370e-02
  1.65908840e-02  2.95069907e-02  8.55771229e-02  1.69440676e-02
  1.50351208e-02  9.77279916e-02  1.18419779e-02 -1.19824288e-02
 -4.75862175e-02  2.94961245e-03 -6.60922602e-02 -3.12785581e-02
 -4.16698158e-02 -5.36529459e-02  1.58723108e-02  4.01250236e-02
  2.29488797e-02 -2.57485714e-02 -4.01315056e-02  5.48950098e-02
 -1.45720532e-02  1.01396069e-02  5.88914119e-02  3.66502325e-03
 -2.15158574e-02 -6.36115856e-03  4.88962792e-02  5.17901480e-02
  1.42583332e-03 -1.32189114e-02 -2.99473051e-02 -6.16452793e-34
 -1.17784932e-01 -1.00547925e-01 -2.07850747e-02  1.68127701e-01
  3.37369032e-02  5.85769676e-02 -7.25981817e-02  6.99075405e-03
  6.67172670e-03  2.79059019e-02 -3.46883200e-02  7.18577253e-03
 -2.71656979e-02  3.18524987e-02 -4.57567722e-03 -4.66561913e-02
 -3.08152959e-02  4.49710339e-02 -2.86305584e-02 -4.80797961e-02
  3.26395780e-03  3.71055007e-02 -3.91999856e-02  1.33474329e-02
  6.82392642e-02  9.84442756e-02  4.96587232e-02 -3.10282689e-03
  3.51137295e-02  3.58265899e-02  3.81778739e-02  3.02949753e-02
 -7.68416300e-02  7.08909929e-02  2.66418904e-02  8.21496472e-02
 -3.50230522e-02  4.40792367e-03  3.89226079e-02 -3.91986258e-02
 -3.31081077e-02 -2.03778539e-02 -5.39429411e-02  1.23700025e-02
 -1.42698020e-01 -5.12008220e-02  8.94143526e-03  2.88409535e-02
  3.31409015e-02  4.91799489e-02  2.17866362e-03 -3.33033539e-02
  7.44977668e-02  5.86330611e-03 -4.94052805e-02  3.22715901e-02
  2.42117792e-02 -3.70172635e-02 -1.94046404e-02  1.96244698e-02
 -2.28428803e-02  8.10024664e-02  2.28129537e-03  7.66036361e-02
  6.53065369e-02 -1.31193474e-02 -2.24518832e-02 -1.29023626e-01
  9.11327451e-02  3.85617726e-02 -4.43337783e-02  2.57253163e-02
 -2.73715295e-02  6.10241592e-02  4.27841581e-02 -3.74122933e-02
 -2.89928745e-02 -5.55826211e-03 -1.20615579e-01  5.81935719e-02
 -7.01750219e-02 -1.16141820e-02 -4.19183336e-02 -1.01354746e-02
  1.57635286e-02 -4.34706211e-02 -6.13684431e-02 -1.13219999e-01
 -5.91010153e-02 -4.83669564e-02 -2.12314073e-02 -5.20653166e-02
 -2.50563752e-02  9.91112739e-02  3.76926325e-02 -7.05037864e-34
  2.14062333e-02 -2.36489102e-02  2.17209235e-02 -5.33972941e-02
  2.20764410e-02 -8.09817538e-02  3.32279429e-02 -1.38862327e-01
 -1.09809441e-02  8.16822499e-02 -5.94470017e-02 -2.66226218e-03
  5.22937551e-02  4.30448875e-02  1.69328172e-02 -1.13906222e-03
  1.73082147e-02 -1.05151869e-01 -6.41740784e-02  7.62395374e-03
 -1.36673562e-02  1.78248268e-02 -6.29091933e-02  3.27723883e-02
 -3.63325812e-02  8.83497950e-03  5.38263749e-03  1.38231535e-02
 -2.47101579e-03 -2.59398781e-02  2.30208449e-02 -4.45429794e-02
  5.83278760e-02 -1.04386499e-02 -6.62364364e-02  4.82915342e-03
 -1.27765685e-02 -1.93111431e-02 -3.02335545e-02 -3.93549576e-02
  5.53363701e-03 -2.65649073e-02 -5.79977548e-03  6.65647984e-02
 -1.10441111e-02 -2.95662135e-02  1.18783964e-02 -5.26950881e-02
  1.03706995e-03 -1.53394118e-02 -1.05793751e-03 -5.69561794e-02
 -4.38906588e-02 -2.34445353e-04 -2.29437351e-02  4.02921587e-02
  1.01094738e-01 -5.45646474e-02  7.81408418e-03 -1.85478851e-02
  1.20913595e-01 -8.84307921e-03  5.68683296e-02 -7.52695045e-03
 -3.99666950e-02 -1.27167165e-01 -4.01596278e-02 -5.18652759e-02
  3.37961726e-02  6.36182609e-04  3.00451797e-02  3.51520404e-02
 -6.83172643e-02  4.51967120e-02  2.46902704e-02 -1.24070905e-02
 -2.30442099e-02  1.30948387e-02  2.11048815e-02 -6.25158027e-02
 -8.82391632e-02 -4.15391363e-02  3.65881808e-02  1.01066925e-01
 -2.04749089e-02 -1.14591038e-02  1.84434690e-02  5.83165772e-02
  2.31927144e-03  3.90361845e-02 -4.59660217e-02  1.00569084e-01
 -2.05062293e-02  1.93491295e-01 -1.00450501e-01 -5.13048164e-08
 -8.29865783e-02  9.34000500e-03  8.51283818e-02 -5.88278240e-03
 -1.18035711e-02 -1.14106452e-02  1.46287140e-02  1.14897937e-02
 -8.38612169e-02  1.39549775e-02 -3.16323936e-02  6.20822683e-02
 -4.76759300e-03  3.84691395e-02  1.26880156e-02  8.59703422e-02
  3.45261134e-02  4.26551029e-02 -5.64834774e-02  9.87614878e-03
  6.47940636e-02  1.70388650e-02 -7.40962327e-02  1.05273962e-01
  4.05522957e-02 -1.26626091e-02 -4.16219700e-03  9.06371921e-02
  4.60945480e-02 -2.43336484e-02  5.54674715e-02  8.06917772e-02
  9.12443269e-04  2.62696613e-02 -3.30372006e-02  6.29490986e-02
 -2.34370977e-02  1.77001767e-02  3.94639634e-02 -1.99285848e-03
  5.49946837e-02  8.42279382e-03 -1.85469184e-02  4.29580845e-02
 -1.60557721e-02  4.22077104e-02 -1.44308120e-01 -3.85045782e-02
 -4.08987291e-02  4.77424562e-02 -3.99810597e-02 -7.46025145e-02
 -8.06637779e-02  7.61911049e-02  1.07203498e-02  1.67291556e-02
  1.02670910e-02  6.34675026e-02  1.00826241e-01 -9.06219706e-03
 -2.04379950e-03  1.19911022e-01  2.50791851e-02  8.41987971e-03]"
85,../SysML-v2-release-src/training/36. Variability/Variation Configuration.sysml,"package 'Variation Configuration' {
	private import 'Variation Usages'::*;
	
	part vehicle4Cyl :> vehicleFamily {
		part redefines engine = engine::'4cylEngine';
		part redefines transmission = transmission::manualTransmission;
	}
	
	part vehicle6Cyl :> vehicleFamily {
		part redefines engine = engine::'6cylEngine';
		part redefines transmission = transmission::manualTransmission;
	}
	
}","Generate a SysML v2 model that defines a package named 'Variation Configuration'. This package imports elements from 'Variation Usages' and establishes a family of vehicles featuring different engine configurations. Create a part called 'vehicle4Cyl' that specializes the 'vehicleFamily' by redefining its components to include a '4cylEngine' and a 'manualTransmission'. Similarly, define another part named 'vehicle6Cyl', also part of the 'vehicleFamily', which redefines its engine to a '6cylEngine' while maintaining the same 'manualTransmission' configuration. This model captures the variation in vehicle designs while ensuring that the core structure remains consistent across different engine configurations.","[-2.28194520e-03  1.05341328e-02  1.29504642e-02  3.52628442e-04
 -4.59368564e-02 -1.74608640e-02 -1.09641952e-02  1.78414807e-02
 -5.47361188e-02 -7.98231438e-02  2.08201371e-02  4.49329754e-03
  2.77025439e-02 -2.43436750e-02 -1.65438261e-02 -9.45161935e-03
  4.79864562e-03  5.04201390e-02 -8.14667344e-02 -2.16451660e-03
  6.37427717e-02 -2.26258133e-02  2.61338558e-02  2.89711310e-03
 -7.43342936e-02 -3.67631763e-02 -2.53808275e-02  1.04514234e-01
  7.42892027e-02 -1.24587096e-01  5.66049591e-02  1.25440240e-01
 -4.52040695e-02 -2.06654202e-02  2.73869392e-02 -4.73636240e-02
 -1.88126042e-02 -7.12461537e-03 -1.76544003e-02 -8.58936608e-02
 -1.97080132e-02 -2.92846151e-02 -4.55488004e-02  2.63186917e-02
  2.77951919e-02  4.45905812e-02 -2.23173872e-02 -5.05655445e-03
  6.05599917e-02 -5.21668904e-02  9.04387422e-03 -2.37379838e-02
 -3.26339863e-02 -3.44612598e-02 -4.88581508e-02  5.48021011e-02
 -2.75737736e-02  3.58759947e-02 -8.65674689e-02 -3.49470563e-02
  3.54156792e-02  1.07884174e-02 -6.49053231e-02  5.23839565e-03
 -3.30738723e-02  6.41587898e-02  7.68571766e-03 -5.06519824e-02
  7.02594593e-02  2.04125606e-02 -5.31771369e-02 -8.78296513e-03
  1.30203655e-02  1.56824924e-02 -1.91361271e-02 -1.17585463e-02
  6.01022467e-02 -2.51972508e-02 -7.44340289e-03 -1.11644208e-01
 -4.39214744e-02  4.47084755e-02 -1.04368953e-02  2.29649562e-02
  3.78363654e-02 -3.41112576e-02  6.18870668e-02 -6.37977719e-02
  3.32951061e-02  6.94871545e-02 -7.69983754e-02 -3.96494158e-02
  7.02181607e-02 -7.26166293e-02  2.03686254e-03  6.98417276e-02
  5.74595891e-02 -1.40666608e-02  1.04538940e-01  3.67083997e-02
 -1.36708177e-03 -1.80110708e-02  8.32637474e-02  2.37888433e-02
 -4.69310470e-02  2.32286402e-03 -1.68281030e-02 -8.74855556e-03
 -6.54377863e-02 -9.99069810e-02  3.78902373e-03  7.99358189e-02
  4.60554613e-03 -5.14932498e-02 -2.79396456e-02 -4.26907726e-02
 -3.01452056e-02  8.82913446e-06  6.40474185e-02  2.78090723e-02
 -1.92365795e-02 -6.90736175e-02  1.00322142e-01  1.66117083e-02
  9.52571332e-02 -7.03492784e-04 -3.66749056e-02  3.55503397e-33
 -8.11650008e-02 -1.18313450e-02  1.66712124e-02  1.14871785e-01
  2.02502795e-02  5.22885472e-02 -1.85751952e-02  9.12536215e-03
 -3.44589204e-02  3.11990007e-04 -5.31682670e-02  1.15726404e-02
 -6.13523237e-02  3.69721688e-02  7.74397776e-02 -5.72519973e-02
 -7.12728277e-02  5.60773052e-02  2.71981712e-02 -4.84517142e-02
 -3.52919800e-03  7.11428672e-02 -2.42143981e-02 -1.83649966e-03
  9.91747156e-02  6.52968585e-02  4.45096418e-02  1.37531795e-02
 -6.45827278e-02  4.64295596e-02 -5.26076695e-03  4.64704745e-02
 -5.31546101e-02  6.51234612e-02  2.18666828e-04  3.18114348e-02
 -5.31182475e-02 -4.47067432e-02  2.83505507e-02  1.24496203e-02
  8.29011500e-02 -4.89192571e-05 -8.13365132e-02 -2.68943068e-02
 -6.20556027e-02 -2.15830989e-02  1.20120747e-02  6.27276301e-02
  1.53978327e-02  1.60353351e-02  1.00452965e-02  2.18335888e-03
  1.13440558e-01 -2.71151308e-02 -3.79505716e-02 -4.45886739e-02
  5.26490854e-03 -1.98517218e-02  1.18198385e-02  4.67875302e-02
 -3.35270390e-02  3.93404849e-02 -2.52374727e-02  3.43565680e-02
  1.06805846e-01  3.83012816e-02 -3.87024619e-02 -1.04409561e-01
  8.77690129e-03  6.30602092e-02 -8.79401863e-02 -3.24827842e-02
 -2.54698452e-02  8.69002640e-02  4.02656570e-02 -6.94779605e-02
 -3.34994532e-02  1.96452555e-03 -6.48453534e-02 -4.86577256e-03
 -1.27851784e-01  1.39162093e-01 -7.61788189e-02 -3.01160272e-02
  1.86004601e-02 -3.35187018e-02 -7.99388811e-03 -7.50694796e-02
 -1.08444486e-02 -8.08622912e-02  3.99370678e-02 -1.01948343e-01
 -2.98479460e-02  3.81816551e-02  4.47352007e-02 -3.96790432e-33
  1.92555059e-02 -9.94906109e-03  5.44401668e-02  7.43769258e-02
 -7.33335828e-03 -4.16745543e-02  2.80343927e-02  9.98907350e-03
 -2.61908919e-02  5.49103655e-02  7.22528100e-02 -1.35345934e-02
  4.45368253e-02 -2.16715829e-03 -3.74567434e-02  1.33863911e-02
 -1.46033335e-02 -1.22989409e-01  1.14755034e-02  5.63766509e-02
  2.65144557e-02  1.97250415e-02 -2.02878341e-02 -1.07099405e-02
  5.54039069e-02 -1.45182265e-02 -9.64308381e-02  5.26567996e-02
  3.03225573e-02 -4.44687195e-02 -3.37868370e-02 -4.19128872e-02
  4.83358838e-02 -8.01812038e-02 -4.98310216e-02 -7.55082965e-02
 -5.10234721e-02  2.88276151e-02 -5.05295731e-02  6.41848892e-02
 -1.86196379e-02 -4.58257645e-03 -1.97493043e-02  7.22404420e-02
  5.90431504e-02  1.44485720e-02  1.83520243e-02 -9.69655886e-02
  1.55439302e-02 -3.99417616e-02  7.27373734e-02 -1.19965337e-02
  1.04994532e-02  1.70854144e-02 -2.95675509e-02  2.25049537e-02
  1.04806989e-01 -2.20238045e-02 -7.68684875e-03  6.28332719e-02
  8.02268237e-02 -1.07627705e-01  6.83687925e-02 -5.16963331e-03
 -2.16561165e-02 -8.97171721e-02 -4.76056375e-02 -2.98325494e-02
 -3.53403836e-02 -2.06081476e-02  8.15832894e-03 -4.74476255e-02
  1.06624123e-02 -2.56531183e-02  4.68033105e-02 -1.06653146e-01
 -2.48318911e-03  2.32649501e-02  6.19991571e-02 -1.16172582e-02
 -8.82836059e-02 -6.04049824e-02  5.57134748e-02  1.23209573e-01
 -7.71999210e-02 -1.20140743e-02 -5.66485189e-02  7.48520419e-02
  6.82950839e-02  3.17953676e-02 -2.02291692e-03  9.20256972e-02
  1.65282600e-02  1.63222492e-01 -8.75456706e-02 -4.85390430e-08
  8.81588832e-03 -2.17397381e-02  2.95541696e-02  3.40533517e-02
  2.57694311e-02  4.09759879e-02 -6.70015365e-02 -6.56516233e-04
 -5.72653227e-02 -1.26005877e-02  2.30360441e-02  3.78690772e-02
 -1.94733357e-03  1.06461272e-02 -2.09588297e-02  8.63222033e-02
 -1.22784292e-02  7.58605301e-02 -5.28526567e-02 -2.92177349e-02
  2.11990532e-02  3.42375264e-02 -1.47976512e-02  5.79912625e-02
  7.56794289e-02 -3.44364271e-02 -5.96337253e-03  1.17299277e-02
  6.09858297e-02 -9.85009968e-03  1.30389035e-02  4.83463630e-02
  7.92130679e-02  2.50339080e-02 -4.74130511e-02  6.64800182e-02
 -6.96788952e-02  6.18225373e-02  4.11619097e-02 -3.98353748e-02
  5.68819530e-02 -6.61849976e-03 -4.58229557e-02  4.69411314e-02
  3.83989215e-02 -4.15453594e-03 -4.98559736e-02 -9.35792923e-02
 -5.28472587e-02  7.62599520e-03 -2.44702287e-02  8.52433499e-03
 -6.94494992e-02  1.03748232e-01  2.00353359e-04  7.46372249e-03
  1.81999803e-02 -4.63788994e-02  6.98826015e-02 -5.61818965e-02
 -3.99979874e-02  7.98117369e-02  3.31513435e-02 -1.67266317e-02]"
86,../SysML-v2-release-src/training/36. Variability/Variation Definitions.sysml,"package 'Variation Definitions' {
	private import ScalarValues::Real;
	private import SI::mm;
	
	attribute def Diameter :> ISQ::LengthValue;
	
    part def Cylinder {
        attribute diameter : Diameter[1];
    }

    part def Engine {
    	part cylinder : Cylinder[2..*];
    }
    
    part '4cylEngine' : Engine {
    	part redefines cylinder[4];
    }
    
    part '6cylEngine' : Engine {
    	part redefines cylinder[6];
    }
    
    // Variability model
	
	variation attribute def DiameterChoices :> Diameter {
		variant attribute diameterSmall = 70[mm];
		variant attribute diameterLarge = 100[mm];
	}

	variation part def EngineChoices :> Engine {
		variant '4cylEngine';
		variant '6cylEngine';		
	}	

}","Generate a SysML v2 model encapsulating variability definitions for engine configurations with varying cylinder diameters. Model a package titled 'Variation Definitions' that includes a private import of scalar values and SI units for precise length measurements. Define an attribute for 'Diameter' utilizing the ISQ::LengthValue type. Introduce a part called 'Cylinder' with a singular 'diameter' attribute. Create an 'Engine' part that contains multiple 'Cylinder' instances. Specifically, define two engine configurations: '4cylEngine' and '6cylEngine,' each redefining the 'cylinder' part for their respective counts. Establish a variability model describing 'DiameterChoices' with variants for 'diameterSmall' at 70mm and 'diameterLarge' at 100mm. Additionally, incorporate 'EngineChoices' defining the available engine variants ('4cylEngine' and '6cylEngine') to facilitate selection in different scenarios. This model allows for customizable engine configurations based on cylinder count and diameter.","[ 2.32373700e-02  4.49588709e-02  3.02635366e-03  2.19139606e-02
 -9.57986265e-02 -8.23932886e-03 -2.53546145e-02  1.12540126e-01
 -9.08694640e-02 -9.62746143e-02 -2.29255874e-02 -9.95695516e-02
  4.40197363e-02  2.63123941e-02 -3.18144336e-02 -3.00478134e-02
  5.78590296e-03  9.00008082e-02 -8.73177052e-02 -2.38840505e-02
  6.40440360e-02  3.53741162e-02  7.99472164e-03  6.39091432e-02
 -4.31566089e-02 -3.02186739e-02 -4.66320515e-02  1.05160095e-01
  3.89930680e-02 -7.96269998e-02  2.96471305e-02  7.51564205e-02
 -1.33073097e-02 -3.83275039e-02  1.07992135e-01 -1.05918236e-01
 -5.93167022e-02 -1.53417196e-02 -2.62009371e-02 -6.11431040e-02
  2.88772527e-02 -1.81179345e-02  1.74429584e-02  1.30210910e-02
 -4.13164357e-03  3.09917815e-02 -9.32719558e-02  3.48943546e-02
 -2.15924662e-02 -1.67836268e-02 -2.97926497e-02 -6.77307844e-02
 -2.89931428e-02 -4.57939431e-02  1.75383762e-02  1.10970195e-02
 -6.13642223e-02 -1.02333340e-03 -1.01184234e-01 -1.78832356e-02
 -2.44045500e-02 -2.32920852e-02 -2.34769303e-02 -5.29215857e-02
 -8.36969763e-02  7.81315863e-02 -1.81629118e-02  1.84217282e-02
  4.04660217e-03  4.12691496e-02 -4.13266160e-02  2.42498480e-02
 -3.35555375e-02  4.67848107e-02 -2.98261661e-02  3.75465155e-02
  5.19121531e-03  1.41643314e-02 -4.38385308e-02 -1.62343886e-02
 -9.94164795e-02  1.60554815e-02 -3.22995968e-02 -3.97077799e-02
  5.19863851e-02 -2.77810544e-02  1.00652948e-01 -2.67342199e-02
  4.41859066e-02  1.59136560e-02 -3.02810315e-02 -1.07428189e-02
 -3.29049975e-02 -3.05248443e-02  5.25840633e-02  3.97933610e-02
  3.23416516e-02 -6.50551217e-03  9.68744680e-02  3.54350987e-03
  4.61138897e-02 -7.55110942e-03  3.71374637e-02  4.11541685e-02
 -1.48303201e-02  9.93696973e-02  2.25040969e-03 -1.25342691e-02
  1.41125685e-02 -1.21707283e-01  3.68172899e-02  2.27014348e-02
  1.67478062e-02 -6.21687397e-02  5.08540794e-02 -2.03474201e-02
  1.71826575e-02 -1.09149124e-02  3.72217298e-02 -2.71193013e-02
 -2.23202873e-02 -2.10659523e-02  2.80562160e-03 -1.13353329e-02
  8.47821832e-02  4.09635119e-02 -2.84089036e-02  6.44847842e-33
 -7.43786246e-02 -2.08098553e-02  2.97461580e-02  1.14885017e-01
  2.13886276e-02  1.16732284e-01 -8.09346791e-03  2.76398528e-02
 -1.23950131e-02  1.21614495e-02 -2.66017802e-02  2.49034129e-02
 -4.24763486e-02 -8.61491635e-02  5.99453561e-02 -5.55947907e-02
  2.51473244e-02  9.91282240e-02 -3.93088944e-02 -3.94653864e-02
  1.44941136e-02 -2.77801454e-02 -3.43350545e-02  8.07154551e-02
  6.08080924e-02 -1.47826998e-02  1.80997197e-02 -1.12613216e-02
 -1.45894691e-01  1.98689140e-02  2.08430570e-02  9.52419126e-04
 -3.08093783e-02  6.79843873e-02 -1.39970025e-02 -5.99329844e-02
 -1.20872157e-02  1.04530714e-02  3.85572948e-02 -4.56949137e-02
  1.03922740e-01  1.07781701e-02 -8.11177678e-03  2.89926622e-02
 -1.30739331e-01  4.72730510e-02  2.51546130e-02  3.35623138e-02
  8.25160518e-02 -7.59463832e-02  8.54552910e-02  6.74406299e-03
  5.50126024e-02  3.87718109e-03  3.44124027e-02 -7.71816820e-03
 -2.25088317e-02 -1.51552856e-02  1.16795842e-02  1.96181647e-02
 -8.36355686e-02  2.57065129e-02 -2.52251364e-02  1.82924215e-02
  1.13750488e-01  2.26312485e-02 -3.87514965e-03 -6.15753271e-02
 -4.03788639e-03  4.83058840e-02 -3.23393829e-02 -3.91837843e-02
 -2.99047083e-02  5.09453192e-02  2.92338226e-02 -6.80105537e-02
  3.68363596e-02  2.05241069e-02 -1.49933212e-02 -3.04293148e-02
 -9.04023424e-02  1.25310034e-01 -4.55454290e-02 -4.37713340e-02
 -1.62391737e-02 -1.05969213e-01  5.75327575e-02  1.48122804e-02
 -5.96896708e-02 -6.60860091e-02  1.86730251e-02 -5.01699485e-02
  4.11566980e-02  3.22803035e-02 -4.41367626e-02 -5.31920230e-33
 -1.19006671e-02  4.78986017e-02  9.59595367e-02  9.08185244e-02
  2.69148666e-02 -3.94175015e-02  6.28658384e-02  5.99928424e-02
 -1.01359626e-02 -6.94325790e-02 -3.25447903e-03  2.62474408e-03
  4.90956455e-02 -2.42122579e-02 -3.12337670e-02  6.44958913e-02
 -4.81996834e-02 -1.61252677e-01  2.37855054e-02  6.13595098e-02
  1.50943850e-03 -1.03923539e-02 -6.48891181e-02 -1.65328104e-02
  7.36731756e-03  4.00933390e-03 -6.58421814e-02 -5.72823286e-02
 -5.34980334e-02 -2.40500383e-02 -5.56679852e-02 -9.12335888e-03
  3.46404910e-02 -2.13103332e-02 -4.37345132e-02 -1.11448728e-01
  4.25079726e-02 -2.38978788e-02  6.72124326e-03  7.14688376e-02
 -6.43399432e-02 -9.44138318e-03 -3.83940116e-02  5.82719641e-03
  6.09690472e-02  1.53436624e-02  1.08099476e-01 -8.42932165e-02
 -6.91598328e-03 -2.60670241e-02  1.36308428e-02  2.55438667e-02
  1.81562435e-02  6.60393536e-02 -3.66199426e-02 -3.79992984e-02
  2.68854271e-03 -5.02823927e-02 -2.58883350e-02  7.94559717e-02
  5.47130108e-02 -1.56300336e-01  3.75609696e-02  1.97416283e-02
 -4.97525521e-02 -1.05251670e-02 -3.86852920e-02 -3.61207388e-02
 -3.81170958e-02 -5.15899621e-03 -5.01845330e-02 -8.99675488e-03
  5.29562719e-02  1.67147443e-02 -3.25355045e-02 -1.17371917e-01
 -3.06066452e-03  1.68968067e-02  9.44267362e-02  5.30053191e-02
 -5.50021902e-02  1.17342798e-02  4.80735675e-02  5.57301231e-02
 -2.84969248e-02 -9.48818028e-03  4.61039692e-02  1.06092043e-01
  4.91240546e-02  5.24065234e-02 -2.05750261e-02  1.56027917e-02
  5.05868271e-02  1.03729427e-01  2.59211436e-02 -4.82938276e-08
 -1.09961219e-02 -3.61002586e-03  1.28063615e-02  5.98538183e-02
  5.39799109e-02  3.30100022e-02 -6.15835562e-02  4.30732407e-02
 -2.56316047e-02  2.66820677e-02  4.08381261e-02  6.91137416e-03
 -3.36994678e-02  6.30655959e-02 -9.43568628e-03  1.48289762e-02
 -1.66282747e-02  4.94708307e-02 -1.33720525e-02 -2.49745976e-03
  4.56594341e-02  2.85969991e-02  4.71655373e-03  4.91666468e-03
  6.81193992e-02 -7.90468305e-02 -4.26437221e-02  1.95468459e-02
  6.56652153e-02 -7.63710588e-03  6.18310012e-02 -7.37928832e-03
  7.61443824e-02  7.72003531e-02 -1.32652940e-02 -8.71135853e-03
 -1.26192823e-01  6.21969812e-02  5.27994148e-02  2.80077080e-03
  3.63858081e-02 -1.45219080e-02 -5.72499596e-02  1.63560100e-02
  2.71968860e-02  6.62794411e-02 -2.36538574e-02 -9.45103690e-02
 -4.39349264e-02  5.48731349e-02  4.72547002e-02 -2.24760897e-03
  2.90984549e-02  6.94220215e-02  3.98272229e-03  3.78909968e-02
  5.09300753e-02  5.02949990e-02 -1.43552544e-02 -8.28188658e-02
 -3.26251760e-02  4.19665016e-02 -3.56050953e-02 -4.45786230e-02]"
87,../SysML-v2-release-src/training/36. Variability/Variation Usages.sysml,"package 'Variation Usages' {
	private import 'Variation Definitions'::*;
	
	part def Vehicle;
	part def Transmission;
	part manualTransmission;
	part automaticTransmission;
	
	abstract part vehicleFamily : Vehicle {
		part engine : EngineChoices[1];
		
		variation part transmission : Transmission[1] {
			variant manualTransmission;
			variant automaticTransmission;
		}
		
		assert constraint {
			(engine == engine::'4cylEngine' and
			 transmission == transmission::manualTransmission) xor
			(engine == engine::'6cylEngine' and 
			 transmission == transmission::automaticTransmission)
		}	
	}
	
}","Generate a SysML v2 model named 'Variation Usages' that captures the definitions of vehicle configurations based on the specified engine and transmission options. The model includes two key parts: 'Vehicle' and 'Transmission', with defined variations for 'manualTransmission' and 'automaticTransmission'. It defines an abstract part 'vehicleFamily' that contains a choice of one engine from 'EngineChoices' and a variation of transmission. The specified constraint ensures that if a '4cylEngine' is chosen, the 'manualTransmission' must be used, while a '6cylEngine' mandates the use of 'automaticTransmission', enforcing exclusive selection between configurations. This model encapsulates variability in vehicle choices effectively.","[ 2.26176511e-02  2.27378532e-02  2.50641685e-02 -1.93997216e-03
 -6.81877583e-02  3.12167741e-02  4.58840951e-02  3.50893661e-02
 -3.74895036e-02 -5.71670793e-02  1.97924506e-02 -1.04227094e-02
  4.47394140e-02  1.19228279e-02 -2.71045938e-02 -2.56463345e-02
  7.07371309e-02  1.46014076e-02 -5.41044250e-02 -1.88573115e-02
  9.65666026e-02 -1.34153431e-02 -2.16951710e-03 -3.61138303e-03
 -3.10871527e-02 -6.77652210e-02 -3.56328599e-02  1.01005696e-01
  8.42855200e-02 -9.32731703e-02 -1.85099654e-02  9.92226973e-02
 -3.72233391e-02 -9.80284624e-03 -3.08339810e-03 -1.01031706e-01
 -4.75381315e-02 -1.82300638e-02 -5.74390125e-03 -2.86294334e-02
 -3.71044874e-02 -6.66190237e-02 -5.32702692e-02  3.10459677e-02
  1.09802093e-02  4.73814644e-02 -1.12391030e-02  1.85217075e-02
  2.29791738e-02 -3.35723720e-02  4.15624352e-03  2.54182909e-02
 -1.36818988e-02  1.44882193e-02 -3.70919742e-02  1.47361290e-02
 -3.73450108e-02  3.48563381e-02 -9.54868719e-02 -1.99086629e-02
 -1.78685691e-02 -8.74192733e-03 -9.84557346e-02 -3.58177605e-03
 -6.30121306e-03  6.07115105e-02 -1.83834359e-02 -3.44907343e-02
  4.95148487e-02  4.91618849e-02 -5.23436964e-02 -2.69343369e-02
 -1.69988908e-02  3.60919163e-02 -1.07718259e-02 -3.84061821e-02
  6.74762577e-02 -1.72938518e-02  6.39593368e-03 -1.07304916e-01
 -7.02504218e-02  4.46384214e-03 -2.22622268e-02  1.12051703e-02
  1.93956252e-02 -6.15213029e-02  1.12645356e-02 -1.86507553e-02
  8.12939927e-02  5.64635471e-02 -8.08644816e-02 -1.53620783e-02
  1.03715688e-01 -6.38132840e-02  4.78328690e-02  5.37609905e-02
  3.79053801e-02 -2.77046487e-02  9.04035121e-02  4.12839763e-02
  7.53522245e-03  3.57641093e-03  3.62521261e-02  2.32089087e-02
 -5.33446949e-03  3.37710185e-03 -4.40704590e-03 -1.82543211e-02
 -2.81184912e-02 -6.97956085e-02  4.17763164e-04  8.55102167e-02
  3.94417793e-02 -7.82702863e-02 -6.29756451e-02  1.14240106e-02
 -1.81822218e-02  2.55107023e-02  6.87809810e-02  1.73978973e-02
 -5.39764911e-02 -8.12195912e-02  1.01289228e-01  2.72481274e-02
  7.23515823e-02 -3.10957935e-02 -4.11193306e-03  3.79342349e-33
 -1.08214729e-01 -5.13558835e-02  1.25181349e-02  1.19179070e-01
  2.19147820e-02  6.93776831e-02 -6.22638464e-02  2.86951801e-03
  5.01525309e-03 -2.66248863e-02 -5.92557453e-02  1.48433214e-02
 -5.14586158e-02  6.21740296e-02  1.16257094e-01 -3.15583237e-02
 -3.44121791e-02  6.66107312e-02  6.17892928e-02 -3.28988396e-02
  4.51595001e-02  4.93853092e-02 -1.85854342e-02 -2.85999896e-03
  5.92724495e-02  1.60629712e-02  1.17582344e-02 -4.00994159e-03
 -1.63933095e-02  5.65422662e-02 -1.23494519e-02  2.26760358e-02
 -4.24358770e-02  2.57294793e-02  1.08819474e-02  4.49565277e-02
 -6.86263815e-02 -1.61126200e-02  3.18463668e-02 -1.84101202e-02
  6.21680431e-02 -3.69366556e-02 -5.87044768e-02 -1.58363059e-02
 -7.67946318e-02 -1.50487237e-02  1.55261429e-02  6.88424855e-02
 -1.94255821e-02  6.56759143e-02  1.55362990e-02 -4.65666316e-03
  6.29557744e-02 -3.84571217e-02 -1.63446721e-02 -2.30756998e-02
 -2.03037411e-02  3.02777812e-02 -1.58555079e-02  7.87958950e-02
 -6.19470067e-02  5.67121804e-02  3.34632099e-02 -1.81704070e-02
  1.32944286e-01  3.94411720e-02 -5.49365953e-02 -1.33918539e-01
  3.57022174e-02  4.52030934e-02 -8.61111805e-02 -3.26293334e-02
 -3.29265781e-02  6.90999702e-02  3.58859040e-02 -7.28024021e-02
 -1.90857928e-02 -5.43843582e-03 -2.02676244e-02 -1.79825630e-02
 -1.35061204e-01  1.28086016e-01 -6.18055239e-02 -2.46567372e-02
  1.09248385e-02 -9.00858454e-03  1.03670452e-02 -6.60110041e-02
 -3.67539227e-02 -7.88232237e-02  3.52820307e-02 -4.61267307e-02
 -3.89406867e-02  7.79051259e-02  7.14992881e-02 -4.41327011e-33
 -9.93368123e-03  1.39382491e-02  3.08964942e-02  7.00931177e-02
  1.67756397e-02 -2.97131222e-02  3.36209647e-02  7.66582816e-05
 -2.56548473e-03  5.65534085e-02  6.31131604e-02 -8.89803842e-03
  2.88673025e-02 -1.08312182e-02 -4.24584076e-02 -8.83644819e-03
 -8.39649513e-03 -1.24066301e-01  1.51278526e-02  8.58550444e-02
  1.55276293e-02  2.28389949e-02 -6.08765595e-02  1.90909975e-03
  4.96923961e-02 -1.84566416e-02 -1.16421811e-01  6.86839074e-02
 -2.34111156e-02 -4.44761068e-02 -4.22962159e-02 -3.61221805e-02
  1.72968078e-02 -5.79295419e-02 -3.53245176e-02 -7.66768456e-02
 -1.69641636e-02  7.95804486e-02 -5.68846650e-02  9.72731858e-02
 -2.78434455e-02 -1.37441410e-02  5.56561106e-04  7.17465132e-02
  5.06365784e-02  2.56175064e-02  1.80241093e-02 -1.03884734e-01
  2.46905889e-02 -3.79526690e-02  1.02531247e-01 -1.23652574e-02
  1.86565965e-02  4.62372340e-02 -2.50188373e-02 -1.04418844e-02
  4.86244932e-02 -4.42820117e-02  1.30032841e-02  8.09738562e-02
  7.19540417e-02 -8.26178566e-02  4.83247340e-02  6.19687838e-03
 -3.33286542e-03 -1.01940989e-01 -6.02531321e-02 -3.07749175e-02
 -2.68644206e-02 -2.67596971e-02  1.90279838e-02 -4.82778363e-02
  4.65863682e-02 -5.13825230e-02  6.51365817e-02 -8.97602588e-02
  2.06639264e-02  3.42022926e-02  3.89856584e-02 -4.62820940e-02
 -1.20580383e-01 -2.09264867e-02  4.65258807e-02  1.20865040e-01
 -1.20078400e-01 -1.83160622e-02 -4.65641059e-02  3.35261002e-02
  8.27778205e-02  2.95964982e-02 -1.29680419e-02  6.69331178e-02
  7.07388716e-03  1.30322620e-01 -1.08067647e-01 -4.70690154e-08
  1.87843237e-02 -1.52407968e-02  4.00743261e-02  1.12119773e-02
  5.50400540e-02  5.26689403e-02 -7.21940845e-02 -1.25420010e-02
 -5.96421920e-02  1.54739069e-02  1.23403287e-02  5.16111851e-02
 -8.44566058e-03  2.55852435e-02 -3.52104120e-02  6.89871013e-02
  1.66632663e-02  4.85134460e-02 -5.27806543e-02 -1.86735038e-02
  6.25893027e-02 -2.07341500e-02 -3.71972658e-02  5.37877567e-02
  8.01593289e-02 -2.23624092e-02 -1.53248636e-02  1.69469174e-02
  3.27466540e-02  2.14636680e-02  2.68072337e-02  5.49965166e-02
  4.88556288e-02  2.88473647e-02 -6.66033775e-02  6.94992691e-02
 -9.08367559e-02  1.08804880e-02  1.31464396e-02 -6.09932467e-02
  1.00995071e-01 -9.36405442e-04 -5.60232326e-02  4.14964519e-02
  3.55955288e-02  4.14976384e-03 -7.36571441e-04 -8.88273865e-02
 -4.71597277e-02  3.05925007e-03 -4.35232185e-03 -1.74368583e-02
 -3.79838534e-02  9.16140825e-02  6.14809850e-03 -2.22452339e-02
  3.06218639e-02 -5.02693951e-02  4.43146899e-02 -5.56353219e-02
  1.58402082e-02  1.14801392e-01 -1.72488112e-02 -1.72111951e-02]"
88,../SysML-v2-release-src/training/37. Dependencies/Dependency Example.sysml,"package 'Dependency Example' {
	
	part 'System Assembly' {
		part 'Computer Subsystem' {
			// ...
		}
		
		part 'Storage Subsystem' {
			// ...
		}
	}
	
	package 'Software Design' {
		item def MessageSchema {
			// ...
		}
		item def DataSchema {
			// ...
		}
	}
	
	dependency from 'System Assembly'::'Computer Subsystem' to 'Software Design';
	
	dependency Schemata 
		from 'System Assembly'::'Storage Subsystem' 
		to 'Software Design'::MessageSchema, 'Software Design'::DataSchema;
}","Generate a SysML v2 model encapsulated in the package 'Dependency Example'. The model includes a part named 'System Assembly' which consists of two key components: 'Computer Subsystem' and 'Storage Subsystem', each potentially housing additional elements. Within the package 'Software Design', define two items: 'MessageSchema' and 'DataSchema' that represent the software structures needed for data exchange and organization. Establish a dependency that connects the 'Computer Subsystem' to the 'Software Design' package, indicating a reliance on the defined software components. Additionally, create a dependency labeled 'Schemata' from the 'Storage Subsystem' to both 'MessageSchema' and 'DataSchema', highlighting the interaction and utilization of these software schemas within the storage context. This model effectively demonstrates the dependencies between system assemblies and software design elements, facilitating communication and integration in system architecture.","[ 4.85479645e-03 -1.97347160e-02 -2.05206852e-02 -7.04595447e-03
 -7.31509645e-03 -6.94625750e-02  5.22914343e-02  6.09870590e-02
  4.40522796e-03  2.81683244e-02 -1.19211739e-02 -5.52328974e-02
  7.54128695e-02 -4.81260754e-03  4.18256521e-02  3.01328674e-02
  7.04898015e-02 -9.93556008e-02 -5.71170775e-03  5.84886409e-02
  6.99334219e-02 -2.45883432e-03 -5.84727898e-02  4.87323701e-02
 -5.82961068e-02  4.16469015e-02  6.21021166e-03  6.23356253e-02
  1.69722307e-02 -4.14413139e-02  4.94946800e-02  4.37521115e-02
  3.74888852e-02  3.04841977e-02  4.34685461e-02  3.75472046e-02
  1.10949695e-01 -4.99007031e-02 -7.31006190e-02 -9.21469331e-02
 -7.94495717e-02  3.57598737e-02  1.22488420e-02  3.27128284e-02
  1.36179281e-02 -7.00135529e-02 -2.08361782e-02 -1.20334709e-02
 -5.20710759e-02  1.55638373e-02 -2.32656542e-02 -5.83102033e-02
  2.51825992e-03  4.58956435e-02  1.97762493e-02  1.41253039e-01
  6.39579892e-02  3.82785723e-02 -1.24301068e-01 -1.48569448e-02
 -2.67760381e-02  1.67290531e-02 -4.45949659e-02 -3.54015008e-02
 -5.62647469e-02  6.46849424e-02 -1.72436871e-02 -2.05038954e-02
  8.81416947e-02  9.85468389e-04 -9.74031314e-02 -4.34065051e-02
  1.03892395e-02  4.36133239e-03 -1.03508517e-01 -1.80628877e-02
  4.35941778e-02  1.42896306e-02  1.61679760e-02 -1.74430370e-01
 -3.02782580e-02  1.02718629e-01 -3.06509398e-02  5.00336885e-02
 -1.20399520e-02 -1.97082898e-03  7.17170388e-02 -1.98157895e-02
  1.59938745e-02  3.63786094e-04  2.04546433e-02 -6.19548783e-02
  2.42151693e-02 -3.28188017e-02  5.10487854e-02  1.11277625e-02
  4.94269095e-02 -2.34451350e-02  5.36373481e-02  1.91870425e-02
 -1.49424346e-02  5.70511371e-02  1.06029712e-01 -5.30441999e-02
 -4.45634983e-02 -5.72364591e-03 -6.92183748e-02 -2.76968740e-02
 -1.03352338e-01 -4.39756289e-02 -6.72184080e-02  4.98811454e-02
 -3.24140638e-02 -5.08871600e-02  8.06684699e-03  5.33806207e-03
 -4.90100160e-02 -2.48811208e-02 -1.34673305e-02 -5.13724498e-02
 -1.11404313e-02 -2.46662498e-02  4.56090681e-02 -2.91180350e-02
  4.70657833e-02 -1.91976316e-02 -7.23481625e-02  2.71574809e-33
 -4.32407446e-02 -1.69707593e-02 -5.45665510e-02  1.46409154e-01
  5.25133722e-02 -3.14183459e-02  4.03256491e-02  1.96762234e-02
 -8.14009979e-02  1.24841221e-02 -6.72958195e-02 -2.76790047e-03
 -3.03093717e-02  1.68485492e-02  1.12258911e-01  6.89006271e-03
 -5.25133312e-02  5.91080859e-02  5.55601493e-02 -1.52245425e-02
 -2.25677844e-02  2.65194802e-03 -1.14170639e-02 -2.95891985e-02
  1.23226665e-01  3.72414365e-02  9.64752771e-03  8.17081053e-03
 -1.78156737e-02 -3.93480854e-03  1.12977065e-02  4.70819250e-02
  4.60040197e-02  1.34028895e-02  6.32706434e-02 -1.88107267e-02
 -9.96732339e-03 -2.67677121e-02  6.11093231e-02 -2.61808578e-02
  9.10448730e-02  1.49817578e-02  3.70457047e-03  1.83856431e-02
  7.40283029e-03 -2.04920135e-02 -1.72349717e-02  1.51243471e-02
  1.09641805e-01 -8.06389526e-02  6.35152161e-02  5.24819177e-03
  1.31848857e-01  1.04059927e-01 -2.07867306e-02 -5.67132123e-02
 -2.09813286e-03 -7.60388747e-02  4.81932499e-02  5.50995320e-02
 -9.07110870e-02 -2.43526231e-02  2.95777190e-02  6.16191961e-02
  8.31325948e-02 -1.23847481e-02 -3.93654518e-02 -5.53825274e-02
  2.60005854e-02 -7.86650926e-03 -3.74462232e-02 -1.32702328e-02
 -1.83785371e-02  7.48142228e-02 -5.89586534e-02 -1.27420323e-02
 -5.54930642e-02 -1.53552648e-02 -8.83947164e-02  7.55608156e-02
 -1.13839120e-01 -9.14785732e-03 -1.38730453e-02 -1.30140828e-02
  1.67074613e-02 -3.98414433e-02 -9.26497579e-03 -9.27697495e-03
 -2.13582534e-02 -7.22415671e-02 -2.42284089e-02 -6.53651580e-02
 -8.46102834e-03 -2.09662076e-02  2.92687733e-02 -4.12615488e-33
 -4.42657992e-03 -2.37283185e-02 -6.30377280e-03  1.11645851e-02
 -3.44348438e-02  1.01694157e-02 -3.19206752e-02 -8.09846520e-02
 -5.71331605e-02  8.87818709e-02  1.77063607e-02 -2.58729961e-02
  7.40504637e-02 -2.15110816e-02 -1.33972950e-02  5.95677160e-02
 -1.71640497e-02 -1.23912029e-01  3.63370962e-02  4.02760208e-02
  1.37438569e-02  9.23538730e-02  5.67366788e-03 -5.35599105e-02
  3.10647171e-02 -2.28900388e-02 -3.31528187e-02 -2.41825469e-02
  4.23361994e-02  5.21060592e-03  1.45924985e-02  1.97580410e-03
  6.83815107e-02 -8.51490945e-02  9.96309705e-03 -7.06052780e-02
 -1.06382202e-02 -8.86652470e-02 -2.02327967e-02 -1.42570594e-02
  1.39126182e-03  9.99816228e-03 -9.17823687e-02 -8.00627284e-03
  4.41454984e-02 -9.14367475e-03 -9.36016068e-02  6.38339156e-03
 -2.86109746e-02 -9.65425074e-02 -2.99578216e-02 -2.01665889e-02
  6.06902801e-02 -3.10073011e-02  2.10910980e-02  5.44499904e-02
  1.30439606e-02  2.74535324e-02  6.14892282e-02 -9.86002758e-03
  9.86653939e-02 -7.93960840e-02  4.14126217e-02 -5.22466302e-02
  2.69520283e-03  1.82299633e-02 -1.38069047e-02 -6.08947538e-02
 -2.88104750e-02 -1.94135262e-03  1.72630753e-02 -2.85459626e-02
 -1.29047604e-02  3.57790925e-02  3.81822139e-02 -4.81457934e-02
 -4.20545936e-02  4.33238707e-02  1.02596730e-02 -5.01413364e-03
 -3.03785801e-02  4.35435213e-03  4.73932624e-02  5.34072258e-02
 -8.09920281e-02 -4.87472862e-02 -3.01065464e-02  2.11265739e-02
 -4.67531383e-02 -3.33174765e-02 -7.81045631e-02  9.53632966e-03
  6.90270588e-03  1.36923715e-01  7.43172783e-03 -5.05864151e-08
 -2.39193980e-02 -3.22182216e-02 -1.02402819e-02 -1.09821223e-02
  7.84562714e-03  2.41986290e-02 -2.43419949e-02  3.25979143e-02
  2.13496424e-02  1.62438657e-02 -2.85507701e-02  5.30066416e-02
 -3.64491120e-02  1.24870483e-02  1.38534501e-03  1.05623163e-01
  2.82107219e-02  9.42405034e-03 -4.91717793e-02 -8.75907019e-02
  1.19215056e-01  1.14251832e-02  9.92984045e-03  7.76767880e-02
  7.05006123e-02 -3.00143044e-02  4.66496162e-02  5.46057969e-02
  2.68851351e-02  3.64420414e-02  5.75503334e-02 -3.96981090e-02
  1.61523744e-02  3.60541679e-02  6.11161292e-02  4.83116917e-02
  2.73579191e-02  2.99483184e-02  1.13232173e-01  1.68830983e-03
  3.68907712e-02  1.30158141e-02 -2.23325919e-02  5.58636859e-02
  5.25308400e-02 -1.04700029e-02 -1.24133930e-01 -2.33725403e-02
 -6.63523674e-02  3.75058455e-03 -8.32864493e-02  4.71495241e-02
 -1.08131029e-01  1.02640755e-01 -9.66468304e-02  1.73844751e-02
  1.00179911e-02  2.78140791e-02  7.79390708e-02 -5.57767577e-04
 -2.44662482e-02  8.49781930e-02  3.93923931e-02 -5.71790114e-02]"
89,../SysML-v2-release-src/training/38. Allocation/Allocation Definition Example.sysml,"package 'Allocation Definition Example' {
	package LogicalModel {
		action def ProvidePower;
		action def GenerateTorque;
		
		part def LogicalElement;
		part def TorqueGenerator :> LogicalElement;
		
		action providePower : ProvidePower {
			action generateTorque : GenerateTorque;
		}
		
		part torqueGenerator : TorqueGenerator {
			perform providePower.generateTorque;
		}
		
	}
	
	package PhysicalModel {
		private import LogicalModel::*;
		
		part def PhysicalElement;
		part def PowerTrain :> PhysicalElement;
		
		part powerTrain : PowerTrain {
			part engine {
				perform providePower.generateTorque;
			}
		}
	
		allocation def LogicalToPhysical {
			end logical : LogicalElement;
			end physical : PhysicalElement;
		}
		
		allocation torqueGenAlloc : LogicalToPhysical allocate torqueGenerator to powerTrain;
	}	
}","Generate a SysML v2 model titled 'Allocation Definition Example' that encapsulates both a Logical Model and a Physical Model. In the Logical Model package, define actions for 'ProvidePower' and 'GenerateTorque', linked to a part, 'TorqueGenerator', which is derived from 'LogicalElement'. Establish an execution flow where the 'providePower' action triggers 'generateTorque'. 

In the Physical Model package, import the Logical Model and define a 'PowerTrain' part, derived from 'PhysicalElement'. Within this, include an 'engine' part that performs the same action sequence of providing power and generating torque. 

Additionally, create an 'allocation' definition called 'LogicalToPhysical', with logical and physical ends referencing their respective elements. Conclude the model by defining an allocation named 'torqueGenAlloc' that aligns the 'torqueGenerator' in the Logical Model to the 'powerTrain' in the Physical Model. This comprehensive structure illustrates the relationship and allocation between logical and physical components effectively.","[-3.20951119e-02 -5.02625778e-02 -4.89946231e-02  6.02889694e-02
 -6.02337457e-02 -1.09298797e-02  1.42314984e-03 -1.69277505e-03
 -2.48736213e-03  2.10884754e-02  2.42859237e-02 -5.86701594e-02
  7.25467503e-02 -2.26482470e-02  2.07231455e-02  2.31145192e-02
  1.12674320e-02  3.36440429e-02 -4.57504243e-02  4.95600067e-02
  1.54665247e-01  1.47140110e-02  1.61833167e-02  3.49913277e-02
 -1.09929912e-01 -4.26906087e-02 -9.77820344e-03  5.77116385e-02
  3.61118279e-02 -5.45769893e-02  2.88305227e-02 -6.79333229e-03
 -5.07736728e-02  6.41766284e-03  5.66299036e-02  5.48937395e-02
 -2.91146361e-03 -5.22520021e-02 -4.65926155e-02 -3.19992192e-02
 -3.54718454e-02 -1.35817945e-01 -1.37838228e-02  1.78101640e-02
  5.94811030e-02  6.45841062e-02  2.48240307e-02  1.35416407e-02
 -8.59017223e-02 -3.88715230e-02 -7.62900189e-02 -1.21832015e-02
  2.25360338e-02 -5.70135303e-02 -1.12872962e-02  7.41833299e-02
  9.57836136e-02 -4.02828567e-02 -7.23875761e-02 -4.99772727e-02
 -3.76825742e-02  2.28159316e-03 -8.71475562e-02 -1.69047918e-02
  2.32102498e-02  1.16030853e-02  7.79551803e-04  2.25001313e-02
  5.42802773e-02  2.86891554e-02 -2.73075365e-02 -6.61166757e-02
 -3.32462490e-02  4.06812765e-02 -5.66379447e-03  2.43158732e-02
  5.13837412e-02  2.04951246e-03  2.49775741e-02 -5.60827777e-02
 -8.48388746e-02  5.94451316e-02 -1.83296725e-02  1.70107707e-02
  3.28842662e-02  1.04288403e-02  7.66385570e-02 -1.16585381e-02
  6.58591986e-02  7.34880343e-02 -2.75622844e-03  4.52801585e-02
  6.12078756e-02  3.01039480e-02  1.30188361e-01  5.74802719e-02
 -1.20624006e-02 -6.35763854e-02  3.15906629e-02 -5.52461743e-02
  3.61411385e-02  4.63013090e-02  4.27004918e-02 -2.18621679e-02
 -3.16578820e-02 -8.41656048e-03 -8.61070901e-02 -2.05069482e-02
 -7.88632184e-02 -7.60567337e-02  5.15507497e-02  6.31907135e-02
  1.49616906e-02 -2.77725440e-02  2.32665297e-02  5.33936732e-02
 -4.34147865e-02  2.07569581e-02  4.26373556e-02 -6.26491308e-02
 -4.19835560e-02 -9.06856060e-02  1.37714269e-02  6.52294159e-02
  5.34906462e-02 -9.52790082e-02 -9.78875905e-02  1.44498084e-33
 -1.15802564e-01 -6.93503022e-02  5.36823981e-02  1.21295318e-01
 -2.30317190e-02  5.07502109e-02  2.22276542e-02 -2.65830494e-02
 -6.11127121e-03  6.82546496e-02 -4.54285704e-02 -3.73062817e-03
 -1.89815015e-02  7.28068054e-02  4.03437614e-02 -8.85838121e-02
 -6.89537749e-02  4.47150879e-02 -8.09120666e-03 -5.34908054e-03
  2.85520442e-02  5.66221997e-02 -4.73232158e-02  4.30116542e-02
  1.24230180e-02  8.59730467e-02  2.28466745e-02  3.63467373e-02
 -1.16822347e-01  1.89573132e-02 -6.09743083e-03 -2.04660427e-02
  7.13366270e-03  1.13054616e-02 -2.78466294e-04 -1.73726529e-02
  1.86664634e-03 -5.24767451e-02  4.33397815e-02 -2.32607201e-02
  5.12301028e-02  6.82650227e-03 -2.33707316e-02 -1.36719914e-02
 -7.35346749e-02 -3.10337003e-02  5.33248903e-03  1.53576648e-02
  2.45972946e-02 -4.21452709e-02  9.92114097e-02 -1.57359224e-02
  9.42990705e-02 -1.34350611e-02 -1.42621994e-02  1.71956010e-02
 -1.54613226e-03  4.47929353e-02  3.73670133e-03  1.11604594e-01
 -9.51819941e-02  8.50752182e-03  4.06375304e-02 -6.43245131e-03
  2.83284411e-02  2.99360026e-02 -1.63150020e-02 -7.16756731e-02
  5.24129085e-02  9.52805113e-03 -1.37182828e-02 -5.53909801e-02
  2.41261479e-02  5.09981439e-02  4.98801768e-02 -3.83245721e-02
 -2.25620754e-02  2.81892866e-02 -1.02683775e-01  1.62738748e-02
 -8.28654617e-02  1.30146652e-01 -6.53768554e-02  1.52255278e-02
  5.55321462e-02 -7.66500756e-02 -3.17390002e-02 -3.36803310e-02
 -5.15049770e-02 -3.18054110e-02  2.39829458e-02 -9.46126580e-02
  4.05461080e-02  3.83404130e-03 -1.59655157e-02 -3.32259576e-33
  7.08235987e-03  9.47521161e-03  4.44395933e-03  4.41180021e-02
 -2.97250766e-02 -9.23817754e-02 -2.60352287e-02 -1.13650501e-01
 -1.58340614e-02 -1.65230185e-02  1.48713104e-02 -2.47949939e-02
  2.00081933e-02  2.13508997e-02  1.41422395e-02  5.32736033e-02
 -3.16968113e-02 -1.12736195e-01 -1.33170029e-02  9.81818661e-02
  9.18836594e-02  1.00570448e-01  1.29879201e-02 -1.55721512e-02
  3.85238975e-02 -7.99915288e-03 -1.52659444e-02  1.10042498e-01
  2.67514400e-02  4.85800132e-02  1.30668525e-02 -4.95406166e-02
  2.29424164e-02 -6.56123785e-03 -7.67919123e-02 -1.09656245e-01
  2.21435446e-02  8.56200047e-03  2.99359467e-02  4.77354527e-02
  2.70209904e-03  9.49662272e-03 -2.85359770e-02  2.30909996e-02
 -2.90771183e-02  2.62464676e-02  2.02655680e-02 -1.01716198e-01
 -3.63828316e-02 -4.13538590e-02  2.27223206e-02 -4.93349414e-03
  4.80459891e-02  3.21707167e-02 -3.78390448e-03 -3.17930840e-02
  3.52357030e-02 -2.11523976e-02  5.26345968e-02  2.41153844e-04
  2.05216520e-02 -4.93348315e-02  6.97910413e-02 -3.35473195e-02
 -2.96479780e-02  4.03022254e-03 -4.65499796e-03 -4.47474867e-02
 -6.88208826e-03  1.47604302e-03 -1.73852139e-03  3.87330577e-02
  4.80979942e-02  4.06720899e-02  1.49014834e-02  3.56465429e-02
 -7.71106395e-04  1.35504478e-03  4.67829444e-02 -7.22603798e-02
 -1.18363112e-01  1.63524156e-03  3.98445763e-02  1.07361423e-02
 -1.08448207e-01 -1.90478060e-02 -1.05431546e-02  1.00222409e-01
  2.92628538e-02 -2.78898999e-02 -4.25406583e-02 -1.90521851e-02
  3.70388068e-02  1.18257947e-01 -1.13441728e-01 -5.23712167e-08
 -2.33833436e-02 -1.94247589e-02  9.25637707e-02  7.24825170e-03
  5.14895841e-02  3.74017991e-02 -2.34325659e-02 -2.91262608e-04
  1.47754885e-02 -2.57197348e-03  1.86547544e-02  2.80537438e-02
  4.59285006e-02  7.56436307e-03  3.39248893e-03  5.77470697e-02
 -6.52872631e-03  3.44824046e-02 -7.54857585e-02 -9.13727432e-02
  8.21779296e-02  1.56445075e-02 -2.19110828e-02  9.91632342e-02
  8.11298564e-02 -4.60736603e-02 -2.26088502e-02 -8.72195791e-03
  2.48794518e-02 -4.40151198e-03  3.06604244e-02 -2.35072356e-02
  7.18547478e-02  5.05169779e-02  2.58301497e-02  9.67792720e-02
 -7.06457272e-02 -9.19077545e-04  2.99512018e-02  8.49195197e-03
 -1.90567281e-02  1.93793122e-02 -3.89089175e-02  4.41335849e-02
 -1.03578297e-02  4.71287630e-02 -1.90618515e-01 -7.76451081e-02
 -3.13973166e-02  6.06908314e-02 -6.52272701e-02  4.36950214e-02
 -5.07552065e-02  1.77305993e-02 -8.68241563e-02  5.80625050e-02
 -4.60537374e-02  1.67242922e-02  1.13049913e-02 -1.86640359e-02
 -1.43332295e-02  5.65679297e-02  2.40816437e-02 -6.18309937e-02]"
90,../SysML-v2-release-src/training/38. Allocation/Allocation Usage Example.sysml,"package 'Allocation Usage Example' {
	package LogicalModel {
		action def ProvidePower;
		action def GenerateTorque;
		
		part def TorqueGenerator;
		
		action providePower : ProvidePower {
			action generateTorque : GenerateTorque;
		}
		
		part torqueGenerator : TorqueGenerator {
			perform providePower.generateTorque;
		}
	}
	
	package PhysicalModel {
		private import LogicalModel::*;
	
		part def PowerTrain;
		part def Engine;
		
		part powerTrain : PowerTrain {
			part engine : Engine {
				perform providePower.generateTorque;
			}
		}
		
		allocate torqueGenerator to powerTrain {
			allocate torqueGenerator.generateTorque to powerTrain.engine.generateTorque;
		}
	}
	
}","Generate a SysML v2 model named 'Allocation Usage Example' that demonstrates the power and torque generation allocation between logical and physical components. 

Model consists of two main packages: 'LogicalModel' and 'PhysicalModel'. The 'LogicalModel' defines actions such as 'ProvidePower' and 'GenerateTorque', along with a part 'TorqueGenerator' that utilizes the 'providePower' action to invoke 'generateTorque'. 

In the 'PhysicalModel', the 'PowerTrain' and 'Engine' parts are defined, where the 'Engine' performs the 'providePower.generateTorque' action inherited from the logical model. Additionally, there is a clear allocation of 'torqueGenerator' to 'powerTrain', specifying that the torque generation capability is mapped from the 'torqueGenerator' to the 'engine' of the power train. 

This model effectively illustrates the relationship between logical actions and their physical representations, demonstrating how power generation translates into mechanical torque within a system architecture.","[-4.53307070e-02 -6.29405752e-02 -5.40181622e-02  7.50745386e-02
 -3.38144302e-02  8.78556818e-03 -7.00203795e-03 -1.59831140e-02
  9.44809522e-03  1.14266351e-02  3.49565037e-02 -5.44350035e-02
  9.48894173e-02 -4.15272042e-02 -1.01607954e-02  3.48363221e-02
  4.18553613e-02 -4.43118485e-03 -5.63188978e-02  2.57149711e-02
  1.74795642e-01  3.26723582e-03  2.40678918e-02  1.72178391e-02
 -7.78422579e-02 -6.23064861e-02 -1.88140254e-02  7.30968416e-02
  3.83386500e-02 -3.57159488e-02  3.08263791e-03  9.91021097e-03
 -2.40084212e-02 -1.90232676e-02  2.52636001e-02  5.64746335e-02
  2.51317360e-02 -6.06512018e-02 -2.56224275e-02 -4.11042646e-02
 -3.99340950e-02 -1.24060243e-01 -3.46845365e-03  1.74114332e-02
  6.85302168e-02  6.03609458e-02  1.76036377e-02  1.50508841e-03
 -8.97879750e-02 -1.37626715e-02 -8.11092630e-02 -2.33193226e-02
  1.54419569e-02 -4.82897088e-02 -6.50991639e-03  4.86636236e-02
  7.64866546e-02 -2.76583415e-02 -8.42688307e-02 -4.37247381e-02
 -3.68580259e-02  7.20846280e-03 -9.26289707e-02 -2.75217351e-02
  1.11983251e-02  6.59523718e-03  9.77899227e-03  1.82909872e-02
  4.85195741e-02 -2.99142078e-02 -4.15650457e-02 -5.69970049e-02
 -6.67960476e-03  3.73041704e-02 -3.20947310e-03  4.19244287e-04
  2.67941523e-02 -1.65200308e-02  1.61321573e-02 -8.96429271e-02
 -8.17867965e-02  5.58947176e-02 -1.12660239e-02  1.88358519e-02
  1.73959676e-02  2.23732647e-02  6.58452883e-02 -1.69655662e-02
  8.59792531e-02  7.91130066e-02 -2.53812447e-02  2.99118273e-02
  2.95357388e-02  3.90348583e-02  8.16299096e-02  4.41781692e-02
 -5.72888507e-03 -5.28524769e-03  3.16137597e-02 -5.94003797e-02
  3.58057804e-02  4.51003648e-02  4.92641889e-02 -6.19834941e-03
 -1.62641667e-02 -9.81315691e-03 -8.28136727e-02 -4.04669251e-03
 -6.50376454e-02 -5.05169816e-02  5.70662506e-02  6.15410171e-02
  2.32784990e-02 -2.06374470e-02  3.81682478e-02  5.22637330e-02
 -5.21795116e-02  6.93692034e-03  3.01404670e-02 -2.86476165e-02
 -3.38811353e-02 -7.40091577e-02  1.61568038e-02  4.70754020e-02
  3.54637057e-02 -9.83677357e-02 -1.02939226e-01  2.91485314e-33
 -1.02893151e-01 -7.75177181e-02  7.34909400e-02  1.46948501e-01
  1.44585781e-03  5.67101240e-02  1.80383977e-02 -3.27036045e-02
 -6.09966833e-03  6.17120229e-02 -3.05318870e-02  1.61753017e-02
 -6.53018616e-03  8.24652687e-02  4.03886884e-02 -6.55229539e-02
 -5.91558591e-02  4.79301810e-03  5.13894809e-03  1.01289991e-02
  5.00144362e-02  9.07474607e-02 -4.93870676e-02  4.19846661e-02
  2.94040814e-02  8.94834995e-02  4.06260155e-02  3.83562557e-02
 -1.34369791e-01  3.18860337e-02 -1.65435057e-02 -6.60280604e-03
 -1.54098738e-02  1.39994908e-03 -2.15518605e-02 -2.10124906e-02
  2.99414303e-02 -5.87100498e-02  3.76362875e-02 -3.50977965e-02
  3.88632007e-02 -9.04612709e-03 -4.50712778e-02 -2.34375130e-02
 -1.01631090e-01 -4.02087271e-02  1.67100765e-02  8.53983779e-03
  1.98484547e-02 -1.58843566e-02  9.23306346e-02 -2.41057519e-02
  1.07470565e-01  7.20415381e-04 -1.38180815e-02  3.98468934e-02
  6.68119779e-03  3.64814959e-02  1.18318880e-02  9.37211066e-02
 -1.01901338e-01 -1.34743853e-02  7.62030929e-02  1.27628923e-03
  4.89562526e-02  3.39061990e-02 -1.50867896e-02 -8.66883844e-02
  5.03070019e-02  4.28195782e-02 -9.19511635e-03 -5.25374226e-02
 -7.69438548e-03  4.78625707e-02  4.49700467e-02 -3.58109437e-02
 -2.57635359e-02  3.23109068e-02 -1.14714995e-01  2.80762818e-02
 -1.03213593e-01  1.30988851e-01 -4.35201712e-02  8.00606050e-03
  4.37149331e-02 -7.23676831e-02 -1.01286331e-02 -3.01381126e-02
 -3.97549123e-02 -4.87584174e-02  4.08538356e-02 -9.66100693e-02
  7.32696475e-03  1.67088734e-03 -1.03801070e-02 -4.86030621e-33
  1.29178120e-02  2.06732787e-02 -1.25682820e-02  3.54069099e-02
 -2.23937593e-02 -9.56347808e-02 -1.72491260e-02 -9.06019807e-02
 -1.92472376e-02 -1.87034719e-02  2.32208781e-02 -4.29833271e-02
 -1.34602571e-02  3.98244448e-02  2.24865358e-02  3.42464745e-02
 -1.39701469e-02 -1.39229298e-01 -3.59691866e-02  7.51915425e-02
  5.09490073e-02  1.06706277e-01  4.40382678e-03 -3.83916497e-03
  3.13613825e-02 -1.70479286e-02 -1.42690195e-02  9.77926925e-02
  3.15101184e-02  3.11762262e-02  2.95829959e-02 -4.78235893e-02
  4.60780375e-02 -1.53526980e-02 -8.93376842e-02 -1.03558190e-01
  2.46176776e-02  3.33531247e-03  2.91414596e-02  7.11536333e-02
 -1.52634038e-02  1.18295988e-02 -2.61630844e-02  3.95051539e-02
 -4.20470946e-02  3.16610634e-02  2.45621391e-02 -1.20788105e-01
 -1.23979384e-02 -4.34401892e-02  7.17465878e-02  3.20342812e-03
  1.12745110e-02  1.81894749e-02 -1.09852590e-02 -5.64546287e-02
  4.95492928e-02 -9.51162819e-03  5.95195033e-02  4.45968617e-04
  3.17310169e-02 -4.04150039e-02  4.13762517e-02 -3.73704359e-02
 -6.04523942e-02  3.78735573e-03 -7.45762663e-04 -5.63017018e-02
  3.17025408e-02  1.10032000e-02  7.94385839e-03  4.56706136e-02
  6.62000999e-02  5.77648282e-02  6.55994192e-03  2.44386159e-02
 -1.31968595e-02  1.22235212e-02  3.10521219e-02 -7.96924978e-02
 -9.19654816e-02 -2.89706178e-02  6.31007105e-02  3.40984613e-02
 -1.20458201e-01 -2.36929189e-02 -1.94548164e-02  1.12176329e-01
  2.15434991e-02 -5.68768606e-02 -2.63425261e-02 -2.43623229e-03
 -1.23091768e-02  1.16367877e-01 -1.05456188e-01 -5.53027455e-08
 -4.33597006e-02  1.05711119e-02  9.09212455e-02 -3.75579228e-04
  3.60876732e-02  3.87836024e-02 -3.85919143e-03  1.25507908e-02
  2.22727899e-02  5.59790060e-03  4.59999330e-02  4.51756036e-03
  3.66137102e-02 -1.60521064e-02  1.74114425e-02  3.06605492e-02
  3.26881818e-02  4.12837937e-02 -6.39534295e-02 -9.47242379e-02
  6.57832623e-02  6.39029685e-03 -4.53633927e-02  7.94166997e-02
  9.29500386e-02 -6.06777743e-02 -6.64108694e-02 -1.59686562e-02
  1.50733981e-02 -9.22039337e-03  2.55714934e-02 -7.15428870e-03
  5.86601309e-02  2.70513203e-02  8.02491046e-03  1.05782971e-01
 -6.88344538e-02 -3.05017103e-02  2.42253877e-02 -5.40360715e-03
 -2.65680556e-03 -1.64370202e-02 -4.54575941e-02  4.16295007e-02
 -4.35122512e-02  3.70490886e-02 -1.41281247e-01 -1.24399215e-01
 -1.92014631e-02  4.12042812e-02 -5.24552129e-02  4.17165272e-02
 -3.33958901e-02  1.90166589e-02 -7.54782632e-02  7.87005648e-02
 -1.68011039e-02  2.07231231e-02  3.43630277e-02 -2.79753506e-02
 -1.01455441e-02  6.32472560e-02  2.12819707e-02 -4.73231487e-02]"
91,../SysML-v2-release-src/training/39. Metadata/Metadata Example-1.sysml,"package 'Metadata Example-1' {
	
	metadata def SafetyFeature;
	metadata def SecurityFeature {
		:> annotatedElement : SysML::PartDefinition;
		:> annotatedElement : SysML::PartUsage;
	}
	
	metadata SafetyFeature about 
		vehicle::interior::seatBelt,
		vehicle::interior::driverAirBag,
		vehicle::bodyAssy::bumper;
	
	metadata SecurityFeature about
		vehicle::interior::alarm,
		vehicle::bodyAssy::keylessEntry;
		
	part vehicle {
		part interior {
			part alarm;
			part seatBelt[2];
			part frontSeat[2];
			part driverAirBag;
		}
		part bodyAssy {
			part body;
			part bumper;
			part keylessEntry;
		}
	}
	
}","Generate a SysML v2 model that encapsulates the package 'Metadata Example-1', focusing on safety and security features of a vehicle. Model two metadata definitions: 'SafetyFeature' and 'SecurityFeature'. The 'SafetyFeature' includes elements such as the seat belt, driver airbag, and bumper, while the 'SecurityFeature' encompasses the alarm and keyless entry system. Define the 'vehicle' part as the root, comprising sub-parts: 'interior' and 'bodyAssy'. The 'interior' includes two seat belts, two front seats, an alarm, and a driver airbag. The 'bodyAssy' consists of the body, bumper, and keyless entry components. This organized structure emphasizes both safety and security in vehicle design, providing a clear representation of critical features essential for vehicle functionality and user protection.","[-6.52029063e-04  5.92691191e-02 -4.34123129e-02 -1.67042911e-02
  8.52630064e-02 -2.20835097e-02  1.07301399e-01  6.64126500e-02
 -2.73500457e-02 -1.89526065e-03  8.17920566e-02 -1.66498385e-02
  1.06934689e-01 -1.80475246e-02  4.85136081e-03 -6.31887689e-02
  5.87400123e-02 -1.45263448e-02 -6.19978718e-02  3.66180725e-02
  4.36863266e-02  1.24070691e-02  4.36954536e-02  4.51401295e-03
 -1.62355766e-01 -2.67703105e-02 -2.52833050e-02  5.80565296e-02
 -3.38005042e-03 -1.00880213e-01  3.80148813e-02 -5.70212007e-02
  6.68376386e-02  5.08026779e-03 -7.07026897e-03 -1.95905007e-02
  1.02434441e-01 -2.31987443e-02 -5.27390130e-02 -8.23478699e-02
 -9.25499052e-02 -6.46160617e-02 -7.06379190e-02  3.49858031e-02
  4.56092879e-02  4.71379831e-02  4.58394170e-05 -3.76524255e-02
  2.71509755e-02 -4.65224423e-02 -4.64307051e-03  3.33245508e-02
  1.83636043e-02  4.24530283e-02 -5.79179563e-02  9.03452374e-03
 -4.32239175e-02  8.53519700e-03 -9.55321044e-02 -1.90839712e-02
  8.00550207e-02  4.91577238e-02 -5.81511483e-02  3.63861471e-02
  2.31192410e-02 -4.06924030e-03 -4.36334535e-02 -6.96646050e-02
  5.81028089e-02  8.42602104e-02 -4.23902087e-02 -5.62470071e-02
 -1.17725274e-02  2.40005460e-02  2.43208148e-02 -2.22354196e-02
  6.76887408e-02 -3.01240049e-02  3.33418548e-02 -7.68279359e-02
 -6.58049956e-02 -5.60473558e-03 -6.72183977e-03  8.05560313e-03
  9.38482024e-03  1.01489378e-02 -1.65168177e-02 -1.04214158e-02
 -3.21443677e-02  6.61649257e-02 -3.35939564e-02 -8.89278203e-02
  8.44646469e-02 -9.55147482e-03  3.81954126e-02  2.04858202e-02
 -1.88515708e-03  2.21576877e-02  1.41237611e-02  3.94841619e-02
 -5.83568774e-02 -3.45071293e-02  4.77783270e-02  7.49169812e-02
  2.09847987e-02  6.75236434e-03 -3.61953489e-02 -4.01340090e-02
 -3.35631557e-02 -1.06533347e-02  1.82066560e-02  6.17489330e-02
  1.85187366e-02 -2.11700648e-02 -2.72405520e-02  4.90251556e-03
 -6.03364073e-02  5.11696562e-02  9.05626044e-02  2.07281839e-02
  2.06688773e-02 -1.15724308e-02  1.00659691e-01  9.12072230e-03
  2.64814347e-02 -7.46623799e-02 -6.97170049e-02  6.73894886e-34
 -9.81132984e-02 -1.31793479e-02 -6.66736355e-07  5.17655797e-02
 -1.98139977e-02  1.09991645e-02 -3.61199453e-02 -2.57050302e-02
  2.16240063e-02  1.13457523e-01 -5.84017858e-02 -7.44723231e-02
  1.04761552e-02 -7.77387898e-03  1.24548487e-01 -2.40895674e-02
 -1.17647313e-01  5.65289445e-02 -4.29715216e-02 -1.73220690e-02
 -2.38714945e-02  2.60764360e-02  4.13759658e-03  2.43385565e-02
  9.15070847e-02  9.47333723e-02  4.22250852e-02  1.84561256e-02
 -6.03490323e-02  6.19144514e-02 -6.48905933e-02  5.29477969e-02
 -2.17912234e-02  4.87717614e-02 -1.40234865e-02 -2.34035360e-05
 -3.91532257e-02 -7.65310079e-02  6.22666115e-03 -8.67710710e-02
  3.26113552e-02 -7.67579079e-02  1.78680394e-03 -2.13297140e-02
 -5.44550084e-02 -2.37334650e-02  1.99795552e-02  4.27875817e-02
 -2.37576314e-03  1.72007196e-02 -1.22956056e-02 -1.33343749e-02
  5.41845821e-02 -3.75551917e-02 -1.44210324e-01  4.63352725e-03
  7.65241683e-03  5.36325388e-03 -6.88576419e-03  5.35702892e-02
 -7.52232373e-02  4.79856357e-02  7.40017518e-02 -3.48717570e-02
  2.77255476e-02  3.48102674e-02  6.99782465e-03 -8.80322233e-02
  6.64350986e-02  4.18433174e-02 -8.35874975e-02  4.94647920e-02
 -3.40049081e-02  8.19193870e-02 -1.37360916e-02 -4.93241102e-03
  5.77554591e-02 -1.22624049e-02 -6.09807968e-02  2.90039722e-02
 -7.72595257e-02  1.05103061e-01  2.61290129e-02  3.11199464e-02
  4.88757044e-02 -2.63151526e-02 -3.88268270e-02 -6.98416755e-02
 -1.74351297e-02 -2.93338839e-02 -8.31326004e-03 -6.41606823e-02
 -3.64081338e-02  1.95313841e-02 -2.50645988e-02 -1.64077742e-33
  2.50890609e-02 -6.26671389e-02  8.43898579e-03  3.18266489e-02
 -3.38925868e-02 -1.01984860e-02 -6.71804473e-02 -9.44584515e-03
 -5.62056825e-02  8.66906494e-02  2.92111770e-03 -9.81865544e-03
  4.60755900e-02 -1.96636766e-02  4.95181009e-02 -8.90035008e-04
 -9.60806292e-03 -1.09970748e-01 -6.96092993e-02  6.88373893e-02
 -1.20455269e-02  7.28725791e-02 -2.74537429e-02  2.68754251e-02
 -9.57125612e-03  1.55009993e-03 -5.09093069e-02  8.39062110e-02
  1.49190696e-02 -6.08767755e-03 -9.85427760e-03  8.31175782e-03
  2.67424732e-02  1.20826224e-02 -6.78020567e-02 -1.36346444e-01
 -3.88622773e-03 -5.20388000e-02 -4.19070534e-02 -7.23901903e-03
  7.76414527e-03  5.67337759e-02  2.28653029e-02  3.00746225e-02
 -2.54237056e-02 -1.45055111e-02  6.31271377e-02 -3.11348271e-02
 -2.28535272e-02 -4.05192450e-02  1.81462150e-02 -5.72053939e-02
  3.61864385e-03  4.71030697e-02 -2.83636451e-02  4.55059856e-02
  4.77461591e-02 -1.98304523e-02  2.44215019e-02  2.63548959e-02
  1.07245423e-01  3.56446058e-02  1.42661249e-02  5.00630699e-02
  1.92553587e-02 -6.97513893e-02 -1.02629282e-01 -9.09021683e-03
 -5.66836447e-02 -3.04777035e-03  7.49427080e-02 -1.78983603e-02
  2.96653993e-02  1.44993393e-02  3.67924385e-02 -3.33644301e-02
  1.31775159e-02 -1.10376803e-02 -1.21837230e-02 -2.79524568e-02
 -3.07593476e-02 -6.23432994e-02  7.50311837e-03  1.23579100e-01
  3.17167304e-02  6.39693532e-03 -5.75697757e-02  9.09701362e-02
 -2.53376085e-02 -1.84948859e-03 -7.17324093e-02  9.94825438e-02
 -3.57212052e-02  1.69522375e-01 -5.44418320e-02 -4.41734755e-08
  8.84881336e-03  8.88727605e-03  5.04611945e-03 -3.19256969e-02
 -4.63318378e-02  2.74047032e-02 -5.97998239e-02 -6.99294806e-02
 -7.38066360e-02 -8.69453140e-03  8.44793976e-04  9.14421864e-03
 -3.01389843e-02 -2.45930124e-02 -9.54434276e-02  7.97833875e-02
 -4.20667753e-02  8.66098478e-02 -8.93055573e-02 -5.92212714e-02
  4.40453552e-02 -1.62211029e-04 -4.11782600e-02  3.49052139e-02
  1.00832470e-01  1.83358006e-02 -4.25811522e-02  3.65606956e-02
  6.82356358e-02  1.82364024e-02 -2.50406824e-02  2.48107072e-02
  5.92369698e-02  3.30202654e-02 -2.65109222e-02  7.50440508e-02
  2.00618990e-03  9.91738308e-03  5.49769662e-02  4.40431982e-02
  8.98183808e-02 -9.79420729e-03  1.78352892e-02  7.20290989e-02
 -5.03457263e-02  2.92316228e-02 -8.02338421e-02 -5.88935502e-02
 -1.93027519e-02  2.92857662e-02  3.38998437e-03 -5.08150905e-02
 -6.49534613e-02  9.95217413e-02 -2.68358514e-02  7.14987293e-02
 -8.18433519e-03 -4.95658256e-02  1.12438589e-01  3.08231618e-02
 -3.97453923e-03  6.12438694e-02  3.85897383e-02  4.53075394e-03]"
92,../SysML-v2-release-src/training/39. Metadata/Metadata Example-2.sysml,"package 'Metadata Example-2' {
	
	action computeDynamics {
		private import AnalysisTooling::*;
		
		metadata ToolExecution {
			toolName = ""ModelCenter"";
			uri = ""aserv://localhost/Vehicle/Equation1"";
		}
			
		in dt : ISQ::TimeValue             { @ToolVariable { name = ""deltaT""; } }
		in a : ISQ::AccelerationValue      { @ToolVariable { name = ""mass""; } }
		in v_in : ISQ::SpeedValue          { @ToolVariable { name = ""v0""; } }
		in x_in : ISQ::LengthValue         { @ToolVariable { name = ""x0""; } }
		
		out v_out : ISQ::SpeedValue        { @ToolVariable { name = ""v""; } }
		out x_out : ISQ::LengthValue       { @ToolVariable { name = ""x""; } }			
	}
	
}","Generate a SysML v2 model called 'Metadata Example-2' to represent a dynamic computation process. Model the action 'computeDynamics' within the package, utilizing imports from 'AnalysisTooling' to facilitate execution with external tools. Include metadata for 'ToolExecution' where specify the tool being used, ""ModelCenter"", alongside its corresponding URI. Define input parameters: 'dt' of type ISQ::TimeValue for time increments, 'a' of type ISQ::AccelerationValue to represent mass, 'v_in' as ISQ::SpeedValue for initial speed, and 'x_in' as ISQ::LengthValue for the initial position. Furthermore, establish output parameters: 'v_out' of type ISQ::SpeedValue to provide the computed speed and 'x_out' of type ISQ::LengthValue for the resulting position. Ensure that all input and output variables are annotated with tool-specific metadata for effective integration and traceability within the modeling environment.","[-2.15309858e-02 -1.34293418e-02 -4.94187586e-02  3.75136472e-02
 -7.33473077e-02 -2.88712829e-02 -6.05550706e-02  5.51329032e-02
 -4.36916389e-02  3.32672521e-02 -5.56895556e-03 -7.70278797e-02
  2.29174346e-02 -1.32926144e-02 -4.19465676e-02  2.08492880e-03
  3.00189480e-02  2.32706685e-02 -1.85933001e-02 -4.51697335e-02
  1.04444996e-01  1.74890682e-02  1.43883086e-03  3.63171846e-02
 -7.07855523e-02 -4.86589000e-02 -8.34698305e-02  4.83810976e-02
  3.41656059e-02 -4.45688739e-02  2.00169235e-02 -2.54518352e-02
 -1.13974162e-03  9.09531675e-03  5.36792241e-02  9.90043208e-03
  4.74871658e-02 -1.09387070e-01 -4.42752764e-02 -7.41134137e-02
  2.86130570e-02 -6.13649152e-02 -1.76168233e-02 -5.10236248e-02
  8.92790556e-02 -2.77447030e-02  3.67465131e-02 -9.29605961e-03
 -1.79856885e-02  2.10260339e-02 -5.37618287e-02 -3.89319984e-03
  4.39205915e-02 -5.91064468e-02 -4.48501203e-03  4.06284668e-02
  6.87582120e-02 -4.67810854e-02 -8.73298496e-02 -9.00510624e-02
 -1.46772685e-02 -5.39773656e-03 -4.08759937e-02 -5.66980727e-02
 -9.63171348e-02  6.29014522e-02  8.56150291e-04  5.17881140e-02
  8.22663233e-02  3.76681276e-02 -8.65068212e-02 -2.18773335e-02
  2.14081898e-04 -1.02878250e-02 -1.91584285e-02 -7.74905086e-02
  7.43858889e-02  3.90137248e-02  2.65772678e-02 -1.09168135e-01
  2.87990812e-02 -2.16675196e-02 -6.17528148e-02 -3.05064376e-02
 -3.49106193e-02 -4.75982577e-03  4.94704992e-02  8.23220462e-02
  1.28267556e-01  1.37269655e-02  9.43818409e-03  5.03315404e-02
 -1.33670960e-02 -8.30523670e-02  1.67864278e-01  2.01274436e-02
 -3.50277266e-03 -1.64670255e-02  4.45924066e-02 -1.09149590e-02
 -3.49260792e-02  2.54053418e-02  2.77620964e-02  3.82482819e-02
  1.47422906e-02  6.64750189e-02 -1.30210808e-02  3.51021141e-02
 -6.04889430e-02 -3.24164070e-02  4.92247976e-02  9.49902385e-02
  3.49387228e-02 -6.97867526e-03  7.57887140e-02  6.10164516e-02
  2.45118290e-02 -3.26995999e-02  7.72113679e-03 -2.72654518e-02
 -3.87833230e-02 -4.07860354e-02 -3.58203389e-02  2.87349988e-02
  7.23177642e-02 -3.07256896e-02 -1.09383101e-02  9.41294440e-33
 -8.55162144e-02  1.75447240e-02  3.38875204e-02  5.23404591e-02
 -3.08110733e-02  4.73428778e-02  1.37431771e-02  1.92481782e-02
 -7.10506830e-03  2.83643417e-02 -1.12873621e-01 -5.14145084e-02
 -2.58446932e-02  9.75337252e-03 -4.64311382e-03 -6.22004867e-02
  1.12921288e-02  2.03361604e-02 -1.32283224e-02  3.44539061e-03
  9.97785106e-02 -1.27996812e-02 -1.20343342e-01 -1.63878556e-02
  3.42106037e-02  1.23169720e-01 -1.22496132e-02  2.20109858e-02
 -5.23350351e-02  1.06008230e-02  5.06490320e-02  6.08550990e-03
 -5.01592122e-02 -1.33731300e-02  1.44525366e-02 -1.83243770e-02
 -1.31034236e-02  4.04388122e-02  1.21653356e-01  3.10127549e-02
  4.91927452e-02  4.04910790e-03 -4.35494073e-02  3.03604528e-02
 -1.75104067e-01 -2.24562436e-02 -2.49175560e-02  4.43590619e-02
  5.45445085e-02 -3.27247530e-02  6.18972257e-02  9.73761489e-04
 -6.40598731e-03 -5.39241219e-03 -2.51053330e-02 -1.31953368e-02
  5.26673645e-02  3.19703780e-02 -1.49548324e-02  1.38531893e-01
 -6.92233816e-02 -2.31766850e-02  9.45417210e-03 -1.69866793e-02
  3.69532444e-02 -3.70850153e-02 -5.24877086e-02 -2.45676581e-02
  4.45278510e-02  1.48124900e-02 -3.00920606e-02 -5.23612183e-03
  2.30476297e-02 -4.61751083e-03  9.37104896e-02 -7.91759342e-02
  2.23416407e-02 -5.50650582e-02 -1.16935924e-01  3.24001275e-02
 -8.75749737e-02  9.04841945e-02 -2.42764726e-02 -2.75560562e-02
  1.03269197e-01 -8.88915285e-02 -5.63909262e-02 -1.22839371e-02
 -3.60124819e-02 -1.41861647e-01 -2.29096375e-02 -2.55984832e-02
  8.27036798e-03  4.76355758e-03 -4.42225039e-02 -1.01137543e-32
  4.68047969e-02  4.95398650e-04  7.95335695e-02  8.99268389e-02
 -3.37645933e-02 -2.87295263e-02  2.62001320e-03  1.21155623e-02
 -2.15183981e-02 -2.60222629e-02 -6.12897507e-04 -2.51120050e-02
 -4.27204892e-02  2.82244347e-02  4.50923666e-02  3.47639918e-02
 -3.74586880e-02 -1.72398433e-01  4.42775115e-02  7.71924034e-02
 -1.59986727e-02  1.29770283e-02  1.50720160e-02 -5.33079617e-02
  2.67701689e-02 -3.21514010e-02  7.23170489e-02 -5.82009461e-03
  2.16221251e-02 -2.79929396e-02 -3.36057357e-02 -5.12804650e-03
  3.77231054e-02 -1.80545077e-02 -3.00526135e-02 -9.41004883e-03
  3.95220984e-03 -4.06747237e-02  1.84236523e-02  3.47314477e-02
  2.58279461e-02  4.18958664e-02 -9.35897753e-02 -3.94834392e-03
  5.30520752e-02  5.32632880e-02 -4.25702929e-02 -7.55586103e-03
 -2.28711888e-02 -5.46509912e-03 -1.90475385e-03  1.96372205e-03
  2.24308707e-02  6.18218593e-02  9.29897279e-03  1.97763816e-02
 -2.85742935e-02 -5.64714111e-02 -1.30394998e-03 -1.15492791e-02
  5.96392993e-03 -5.87048233e-02  5.96248545e-02 -9.80237033e-03
  1.79490130e-02  3.34598199e-02 -3.35393548e-02 -4.57428023e-02
 -3.95254157e-02 -5.20465616e-03  2.58826986e-02  1.12874284e-02
 -1.81864724e-02  9.99066532e-02  9.79414210e-04 -4.82435450e-02
 -3.69681232e-02  4.95405756e-02  3.90097722e-02  1.11125438e-02
 -5.77510521e-02  6.07121363e-02  8.07267502e-02  1.24759180e-02
 -1.60020337e-01  1.00742150e-02  1.03286235e-03  8.21930394e-02
 -1.43012935e-02 -1.54718412e-02 -2.10056137e-02  1.14156483e-02
  2.97815595e-02  1.82947427e-01 -5.11764027e-02 -6.55355166e-08
 -5.91103323e-02  9.96465422e-03  3.61683555e-02  3.85811441e-02
 -1.60143021e-02  1.11599453e-01 -5.33585325e-02 -3.30291241e-02
  4.52976450e-02 -4.98847431e-03 -9.13698133e-03  1.57538406e-03
  1.06213028e-02  9.88713652e-03 -4.92765084e-02  8.31358880e-02
  3.42639983e-02  1.74008124e-03 -3.15127745e-02 -6.96092770e-02
  7.78188258e-02  5.33367246e-02 -3.44414897e-02  6.04349887e-03
  2.65427865e-02 -5.06439321e-02 -7.99720064e-02 -1.29799498e-02
  2.81044543e-02 -1.40954265e-02  9.54073947e-03  6.63428288e-03
  3.48434076e-02  7.03524277e-02  1.95750054e-02  2.39143819e-02
 -2.83626616e-02  5.42880371e-02  9.47965607e-02  2.75427159e-02
  4.70751722e-04  8.39994848e-02 -6.33318946e-02 -5.21539189e-02
  2.32784282e-02  6.10814756e-03 -1.01528540e-01 -8.34001526e-02
  2.57259351e-03  7.09920973e-02  2.49239486e-02  4.65761982e-02
 -9.17923599e-02  5.13183251e-02 -7.64534324e-02  2.65974980e-02
 -1.77327264e-02 -4.39544544e-02  4.46476489e-02 -1.80866681e-02
 -7.39635006e-02 -3.63885984e-02 -1.61853824e-02 -1.44544449e-02]"
93,../SysML-v2-release-src/training/40. Filtering/Filtering Example-1.sysml,"package 'Filtering Example-1' {
	private import ScalarValues::Boolean;
	
	metadata def Safety {
		attribute isMandatory : Boolean;
	}
	
	part vehicle {
		part interior {
			part alarm;
			part seatBelt[2] {@Safety{isMandatory = true;}}
			part frontSeat[2];
			part driverAirBag {@Safety{isMandatory = false;}}
		}
		part bodyAssy {
			part body;
			part bumper {@Safety{isMandatory = true;}}
			part keylessEntry;
		}
		part wheelAssy {
			part wheel[2];
			part antilockBrakes[2] {@Safety{isMandatory = false;}}
		}
	}
	
	package 'Safety Features' {
		/* Parts that contribute to safety. */		
		public import vehicle::**;
		filter @Safety;
	}
	
	package 'Mandatory Safety Features' {
		/* Parts that contribute to safety AND are mandatory. */
		public import vehicle::**;
		filter @Safety and Safety::isMandatory;
	}
}","Generate a SysML v2 model for a vehicle safety system encapsulated within the package 'Filtering Example-1'. The model includes a metadata definition for a Safety attribute, indicating whether components are mandatory. The vehicle structure is detailed with parts such as interior, body assembly, and wheel assembly, each containing specific components like alarms, seat belts (mandatory), and airbags (non-mandatory). 

Create a subpackage 'Safety Features' that includes all parts relevant to safety from the vehicle, leveraging a filter based on the Safety attribute. Additionally, establish another subpackage 'Mandatory Safety Features' to specifically extract components that are both safety-related and marked as mandatory. The overall design enables clear differentiation and filtering of safety features within the vehicle, ensuring compliance with mandatory requirements and enhancing overall safety design clarity.","[ 1.32593391e-02  1.56843327e-02  6.70911337e-04 -3.72692682e-02
  1.00691251e-01  7.92861264e-03  7.02901110e-02  3.38430591e-02
 -1.03304520e-01 -5.29778562e-03  7.01991171e-02 -7.15834126e-02
  6.95634559e-02  2.79296730e-02  6.10288372e-03 -3.15597914e-02
  6.99035749e-02  1.00369332e-02 -8.45210180e-02 -1.76897123e-02
  6.84668645e-02  1.62050817e-02  3.63725163e-02  1.64654758e-02
 -1.70312405e-01 -3.49563110e-04 -1.21890055e-02  6.48781508e-02
  3.57855335e-02 -6.74366951e-02  4.62332889e-02 -3.28200720e-02
  6.22892864e-02 -8.89689662e-03  3.61861140e-02 -6.27829880e-02
  3.86468507e-02 -3.30316275e-02 -7.58339986e-02 -7.34976381e-02
 -1.10624902e-01 -9.55669880e-02 -8.62285271e-02  1.81419011e-02
  1.83367804e-02 -3.87892476e-03  6.24998147e-03 -4.76262867e-02
  1.19493715e-02 -4.22927551e-02 -5.86389191e-03  2.05241218e-02
  1.05705112e-02 -1.34747392e-02 -1.89856216e-02  1.61841121e-02
 -1.19269546e-02 -2.61869729e-02 -1.11130536e-01 -4.84790467e-02
 -2.07607984e-03 -1.65398102e-02 -8.68379101e-02  1.17323576e-02
 -3.32228863e-03  4.74768579e-02 -9.64801908e-02 -5.89984693e-02
  8.88544694e-02  1.33141771e-01 -8.90963823e-02 -2.26824079e-02
  1.15313875e-02  3.91731709e-02 -5.70752332e-03  1.59466430e-03
  5.05523682e-02 -1.12201571e-02  2.37401687e-02 -6.37441874e-02
 -3.75382602e-02  1.30230002e-02 -8.83310195e-03  4.27428931e-02
  2.42373664e-02  1.99341075e-03  4.75270255e-03 -2.30410527e-02
 -4.84650116e-03  5.45377806e-02 -1.85201764e-02 -6.27056956e-02
  1.18492588e-01 -3.79706640e-03  5.93918301e-02  2.35155113e-02
  2.58912034e-02 -1.65186450e-02  3.82235684e-02  3.57966521e-04
 -4.09354195e-02 -2.62717120e-02  6.35796189e-02  4.08737995e-02
 -4.73901350e-03 -4.22320236e-03 -7.80906854e-03 -5.24579249e-02
 -6.74151108e-02 -1.25677716e-02  3.13837850e-03  6.72584698e-02
  2.46219784e-02 -1.00349367e-01 -2.54670139e-02  2.37754453e-02
  1.48040727e-02 -6.05684752e-03  4.05970216e-02 -1.02532467e-04
 -1.83200631e-02 -8.09746515e-03  1.13266602e-01  1.84435700e-03
  9.43238661e-02 -1.13665441e-03 -4.00562026e-02  2.96110021e-33
 -5.01920320e-02  1.48376301e-02 -7.14758560e-02  6.96638823e-02
 -4.87608351e-02  1.69943031e-02 -1.65045410e-02 -1.91875510e-02
  3.02827079e-02  9.44382176e-02 -7.13726729e-02 -2.99610123e-02
 -4.68618609e-02  4.11902182e-03  1.02520950e-01 -6.34900033e-02
 -5.42350374e-02  3.37742679e-02 -4.56261560e-02 -5.58762811e-02
 -4.93405983e-02 -5.58817945e-02 -6.75862189e-03  1.52663607e-02
  7.43636861e-02  9.88551900e-02  4.12153006e-02  1.11770490e-02
  5.51305106e-03  4.93126921e-02 -3.60791385e-02  5.70221581e-02
 -1.30831590e-02  5.04547246e-02  3.10135470e-03  4.31334004e-02
 -1.33762032e-01 -2.80955695e-02  6.43490329e-02 -4.47366014e-03
  3.11979000e-02 -4.48797755e-02  1.41855692e-02  2.07376797e-02
 -2.89300177e-02 -2.99094780e-03  1.30077507e-02  1.54633466e-02
 -5.47537720e-03 -2.31156293e-02  9.46185086e-03  8.46656598e-03
  5.41525632e-02 -2.25262996e-02 -1.07718572e-01 -1.40079027e-02
  5.25179803e-02  1.38148153e-03 -4.15176107e-03  3.68595533e-02
 -5.76565899e-02  3.16561636e-04  2.40286049e-02  1.29998997e-02
  4.50952128e-02  2.85236388e-02 -8.44245404e-03 -7.42274374e-02
  6.53581023e-02 -5.36479754e-03 -7.85616636e-02  6.33073645e-03
 -3.06304973e-02  3.61204371e-02  5.80048328e-03 -6.90643024e-03
  5.50639406e-02 -8.10954161e-03 -1.47567028e-02  4.54764704e-05
 -1.18205272e-01  8.97663757e-02 -9.65420064e-03  1.51726957e-02
  6.35144413e-02 -6.12059236e-02 -2.75359247e-02 -2.05851346e-02
 -6.10683002e-02 -2.12179963e-02 -5.70274750e-03 -5.94938584e-02
 -2.69278605e-02  1.44650256e-02  5.90250902e-02 -3.35599743e-33
  4.09331247e-02 -2.60265786e-02  3.89021151e-02  2.18190309e-02
 -8.05385038e-03 -5.42263463e-02 -4.86618988e-02 -3.98327224e-02
  1.46690588e-02  1.11138485e-01  3.50483577e-03 -5.02973199e-02
  5.22303693e-02 -2.68420074e-02 -1.39479833e-02  2.31417026e-02
 -5.41265421e-02 -1.09528720e-01 -3.15930992e-02  3.89213227e-02
  6.42536581e-03  6.34403750e-02 -3.19692865e-02  4.34007458e-02
 -3.69025581e-02  1.93094891e-02 -5.37030473e-02  7.54356803e-03
  6.05034716e-02 -2.49860287e-02  3.70214431e-04 -4.58860653e-04
  4.79307398e-02  1.27739534e-02 -4.84183896e-03 -1.37707144e-01
 -7.37344427e-03 -4.37077694e-02 -3.85768004e-02 -1.05550131e-02
  1.53935151e-02  5.81583902e-02 -5.38730249e-02  2.71156896e-02
  4.80226561e-04 -1.80813298e-02  7.74162412e-02 -5.36772087e-02
 -6.37389943e-02 -7.44012445e-02 -3.50368954e-02 -6.09027371e-02
 -3.27688269e-03  4.54232320e-02  8.39218870e-03  7.24564195e-02
  3.85600626e-02 -1.40820583e-02  5.05886450e-02  3.37636322e-02
  7.21415505e-02  3.10172103e-02 -1.50464037e-02 -8.63603130e-03
  1.24741197e-02 -5.17111868e-02 -4.37451936e-02 -1.15681244e-02
 -8.38970114e-03  5.65565191e-03  2.23264266e-02  3.85182328e-04
 -5.85717056e-03 -4.17294130e-02  1.12574804e-03 -6.70701340e-02
 -1.52429650e-02  3.37781496e-02  5.50605282e-02 -2.33681500e-02
 -3.67678925e-02 -1.06664728e-02  3.46422987e-03  2.00018093e-01
  6.59124879e-03 -1.26643982e-02 -1.72424167e-02  7.82684330e-03
  9.46548954e-03 -8.41165707e-03 -3.55413891e-02  7.15459362e-02
 -5.82018346e-02  1.93853542e-01 -6.63427860e-02 -4.39062866e-08
 -1.57144610e-02 -1.44633809e-02 -2.00921539e-02 -7.26963440e-03
 -4.96589951e-03  4.75878417e-02 -3.47258411e-02 -4.19810489e-02
 -9.86532271e-02  3.60728875e-02  2.47492287e-02  2.61851624e-02
 -5.92404790e-02  3.27009782e-02 -4.10385206e-02  5.94298132e-02
  9.04678646e-03  1.50076985e-01 -7.56367818e-02 -2.86433212e-02
  6.87023997e-02  3.79170589e-02 -1.74957886e-02  1.03840306e-01
  5.94131835e-02  8.64188280e-03  1.53747629e-02  1.56640746e-02
  1.34289175e-01  2.52986774e-02  3.81140374e-02  1.88912377e-02
  7.65439570e-02  3.73916700e-02 -6.25142269e-03  8.53686631e-02
 -3.78155410e-02  3.03975940e-02  3.85261774e-02  3.73538141e-03
  8.70732144e-02  2.13253666e-02  2.87169730e-03  5.91499656e-02
 -2.14668196e-02  3.13382149e-02 -1.35335565e-01 -8.60743374e-02
 -4.68328707e-02  2.08217725e-02 -1.86790489e-02 -4.39465493e-02
 -3.68592218e-02  1.29232660e-01 -4.82596122e-02  1.25070633e-02
  3.41247208e-03 -2.42141206e-02  9.12708417e-02 -4.61270511e-02
 -6.66886510e-04  7.48001933e-02  4.99051511e-02 -4.71935607e-03]"
94,../SysML-v2-release-src/training/40. Filtering/Filtering Example-2.sysml,"package 'Filtering Example-2' {
	private import ScalarValues::Boolean;
	
	metadata def Safety {
		attribute isMandatory : Boolean;
	}
	
	part vehicle {
		part interior {
			part alarm;
			part seatBelt[2] {@Safety{isMandatory = true;}}
			part frontSeat[2];
			part driverAirBag {@Safety{isMandatory = false;}}
		}
		part bodyAssy {
			part body;
			part bumper {@Safety{isMandatory = true;}}
			part keylessEntry;
		}
		part wheelAssy {
			part wheel[2];
			part antilockBrakes[2] {@Safety{isMandatory = false;}}
		}
	}
	
	package 'Safety Features' {
		/* Parts that contribute to safety. */		
		public import vehicle::**[@Safety];
	}
	
	package 'Mandatory Safety Features' {
		/* Parts that contribute to safety AND are mandatory. */
		public import vehicle::**[@Safety and Safety::isMandatory];
	}
}","Generate a SysML v2 model titled ""Filtering Example-2"" to represent a vehicle's safety-related components. The model contains a package defining a metadata structure for safety attributes, specifically an attribute that identifies whether a part is mandatory or not. 

The vehicle is composed of several parts categorized into interior, body assembly, and wheel assembly. Within the interior, components include an alarm, mandatory seat belts, and an optional driver airbag. The body assembly features a mandatory bumper and keyless entry, while the wheel assembly includes wheels and optional anti-lock brakes.

Additionally, create a package named ""Safety Features"" to encapsulate all parts of the vehicle that contribute to safety, utilizing filtering based on the safety attribute defined. Another package, ""Mandatory Safety Features,"" should be designed to specifically import parts that are both safety-related and marked as mandatory. This structured approach allows for clear delineation of safety attributes associated with the vehicle's components.","[ 6.58274023e-03  1.57773383e-02 -1.74043253e-02 -2.72494629e-02
  1.13646857e-01  1.51872290e-02  1.01982377e-01  2.73717027e-02
 -8.52942169e-02 -2.73696762e-02  9.82836634e-02 -5.78360297e-02
  7.11104199e-02  3.76330428e-02  1.98294334e-02 -2.87432242e-02
  6.40361011e-02  7.23664043e-03 -8.92486423e-02  7.03967595e-03
  4.21180353e-02  9.38247796e-03  2.45979745e-02  1.32498182e-02
 -1.65075019e-01 -5.16627263e-03  1.59884756e-03  6.00969717e-02
  4.01529297e-02 -5.31879775e-02  2.32997779e-02  3.49614327e-03
  4.81246300e-02 -5.48749929e-03  4.72964346e-02 -5.12967743e-02
  2.33377758e-02 -1.70179978e-02 -8.17670375e-02 -1.08894348e-01
 -8.11827406e-02 -7.55872428e-02 -6.97272718e-02  2.49821115e-02
  3.25482413e-02  3.93942418e-03  1.29473535e-02 -5.88614233e-02
  2.03912091e-02 -4.20218483e-02 -4.51412285e-03  2.91358028e-02
  1.26806041e-02 -2.10555480e-03 -2.56367587e-02  1.60441678e-02
 -2.12647244e-02 -2.06676256e-02 -1.28548875e-01 -3.63052674e-02
  9.45526361e-03 -1.01509448e-02 -6.88628182e-02  8.24137870e-03
  3.65565647e-03  3.88415791e-02 -8.27590823e-02 -8.08609650e-02
  5.87271675e-02  1.28391281e-01 -9.18346494e-02 -1.54685241e-03
 -5.51749626e-03  6.03497960e-02  3.58145661e-03 -9.82306059e-03
  6.52958378e-02 -2.36592293e-02  1.27690090e-02 -5.87193929e-02
 -7.40800276e-02  6.79916842e-03 -3.96306626e-03  2.97658145e-02
  3.67253646e-02  2.80013513e-02  1.17985730e-03 -1.06355706e-02
 -1.60888508e-02  5.77598661e-02 -3.66474725e-02 -7.69961253e-02
  1.34566084e-01 -2.60013081e-02  5.36016487e-02  4.92612012e-02
  3.41899134e-02 -8.97030160e-03  1.85318682e-02  6.04898343e-03
 -6.42632023e-02 -3.53003889e-02  6.82305917e-02  4.13778760e-02
  2.41934511e-04 -1.22909592e-02 -1.71348266e-02 -6.77129775e-02
 -6.74612001e-02 -3.66974715e-03  5.90082863e-03  7.22159669e-02
  2.92081255e-02 -8.86484087e-02 -5.00118844e-02  1.54431839e-03
  1.57643519e-02 -4.55754483e-03  4.41463031e-02  1.51493363e-02
 -1.65924635e-02 -4.91107441e-03  1.04421929e-01  2.21047178e-02
  7.94880018e-02 -2.53993589e-02 -4.30089869e-02  1.58172555e-33
 -3.66817638e-02  8.64880066e-03 -6.08763620e-02  5.36345430e-02
 -3.82655598e-02  2.59167440e-02 -5.15314098e-03 -2.09672973e-02
  4.25907634e-02  9.44358855e-02 -6.63430393e-02 -3.90951596e-02
 -2.45258156e-02  2.74958741e-02  1.06988244e-01 -4.80113998e-02
 -5.49409315e-02  4.93769608e-02 -4.93821651e-02 -5.11770397e-02
 -3.84915322e-02 -4.20458317e-02 -9.15023685e-03  4.08131629e-02
  7.90112391e-02  7.80713037e-02  3.46988626e-02 -8.74086376e-03
  1.45971682e-02  4.29298915e-02 -3.29030529e-02  5.48611619e-02
 -7.73616368e-03  5.49752563e-02  2.82517243e-02  3.93523090e-02
 -1.43483788e-01 -3.06814089e-02  5.81131987e-02 -1.85058266e-02
  3.12012527e-02 -5.60316183e-02 -4.58145805e-04  3.42418905e-03
 -3.17891128e-02 -3.17337252e-02  1.29348114e-02  2.46671326e-02
 -9.12899617e-03 -1.91699546e-02  9.97559074e-03  2.43747849e-02
  6.52877465e-02 -4.08977158e-02 -1.26028195e-01 -6.75114570e-03
  5.03426902e-02  1.59272563e-03 -2.70738229e-02  4.07652371e-02
 -6.75410181e-02  8.05587973e-03  2.15590522e-02  1.87987480e-02
  4.15087044e-02  3.41647044e-02  1.14599606e-02 -8.85047391e-02
  5.93831129e-02 -1.78695694e-02 -6.93845451e-02 -3.25130625e-03
 -4.47827019e-02  5.44406585e-02  9.55030229e-03 -1.27288494e-02
  4.75416295e-02 -1.45418821e-02 -2.26440579e-02 -1.67004243e-02
 -9.55882445e-02  5.92103973e-02 -2.54137460e-02  1.65568162e-02
  4.19812016e-02 -4.82096560e-02 -1.48468595e-02 -3.46623920e-02
 -5.34348451e-02 -5.48130348e-02  2.63922522e-03 -5.67711145e-02
 -5.86426631e-02  1.57870967e-02  3.01704276e-02 -2.45439088e-33
  3.54925245e-02 -3.51585969e-02  5.78401163e-02  1.32221077e-02
 -2.19488833e-02 -4.82540056e-02 -1.64337438e-02 -6.47882223e-02
  2.39890218e-02  8.81704092e-02  2.44619977e-03 -3.95761207e-02
  1.48949865e-02 -3.58470231e-02 -3.79226939e-03  2.99247988e-02
 -8.90998170e-02 -8.08302835e-02 -1.66666564e-02  6.02862053e-02
 -5.28125325e-03  7.25919008e-02 -3.13289724e-02  4.07267287e-02
 -5.42558767e-02  1.33520514e-02 -4.87693325e-02  2.35807691e-02
  4.07303646e-02 -1.69946272e-02  3.57935624e-03  1.21371765e-02
  3.83769237e-02 -6.91806432e-03 -4.29401025e-02 -1.39310777e-01
 -1.60800871e-02 -6.68946728e-02 -2.18076333e-02  8.72133207e-03
  3.76397111e-02  5.12037352e-02 -1.89519096e-02  5.51828220e-02
 -3.06513552e-02 -2.08410565e-02  5.33988066e-02 -4.01828401e-02
 -4.15614583e-02 -5.75552322e-02 -2.78652143e-02 -3.85159515e-02
  1.87808555e-03  5.69084361e-02  1.29465596e-03  7.81637132e-02
  5.20032831e-02 -4.14585657e-02  6.32810816e-02  2.59120390e-02
  6.23983704e-02  4.62933965e-02  1.26637705e-02  9.41191567e-04
  1.45887220e-02 -6.65792376e-02 -3.52415331e-02 -3.22272256e-02
 -2.06395742e-02 -1.25325415e-02  4.18328308e-02  1.40200770e-02
 -2.16670078e-03 -3.99844833e-02 -1.13941384e-02 -5.97637370e-02
 -5.73097076e-03  3.22583728e-02  5.49107045e-02 -3.85405794e-02
 -4.47597317e-02 -4.25592810e-02  2.29258109e-02  1.82490319e-01
  3.95278400e-03 -2.22047530e-02 -3.80039066e-02  1.34683503e-02
  1.87099241e-02 -2.00473005e-03 -4.65942584e-02  8.91550034e-02
 -4.38731387e-02  1.92365006e-01 -7.04830959e-02 -4.67692551e-08
 -7.27623049e-03 -1.34552289e-02 -3.36393118e-02 -1.94242597e-02
 -2.06943341e-02  4.11774740e-02 -3.26935686e-02 -2.97867581e-02
 -9.34009105e-02  2.06318703e-02  3.37361507e-02  1.91233288e-02
 -8.02187696e-02  2.01206980e-03 -3.57004963e-02  6.28921762e-02
  8.67852755e-03  1.16142958e-01 -8.16975087e-02 -3.89984623e-02
  4.31536511e-02  2.60050744e-02 -2.55133081e-02  1.04358487e-01
  6.79168180e-02  1.08779427e-02  2.48562880e-02  4.21888195e-02
  1.21147059e-01  3.36834788e-02  3.96466292e-02  1.78118087e-02
  8.19311067e-02  3.77821140e-02  3.65187507e-03  8.76026303e-02
 -3.28029282e-02  5.57370391e-03  3.64541709e-02  1.40245259e-02
  7.94228017e-02  3.02666519e-02 -2.25532204e-02  6.33676127e-02
 -3.91409686e-03  2.64082868e-02 -1.44488141e-01 -1.06306218e-01
 -4.07348536e-02  2.61138305e-02 -1.19583216e-02 -3.98514532e-02
 -3.89080793e-02  1.20296411e-01 -4.75683287e-02  5.69445081e-02
  3.07121873e-02 -3.29015143e-02  9.55946520e-02 -2.93813031e-02
  1.22388629e-02  7.14945942e-02  6.63117245e-02 -5.24175679e-03]"
95,../SysML-v2-release-src/training/41. Language Extension/Model Library Example.sysml,"library package 'Model Library Example' {
	private import ScalarValues::Real;
	private import RiskMetadata::Level;
	
	abstract occurrence def Situation;
	
	abstract occurrence situations : Situation[*] nonunique;
	
	abstract occurrence def Cause {
		attribute probability : Real;
	}
	
	abstract occurrence causes : Cause[*] nonunique :> situations;
	
	abstract occurrence def Failure {
		attribute severity : Level;
	}
	
	abstract occurrence failures : Failure[*] nonunique :> situations;
	
	abstract connection def Causation :> Occurrences::HappensBefore {
		end [*] ref cause : Situation;
		end [*] ref effect : Situation;
	}
	
	abstract connection causations : Causation[*] nonunique;
	
	item def Scenario {
		occurrence :>> situations;
		occurrence :>> causes :> situations;
		occurrence :>> failures :> situations;
	}
	
	item scenarios : Scenario[*] nonunique;
}","Generate a SysML v2 model named 'Model Library Example' that encapsulates risk assessment and management concepts. This model will include a package that defines an abstract occurrence called 'Situation', which serves as the basis for various situations in risk analysis. Include collections of 'Cause' and 'Failure' occurrences, each with attributes for probability and severity respectively, to link different risks to their potential failures. Establish a causal relationship through an abstract connection called 'Causation', allowing for the representation of dependencies between causes and their effects. Additionally, introduce a 'Scenario' item that compiles the various situations, causes, and failures into a cohesive representation of risk scenarios. This model should support multiple scenarios while capturing the non-uniqueness of occurrences and connections, providing a comprehensive framework for analyzing and managing risks effectively.","[ 1.02588162e-02 -5.34068421e-03 -5.39778098e-02  3.21456902e-02
  3.28811929e-02  1.87910851e-02  3.91768031e-02  5.26638068e-02
 -6.66661048e-03 -5.64469316e-04  3.48509513e-02 -6.58675954e-02
  1.04600042e-01  5.60776740e-02  7.13938102e-03 -1.19227609e-02
 -6.69689775e-02  4.83190082e-03 -4.77755405e-02  1.69899780e-02
  4.24266681e-02 -1.51060959e-02 -7.27987811e-02  5.68351336e-02
 -1.27504289e-01 -3.63313332e-02  2.77453158e-02  7.08132684e-02
 -2.95567308e-02 -3.74849588e-02  2.95917187e-02  3.55404466e-02
 -3.27604823e-02 -2.05634274e-02  5.42601794e-02  4.73433472e-02
 -3.17833200e-02  1.90495551e-02 -3.00361235e-02 -6.29530326e-02
 -3.59426104e-02 -3.52639593e-02 -2.58976463e-02  7.34213786e-03
 -3.29088978e-02 -1.06554054e-01  2.02975664e-02 -3.18212137e-02
 -1.03178127e-02  1.80798210e-02 -1.14821099e-01 -6.46840706e-02
  2.61168405e-02 -5.73127642e-02  7.53398314e-02 -1.87509079e-02
  3.66784260e-02 -5.61377406e-02 -1.39869198e-01 -6.97052628e-02
  3.27656884e-03  1.95823088e-02 -1.09542452e-01  2.12248955e-02
  3.74752879e-02  7.13849440e-02 -1.07966540e-02  1.03178285e-01
  6.38348088e-02  7.67735913e-02 -7.88909793e-02 -7.09232911e-02
 -9.77918431e-02  2.12780721e-02  1.81426806e-03  7.62052834e-02
  1.26929767e-02  1.70520823e-02  1.51227638e-02 -2.24868078e-02
 -2.15127934e-02  3.98502722e-02  1.51544195e-02  2.98785176e-02
  7.45299533e-02  2.34680604e-02  7.45319799e-02 -3.90024111e-02
  4.91998047e-02  4.75444272e-02 -9.61906917e-04 -4.18404490e-02
  1.66296765e-01  4.81537730e-02  8.41401443e-02  4.03892100e-02
  1.74066164e-02 -4.49851267e-02  4.89573330e-02 -2.16219425e-02
 -9.64807579e-04  5.00116358e-03  1.33557068e-02 -1.01951240e-02
  2.02867724e-02 -4.44015525e-02 -5.62578551e-02 -8.11564773e-02
 -5.54929115e-02 -3.01506128e-02  1.67306385e-03  5.18391393e-02
  2.55883541e-02 -1.32754847e-01  2.70849988e-02 -5.58868889e-03
 -2.10381746e-02  8.77475459e-03 -1.72254704e-02  1.38237104e-02
 -2.84564234e-02 -7.66454544e-03  4.85317111e-02 -3.02548893e-03
 -1.87880695e-02 -2.29174439e-02 -3.67438868e-02  1.62953106e-33
  4.21007276e-02 -6.36910275e-02 -6.89623803e-02  6.98093697e-02
  8.01909417e-02  1.38847986e-02 -5.23471609e-02  3.34052779e-02
  1.66986464e-03 -2.35368311e-02  1.14280488e-02  7.95179978e-03
 -4.39699460e-03 -7.62834623e-02  3.36712115e-02  1.38806980e-02
 -4.97766696e-02  1.00269355e-01 -5.68639580e-03  3.20982374e-02
 -8.17461684e-02 -1.13753945e-01 -1.46757830e-02  2.98996866e-02
  5.76780178e-02  7.33044371e-02  8.79348144e-02  9.11903381e-03
  2.25171112e-02  9.79960244e-03  6.65719286e-02  2.03558337e-03
  3.04300133e-02 -1.85649358e-02  4.70728613e-02  5.71339466e-02
 -1.05830744e-01  3.08059016e-03  2.51620505e-02  8.20583384e-03
 -8.03372115e-02 -4.35907207e-02 -3.69533226e-02  6.20712228e-02
  1.94043610e-02 -3.19677107e-02 -2.85564214e-02 -5.02532460e-02
 -1.76302046e-02 -9.22070667e-02 -2.37370860e-02 -2.42291261e-02
  8.25299323e-02  4.41357195e-02 -8.86495113e-02 -3.89727694e-03
  1.35611678e-02 -3.03020868e-02 -2.30183750e-02  4.14575972e-02
 -1.95664521e-02  5.49490738e-04 -2.60249414e-02 -7.04790466e-03
  7.08175525e-02 -2.41090804e-02  1.40534993e-02 -6.37694299e-02
  1.42017423e-04  3.02444566e-02 -4.20246273e-02  3.33187319e-02
 -1.59393083e-02  1.79899558e-02 -3.20451371e-02 -1.33167384e-02
 -1.77846309e-02 -1.31552108e-04 -2.03450467e-03  4.13193069e-02
 -1.29933611e-01 -1.38139753e-02  5.21529242e-02  2.77514514e-02
  4.89727734e-03  5.69323301e-02 -4.57434496e-03 -5.25702387e-02
 -1.40045971e-01 -2.63606980e-02  4.50572520e-02 -1.14319716e-02
  8.78159553e-02  6.68206513e-02  5.65684624e-02 -3.19530185e-33
 -5.43611348e-02  1.32453879e-02  1.11663910e-02 -6.42285272e-02
  4.90680784e-02 -5.49952649e-02 -4.06306908e-02 -9.08871591e-02
  2.71908902e-02  3.93930450e-02 -6.31948411e-02 -2.92522144e-02
  4.16798964e-02  1.47534041e-02 -4.01133299e-02  1.67038981e-02
  2.99223349e-03 -9.81565192e-02 -2.40275655e-02  1.13787306e-02
  9.48554464e-03  4.05442864e-02 -3.25026996e-02  7.38281570e-03
 -3.96156646e-02  3.33780386e-02  1.73324123e-02 -6.14910983e-02
  2.24828385e-02 -6.10434078e-03  3.05425748e-03  6.55975267e-02
  8.85275602e-02  3.71768959e-02 -2.93397233e-02 -2.27688737e-02
  2.24735253e-02 -1.58770785e-01 -6.62725745e-03  1.28999911e-02
  4.18385342e-02  6.13396876e-02 -2.82279160e-02 -1.01547934e-01
  5.27403131e-02  6.14544936e-03  3.59092206e-02 -1.78034254e-03
  2.52320291e-03 -4.63719591e-02 -3.83300297e-02 -2.61834096e-02
 -4.87367772e-02  3.19994651e-02 -3.97556759e-02 -1.92684885e-02
  3.09325736e-02 -8.31844062e-02 -6.95576426e-03  7.37723932e-02
 -1.44219976e-02  1.04873339e-02  4.55689281e-02  3.30506973e-02
 -2.34457366e-02 -8.99686944e-03 -5.02956845e-02 -3.23588178e-02
 -2.43555382e-02  2.41725910e-02  2.79914457e-02  1.20772928e-01
 -6.85717016e-02 -4.63687107e-02  9.54888109e-03 -5.94742112e-02
 -7.58711845e-02  5.35685085e-02 -3.29214521e-02 -1.29637570e-04
 -4.10350552e-03  2.49610431e-02  4.47059684e-02  7.07189590e-02
 -6.03208952e-02  6.15795888e-02  6.96664453e-02  6.99931905e-02
  2.81486027e-02  3.83491106e-02 -1.62986621e-01  2.86424309e-02
 -4.62948382e-02  1.44500360e-01 -2.83969045e-02 -4.72462851e-08
  9.27834492e-03  5.42034954e-02  7.53693804e-02  5.50793810e-03
  5.38175814e-02  3.08116991e-03 -5.70921749e-02  2.74864640e-02
 -3.25395092e-02  4.73708659e-02 -5.90173304e-02  4.73216884e-02
 -5.86212501e-02  3.71732190e-02 -3.07439510e-02  3.90871130e-02
  2.37559155e-02  7.64353275e-02 -4.51355465e-02  2.52658851e-03
  1.27881482e-01  7.51128606e-03  3.52460635e-03  7.50504881e-02
  4.43532206e-02 -4.81761917e-02  2.41509601e-02  9.41501185e-02
  3.14059258e-02 -4.83390763e-02 -1.11153079e-02 -2.38790493e-02
  2.66865809e-02  2.00010911e-02 -6.05319999e-02  6.87347651e-02
  3.64800915e-02 -3.27482633e-02  4.87550488e-03  2.67825536e-02
  3.60896327e-02  2.35655028e-02  4.32390161e-02  1.17275842e-01
  1.53338239e-02 -9.08744428e-03 -1.09948255e-01 -3.76078449e-02
  1.39280083e-02 -1.81776062e-02 -6.57911599e-02  9.38370079e-03
 -5.08695422e-03  1.29121840e-01  8.42044037e-03  3.47488211e-03
  6.08809702e-02  1.86220445e-02  5.20805940e-02 -3.56130973e-02
  4.57535647e-02 -2.71772314e-03  2.63206568e-02  2.31629536e-02]"
96,../SysML-v2-release-src/training/41. Language Extension/Semantic Metadata Example.sysml,"library package 'Semantic Metadata Example' {
	private import 'Model Library Example'::*;
	private import Metaobjects::SemanticMetadata;

	metadata def situation :> SemanticMetadata {
		:>> baseType = situations meta SysML::Usage;
	}
	
	metadata def cause :> SemanticMetadata {
		:>> baseType = causes meta SysML::Usage;
	}
	
	metadata def failure :> SemanticMetadata {
		:>> baseType = failures meta SysML::Usage;
	}
	
	metadata def causation :> SemanticMetadata {
		:>> baseType = causations meta SysML::Usage;
	}
	
	metadata def scenario :> SemanticMetadata {
		:>> baseType = scenarios meta SysML::Usage;
	}
	
}","Generate a SysML v2 model encapsulating the 'Semantic Metadata Example' library package. Model should include a series of metadata definitions that capture key concepts related to semantic relationships within systems. This model will feature five metadata definitions: 'situation', 'cause', 'failure', 'causation', and 'scenario', all derived from a base type defined as 'SysML::Usage'. Each metadata definition should explicitly categorize its respective concept to enhance the understanding of system behaviors and relationships. The package will also import the 'Model Library Example' and 'Metaobjects::SemanticMetadata' to ensure the model adheres to established library constructs, facilitating better integration and reuse with existing systems.","[ 5.38883656e-02 -4.35881540e-02 -7.49374330e-02 -1.71707626e-02
  2.30337866e-02 -3.39669175e-02  1.98718738e-02  5.75751327e-02
 -4.56241854e-02  2.82497201e-02 -1.71305966e-02 -6.84905499e-02
  6.99437782e-02  5.35127260e-02  8.84132758e-02  2.81371679e-02
  6.12148084e-03 -2.45673954e-02 -4.72090170e-02  4.22654226e-02
  1.07676446e-01 -7.84948282e-03 -2.40426082e-02  6.33417666e-02
 -1.34051472e-01  5.01170829e-02 -2.28314176e-02  1.45935882e-02
 -4.07163464e-02 -1.81952752e-02  2.79860552e-02  8.16409588e-02
 -2.44058743e-02  9.73465212e-05  8.89177173e-02  3.82350311e-02
  7.65928924e-02 -2.94027850e-04 -3.12098972e-02 -9.46371183e-02
 -1.05975650e-01 -2.56341584e-02 -2.74214037e-02  7.57237244e-03
 -2.09492985e-02 -6.06804267e-02  6.73759449e-03 -4.50681746e-02
 -1.32202376e-02  5.65390699e-02 -1.23410299e-01 -5.02083004e-02
 -1.79466531e-02  2.37612072e-02  7.59044960e-02  4.18403037e-02
  1.41481999e-02 -4.12626751e-02 -1.21257879e-01 -7.82307088e-02
 -6.61137626e-02  1.65109560e-02 -6.98103234e-02  1.86989699e-02
 -4.12134938e-02  7.22768158e-02 -7.62128681e-02 -6.14541536e-03
  1.24886274e-01  2.53275479e-03 -1.11819662e-01 -2.44421735e-02
  3.91286844e-03  1.48332596e-03 -4.02519628e-02  7.63409631e-03
  3.41702178e-02  5.40943407e-02  1.27837555e-02 -1.23211168e-01
 -1.41874375e-02  7.18582645e-02 -1.54394591e-02  8.45263079e-02
  2.58715209e-02 -1.43450964e-02  5.96196242e-02 -2.28806660e-02
  3.32613438e-02  7.94855133e-02  1.89193152e-02 -6.98573515e-02
  1.28415555e-01 -1.56351756e-02  3.51414345e-02  4.16478142e-02
 -1.98952318e-03 -8.80841687e-02  3.00708748e-02  1.74496882e-02
  9.18680616e-03  4.11744304e-02  2.08659172e-02 -3.29192206e-02
  1.08592343e-02  5.84968226e-03 -7.24757761e-02 -5.11064865e-02
 -5.62528633e-02 -2.97818854e-02 -2.17855833e-02  8.52145776e-02
 -4.77918945e-02 -1.18368693e-01  3.99570726e-02  2.16847379e-03
 -9.94705129e-03 -3.11095584e-02  2.68788803e-02 -7.89723098e-02
 -6.13616668e-02 -6.72885356e-03  6.44863099e-02 -2.06113346e-02
  1.96215380e-02 -1.45689230e-02 -1.31821394e-01  3.70852599e-33
 -2.04028320e-02  1.35280506e-03  1.27933957e-02  1.12448938e-01
  7.34472945e-02 -1.06320520e-04  9.17812902e-03  1.60344001e-02
 -2.25455724e-02  4.22776211e-03 -2.40004133e-03  5.13565242e-02
 -5.35536855e-02 -3.79060507e-02  1.60261318e-02  1.16378916e-02
 -1.09937191e-01  7.55149424e-02 -4.28899415e-02  4.99441810e-02
  2.40141544e-02  2.74810735e-02 -1.93356946e-02  5.59921004e-02
  5.32645173e-02  7.55008459e-02  2.63651088e-03 -3.41268629e-02
  2.97073834e-02  1.86401885e-02  5.59304170e-02 -2.17150841e-02
  6.55305684e-02  4.02895659e-02  2.04188153e-02 -1.11867404e-02
 -3.21793742e-03  9.88454674e-04  5.53035252e-02 -4.47628684e-02
  2.35688537e-02  6.43474236e-03 -5.79586625e-02  2.54547643e-03
  1.25312211e-03 -3.21788378e-02 -5.06119691e-02 -1.96993575e-02
  6.45616502e-02 -4.02656235e-02  8.88756514e-02 -2.24551335e-02
  4.26754281e-02  7.27171376e-02 -4.52055782e-02 -1.68593433e-02
  1.42951990e-02 -1.08404539e-03 -3.05615328e-02  1.77642219e-02
  2.14554612e-02 -4.06424403e-02  3.63527350e-02  5.01951315e-02
  7.59499148e-02  1.02088992e-02 -2.62418482e-03 -3.96728404e-02
  5.04033966e-03  3.12714614e-02 -4.02911492e-02  5.43102697e-02
 -3.64282690e-02  6.91787899e-02  1.60928089e-02 -4.64522913e-02
 -4.02438175e-03 -6.96502775e-02 -7.99258500e-02  8.45882222e-02
 -1.25586465e-01 -6.83054980e-03 -2.39065662e-02  1.77959837e-02
  8.44475813e-03 -1.91708151e-02 -3.47000286e-02 -7.51855448e-02
 -2.84416713e-02 -9.07846689e-02  2.17608400e-02 -9.96023230e-03
 -3.31585072e-02  5.47288246e-02 -4.97448370e-02 -6.27783999e-33
  3.05272304e-02 -1.87563784e-02  3.52344438e-02  7.23384228e-03
 -2.45589763e-02 -2.58080810e-02  8.90017720e-04  1.56089896e-02
 -4.65524197e-02  3.98970172e-02  3.26336548e-03  2.20249849e-03
  1.79653130e-02  1.34076737e-02  1.90525949e-02 -1.90133583e-02
 -1.63449012e-02 -1.43087342e-01  2.82919724e-02  1.21120930e-01
 -2.03901641e-02  7.86807165e-02 -4.07210961e-02  3.12496703e-02
  4.01550047e-02 -1.74417607e-02 -1.30011272e-02 -2.45004371e-02
  5.07966764e-02 -3.24024782e-02  3.84985283e-02  4.24943119e-02
  5.78366220e-02 -1.14071362e-01 -2.95180138e-02 -4.34405170e-02
 -1.51197892e-02 -1.16793916e-01 -5.91977425e-02  1.27627458e-02
 -3.12021635e-02  2.89692450e-02 -7.85916075e-02 -5.85164726e-02
 -3.11685745e-02  1.47126860e-03 -9.78813395e-02  3.49841826e-02
  2.43205335e-02 -1.02553785e-01  2.01945174e-02 -8.19281489e-02
 -1.44399442e-02 -2.86511946e-02  2.55893618e-02  9.80450958e-03
  1.11688245e-02 -2.36553159e-02 -4.19321880e-02  3.53269279e-02
  1.13762973e-03 -4.56653312e-02 -2.86741694e-03  1.12270992e-02
 -1.67932734e-02  1.19542461e-02 -5.05089499e-02 -5.43635599e-02
 -4.59533855e-02  1.52489692e-02  5.38864955e-02  8.33824873e-02
 -9.79380384e-02  5.19498587e-02  5.36456555e-02 -1.09298499e-02
 -2.92336345e-02  6.08240836e-04  1.89534649e-02 -6.13918155e-03
 -3.37895639e-02  5.15175797e-02  7.37746209e-02  3.10421269e-02
 -6.65455014e-02 -9.36839264e-03  6.26323465e-03  1.18187413e-01
 -5.51490635e-02  3.85089405e-02 -8.60960856e-02  2.95012118e-03
 -2.89084613e-02  1.51237354e-01 -5.43509461e-02 -5.29247401e-08
 -9.30646583e-02  5.45012429e-02  1.92997623e-02  2.46666577e-02
 -5.09901857e-03  7.56434500e-02 -3.86564173e-02  2.06113271e-02
 -3.15509946e-03  9.01708379e-03 -5.35755269e-02  4.57733311e-02
 -7.23858774e-02  7.24048615e-02 -4.09433953e-02  9.01340321e-02
  5.88495657e-02  3.56455967e-02  3.45279521e-04  7.17462553e-03
  7.11915195e-02  1.44222872e-02 -2.20798589e-02  2.60814354e-02
  9.57559347e-02 -3.87388580e-02  9.33045801e-03  6.92594051e-02
  5.85672744e-02 -1.54992044e-02  3.81905772e-03 -4.05030772e-02
  1.09474836e-02 -3.74849476e-02  3.49087780e-03  8.26140642e-02
 -1.76547915e-02 -6.75507486e-02  3.89158353e-02 -2.64803246e-02
  2.43739355e-02  1.60325319e-02 -3.88852730e-02  2.45155171e-02
  8.52155592e-03  2.28847452e-02 -1.14520237e-01  2.56207176e-02
 -5.26598245e-02  4.94445860e-03 -6.80271238e-02  7.56593868e-02
 -6.45366684e-02  7.32462406e-02 -6.67755827e-02  6.18597753e-02
 -7.94805307e-03  6.77997014e-03  4.90493067e-02 -6.80599213e-02
  5.44555336e-02  3.21005769e-02  1.73322987e-02  2.09930465e-02]"
97,../SysML-v2-release-src/training/41. Language Extension/User Keyword Example.sysml,"package 'User Keyword Example' {
	private import ScalarValues::Real;
	private import 'Semantic Metadata Example'::*;
	private import RiskMetadata::LevelEnum;
	
	part def Device {
		part battery {
			attribute power : Real;
		}
	}
	
	#scenario def DeviceFailure {
		ref device : Device;
		attribute minPower : Real;
		
		#cause 'battery old' {
			:>> probability = 0.01;			
		}
		
		#causation first 'battery old' then 'power low';
		
		#situation 'power low' {
			constraint { device.battery.power < minPower }			
		}
		
		#causation first 'power low' then 'device shutoff';
		
		#failure 'device shutoff' {
			:>> severity = LevelEnum::high;
		}
	}
}","Generate a SysML v2 model for a package named 'User Keyword Example' which focuses on a Device's battery failure scenario. The model includes a device that has a battery part defined with a power attribute of type Real. In the #scenario definition titled DeviceFailure, a reference to the Device part is established alongside a minimum power attribute. The causation of device failure is initiated by an event labeled 'battery old', which has a defined probability of 0.01. Following this, the situation of 'power low' occurs if the battery power drops below the specified minimum. This leads to a subsequent failure event, 'device shutoff', categorized with a severity level of high from the RiskMetadata. The model encapsulates the correlations between battery aging, diminished power, and eventual device shutoff.","[-1.12726027e-02  3.79649736e-02 -2.38542492e-03  6.22424074e-02
  4.18716446e-02 -1.71838813e-02  5.67879826e-02  1.11653008e-01
  6.87491801e-03  5.43696061e-02  7.73338228e-02 -1.74692925e-02
  7.82326758e-02  3.96203771e-02  2.36756988e-02  3.38891856e-02
  2.26759277e-02 -2.05060225e-02 -6.26498237e-02  7.11275041e-02
  1.61254406e-01  3.42737511e-02 -3.33624631e-02  3.73187885e-02
 -2.35014483e-02 -6.10842928e-02  4.67203232e-03  2.53251009e-02
 -1.36782294e-02 -8.24656803e-03 -3.66626978e-02  6.71886355e-02
  1.34236424e-03 -1.03261583e-02  8.92144740e-02  3.18154953e-02
 -5.65959234e-03  2.79567000e-02 -9.04038548e-03 -4.75653224e-02
 -5.38145825e-02 -4.12515402e-02 -1.39820911e-02  3.74470241e-02
 -2.99764872e-02  1.63319968e-02  1.20715545e-02 -2.96151489e-02
 -7.20551610e-02  3.23304236e-02 -1.23185739e-02  1.52043877e-02
  2.41804812e-02 -2.69910414e-02  2.58158557e-02 -4.03734244e-04
  4.52116281e-02 -6.24037236e-02 -7.26550519e-02 -2.19131298e-02
 -1.10382726e-02 -4.28711548e-02 -9.95576307e-02 -2.94532552e-02
  3.70679982e-02  3.71646136e-02  1.02858180e-02 -5.38556129e-02
  1.05395736e-02  6.25986457e-02 -9.54928175e-02 -5.53098023e-02
 -3.31527777e-02  9.60961636e-03 -2.40410957e-02  8.60788021e-03
  3.58861648e-02 -1.28977336e-02  1.43901212e-02 -8.91816616e-02
 -3.38007994e-02 -3.45256925e-02 -1.65230185e-02  1.41046895e-02
  4.35891487e-02  2.08442304e-02  7.49930218e-02 -5.25810868e-02
  1.82205997e-02  2.91754045e-02 -1.26946988e-02  8.50488096e-02
  9.60175246e-02  4.33114544e-02  5.37580624e-02  1.83087494e-02
  4.29294556e-02 -7.87498206e-02 -3.40620205e-02  3.59791592e-02
  5.71140554e-03 -8.21895781e-04  1.10985758e-02 -3.06869708e-02
  2.01815683e-02 -6.08736016e-02 -7.11024925e-02 -6.20928034e-02
 -2.18105316e-02 -3.06708720e-02  6.97079748e-02  5.32885678e-02
 -1.63579732e-03 -1.80074312e-02  3.65893357e-02  3.33843902e-02
 -2.62599476e-02  3.33444923e-02  5.70951365e-02 -6.32102564e-02
 -9.42684431e-03 -4.83438751e-04  3.92155014e-02 -7.56203234e-02
  2.00240314e-03 -2.90732761e-03 -1.32249678e-02  1.54651637e-33
  5.06033702e-03 -8.71991888e-02 -5.29588275e-02  7.90014938e-02
  6.16156533e-02  1.48672881e-02 -7.35931471e-02 -1.89090930e-02
  7.18806237e-02  3.14069092e-02  3.23818251e-03 -1.00893220e-02
 -9.62287560e-03 -2.35852469e-02  5.24011292e-02 -7.44824717e-03
 -2.82503925e-02  2.48262007e-02  2.84152124e-02 -1.61165223e-02
  1.11644045e-02 -2.92495750e-02 -2.93863565e-02  2.49313693e-02
  1.00424670e-01  5.75204901e-02  6.72883913e-02  9.35556740e-03
 -3.68830711e-02  3.69116403e-02  4.65640277e-02 -1.13657713e-02
 -2.28944663e-02 -8.31656605e-02 -3.28774564e-02  3.02005671e-02
 -1.38567556e-02 -2.48393044e-03  6.40482455e-02 -2.73720585e-02
 -5.01814000e-02  3.77166271e-02 -1.19883509e-04  1.05505269e-02
 -3.98363732e-02 -1.48353606e-01  2.59287506e-02 -1.04668420e-02
 -6.12472408e-02 -7.62466853e-03 -4.30634804e-02 -5.07156961e-02
  5.01353107e-02  1.14001036e-02 -8.79119113e-02  8.63661338e-03
 -1.17113325e-03 -1.57283507e-02 -1.21067548e-02  6.82753846e-02
  9.11970530e-03  1.97177823e-03  5.23502182e-04 -3.46426219e-02
  2.99865566e-02  2.56116316e-02 -1.04554708e-03 -1.79777905e-01
 -4.43611592e-02  3.92184108e-02  5.32909892e-02 -2.72377720e-03
 -3.38727757e-02 -5.48311435e-02 -1.79180857e-02 -9.51055251e-03
  2.85709109e-02  1.57111362e-02 -6.21267296e-02 -3.92507091e-02
 -8.39980096e-02  4.60921600e-03 -3.48706879e-02  1.88134685e-02
 -2.24996870e-03 -4.12920453e-02 -3.88563760e-02 -9.50434431e-02
 -1.46043003e-01 -5.97820841e-02  1.03067691e-02 -8.35819095e-02
  4.25822921e-02  3.98958139e-02  1.44193415e-02 -1.76188585e-33
 -1.10610813e-01 -2.71100178e-03  8.58172923e-02  2.24541780e-02
  3.88205424e-02 -6.37862235e-02 -2.35536210e-02 -3.66542228e-02
 -3.39195952e-02  1.59293134e-02 -2.53746612e-03  5.60207618e-03
 -4.74172048e-02 -1.48300435e-02  4.94475216e-02  2.40378957e-02
 -1.92466564e-02 -1.54312119e-01  3.25249545e-02  1.12803094e-01
  4.63512056e-02  9.68782529e-02 -2.21859980e-02  1.21631557e-02
  1.97755359e-02  4.65457095e-03 -2.99934372e-02  1.20400777e-02
  2.38264371e-02 -1.11879878e-01  3.00772162e-03 -1.15125747e-02
  5.69934137e-02  5.04744910e-02 -1.56477690e-02 -4.31234911e-02
 -2.16906536e-02 -7.89886042e-02 -5.40016778e-03  1.52137130e-02
  1.10173211e-01  8.62739459e-02 -6.29017130e-02 -6.31746501e-02
  4.08765720e-03 -8.42989516e-03  1.27077969e-02 -1.28155174e-02
  3.47790085e-02 -5.06540164e-02 -1.63152851e-02 -4.14374471e-02
  3.15436870e-02  1.38163149e-01 -5.75488210e-02 -5.91831049e-03
  5.03979623e-02  7.04100879e-04 -6.33887500e-02 -2.88238516e-03
  4.54103425e-02 -6.91895634e-02  9.93958488e-02  4.69182730e-02
 -5.06191403e-02 -2.45186202e-02 -8.62846430e-03  5.89831769e-02
  3.45482863e-02 -1.51306763e-02  7.75681734e-02  6.72218427e-02
  6.08239369e-03 -2.93430723e-02 -1.02458205e-02 -3.38669419e-02
 -7.12372139e-02 -2.29088478e-02 -7.42104044e-03 -1.01525858e-01
 -6.63681626e-02  3.52857299e-02 -3.93897742e-02  1.64438188e-02
 -1.55857997e-02 -3.40947919e-02  2.68665887e-02  8.94382820e-02
  6.31771907e-02  4.88416702e-02 -1.05546378e-01  3.32696503e-03
 -1.01771094e-01  1.66556552e-01 -1.40904516e-01 -4.41435688e-08
  2.01514792e-02  5.24902456e-02  1.13439344e-01 -3.73875834e-02
  6.28025085e-02  1.24627901e-02 -1.67388301e-02 -2.62702629e-02
  1.43970149e-02  2.78194528e-02  2.66557671e-02  1.09547637e-02
  5.80763351e-03 -2.34516319e-02 -1.35912327e-02  1.36262491e-01
  8.14255793e-03  1.27418041e-01 -1.86225437e-02  8.90385732e-03
  3.43451016e-02  1.10593652e-02 -2.21334212e-02  4.74873520e-02
  6.17414117e-02  5.23671322e-02 -1.30874990e-02  1.00401137e-02
  2.08132695e-02 -4.62420285e-02 -2.25147922e-02  6.91433251e-02
  8.02832693e-02  3.40796672e-02 -2.55823936e-02  9.96508673e-02
  1.72991827e-02 -4.59405780e-02  4.23694514e-02  2.77292207e-02
  3.75096835e-02 -4.91970405e-02 -3.02169397e-02  8.25300068e-02
  1.55634042e-02 -2.72238199e-02 -2.09980905e-02 -9.11280289e-02
 -3.32319853e-03  7.05736876e-02 -5.85595407e-02  3.10486369e-02
 -4.48425822e-02  2.70045120e-02 -9.23091099e-02  3.62339690e-02
 -3.63374278e-02  4.81039435e-02 -1.53533798e-02 -4.31315303e-02
  1.07104786e-01  3.14930864e-02 -2.33179796e-02 -4.97380225e-03]"
98,../SysML-v2-release-src/training/42. Views/Viewpoint Example.sysml,"package 'Viewpoint Example' {	
	part def 'Systems Engineer';
	part def 'IV&V';
	
	concern 'system breakdown' {
		doc /* 
		 * To ensure that a system covers all its required capabilities,
		 * it is necessary to understand how it is broken down into
		 * subsystems and components that provide those capabilities.
		 */
		 
		stakeholder se : 'Systems Engineer';
		stakeholder ivv : 'IV&V';
	}
	
	concern 'modularity' {
		doc /*
		 * There should be well defined interfaces between the parts of
		 * a system that allow each part to be understood individually,
		 * as well as being part of the whole system.
		 */
		 
		 stakeholder se : 'Systems Engineer';
	}
	
	viewpoint 'system structure perspective' {		
		frame 'system breakdown';
		frame 'modularity';
		
		require constraint {
			doc /*
			 * A system structure view shall show the hierarchical 
			 * part decomposition of a system, starting with a 
			 * specified root part.
			 */
		}
	}
}","Generate a SysML v2 model named 'Viewpoint Example', which includes roles for 'Systems Engineer' and 'IV&V'. Model two key concerns: 'system breakdown', which emphasizes the importance of understanding subsystems and components to ensure all capabilities are covered; and 'modularity', focusing on the necessity of well-defined interfaces for clarity in both individual parts and the system as a whole. Both concerns should document their objectives and involve the respective stakeholders, highlighting the collaborative effort in the engineering process. Additionally, define a viewpoint labeled 'system structure perspective', which integrates frames for 'system breakdown' and 'modularity'. This viewpoint will establish a requirement constraint that stipulates a hierarchical part decomposition representation, starting from a defined root part, to visually depict the system structure effectively.","[ 6.54660491e-03  1.21614160e-02  1.72923412e-02 -6.28637746e-02
  5.30888028e-02 -8.53555799e-02 -5.31587284e-03  6.47468865e-02
 -8.49959161e-03 -1.08705210e-02 -4.15038690e-02 -1.96013805e-02
  5.35277426e-02  5.20401783e-02  3.78759555e-03 -4.46282700e-02
 -4.18202439e-03 -2.92334054e-03 -4.58785892e-02  6.82716549e-04
  8.24135318e-02 -5.15330676e-03 -9.16174427e-02  3.09605431e-02
 -3.31106968e-02  4.14173603e-02  3.04492339e-02  1.11484304e-02
  3.01841982e-02 -7.55597278e-02  4.16481160e-02  2.80861817e-02
  3.97031605e-02 -3.86091205e-03  4.93876487e-02  3.32307369e-02
  9.98339504e-02 -3.37638967e-02 -4.68538553e-02 -1.20358132e-01
 -9.89647508e-02  7.63137937e-02 -2.70392559e-02  3.47883254e-02
  4.12363298e-02 -2.74252836e-02  2.16253698e-02 -1.03265695e-01
 -5.18031837e-03  1.16403857e-02 -8.34649205e-02 -5.83706014e-02
  3.02937422e-02  8.35821498e-03 -2.78202705e-02  6.70452118e-02
  2.83072237e-02 -5.55739328e-02 -1.19263411e-01 -1.26326701e-03
 -3.43265533e-02  5.04572541e-02 -6.66400492e-02 -1.80415642e-02
  2.65523735e-02  3.18479165e-02 -2.40764916e-02  8.29816330e-03
  3.14998925e-02  1.13810727e-03 -9.78101715e-02 -5.60636707e-02
  1.46466382e-02 -1.54059688e-02 -7.72126839e-02 -1.40981954e-02
  2.40106508e-02 -2.74633151e-02  4.01210450e-02 -6.24436364e-02
  1.27655212e-02  1.20585166e-01 -9.56059769e-02  3.20963003e-02
 -4.14638361e-03  1.50633641e-02  1.45794451e-02 -4.89630038e-03
  2.71334480e-02  4.67774533e-02 -2.22344268e-02 -3.68045308e-02
  1.25994340e-01 -1.46663506e-02  1.36161357e-01  5.45851048e-03
  6.98074475e-02 -7.30094314e-02  4.74443361e-02  4.01395448e-02
 -2.26331800e-02  2.30523478e-02  1.25585526e-01 -5.44882417e-02
 -3.91128585e-02  2.44386052e-03 -6.30688071e-02  2.48788949e-02
 -6.69253618e-02 -6.34668693e-02 -1.31192794e-02  3.22402380e-02
 -4.44333665e-02 -1.95723679e-02  6.99250326e-02 -6.00894019e-02
  3.26700062e-02 -2.39073765e-02  5.81984296e-02 -3.26885842e-02
  2.96828244e-02 -4.00211662e-02  9.65215266e-03  7.19345883e-02
  9.99892354e-02  2.47550271e-02 -6.95480481e-02 -2.67043136e-34
 -7.32898936e-02  1.81655940e-02 -1.59650818e-02  1.55043989e-01
  6.09554835e-02  3.41424420e-02  2.35790201e-02  2.09406242e-02
  7.58661376e-03  6.99212477e-02 -7.31021240e-02 -3.79354917e-02
  1.10275885e-02  1.72760412e-02  8.06771815e-02 -5.39622270e-02
 -1.44939125e-02  9.62653458e-02 -8.31762999e-02  1.21884393e-02
 -5.31987697e-02 -7.00268196e-03 -4.62413430e-02 -2.08064616e-02
  1.17141508e-01  3.13795661e-03  3.78590710e-02  1.58319287e-02
 -8.53844434e-02  6.60024770e-03  1.86656117e-02  2.53463332e-02
 -9.76303685e-03  1.93690248e-02 -5.21126343e-03  8.77993822e-04
  3.28227915e-02 -6.42057136e-02  7.88831487e-02 -7.47587392e-03
 -1.38121918e-02 -1.44459645e-03 -3.55476514e-02  1.23680029e-02
 -2.16032844e-02  1.97117999e-02 -3.42412367e-02  5.96946031e-02
 -4.13824581e-02 -4.55785729e-02 -1.18696783e-02  2.48195697e-02
  1.36518791e-01 -1.86143946e-02  1.08547125e-03 -3.38438489e-02
  4.48272787e-02 -9.95255355e-03  1.42099643e-02  6.85750023e-02
 -7.62197450e-02  2.72133686e-02 -8.10632110e-03  3.80091183e-02
  2.89191902e-02  2.90995054e-02 -2.60734372e-02 -1.26933539e-02
  6.45282790e-02  2.08108574e-02 -1.69828430e-01  1.74963698e-02
  1.03444671e-02  5.20262606e-02 -5.49128689e-02 -1.89938266e-02
 -2.22274922e-02  4.95736599e-02  3.61911301e-03  8.05056021e-02
 -1.02997527e-01  6.55924827e-02  2.09860802e-02 -2.87095141e-02
  8.41995105e-02 -3.64598557e-02 -4.69480408e-03 -1.03651024e-02
 -6.44284561e-02 -9.20007750e-02 -5.08700982e-02 -7.63665438e-02
 -5.63019887e-03  3.54295783e-02  3.50271352e-02 -1.83259257e-33
  6.78795576e-03 -3.02068274e-02 -6.11685868e-03 -9.65885818e-02
 -2.28445902e-02 -1.00878872e-01 -1.97171457e-02 -2.57091802e-02
 -5.81516474e-02  6.03068285e-02  1.65780017e-03 -9.39632580e-03
  7.18819769e-03  5.42116351e-02 -4.60057221e-02  4.74378951e-02
 -4.72580232e-02 -1.16625376e-01  3.40566039e-02  4.66443896e-02
 -4.59765941e-02  1.03802919e-01 -3.25687267e-02 -3.33445780e-02
  4.90391403e-02  2.44519170e-02 -2.88422219e-02 -6.85222354e-03
  7.39269555e-02  8.61271471e-03  2.92017981e-02 -9.94536951e-02
  5.59954382e-02 -4.85152118e-02 -2.25010533e-02 -4.76223603e-02
 -8.67870674e-02 -8.68800208e-02  1.27728963e-02  8.91170371e-03
 -1.80562097e-03 -1.49502400e-02 -2.64458489e-02  2.84393574e-03
 -2.42775939e-02 -1.31943123e-03  4.36513275e-02 -1.53136626e-02
 -7.71696568e-02 -7.38422722e-02 -2.83707865e-02  1.43583752e-02
  7.48260915e-02  1.58520006e-02  2.19701957e-02 -4.54058312e-02
  3.66620980e-02 -1.01845656e-02  6.13793284e-02 -5.43551371e-02
  7.00963214e-02 -3.81966159e-02  3.56230251e-02  1.38263460e-02
  1.13169178e-02 -5.47318272e-02  4.57445765e-03 -6.22800970e-03
 -5.74091710e-02 -1.61291342e-02  1.79475397e-02 -1.58170480e-02
 -3.40911038e-02  2.55224034e-02  6.58773705e-02 -4.69408333e-02
 -5.88681586e-02  3.85390297e-02  1.55923702e-02 -1.70882829e-02
 -4.99494858e-02 -3.51796933e-02  8.66186339e-03  5.63286617e-02
 -1.69516988e-02 -3.35101523e-02 -6.45105839e-02  6.64302632e-02
  6.00861199e-02 -4.17770818e-02 -7.62759298e-02 -1.77161992e-02
 -1.68552678e-02  1.55505478e-01 -2.52918582e-02 -5.06854541e-08
 -2.52232794e-02  7.92397112e-02 -2.57348064e-02 -2.25772373e-02
  1.03640920e-02  2.49575358e-02 -3.66209112e-02  4.47480474e-03
  1.82481632e-02  8.75645354e-02 -3.10219172e-02 -6.09309152e-02
 -2.83618961e-02  1.57876853e-02  9.68547631e-03  7.69813359e-02
 -1.38586424e-02  1.28672063e-01 -3.44033390e-02 -5.03560454e-02
  1.15806296e-01 -5.44780772e-03  2.39850604e-03  7.93326795e-02
  3.65793146e-02 -4.44512069e-02 -4.81399670e-02  3.82006243e-02
  6.50359467e-02  2.78980713e-02  4.09503020e-02  5.37336543e-02
  2.51277443e-02  6.78009689e-02  6.64492976e-03  6.55348450e-02
 -3.04517038e-02  3.37983295e-02  6.83585703e-02 -1.96381751e-02
 -2.56659780e-02 -7.37916445e-03  3.92487319e-03  6.95359334e-02
  3.55752297e-02  7.05838436e-03 -9.86858904e-02 -2.39358451e-02
 -3.72505598e-02 -2.76722875e-03 -5.98985478e-02  3.14931311e-02
 -7.35613853e-02  7.57676885e-02 -3.34906578e-02  1.24213807e-02
  5.59678413e-02 -2.68339869e-02  7.94380307e-02 -5.84007986e-03
  4.00112793e-02  7.17470869e-02 -1.74430106e-02 -9.22967214e-03]"
99,../SysML-v2-release-src/training/42. Views/Views Example.sysml,"package 'Views Example' {
	private import Views::*;
	private import 'Viewpoint Example'::*;
	private import 'Filtering Example-2'::*;
	
	view def 'Part Structure View' {
		satisfy 'system structure perspective';		
		filter @SysML::PartUsage;
	}
	
	view 'vehicle structure view' : 'Part Structure View' {
		expose vehicle::**;
		render asTreeDiagram;
	}
	
	rendering asTextualNotationTable :> asElementTable {
		view :>> columnView[1] {
			render asTextualNotation;
		}
	}

	view 'vehicle tabular views' {
		
		view 'safety features view' : 'Part Structure View' {
			expose vehicle::**[@Safety];
			render asTextualNotationTable;
		}
		
		view 'non-safety features view' : 'Part Structure View' {
			expose vehicle::**[not (@Safety)];
			render asTextualNotationTable;
		}
	}
	
}","Generate a SysML v2 model package titled 'Views Example'. This package will import relevant components from 'Viewpoint Example', 'Filtering Example-2', and the Views library. The model will define a view called 'Part Structure View' that satisfies a system structure perspective and applies a filter on SysML::PartUsage. A specialized view named 'vehicle structure view' will extend 'Part Structure View', focusing on elements within the vehicle namespace and rendered as a Tree Diagram. Additionally, a textual notation format will be provided through a column view for clarity. Within the 'vehicle tabular views', two distinct views will be created. The 'safety features view' will display elements tagged with @Safety, while the 'non-safety features view' will showcase elements without this tag. Both views will utilize a textual notation table for structured representation, fulfilling the need for both safety and non-safety feature differentiation in the vehicle model.","[ 2.05999222e-02 -3.00215818e-02 -5.78467399e-02 -1.90240163e-02
  9.45031717e-02  2.43905392e-02  4.24574576e-02  2.75095124e-02
 -3.01407725e-02  5.94332069e-03  4.72850911e-02 -2.94750277e-02
  8.13158229e-02  5.37617542e-02 -4.16835584e-02 -1.34771904e-02
  2.99571287e-02  1.78869572e-02 -6.48672879e-02  9.82284993e-02
  5.73333092e-02  8.28472897e-03  2.20534615e-02  2.13491172e-02
 -1.08129017e-01  2.91043427e-02 -2.23616348e-03  6.23230003e-02
  8.64991173e-03 -9.92949083e-02  3.99501203e-03  1.26156891e-02
 -2.30568228e-03  4.07229923e-02 -7.36138085e-04 -7.06584007e-02
  9.25254077e-03  5.52389771e-03 -6.86813146e-02 -1.24255069e-01
 -8.98725018e-02 -3.95206138e-02 -9.59894732e-02 -1.35856383e-02
  3.43449302e-02 -2.25584228e-02  1.86301675e-02 -7.31661618e-02
  1.83928758e-02 -6.04768703e-03 -1.10939316e-01 -3.65733024e-04
 -1.56792393e-03 -3.58447917e-02 -3.20081525e-02  4.41646241e-02
 -8.60987157e-02 -5.45092598e-02 -9.20124948e-02  1.85459899e-03
  3.50325815e-02  2.87597682e-02 -3.41264457e-02  1.94100514e-02
 -5.12436926e-02  4.01704013e-02 -6.99094236e-02 -1.50744598e-02
  6.13131300e-02  2.88262833e-02 -5.08421771e-02  6.51838956e-03
  3.82391214e-02 -6.04650006e-02 -1.82177275e-02 -3.50938328e-02
  1.17116623e-01 -3.00112646e-02  2.87911706e-02 -1.08705685e-01
 -2.27321330e-02  6.51863888e-02 -2.15406786e-03  2.61218753e-02
  6.30678982e-02  5.01897186e-02 -9.14207939e-03 -1.19147571e-02
 -2.12186612e-02  2.01571602e-02 -3.86339389e-02 -2.83306073e-02
  9.64599773e-02 -8.03072099e-03  4.94973511e-02  2.15783566e-02
  4.17095572e-02  1.49403336e-02  3.65240648e-02  2.43168045e-02
  1.39799919e-02 -1.28047948e-03  7.22713098e-02  1.31374691e-03
 -2.40378780e-03 -8.02901923e-04 -3.30787115e-02 -1.74021125e-02
 -3.32261510e-02 -2.77941469e-02  5.77883609e-02  7.09700659e-02
 -2.48659793e-02 -6.31671324e-02 -8.15642625e-02 -4.87441309e-02
 -1.32690752e-02 -3.30247767e-02  8.48373622e-02 -1.99112017e-02
  9.76528879e-03 -3.77303064e-02  3.97731960e-02  3.03197335e-02
  8.84370059e-02  4.80408708e-05 -3.53911892e-02  2.86358358e-33
 -4.09943014e-02 -8.75584839e-04 -3.52528952e-02  2.76471097e-02
  3.99146341e-02  4.70955744e-02 -2.97484398e-02  2.47371253e-02
  2.47272942e-02  7.22435042e-02 -3.91061939e-02 -4.01548855e-02
  6.04403531e-03 -9.02128220e-03  4.41229716e-02 -3.45020406e-02
 -8.06962028e-02  4.34990674e-02 -1.18090130e-01 -4.68520634e-02
 -6.71824366e-02  9.60290153e-03 -4.25751656e-02  4.03789617e-02
  8.67085382e-02  9.60744768e-02  5.68123981e-02  2.83033084e-02
 -7.08277449e-02  4.64663692e-02 -1.49467709e-02  6.31048977e-02
 -3.75760011e-02  3.50152794e-03  3.80966738e-02  7.94909988e-03
 -9.80353206e-02 -4.14050259e-02  4.90498692e-02  3.10454564e-03
 -4.06351173e-03 -7.01759616e-03 -2.39883326e-02  5.41731156e-03
 -7.67844394e-02  2.10899506e-02 -1.77140851e-02  8.56925175e-02
 -5.30831218e-02 -6.04332946e-02  1.07897082e-02 -4.18380685e-02
  5.61076291e-02 -1.21479537e-02 -9.23866704e-02  5.52656837e-02
 -1.98330614e-03  3.21824551e-02  4.80343169e-03  4.61747050e-02
 -8.62010717e-02  3.22998762e-02  2.78063249e-02 -1.63686834e-02
 -2.08662916e-02  4.27562222e-02 -8.21741298e-03 -6.37727678e-02
  7.78238177e-02  2.27542631e-02 -8.09494555e-02  3.53650749e-02
  2.23257504e-02  5.03086485e-02  1.70160010e-02 -5.24514727e-02
 -9.22745652e-03 -2.12450903e-02 -9.48663522e-03  8.13144669e-02
 -1.11706071e-01  6.81260228e-02 -9.01011564e-03  2.28794888e-02
  6.46139458e-02 -6.32124543e-02  1.30946059e-02 -4.62767445e-02
 -1.76531784e-02 -3.73918638e-02 -2.24111583e-02 -5.36206327e-02
 -2.42385417e-02 -1.18495235e-02  3.93665433e-02 -3.05547569e-33
  1.80561785e-02 -3.25977989e-02  1.53671848e-02 -4.11737822e-02
 -3.54702845e-02 -9.30699855e-02  9.75361187e-03  2.56283898e-02
  1.78275965e-02  3.47777940e-02 -6.26817066e-03 -1.02327298e-02
 -1.60480719e-02 -2.19380227e-03  5.51442318e-02  1.10509915e-04
 -7.62734190e-03 -1.00317977e-01 -8.40921625e-02  6.48957565e-02
 -1.05851330e-02  5.08219823e-02 -5.28480150e-02  3.94374281e-02
  5.03073540e-03  1.74184386e-02  2.89844051e-02 -8.95014685e-03
  8.51202086e-02 -2.75226831e-02  3.02103441e-02 -6.67248443e-02
  5.36739752e-02 -1.70512740e-02 -2.95816232e-02 -4.39869612e-02
 -6.13345206e-02 -1.22776754e-01  2.02579540e-03 -3.10635790e-02
 -2.13416666e-02  6.23994805e-02  4.56294864e-02  4.57435101e-02
 -2.77369772e-03  1.71822142e-02  9.58158746e-02 -2.01577600e-02
 -7.98207819e-02 -6.49009049e-02 -5.26275150e-02 -2.17469577e-02
 -3.71046737e-02  4.71147932e-02  1.58050396e-02  9.85841267e-03
  7.45919272e-02 -2.89815404e-02  1.03892433e-02 -6.68937620e-03
  6.71957955e-02 -2.95721856e-03  1.83960311e-02  1.86165608e-02
  1.66220702e-02 -6.25420287e-02 -1.02286518e-01 -1.00713342e-01
  1.40795233e-02 -1.78562589e-02  1.81489028e-02  1.26586910e-02
 -7.55332410e-02 -7.95538817e-03  2.52149478e-02 -4.49791029e-02
 -1.05763972e-02  1.02698289e-01  4.58950289e-02 -2.38015540e-02
 -1.64082143e-02 -4.93988097e-02  6.31686524e-02  1.40655756e-01
  3.59581113e-02  1.31334718e-02 -3.61771137e-02  3.75217646e-02
  1.64730009e-02 -1.16748288e-02 -4.78450581e-02  5.98462187e-02
 -3.09732947e-02  1.87892467e-01 -5.61893731e-02 -4.52409807e-08
 -7.28274137e-02  3.55592631e-02  1.47660412e-02 -4.70446162e-02
 -4.70882803e-02  2.33669858e-02  2.16134377e-02  8.42549652e-03
 -1.31622121e-01  2.85174977e-02  2.57188790e-02  5.31828813e-02
 -5.73553368e-02 -1.98361538e-02 -1.26626790e-02  9.01639014e-02
  3.05063613e-02  9.96415019e-02 -4.57828566e-02  3.10190767e-02
  5.26008457e-02  4.14806940e-02 -2.52360906e-02  1.23702429e-01
  3.36987972e-02  4.03298822e-04 -4.88249213e-02 -6.20297715e-03
  9.54240859e-02 -4.23574969e-02  6.05609864e-02  3.63699757e-02
  4.27476987e-02  7.67803490e-02  4.24863584e-02  1.74252149e-02
 -3.33505310e-02  5.99672161e-02  6.11837134e-02  6.00373037e-02
  7.68108144e-02 -2.89372709e-02  4.62163128e-02  7.40520284e-02
  8.08992796e-03  7.56751075e-02 -6.07833974e-02 -9.03622210e-02
 -3.58019620e-02  3.04966532e-02 -1.50756855e-02 -2.52342429e-02
 -9.10582691e-02  9.80580151e-02 -7.21992031e-02  4.25693244e-02
  6.92266151e-02 -8.87822881e-02  8.61315429e-02 -1.04087014e-02
  2.59884391e-02  8.80310759e-02  1.56642334e-03  3.51389609e-02]"
